{
	"format_version": "1.21.6",
	"credit": "Made with Blockbench",
	"texture_size": [32, 32],
	"textures": {
		"0": "item/custom/epcot/gotgcrvehicle1",
		"1": "item/custom/epcot/gotgcrvehicle2",
		"particle": "item/custom/epcot/gotgcrvehicle1"
	},
	"elements": [
		{
			"from": [-1, 0, -4],
			"to": [17, 1, 22.425],
			"rotation": {"angle": 0, "axis": "y", "origin": [7, 0, 3]},
			"faces": {
				"north": {"uv": [6.875, 7.25, 9.125, 7.375], "texture": "#0"},
				"east": {"uv": [6.625, 3.5, 9.9375, 3.625], "texture": "#0"},
				"south": {"uv": [6.875, 7.375, 9.125, 7.5], "texture": "#0"},
				"west": {"uv": [6.625, 3.625, 9.9375, 3.75], "texture": "#0"},
				"up": {"uv": [2.25, 3.3125, 0, 0], "texture": "#0"},
				"down": {"uv": [4.5, 0, 2.25, 3.3125], "texture": "#0"}
			}
		},
		{
			"from": [0.6, 1, 22.6],
			"to": [15.4, 14.625, 24],
			"rotation": {"angle": 0, "axis": "y", "origin": [0, 2, 22]},
			"faces": {
				"north": {"uv": [0, 3.375, 1.875, 5.0625], "texture": "#0"},
				"east": {"uv": [3.125, 7.125, 3.3125, 8.8125], "texture": "#0"},
				"south": {"uv": [1.875, 3.375, 3.75, 5.0625], "texture": "#0"},
				"west": {"uv": [3.375, 7.125, 3.5625, 8.8125], "texture": "#0"},
				"up": {"uv": [8.5, 3.9375, 6.625, 3.75], "texture": "#0"},
				"down": {"uv": [8.5, 4, 6.625, 4.1875], "texture": "#0"}
			}
		},
		{
			"from": [-1, 1, 16.2],
			"to": [0.4, 12, 22.4],
			"rotation": {"angle": 0, "axis": "y", "origin": [1, 1, 20.6]},
			"faces": {
				"north": {"uv": [3.625, 7.125, 3.8125, 8.5], "texture": "#0"},
				"east": {"uv": [5.625, 4.5, 6.375, 5.875], "texture": "#0"},
				"south": {"uv": [3.875, 7.125, 4.0625, 8.5], "texture": "#0"},
				"west": {"uv": [4.875, 5.625, 5.625, 7], "texture": "#0"},
				"up": {"uv": [4.5625, 9.25, 4.375, 8.5], "texture": "#0"},
				"down": {"uv": [8.6875, 5.625, 8.5, 6.375], "texture": "#0"}
			}
		},
		{
			"from": [-1, 1, 3.4],
			"to": [0.4, 11, 11.4],
			"rotation": {"angle": 0, "axis": "y", "origin": [-1, 1, 5.4]},
			"faces": {
				"north": {"uv": [0.25, 7.5, 0.4375, 8.75], "texture": "#0"},
				"east": {"uv": [1.875, 5.125, 2.875, 6.375], "texture": "#0"},
				"south": {"uv": [0.5, 7.5, 0.6875, 8.75], "texture": "#0"},
				"west": {"uv": [2.875, 5.625, 3.875, 6.875], "texture": "#0"},
				"up": {"uv": [8.4375, 6.625, 8.25, 5.625], "texture": "#0"},
				"down": {"uv": [1.4375, 8.375, 1.25, 9.375], "texture": "#0"}
			}
		},
		{
			"from": [15.6, 1, 3.4],
			"to": [17, 11, 11.4],
			"rotation": {"angle": 0, "axis": "y", "origin": [17, 1, 5.4]},
			"faces": {
				"north": {"uv": [6.875, 7.5, 7.0625, 8.75], "texture": "#0"},
				"east": {"uv": [5.625, 3.25, 6.625, 4.5], "texture": "#0"},
				"south": {"uv": [7.125, 7.5, 7.3125, 8.75], "texture": "#0"},
				"west": {"uv": [3.875, 5.625, 4.875, 6.875], "texture": "#0"},
				"up": {"uv": [1.6875, 9.375, 1.5, 8.375], "texture": "#0"},
				"down": {"uv": [1.9375, 8.375, 1.75, 9.375], "texture": "#0"}
			}
		},
		{
			"from": [15.6, 1, -4],
			"to": [17, 9, -1],
			"rotation": {"angle": 0, "axis": "y", "origin": [17, 1, -5]},
			"faces": {
				"north": {"uv": [2, 8.375, 2.1875, 9.375], "texture": "#0"},
				"east": {"uv": [1, 6.875, 1.375, 7.875], "texture": "#0"},
				"south": {"uv": [2.25, 8.375, 2.4375, 9.375], "texture": "#0"},
				"west": {"uv": [1.375, 6.875, 1.75, 7.875], "texture": "#0"},
				"up": {"uv": [8.9375, 7.125, 8.75, 6.75], "texture": "#0"},
				"down": {"uv": [7.0625, 8.75, 6.875, 9.125], "texture": "#0"}
			}
		},
		{
			"from": [0.6, 1, -5.6],
			"to": [15.4, 11, -4],
			"rotation": {"angle": 0, "axis": "y", "origin": [0, 1, -6]},
			"faces": {
				"north": {"uv": [3.75, 3.375, 5.625, 4.625], "texture": "#0"},
				"east": {"uv": [7.375, 7.5, 7.5625, 8.75], "texture": "#0"},
				"south": {"uv": [4.5, 0, 6.375, 1.25], "texture": "#0"},
				"west": {"uv": [7.625, 7.5, 7.8125, 8.75], "texture": "#0"},
				"up": {"uv": [8.5, 4.4375, 6.625, 4.25], "texture": "#0"},
				"down": {"uv": [4.75, 6.875, 2.875, 7.0625], "texture": "#0"}
			}
		},
		{
			"from": [0.4, 4.4, 8.4],
			"to": [15.6, 12, 9.4],
			"rotation": {"angle": 22.5, "axis": "x", "origin": [0, 8.4, 7.4]},
			"faces": {
				"north": {"uv": [3.75, 4.625, 5.625, 5.5625], "texture": "#0"},
				"east": {"uv": [5.625, 8.625, 5.75, 9.5625], "texture": "#0"},
				"south": {"uv": [0, 5.125, 1.875, 6.0625], "texture": "#0"},
				"west": {"uv": [5.75, 8.625, 5.875, 9.5625], "texture": "#0"},
				"up": {"uv": [9.75, 7.625, 7.875, 7.5], "texture": "#0"},
				"down": {"uv": [9.75, 7.625, 7.875, 7.75], "texture": "#0"}
			}
		},
		{
			"from": [0.4, 3.93912, 3.71703],
			"to": [15.6, 4.93912, 7.71703],
			"rotation": {"angle": 0, "axis": "y", "origin": [14.6, 3.93912, 5.71703]},
			"faces": {
				"north": {"uv": [7.875, 7.75, 9.75, 7.875], "texture": "#0"},
				"east": {"uv": [8.75, 7.125, 9.25, 7.25], "texture": "#0"},
				"south": {"uv": [7.875, 7.875, 9.75, 8], "texture": "#0"},
				"west": {"uv": [8.875, 0, 9.375, 0.125], "texture": "#0"},
				"up": {"uv": [8.25, 0.5, 6.375, 0], "texture": "#0"},
				"down": {"uv": [8.25, 0.5, 6.375, 1], "texture": "#0"}
			}
		},
		{
			"from": [0.4, 1, 4.4],
			"to": [15.6, 4.2, 7.8],
			"rotation": {"angle": 0, "axis": "y", "origin": [0, 1, 4.4]},
			"faces": {
				"north": {"uv": [6.375, 6, 8.25, 6.375], "texture": "#0"},
				"east": {"uv": [3.625, 8.5, 4.0625, 8.875], "texture": "#0"},
				"south": {"uv": [6.375, 6.375, 8.25, 6.75], "texture": "#0"},
				"west": {"uv": [8.5, 3.75, 8.9375, 4.125], "texture": "#0"},
				"up": {"uv": [8.25, 2.9375, 6.375, 2.5], "texture": "#0"},
				"down": {"uv": [8.25, 4.5, 6.375, 4.9375], "texture": "#0"}
			}
		},
		{
			"from": [0.425, 10.9606, 9.62542],
			"to": [15.575, 11.3606, 10.62542],
			"rotation": {"angle": 0, "axis": "y", "origin": [14.6, 10.9606, 8.62542]},
			"faces": {
				"north": {"uv": [8.25, 6.625, 10.125, 6.6875], "texture": "#0"},
				"east": {"uv": [9, 8.375, 9.125, 8.4375], "texture": "#0"},
				"south": {"uv": [8.375, 3, 10.25, 3.0625], "texture": "#0"},
				"west": {"uv": [9, 8.5, 9.125, 8.5625], "texture": "#0"},
				"up": {"uv": [9.75, 8.125, 7.875, 8], "texture": "#0"},
				"down": {"uv": [2.875, 8.125, 1, 8.25], "texture": "#0"}
			}
		},
		{
			"from": [7.2, 3.7, 3.6],
			"to": [8.8, 5.1, 7.4],
			"rotation": {"angle": 0, "axis": "y", "origin": [7, 4, 3.4]},
			"faces": {
				"north": {"uv": [9, 1.625, 9.1875, 1.8125], "texture": "#0"},
				"east": {"uv": [0.75, 6.125, 1.25, 6.3125], "texture": "#0"},
				"south": {"uv": [9, 1.875, 9.1875, 2.0625], "texture": "#0"},
				"west": {"uv": [1.25, 6.125, 1.75, 6.3125], "texture": "#0"},
				"up": {"uv": [3.6875, 5.625, 3.5, 5.125], "texture": "#0"},
				"down": {"uv": [6.0625, 8.625, 5.875, 9.125], "texture": "#0"}
			}
		},
		{
			"from": [7.2, 3.7, 6.4],
			"to": [8.8, 11.7, 7.4],
			"rotation": {"angle": 22.5, "axis": "x", "origin": [7, 3.7, 7.4]},
			"faces": {
				"north": {"uv": [2.5, 8.375, 2.6875, 9.375], "texture": "#0"},
				"east": {"uv": [2.5, 6.875, 2.625, 7.875], "texture": "#0"},
				"south": {"uv": [4.75, 8.375, 4.9375, 9.375], "texture": "#0"},
				"west": {"uv": [3, 8.5, 3.125, 9.5], "texture": "#0"},
				"up": {"uv": [5.4375, 3.375, 5.25, 3.25], "texture": "#0"},
				"down": {"uv": [9.1875, 0.625, 9, 0.75], "texture": "#0"}
			}
		},
		{
			"from": [7.225, 11.09104, 9.46147],
			"to": [8.775, 12.09104, 10.46147],
			"rotation": {"angle": 0, "axis": "y", "origin": [6.8, 11.09104, 8.46147]},
			"faces": {
				"north": {"uv": [9, 3.75, 9.1875, 3.875], "texture": "#0"},
				"east": {"uv": [5.5, 3.25, 5.625, 3.375], "texture": "#0"},
				"south": {"uv": [9, 3.875, 9.1875, 4], "texture": "#0"},
				"west": {"uv": [4.75, 6.875, 4.875, 7], "texture": "#0"},
				"up": {"uv": [9.1875, 4.125, 9, 4], "texture": "#0"},
				"down": {"uv": [9.1875, 4.625, 9, 4.75], "texture": "#0"}
			}
		},
		{
			"from": [9.575, 12.7606, 21.92542],
			"to": [14.575, 15.7606, 22.92542],
			"rotation": {"angle": 0, "axis": "y", "origin": [14.575, 12.7606, 21.92542]},
			"faces": {
				"north": {"uv": [2.875, 5.125, 3.5, 5.5], "texture": "#0"},
				"east": {"uv": [8.875, 0.375, 9, 0.75], "texture": "#0"},
				"south": {"uv": [7.875, 8.125, 8.5, 8.5], "texture": "#0"},
				"west": {"uv": [8.875, 2.25, 9, 2.625], "texture": "#0"},
				"up": {"uv": [3.5, 5.625, 2.875, 5.5], "texture": "#0"},
				"down": {"uv": [9.125, 6.5, 8.5, 6.625], "texture": "#0"}
			}
		},
		{
			"from": [1.425, 11.3606, 9.62542],
			"to": [6.425, 14.3606, 10.62542],
			"rotation": {"angle": 0, "axis": "x", "origin": [4.425, 11.3606, 8.62542]},
			"faces": {
				"north": {"uv": [8.25, 0, 8.875, 0.375], "texture": "#0"},
				"east": {"uv": [3.125, 8.875, 3.25, 9.25], "texture": "#0"},
				"south": {"uv": [8.25, 0.375, 8.875, 0.75], "texture": "#0"},
				"west": {"uv": [3.25, 8.875, 3.375, 9.25], "texture": "#0"},
				"up": {"uv": [9.375, 5.75, 8.75, 5.625], "texture": "#0"},
				"down": {"uv": [9.375, 5.75, 8.75, 5.875], "texture": "#0"}
			}
		},
		{
			"from": [0.4, 1, 18.2],
			"to": [15.6, 5, 21.6],
			"rotation": {"angle": 0, "axis": "y", "origin": [-1.6, 1, 18.2]},
			"faces": {
				"north": {"uv": [0.75, 6.375, 2.625, 6.875], "texture": "#0"},
				"east": {"uv": [8.25, 4.625, 8.6875, 5.125], "texture": "#0"},
				"south": {"uv": [6.375, 1, 8.25, 1.5], "texture": "#0"},
				"west": {"uv": [8.25, 5.125, 8.6875, 5.625], "texture": "#0"},
				"up": {"uv": [8.25, 5.4375, 6.375, 5], "texture": "#0"},
				"down": {"uv": [8.25, 5.5, 6.375, 5.9375], "texture": "#0"}
			}
		},
		{
			"from": [0.4, 4.93912, 16.21703],
			"to": [15.6, 5.93912, 20.21703],
			"rotation": {"angle": 0, "axis": "y", "origin": [0.4, 3.93912, 14.21703]},
			"faces": {
				"north": {"uv": [8.25, 0.75, 10.125, 0.875], "texture": "#0"},
				"east": {"uv": [8.875, 0.125, 9.375, 0.25], "texture": "#0"},
				"south": {"uv": [8.25, 0.875, 10.125, 1], "texture": "#0"},
				"west": {"uv": [8.875, 0.25, 9.375, 0.375], "texture": "#0"},
				"up": {"uv": [8.25, 2, 6.375, 1.5], "texture": "#0"},
				"down": {"uv": [8.25, 2, 6.375, 2.5], "texture": "#0"}
			}
		},
		{
			"from": [0.4, 4.55643, 18.8409],
			"to": [15.6, 12.35643, 19.8409],
			"rotation": {"angle": 22.5, "axis": "x", "origin": [0.4, 4.55643, 20.8409]},
			"faces": {
				"north": {"uv": [4.5, 1.25, 6.375, 2.25], "texture": "#0"},
				"east": {"uv": [8.375, 8.5, 8.5, 9.5], "texture": "#0"},
				"south": {"uv": [4.5, 2.25, 6.375, 3.25], "texture": "#0"},
				"west": {"uv": [5.5, 8.625, 5.625, 9.625], "texture": "#0"},
				"up": {"uv": [2.875, 8.375, 1, 8.25], "texture": "#0"},
				"down": {"uv": [10.125, 1, 8.25, 1.125], "texture": "#0"}
			}
		},
		{
			"from": [0.425, 12.3606, 21.92542],
			"to": [15.575, 12.7606, 22.92542],
			"rotation": {"angle": 0, "axis": "y", "origin": [0.425, 10.7606, 21.92542]},
			"faces": {
				"north": {"uv": [8.375, 3.125, 10.25, 3.1875], "texture": "#0"},
				"east": {"uv": [9, 8.625, 9.125, 8.6875], "texture": "#0"},
				"south": {"uv": [8.5, 4.125, 10.375, 4.1875], "texture": "#0"},
				"west": {"uv": [9, 8.75, 9.125, 8.8125], "texture": "#0"},
				"up": {"uv": [10.125, 1.25, 8.25, 1.125], "texture": "#0"},
				"down": {"uv": [10.125, 1.25, 8.25, 1.375], "texture": "#0"}
			}
		},
		{
			"from": [1.425, 12.7606, 21.92542],
			"to": [6.425, 15.7606, 22.92542],
			"rotation": {"angle": 0, "axis": "y", "origin": [1.425, 12.7606, 21.92542]},
			"faces": {
				"north": {"uv": [8.25, 1.375, 8.875, 1.75], "texture": "#0"},
				"east": {"uv": [3.375, 8.875, 3.5, 9.25], "texture": "#0"},
				"south": {"uv": [8.25, 1.75, 8.875, 2.125], "texture": "#0"},
				"west": {"uv": [3.5, 8.875, 3.625, 9.25], "texture": "#0"},
				"up": {"uv": [9.375, 6, 8.75, 5.875], "texture": "#0"},
				"down": {"uv": [9.375, 6, 8.75, 6.125], "texture": "#0"}
			}
		},
		{
			"from": [9.575, 11.3606, 9.62542],
			"to": [14.575, 14.3606, 10.62542],
			"rotation": {"angle": 0, "axis": "y", "origin": [14.575, 11.3606, 9.62542]},
			"faces": {
				"north": {"uv": [8.25, 2.125, 8.875, 2.5], "texture": "#0"},
				"east": {"uv": [3.625, 8.875, 3.75, 9.25], "texture": "#0"},
				"south": {"uv": [8.25, 2.5, 8.875, 2.875], "texture": "#0"},
				"west": {"uv": [3.75, 8.875, 3.875, 9.25], "texture": "#0"},
				"up": {"uv": [9.375, 6.25, 8.75, 6.125], "texture": "#0"},
				"down": {"uv": [9.375, 6.25, 8.75, 6.375], "texture": "#0"}
			}
		},
		{
			"from": [7.2, 4.7, 16],
			"to": [8.8, 6.1, 19.5],
			"rotation": {"angle": 0, "axis": "y", "origin": [6.8, 4.1, 16]},
			"faces": {
				"north": {"uv": [9, 2.125, 9.1875, 2.3125], "texture": "#0"},
				"east": {"uv": [8.625, 3.25, 9.0625, 3.4375], "texture": "#0"},
				"south": {"uv": [9, 2.375, 9.1875, 2.5625], "texture": "#0"},
				"west": {"uv": [0.25, 8.75, 0.6875, 8.9375], "texture": "#0"},
				"up": {"uv": [8.9375, 5.0625, 8.75, 4.625], "texture": "#0"},
				"down": {"uv": [8.9375, 5.125, 8.75, 5.5625], "texture": "#0"}
			}
		},
		{
			"from": [7.2, 4.86059, 20.81998],
			"to": [8.8, 11.86059, 21.21998],
			"rotation": {"angle": 22.5, "axis": "x", "origin": [8.8, 9.86059, 22.81998]},
			"faces": {
				"north": {"uv": [2.75, 8.5, 2.9375, 9.375], "texture": "#0"},
				"east": {"uv": [6.125, 8.625, 6.1875, 9.5], "texture": "#0"},
				"south": {"uv": [4.125, 8.5, 4.3125, 9.375], "texture": "#0"},
				"west": {"uv": [8.875, 1.375, 8.9375, 2.25], "texture": "#0"},
				"up": {"uv": [9.1875, 8.1875, 9, 8.125], "texture": "#0"},
				"down": {"uv": [9.1875, 8.25, 9, 8.3125], "texture": "#0"}
			}
		},
		{
			"from": [7.225, 12.39104, 21.76147],
			"to": [8.775, 13.39104, 22.76147],
			"rotation": {"angle": 0, "axis": "y", "origin": [6.8, 11.39104, 20.76147]},
			"faces": {
				"north": {"uv": [9, 4.75, 9.1875, 4.875], "texture": "#0"},
				"east": {"uv": [2.75, 8.375, 2.875, 8.5], "texture": "#0"},
				"south": {"uv": [9, 4.875, 9.1875, 5], "texture": "#0"},
				"west": {"uv": [6.25, 9, 6.375, 9.125], "texture": "#0"},
				"up": {"uv": [9.1875, 5.125, 9, 5], "texture": "#0"},
				"down": {"uv": [9.1875, 5.125, 9, 5.25], "texture": "#0"}
			}
		},
		{
			"from": [-1, 1, -4],
			"to": [0.4, 9, -1],
			"rotation": {"angle": 0, "axis": "y", "origin": [-1, 1, -5]},
			"faces": {
				"north": {"uv": [5, 8.375, 5.1875, 9.375], "texture": "#0"},
				"east": {"uv": [1.75, 6.875, 2.125, 7.875], "texture": "#0"},
				"south": {"uv": [5.25, 8.375, 5.4375, 9.375], "texture": "#0"},
				"west": {"uv": [2.125, 6.875, 2.5, 7.875], "texture": "#0"},
				"up": {"uv": [7.3125, 9.125, 7.125, 8.75], "texture": "#0"},
				"down": {"uv": [7.5625, 8.75, 7.375, 9.125], "texture": "#0"}
			}
		},
		{
			"from": [-1, 9, -4],
			"to": [0.4, 11, -1],
			"rotation": {"angle": 0, "axis": "y", "origin": [-1, 9, -3]},
			"faces": {
				"north": {"uv": [8.875, 2.625, 9.0625, 2.875], "texture": "#0"},
				"east": {"uv": [1, 7.875, 1.375, 8.125], "texture": "#0"},
				"south": {"uv": [3.875, 8.875, 4.0625, 9.125], "texture": "#0"},
				"west": {"uv": [1.375, 7.875, 1.75, 8.125], "texture": "#0"},
				"up": {"uv": [7.8125, 9.125, 7.625, 8.75], "texture": "#0"},
				"down": {"uv": [8.9375, 8.125, 8.75, 8.5], "texture": "#0"}
			}
		},
		{
			"from": [15.6, 9, -4],
			"to": [17, 11, -1],
			"rotation": {"angle": 0, "axis": "y", "origin": [17, 9, -3]},
			"faces": {
				"north": {"uv": [8.5, 8.875, 8.6875, 9.125], "texture": "#0"},
				"east": {"uv": [1.75, 7.875, 2.125, 8.125], "texture": "#0"},
				"south": {"uv": [8.75, 8.875, 8.9375, 9.125], "texture": "#0"},
				"west": {"uv": [2.125, 7.875, 2.5, 8.125], "texture": "#0"},
				"up": {"uv": [8.9375, 8.875, 8.75, 8.5], "texture": "#0"},
				"down": {"uv": [0.1875, 8.875, 0, 9.25], "texture": "#0"}
			}
		},
		{
			"from": [-1, 12, 16.2],
			"to": [0.4, 13.175, 22.4],
			"rotation": {"angle": 0, "axis": "y", "origin": [1, 12, 21.2]},
			"faces": {
				"north": {"uv": [9, 5.25, 9.1875, 5.375], "texture": "#0"},
				"east": {"uv": [4.5, 3.25, 5.25, 3.375], "texture": "#0"},
				"south": {"uv": [9, 5.375, 9.1875, 5.5], "texture": "#0"},
				"west": {"uv": [8.5, 4.25, 9.25, 4.375], "texture": "#0"},
				"up": {"uv": [6.5625, 9.25, 6.375, 8.5], "texture": "#0"},
				"down": {"uv": [6.8125, 8.5, 6.625, 9.25], "texture": "#0"}
			}
		},
		{
			"from": [-0.81421, 1, 22.33579],
			"to": [0.18579, 14.4, 24.58579],
			"rotation": {"angle": 45, "axis": "y", "origin": [-0.81421, 1, 22.58579]},
			"faces": {
				"north": {"uv": [4.625, 7.125, 4.75, 8.8125], "texture": "#0"},
				"east": {"uv": [2.625, 6.375, 2.875, 8.0625], "texture": "#0"},
				"south": {"uv": [6.25, 7.25, 6.375, 8.9375], "texture": "#0"},
				"west": {"uv": [6.375, 6.75, 6.625, 8.4375], "texture": "#0"},
				"up": {"uv": [1.875, 6.375, 1.75, 6.125], "texture": "#0"},
				"down": {"uv": [5.625, 7, 5.5, 7.25], "texture": "#0"}
			}
		},
		{
			"from": [15.81421, 1, 22.33579],
			"to": [16.81421, 14.4, 24.58579],
			"rotation": {"angle": -45, "axis": "y", "origin": [16.81421, 1, 22.58579]},
			"faces": {
				"north": {"uv": [1, 8.375, 1.125, 10.0625], "texture": "#0"},
				"east": {"uv": [6.625, 6.75, 6.875, 8.4375], "texture": "#0"},
				"south": {"uv": [1.125, 8.375, 1.25, 10.0625], "texture": "#0"},
				"west": {"uv": [0.75, 6.875, 1, 8.5625], "texture": "#0"},
				"up": {"uv": [2.625, 8.125, 2.5, 7.875], "texture": "#0"},
				"down": {"uv": [4.75, 8.875, 4.625, 9.125], "texture": "#0"}
			}
		},
		{
			"from": [15.6, 1, 16.2],
			"to": [17, 12, 22.4],
			"rotation": {"angle": 0, "axis": "y", "origin": [15, 1, 20.6]},
			"faces": {
				"north": {"uv": [4.125, 7.125, 4.3125, 8.5], "texture": "#0"},
				"east": {"uv": [5.625, 5.875, 6.375, 7.25], "texture": "#0"},
				"south": {"uv": [4.375, 7.125, 4.5625, 8.5], "texture": "#0"},
				"west": {"uv": [0, 6.125, 0.75, 7.5], "texture": "#0"},
				"up": {"uv": [8.0625, 9.25, 7.875, 8.5], "texture": "#0"},
				"down": {"uv": [8.3125, 8.5, 8.125, 9.25], "texture": "#0"}
			}
		},
		{
			"from": [15.6, 12, 16.2],
			"to": [17, 13.175, 22.4],
			"rotation": {"angle": 0, "axis": "y", "origin": [15, 12, 21.2]},
			"faces": {
				"north": {"uv": [9, 5.5, 9.1875, 5.625], "texture": "#0"},
				"east": {"uv": [8.5, 4.375, 9.25, 4.5], "texture": "#0"},
				"south": {"uv": [9, 6.75, 9.1875, 6.875], "texture": "#0"},
				"west": {"uv": [8.5, 6.375, 9.25, 6.5], "texture": "#0"},
				"up": {"uv": [8.6875, 8.875, 8.5, 8.125], "texture": "#0"},
				"down": {"uv": [0.9375, 8.625, 0.75, 9.375], "texture": "#0"}
			}
		},
		{
			"from": [0.41421, 0, -5.66421],
			"to": [1.81421, 10.975, -3.41421],
			"rotation": {"angle": -45, "axis": "y", "origin": [0.41421, 1, -5.41421]},
			"faces": {
				"north": {"uv": [5.5, 7.25, 5.6875, 8.625], "texture": "#0"},
				"east": {"uv": [4.75, 7, 5, 8.375], "texture": "#0"},
				"south": {"uv": [5.75, 7.25, 5.9375, 8.625], "texture": "#0"},
				"west": {"uv": [5, 7, 5.25, 8.375], "texture": "#0"},
				"up": {"uv": [0.4375, 9.25, 0.25, 9], "texture": "#0"},
				"down": {"uv": [9.1875, 0.375, 9, 0.625], "texture": "#0"}
			}
		},
		{
			"from": [14.18579, 0, -5.66421],
			"to": [15.58579, 10.975, -3.41421],
			"rotation": {"angle": 45, "axis": "y", "origin": [15.58579, 1, -5.41421]},
			"faces": {
				"north": {"uv": [6, 7.25, 6.1875, 8.625], "texture": "#0"},
				"east": {"uv": [5.25, 7, 5.5, 8.375], "texture": "#0"},
				"south": {"uv": [0, 7.5, 0.1875, 8.875], "texture": "#0"},
				"west": {"uv": [2.875, 7.125, 3.125, 8.5], "texture": "#0"},
				"up": {"uv": [0.6875, 9.25, 0.5, 9], "texture": "#0"},
				"down": {"uv": [9.1875, 1.375, 9, 1.625], "texture": "#0"}
			}
		},
		{
			"from": [0, 10.8, -4],
			"to": [16, 12.6, -4],
			"rotation": {"angle": 45, "axis": "x", "origin": [0, 11, -4]},
			"faces": {
				"north": {"uv": [6.375, 3, 8.375, 3.25], "texture": "#0"},
				"east": {"uv": [0, 0, 0, 0.25], "texture": "#0"},
				"south": {"uv": [6.625, 3.25, 8.625, 3.5], "texture": "#0"},
				"west": {"uv": [0, 0, 0, 0.25], "texture": "#0"},
				"up": {"uv": [2, 0, 0, 0], "texture": "#0"},
				"down": {"uv": [2, 0, 0, 0], "texture": "#0"}
			}
		},
		{
			"from": [0.6, 0, -5.6],
			"to": [15.4, 1, -4],
			"rotation": {"angle": 0, "axis": "y", "origin": [15, 0, -6]},
			"faces": {
				"north": {"uv": [8.25, 2.875, 10.125, 3], "texture": "#0"},
				"east": {"uv": [9, 6.875, 9.1875, 7], "texture": "#0"},
				"south": {"uv": [8.25, 4.5, 10.125, 4.625], "texture": "#0"},
				"west": {"uv": [9, 7, 9.1875, 7.125], "texture": "#0"},
				"up": {"uv": [8.75, 6.9375, 6.875, 6.75], "texture": "#0"},
				"down": {"uv": [8.75, 7, 6.875, 7.1875], "texture": "#0"}
			}
		},
		{
			"from": [-0.81421, 0, 22.38579],
			"to": [1.18579, 1, 24.58579],
			"rotation": {"angle": 45, "axis": "y", "origin": [-0.81421, -1, 22.58579]},
			"faces": {
				"north": {"uv": [6.5, 6, 7.5, 6.5], "texture": "#1"},
				"east": {"uv": [6.5, 6.5, 7.5, 7], "texture": "#1"},
				"south": {"uv": [0, 7, 1, 7.5], "texture": "#1"},
				"west": {"uv": [1, 7, 2, 7.5], "texture": "#1"},
				"up": {"uv": [6.5, 6, 5.5, 5], "texture": "#1"},
				"down": {"uv": [6.5, 6, 5.5, 7], "texture": "#1"}
			}
		},
		{
			"from": [0.56256, 0, 21.80901],
			"to": [15.36256, 1, 24.00901],
			"rotation": {"angle": 0, "axis": "y", "origin": [9.16256, -1, 22.00901]},
			"faces": {
				"north": {"uv": [5.5, 2, 13, 2.5], "texture": "#1"},
				"east": {"uv": [2, 7, 3, 7.5], "texture": "#1"},
				"south": {"uv": [5.5, 2.5, 13, 3], "texture": "#1"},
				"west": {"uv": [3, 7, 4, 7.5], "texture": "#1"},
				"up": {"uv": [13, 1, 5.5, 0], "texture": "#1"},
				"down": {"uv": [13, 1, 5.5, 2], "texture": "#1"}
			}
		},
		{
			"from": [13.86256, 0, 22.20901],
			"to": [16.16256, 1, 24.40901],
			"rotation": {"angle": 45, "axis": "y", "origin": [14.16256, -1, 22.40901]},
			"faces": {
				"north": {"uv": [6.5, 5, 7.75, 5.5], "texture": "#1"},
				"east": {"uv": [7, 3, 8, 3.5], "texture": "#1"},
				"south": {"uv": [6.5, 5.5, 7.75, 6], "texture": "#1"},
				"west": {"uv": [7, 3.5, 8, 4], "texture": "#1"},
				"up": {"uv": [6.75, 4, 5.5, 3], "texture": "#1"},
				"down": {"uv": [6.75, 4, 5.5, 5], "texture": "#1"}
			}
		},
		{
			"from": [2.5, 0, -3.9],
			"to": [13.5, 7, -3.9],
			"rotation": {"angle": 0, "axis": "y", "origin": [6.5, 5, -3.9]},
			"faces": {
				"north": {"uv": [0, 0.025, 5.475, 3.5], "texture": "#1"},
				"east": {"uv": [0, 0, 0, 3.5], "texture": "#1"},
				"south": {"uv": [0, 3.5, 5.475, 6.975], "texture": "#1"},
				"west": {"uv": [0, 0, 0, 3.5], "texture": "#1"},
				"up": {"uv": [5.5, 0, 0, 0], "texture": "#1"},
				"down": {"uv": [5.5, 0, 0, 0], "texture": "#1"}
			}
		},
		{
			"from": [2.5, 0, 8.2],
			"to": [13.5, 7, 8.2],
			"rotation": {"angle": 22.5, "axis": "x", "origin": [6.5, 5, 8.2]},
			"faces": {
				"north": {"uv": [0, 0.025, 5.475, 3.5], "texture": "#1"},
				"east": {"uv": [0, 0, 0, 3.5], "texture": "#1"},
				"south": {"uv": [0, 3.5, 5.475, 6.975], "texture": "#1"},
				"west": {"uv": [0, 0, 0, 3.5], "texture": "#1"},
				"up": {"uv": [5.5, 0, 0, 0], "texture": "#1"},
				"down": {"uv": [5.5, 0, 0, 0], "texture": "#1"}
			}
		}
	],
	"display": {}
}
