{
    "providers": [
        {"type": "bitmap","file": "minecraft:_fonts/logo.png","ascent": 42,"height": 96,"chars": ["ꡥꡦ","ꡧꡨ"]},

            {"type": "bitmap","file": "minecraft:_fonts/ranks/owner.png","ascent": 7,"height": 7,"chars": ["ꀀ"]},
            {"type": "bitmap","file": "minecraft:_fonts/ranks/co-owner.png","ascent": 7,"height": 7,"chars": ["ꀁ"]},
            {"type": "bitmap","file": "minecraft:_fonts/ranks/hr.png","ascent": 7,"height": 7,"chars": ["ꀅ"]},

            {"type": "bitmap","file": "minecraft:_fonts/ranks/media-lead.png","ascent": 7,"height": 7,"chars": ["ꀃ"]},
            {"type": "bitmap","file": "minecraft:_fonts/ranks/media.png","ascent": 7,"height": 7,"chars": ["ꀍ"]},
            {"type": "bitmap","file": "minecraft:_fonts/ranks/pr-eme.png","ascent": 7,"height": 7,"chars": ["ꀎ"]},


            {"type": "bitmap","file": "minecraft:_fonts/ranks/imagineer-lead.png","ascent": 7,"height": 7,"chars": ["ꀂ"]},
            {"type": "bitmap","file": "minecraft:_fonts/ranks/imagineer.png","ascent": 7,"height": 7,"chars": ["ꀆ"]},
            {"type": "bitmap","file": "minecraft:_fonts/ranks/imagineer-eme.png","ascent": 7,"height": 7,"chars": ["ꀇ"]},

            {"type": "bitmap","file": "minecraft:_fonts/ranks/tech-lead.png","ascent": 7,"height": 7,"chars": ["ꌖ"]},
            {"type": "bitmap","file": "minecraft:_fonts/ranks/tech.png","ascent": 7,"height": 7,"chars": ["ꀈ"]},
            {"type": "bitmap","file": "minecraft:_fonts/ranks/tech-eme.png","ascent": 7,"height": 7,"chars": ["ꀉ"]},
            
            {"type": "bitmap","file": "minecraft:_fonts/ranks/gr-lead.png","ascent": 7,"height": 7,"chars": ["ꀄ"]},
            {"type": "bitmap","file": "minecraft:_fonts/ranks/gr.png","ascent": 7,"height": 7,"chars": ["ꀊ"]},
            {"type": "bitmap","file": "minecraft:_fonts/ranks/gr-eme.png","ascent": 7,"height": 7,"chars": ["ꀋ"]},

            {"type": "bitmap","file": "minecraft:_fonts/ranks/modeler-lead.png","ascent": 7,"height": 7,"chars": ["ꁿ"]},
        
            {"type": "bitmap","file": "minecraft:_fonts/ranks/guest.png","ascent": 7,"height": 7,"chars": ["ꀌ"]},

            {"type": "bitmap","file": "minecraft:_fonts/ranks/retired.png","ascent": 7,"height": 7,"chars": ["ꌔ"]},
            {"type": "bitmap","file": "minecraft:_fonts/ranks/guest.png","ascent": 7,"height": 7,"chars": ["ꀎ"]},

            {"type": "bitmap","file": "minecraft:_fonts/pixel_split.png","ascent": -32768,"height": -3,"chars": [""]},

            {
            "type":"bitmap","file":"minecraft:font\/face_smiling.png",
            "ascent": 7,
            "height":8,
            "chars":[
                "😀😃😄😁😆😅🤣😂🙂🙃🫠😉😊😇"]
        },
        {
            "type":"bitmap","file":"minecraft:font\/face_affection.png",
            "ascent": 7,
            "height":8,
            "chars":[
                "🥰😍🤩😘😗☺😚😙🥲"]
        },
        {
            "type":"bitmap","file":"minecraft:font\/face_tongue.png",
            "ascent": 7,
            "height":8,
            "chars":[
                "😋😛😜🤪😝🤑"]
        },
        {
            "type":"bitmap","file":"minecraft:font\/face_hand.png",
            "ascent": 7,
            "height":8,
            "chars":[
                "🤗🤭🫢🫣🤫🤔🫡"]
        },
        {
            "type":"bitmap","file":"minecraft:font\/face_neutral_skeptical.png",
            "ascent": 7,
            "height":8,
            "chars":[
                "🤐🤨😐😑😶🫥😏😒🙄😬🤥🫨"]
        },
        {
            "type":"bitmap","file":"minecraft:font\/face_sleepy.png",
            "ascent": 7,
            "height":8,
            "chars":[
                "😌😔😪🤤😴🫩"]
        },
        {
            "type":"bitmap","file":"minecraft:font\/face_unwell.png",
            "ascent": 7,
            "height":8,
            "chars":[
                "😷🤒🤕🤢🤮🤧🥵🥶🥴😵🤯"]
        },
        {
            "type":"bitmap","file":"minecraft:font\/face_hat.png",
            "ascent": 7,
            "height":8,
            "chars":[
                "🤠🥳🥸"]
        },
        {
            "type":"bitmap","file":"minecraft:font\/face_glasses.png",
            "ascent": 7,
            "height":8,
            "chars":[
                "😎🤓🧐"]
        },
        {
            "type":"bitmap","file":"minecraft:font\/face_concerned.png",
            "ascent": 7,
            "height":8,
            "chars":[
                "😕🫤😟🙁☹😮😯😲😳🥺🥹😦😧😨😰😥😢😭😱😖😣😞😓😩😫🥱"]
        },
        {
            "type":"bitmap","file":"minecraft:font\/face_negative.png",
            "ascent": 7,
            "height":8,
            "chars":[
                "😤😡😠🤬😈👿💀☠"]
        },
        {
            "type":"bitmap","file":"minecraft:font\/face_costume.png",
            "ascent": 7,
            "height":8,
            "chars":[
                "💩🤡👹👺👻👽👾🤖"]
        },
        {
            "type":"bitmap","file":"minecraft:font\/cat_face.png",
            "ascent": 7,
            "height":8,
            "chars":[
                "😺😸😹😻😼😽🙀😿😾"]
        },
        {
            "type":"bitmap","file":"minecraft:font\/monkey_face.png",
            "ascent": 7,
            "height":8,
            "chars":[
                "🙈🙉🙊"]
        },
        {
            "type":"bitmap","file":"minecraft:font\/heart.png",
            "ascent": 7,
            "height":8,
            "chars":[
                "💌💘💝💖💗💓💞💕💟❣💔❤🩷🧡💛💚💙🩵💜🤎🖤🩶🤍"]
        },
        {
            "type":"bitmap","file":"minecraft:font\/emotion.png",
            "ascent": 7,
            "height":8,
            "chars":[
                "💋💯💢💥💫💦💨🕳💬🗨🗯💭💤"]
        },
        {
            "type":"bitmap","file":"minecraft:font\/hand_fingers_open.png",
            "ascent": 7,
            "height":8,
            "chars":[
                "👋🤚🖐✋🖖🫱🫲🫳🫴🫷🫸"]
        },
        {
            "type":"bitmap","file":"minecraft:font\/hand_fingers_partial.png",
            "ascent": 7,
            "height":8,
            "chars":[
                "👌🤌🤏✌🤞🫰🤟🤘🤙"]
        },
        {
            "type":"bitmap","file":"minecraft:font\/hand_single_finger.png",
            "ascent": 7,
            "height":8,
            "chars":[
                "👈👉👆👇☝🫵"]
        },
        {
            "type":"bitmap","file":"minecraft:font\/hand_fingers_closed.png",
            "ascent": 7,
            "height":8,
            "chars":[
                "👍👎✊👊🤛🤜"]
        },
        {
            "type":"bitmap","file":"minecraft:font\/hands.png",
            "ascent": 7,
            "height":8,
            "chars":[
                "👏🙌🫶👐🤲🤝🙏"]
        },
        {
            "type":"bitmap","file":"minecraft:font\/hand_prop.png",
            "ascent": 7,
            "height":8,
            "chars":[
                "✍💅🤳"]
        },
        {
            "type":"bitmap","file":"minecraft:font\/body_parts.png",
            "ascent": 7,
            "height":8,
            "chars":[
                "💪🦾🦿🦵🦶👂🦻👃🧠🫀🫁🦷🦴👀👁👅👄🫦"]
        },




        {
            "type":"bitmap","file":"minecraft:font\/person_symbol.png",
            "ascent": 7,
            "height":8,
            "chars":[
                "🗣👤👥🫂👪👣🫆"]
        },
        {
            "type":"bitmap","file":"minecraft:font\/hair_style.png",
            "ascent": 7,
            "height":8,
            "chars":[
                "🦰🦱🦳🦲"]
        },

        {
            "type":"bitmap","file":"minecraft:font\/animal_amphibian.png",
            "ascent": 7,
            "height":8,
            "chars":[
                "🐸"]
        },
        {
            "type":"bitmap","file":"minecraft:font\/animal_reptile.png",
            "ascent": 7,
            "height":8,
            "chars":[
                "🐊🐢🦎🐍🐲🐉🦕🦖"]
        },


        {
            "type":"bitmap","file":"minecraft:font\/plant_flower.png",
            "ascent": 7,
            "height":8,
            "chars":[
                "💐🌸💮🪷🏵🌹🥀🌺🌻🌼🌷🪻"]
        },



        {
            "type":"bitmap","file":"minecraft:font\/food_prepared.png",
            "ascent": 7,
            "height":8,
            "chars":[
                "🍞🥐🥖🫓🥨🥯🥞🧇🧀🍖🍗🥩🥓🍔🍟🍕🌭🥪🌮🌯🫔🥙🧆🥚🍳🥘🍲🫕🥣🥗🍿🧈🧂🥫"]
        },





        {
            "type":"bitmap","file":"minecraft:font\/award_medal.png",
            "ascent": 7,
            "height":8,
            "chars":[
                "🎖🏆🏅🥇🥈🥉"]
        },
        {
            "type":"bitmap","file":"minecraft:font\/sport.png",
            "ascent": 7,
            "height":8,
            "chars":[
                "⚽⚾🥎🏀🏐🏈🏉🎾🥏🎳🏏🏑🏒🥍🏓🏸🥊🥋🥅⛳⛸🎣🤿🎽🎿🛷🥌"]
        },



        
        {
            "type":"bitmap","file":"minecraft:font\/event.png",
            "ascent": 7,
            "height":8,
            "chars":[
                "🎃🎄🎆🎇🧨✨🎈🎉🎊🎋🎍🎎🎏🎐🎑🧧🎀🎁🎗🎟🎫"]
        },
        {
            "type":"bitmap","file":"minecraft:font\/geometric.png",
            "ascent": 7,
            "height":8,
            "chars":[
                "🔴🟠🟡🟢🔵🟣🟤⚫⚪🟥🟧🟨🟩🟦🟪🟫⬛⬜◼◻◾◽▪▫🔶🔷🔸🔹🔺🔻💠🔘🔳🔲"]
        },
        {
            "type":"bitmap","file":"minecraft:font\/flag.png",
            "ascent": 7,
            "height":8,
            "chars":[
                "🏁🚩🎌🏴🏳"
            ]
        } 
    ]
}
