{
	"credit": "Made with Blockbench",
	"textures": {
		"0": "item/custom/bicycle",
		"1": "item/custom/bicyclewheel",
		"2": "item/custom/bicyclehandles",
		"particle": "item/custom/bicycle"
	},
	"elements": [
		{
			"from": [7, 0, -1],
			"to": [8, 7, 0],
			"rotation": {"angle": 0, "axis": "y", "origin": [7, 0, -6]},
			"faces": {
				"north": {"uv": [8, 9.5, 8.5, 13], "texture": "#0"},
				"east": {"uv": [8.5, 9.5, 9, 13], "texture": "#0"},
				"south": {"uv": [9, 9.5, 9.5, 13], "texture": "#0"},
				"west": {"uv": [9.5, 9.5, 10, 13], "texture": "#0"},
				"up": {"uv": [7, 5, 6.5, 4.5], "texture": "#0"},
				"down": {"uv": [10, 6, 9.5, 6.5], "texture": "#0"}
			}
		},
		{
			"from": [7.5, 1, -6],
			"to": [7.5, 6, -1],
			"rotation": {"angle": 0, "axis": "y", "origin": [7, 0, -9]},
			"faces": {
				"north": {"uv": [0, 0, 0, 2.5], "texture": "#0"},
				"east": {"uv": [0, 0, 16, 16], "texture": "#1"},
				"south": {"uv": [0, 0, 0, 2.5], "texture": "#0"},
				"west": {"uv": [0, 0, 16, 16], "texture": "#1"},
				"up": {"uv": [0, 2.5, 0, 0], "texture": "#0"},
				"down": {"uv": [0, 0, 0, 2.5], "texture": "#0"}
			}
		},
		{
			"from": [7, 0, -7],
			"to": [8, 7, -6],
			"rotation": {"angle": 0, "axis": "y", "origin": [7, 0, -12]},
			"faces": {
				"north": {"uv": [10, 1.5, 10.5, 5], "texture": "#0"},
				"east": {"uv": [10, 9.5, 10.5, 13], "texture": "#0"},
				"south": {"uv": [10.5, 1.5, 11, 5], "texture": "#0"},
				"west": {"uv": [10.5, 8, 11, 11.5], "texture": "#0"},
				"up": {"uv": [7, 14.5, 6.5, 14], "texture": "#0"},
				"down": {"uv": [14.5, 9, 14, 9.5], "texture": "#0"}
			}
		},
		{
			"from": [7, 0, -6],
			"to": [8, 1, -1],
			"rotation": {"angle": 0, "axis": "x", "origin": [8, 0, -3]},
			"faces": {
				"north": {"uv": [14, 9.5, 14.5, 10], "texture": "#0"},
				"east": {"uv": [12.5, 0, 15, 0.5], "texture": "#0"},
				"south": {"uv": [14, 10, 14.5, 10.5], "texture": "#0"},
				"west": {"uv": [12.5, 1.5, 15, 2], "texture": "#0"},
				"up": {"uv": [13, 4.5, 12.5, 2], "texture": "#0"},
				"down": {"uv": [13, 4.5, 12.5, 7], "texture": "#0"}
			}
		},
		{
			"from": [7, 6, -6],
			"to": [8, 7, -1],
			"rotation": {"angle": 0, "axis": "x", "origin": [8, 6, -3]},
			"faces": {
				"north": {"uv": [14, 10.5, 14.5, 11], "texture": "#0"},
				"east": {"uv": [12.5, 7, 15, 7.5], "texture": "#0"},
				"south": {"uv": [14, 11, 14.5, 11.5], "texture": "#0"},
				"west": {"uv": [12.5, 7.5, 15, 8], "texture": "#0"},
				"up": {"uv": [13, 10.5, 12.5, 8], "texture": "#0"},
				"down": {"uv": [13, 10.5, 12.5, 13], "texture": "#0"}
			}
		},
		{
			"from": [6.9, 7, -8],
			"to": [8.1, 8, 1],
			"rotation": {"angle": 0, "axis": "x", "origin": [8, 7, -3]},
			"faces": {
				"north": {"uv": [14, 11.5, 14.5, 12], "texture": "#0"},
				"east": {"uv": [7.5, 6.5, 12, 7], "texture": "#0"},
				"south": {"uv": [13, 14, 13.5, 14.5], "texture": "#0"},
				"west": {"uv": [7.5, 7, 12, 7.5], "texture": "#0"},
				"up": {"uv": [7, 4.5, 6.5, 0], "texture": "#0"},
				"down": {"uv": [5, 7.5, 4.5, 12], "texture": "#0"}
			}
		},
		{
			"from": [7, 5.4, -6],
			"to": [8, 6.5, -4.9],
			"rotation": {"angle": 45, "axis": "x", "origin": [8, 7, -3]},
			"faces": {
				"north": {"uv": [14, 13, 14.5, 13.5], "texture": "#0"},
				"east": {"uv": [13.5, 14, 14, 14.5], "texture": "#0"},
				"south": {"uv": [14, 13.5, 14.5, 14], "texture": "#0"},
				"west": {"uv": [14, 14, 14.5, 14.5], "texture": "#0"},
				"up": {"uv": [1.5, 15, 1, 14.5], "texture": "#0"},
				"down": {"uv": [2, 14.5, 1.5, 15], "texture": "#0"}
			}
		},
		{
			"from": [6.9, 5, -8],
			"to": [8.1, 7, -7],
			"rotation": {"angle": 0, "axis": "x", "origin": [8, 6, -10]},
			"faces": {
				"north": {"uv": [8, 13, 8.5, 14.5], "texture": "#0"},
				"east": {"uv": [13, 8, 13.5, 9.5], "texture": "#0"},
				"south": {"uv": [8.5, 13, 9, 14.5], "texture": "#0"},
				"west": {"uv": [9, 13, 9.5, 14.5], "texture": "#0"},
				"up": {"uv": [2.5, 15, 2, 14.5], "texture": "#0"},
				"down": {"uv": [5.5, 14.5, 5, 15], "texture": "#0"}
			}
		},
		{
			"from": [6.9, 3, 0],
			"to": [8.1, 7, 1],
			"rotation": {"angle": 0, "axis": "x", "origin": [8, 6, -2]},
			"faces": {
				"north": {"uv": [2, 13.5, 2.5, 14.5], "texture": "#0"},
				"east": {"uv": [13.5, 6, 14, 7], "texture": "#0"},
				"south": {"uv": [7.5, 13.5, 8, 14.5], "texture": "#0"},
				"west": {"uv": [13.5, 8, 14, 9], "texture": "#0"},
				"up": {"uv": [6, 15, 5.5, 14.5], "texture": "#0"},
				"down": {"uv": [15, 6, 14.5, 6.5], "texture": "#0"}
			}
		},
		{
			"from": [6.9, 3.5, 11],
			"to": [8.1, 8, 12],
			"rotation": {"angle": 0, "axis": "x", "origin": [8, 6, 9]},
			"faces": {
				"north": {"uv": [13.5, 9, 14, 10], "texture": "#0"},
				"east": {"uv": [13.5, 10, 14, 11], "texture": "#0"},
				"south": {"uv": [13.5, 11, 14, 12], "texture": "#0"},
				"west": {"uv": [12.5, 13.5, 13, 14.5], "texture": "#0"},
				"up": {"uv": [8, 15, 7.5, 14.5], "texture": "#0"},
				"down": {"uv": [8.5, 14.5, 8, 15], "texture": "#0"}
			}
		},
		{
			"from": [6.8, 1.9, 3],
			"to": [8.2, 8.9, 4],
			"rotation": {"angle": -22.5, "axis": "x", "origin": [8, 5, 1]},
			"faces": {
				"north": {"uv": [11, 1.5, 11.5, 5], "texture": "#0"},
				"east": {"uv": [11, 8, 11.5, 11.5], "texture": "#0"},
				"south": {"uv": [11.5, 1.5, 12, 5], "texture": "#0"},
				"west": {"uv": [11.5, 8, 12, 11.5], "texture": "#0"},
				"up": {"uv": [9, 15, 8.5, 14.5], "texture": "#0"},
				"down": {"uv": [9.5, 14.5, 9, 15], "texture": "#0"}
			}
		},
		{
			"from": [6.8, 8.9, 3],
			"to": [8.2, 10, 5.4],
			"rotation": {"angle": -22.5, "axis": "x", "origin": [8, 5, 1]},
			"faces": {
				"north": {"uv": [14.5, 9, 15, 9.5], "texture": "#0"},
				"east": {"uv": [13.5, 12, 14.5, 12.5], "texture": "#0"},
				"south": {"uv": [9.5, 14.5, 10, 15], "texture": "#0"},
				"west": {"uv": [13, 13.5, 14, 14], "texture": "#0"},
				"up": {"uv": [0.5, 15, 0, 14], "texture": "#0"},
				"down": {"uv": [1, 14, 0.5, 15], "texture": "#0"}
			}
		},
		{
			"from": [6.8, -2.1, 13.3],
			"to": [8.2, 10, 14.3],
			"rotation": {"angle": -22.5, "axis": "x", "origin": [8, 5, 1]},
			"faces": {
				"north": {"uv": [0.5, 7.5, 1, 13.5], "texture": "#0"},
				"east": {"uv": [1, 7.5, 1.5, 13.5], "texture": "#0"},
				"south": {"uv": [1.5, 7.5, 2, 13.5], "texture": "#0"},
				"west": {"uv": [2, 7.5, 2.5, 13.5], "texture": "#0"},
				"up": {"uv": [15, 10, 14.5, 9.5], "texture": "#0"},
				"down": {"uv": [10.5, 14.5, 10, 15], "texture": "#0"}
			}
		},
		{
			"from": [6.8, 10, 13.3],
			"to": [8.2, 11.1, 16.9],
			"rotation": {"angle": -22.5, "axis": "x", "origin": [8, 5, 1]},
			"faces": {
				"north": {"uv": [14.5, 10, 15, 10.5], "texture": "#0"},
				"east": {"uv": [13, 4, 15, 4.5], "texture": "#0"},
				"south": {"uv": [14.5, 10.5, 15, 11], "texture": "#0"},
				"west": {"uv": [13, 4.5, 15, 5], "texture": "#0"},
				"up": {"uv": [13.5, 7, 13, 5], "texture": "#0"},
				"down": {"uv": [7.5, 13, 7, 15], "texture": "#0"}
			}
		},
		{
			"from": [5.67039, 15.6, 13.34567],
			"to": [8.87039, 16.7, 14.14567],
			"rotation": {"angle": 0, "axis": "x", "origin": [7.77039, 5, 1.04567]},
			"faces": {
				"north": {"uv": [13, 4.5, 15, 5], "texture": "#0"},
				"east": {"uv": [14.5, 10, 15, 10.5], "texture": "#0"},
				"south": {"uv": [13, 4, 15, 4.5], "texture": "#0"},
				"west": {"uv": [14.5, 10.5, 15, 11], "texture": "#0"},
				"up": {"uv": [13.5, 7, 13, 5], "rotation": 90, "texture": "#0"},
				"down": {"uv": [7.5, 13, 7, 15], "rotation": 270, "texture": "#0"}
			}
		},
		{
			"from": [3.46236, 15.6, 12.58875],
			"to": [5.56236, 16.7, 13.28875],
			"rotation": {"angle": -22.5, "axis": "y", "origin": [3.46236, 15, 13.98875]},
			"faces": {
				"north": {"uv": [13, 4.5, 15, 5], "texture": "#0"},
				"east": {"uv": [14.5, 10, 15, 10.5], "texture": "#0"},
				"south": {"uv": [13, 4, 15, 4.5], "texture": "#0"},
				"west": {"uv": [14.5, 10.5, 15, 11], "texture": "#0"},
				"up": {"uv": [13.5, 7, 13, 5], "rotation": 90, "texture": "#0"},
				"down": {"uv": [7.5, 13, 7, 15], "rotation": 270, "texture": "#0"}
			}
		},
		{
			"from": [8.89468, 15.6, 12.1678],
			"to": [10.99468, 16.7, 12.8678],
			"rotation": {"angle": 22.5, "axis": "y", "origin": [12.09468, 15, 13.5678]},
			"faces": {
				"north": {"uv": [13, 4.5, 15, 5], "texture": "#0"},
				"east": {"uv": [14.5, 10, 15, 10.5], "texture": "#0"},
				"south": {"uv": [13, 4, 15, 4.5], "texture": "#0"},
				"west": {"uv": [14.5, 10.5, 15, 11], "texture": "#0"},
				"up": {"uv": [13.5, 7, 13, 5], "rotation": 90, "texture": "#0"},
				"down": {"uv": [7.5, 13, 7, 15], "rotation": 270, "texture": "#0"}
			}
		},
		{
			"from": [6.8, 3.7, -1.3],
			"to": [8.2, 11.7, -0.3],
			"rotation": {"angle": 45, "axis": "x", "origin": [8, 7, -3]},
			"faces": {
				"north": {"uv": [5.5, 9.5, 6, 13.5], "texture": "#0"},
				"east": {"uv": [6, 9.5, 6.5, 13.5], "texture": "#0"},
				"south": {"uv": [6.5, 9.5, 7, 13.5], "texture": "#0"},
				"west": {"uv": [7.5, 9.5, 8, 13.5], "texture": "#0"},
				"up": {"uv": [15, 11.5, 14.5, 11], "texture": "#0"},
				"down": {"uv": [15, 11.5, 14.5, 12], "texture": "#0"}
			}
		},
		{
			"from": [6.8, 7.7, 4.7],
			"to": [8.2, 20.3, 5.4],
			"rotation": {"angle": 45, "axis": "x", "origin": [8, 7, -3]},
			"faces": {
				"north": {"uv": [7, 0, 7.5, 6.5], "texture": "#0"},
				"east": {"uv": [7, 6.5, 7.5, 13], "texture": "#0"},
				"south": {"uv": [0, 7.5, 0.5, 14], "texture": "#0"},
				"west": {"uv": [7.5, 0, 8, 6.5], "texture": "#0"},
				"up": {"uv": [15, 12.5, 14.5, 12], "texture": "#0"},
				"down": {"uv": [13, 14.5, 12.5, 15], "texture": "#0"}
			}
		},
		{
			"from": [6.8, 5.6, 2.9],
			"to": [8.2, 6.3, 12.2],
			"rotation": {"angle": -22.5, "axis": "x", "origin": [8, 7, -3]},
			"faces": {
				"north": {"uv": [13.5, 14.5, 13, 15], "rotation": 180, "texture": "#0"},
				"east": {"uv": [3, 7.5, 3.5, 13], "rotation": 270, "texture": "#0"},
				"south": {"uv": [15, 13, 14.5, 12.5], "texture": "#0"},
				"west": {"uv": [4, 7.5, 4.5, 13], "rotation": 90, "texture": "#0"},
				"up": {"uv": [2.5, 7.5, 3, 13], "rotation": 180, "texture": "#0"},
				"down": {"uv": [3.5, 7.5, 4, 13], "texture": "#0"}
			}
		},
		{
			"from": [6.8, 2.5, -4.2],
			"to": [8.3, 3.5, 5],
			"rotation": {"angle": 0, "axis": "x", "origin": [8, 5.3, -0.5]},
			"faces": {
				"north": {"uv": [14, 0.5, 15, 1], "texture": "#0"},
				"east": {"uv": [7.5, 7.5, 12, 8], "texture": "#0"},
				"south": {"uv": [1, 14, 2, 14.5], "texture": "#0"},
				"west": {"uv": [8, 0, 12.5, 0.5], "texture": "#0"},
				"up": {"uv": [6, 9.5, 5, 5], "texture": "#0"},
				"down": {"uv": [7, 5, 6, 9.5], "texture": "#0"}
			}
		},
		{
			"from": [5.7, 3, 3.7],
			"to": [6.8, 3.5, 4.1],
			"rotation": {"angle": 0, "axis": "x", "origin": [8, 5.3, -0.5]},
			"faces": {
				"north": {"uv": [14.5, 13, 15, 13.5], "texture": "#0"},
				"east": {"uv": [13.5, 14.5, 14, 15], "texture": "#0"},
				"south": {"uv": [14.5, 13.5, 15, 14], "texture": "#0"},
				"west": {"uv": [14, 14.5, 14.5, 15], "texture": "#0"},
				"up": {"uv": [15, 14.5, 14.5, 14], "texture": "#0"},
				"down": {"uv": [15, 14.5, 14.5, 15], "texture": "#0"}
			}
		},
		{
			"from": [8.3, 3, 3.7],
			"to": [9.4, 3.5, 4.1],
			"rotation": {"angle": 0, "axis": "x", "origin": [14.3, 5.3, -0.5]},
			"faces": {
				"north": {"uv": [14.5, 13, 15, 13.5], "texture": "#0"},
				"east": {"uv": [13.5, 14.5, 14, 15], "texture": "#0"},
				"south": {"uv": [14.5, 13.5, 15, 14], "texture": "#0"},
				"west": {"uv": [14, 14.5, 14.5, 15], "texture": "#0"},
				"up": {"uv": [15, 14.5, 14.5, 14], "texture": "#0"},
				"down": {"uv": [15, 14.5, 14.5, 15], "texture": "#0"}
			}
		},
		{
			"from": [9, 3, 1.6],
			"to": [9.4, 3.5, 3.7],
			"rotation": {"angle": 0, "axis": "y", "origin": [14.3, 3.3, 3.5]},
			"faces": {
				"north": {"uv": [0, 15, 0.5, 15.5], "texture": "#0"},
				"east": {"uv": [14, 1, 15, 1.5], "texture": "#0"},
				"south": {"uv": [15, 0, 15.5, 0.5], "texture": "#0"},
				"west": {"uv": [5, 14, 6, 14.5], "texture": "#0"},
				"up": {"uv": [6.5, 15, 6, 14], "texture": "#0"},
				"down": {"uv": [14.5, 6, 14, 7], "texture": "#0"}
			}
		},
		{
			"from": [5.7, 3, 4.1],
			"to": [6.1, 3.5, 6.2],
			"rotation": {"angle": 0, "axis": "y", "origin": [8, 3.3, 3.5]},
			"faces": {
				"north": {"uv": [0, 15, 0.5, 15.5], "texture": "#0"},
				"east": {"uv": [14, 1, 15, 1.5], "texture": "#0"},
				"south": {"uv": [15, 0, 15.5, 0.5], "texture": "#0"},
				"west": {"uv": [5, 14, 6, 14.5], "texture": "#0"},
				"up": {"uv": [6.5, 15, 6, 14], "texture": "#0"},
				"down": {"uv": [14.5, 6, 14, 7], "texture": "#0"}
			}
		},
		{
			"from": [5.1, 2, 4.7],
			"to": [6.1, 2.5, 6.2],
			"rotation": {"angle": -22.5, "axis": "x", "origin": [8, 3.3, 3.5]},
			"faces": {
				"north": {"uv": [0.5, 15, 1, 15.5], "texture": "#0"},
				"east": {"uv": [15, 0.5, 15.5, 1], "texture": "#0"},
				"south": {"uv": [1, 15, 1.5, 15.5], "texture": "#0"},
				"west": {"uv": [15, 1, 15.5, 1.5], "texture": "#0"},
				"up": {"uv": [2, 15.5, 1.5, 15], "texture": "#0"},
				"down": {"uv": [15.5, 1.5, 15, 2], "texture": "#0"}
			}
		},
		{
			"from": [9, 2.3, 1.6],
			"to": [10, 2.8, 3.1],
			"rotation": {"angle": 22.5, "axis": "x", "origin": [14.3, 3.3, 3.5]},
			"faces": {
				"north": {"uv": [0.5, 15, 1, 15.5], "texture": "#0"},
				"east": {"uv": [15, 0.5, 15.5, 1], "texture": "#0"},
				"south": {"uv": [1, 15, 1.5, 15.5], "texture": "#0"},
				"west": {"uv": [15, 1, 15.5, 1.5], "texture": "#0"},
				"up": {"uv": [2, 15.5, 1.5, 15], "texture": "#0"},
				"down": {"uv": [15.5, 1.5, 15, 2], "texture": "#0"}
			}
		},
		{
			"from": [6.7, 1.5, 2.4],
			"to": [6.7, 4.5, 5.6],
			"rotation": {"angle": 0, "axis": "x", "origin": [8, 5.3, -0.5]},
			"faces": {
				"north": {"uv": [0, 0, 0, 1.5], "texture": "#0"},
				"east": {"uv": [5.888, 5.908, 10.204, 10.096], "texture": "#1"},
				"south": {"uv": [0, 0, 0, 1.5], "texture": "#0"},
				"west": {"uv": [5.856, 5.84, 10.14, 10.124], "texture": "#1"},
				"up": {"uv": [0, 1.5, 0, 0], "texture": "#0"},
				"down": {"uv": [0, 0, 0, 1.5], "texture": "#0"}
			}
		},
		{
			"from": [8.3, 1.5, 2.4],
			"to": [8.3, 4.5, 5.6],
			"rotation": {"angle": 0, "axis": "x", "origin": [8, 5.3, -0.5]},
			"faces": {
				"north": {"uv": [0, 0, 0, 1.5], "texture": "#0"},
				"east": {"uv": [5.856, 5.868, 10.172, 10.152], "texture": "#1"},
				"south": {"uv": [0, 0, 0, 1.5], "texture": "#0"},
				"west": {"uv": [5.888, 5.896, 10.172, 10.116], "texture": "#1"},
				"up": {"uv": [0, 1.5, 0, 0], "texture": "#0"},
				"down": {"uv": [0, 0, 0, 1.5], "texture": "#0"}
			}
		},
		{
			"from": [6.1, 10.3, 0],
			"to": [8.9, 11.3, 2.5],
			"rotation": {"angle": 0, "axis": "x", "origin": [8, 7.3, 2]},
			"faces": {
				"north": {"uv": [12.5, 13, 14, 13.5], "texture": "#0"},
				"east": {"uv": [13, 12.5, 14.5, 13], "texture": "#0"},
				"south": {"uv": [0.5, 13.5, 2, 14], "texture": "#0"},
				"west": {"uv": [13.5, 5, 15, 5.5], "texture": "#0"},
				"up": {"uv": [9, 9.5, 7.5, 8], "texture": "#0"},
				"down": {"uv": [10.5, 8, 9, 9.5], "texture": "#0"}
			}
		},
		{
			"from": [6.4, 10.3, 2.5],
			"to": [8.6, 11.3, 5],
			"rotation": {"angle": 0, "axis": "x", "origin": [8, 7.3, 2]},
			"faces": {
				"north": {"uv": [14, 8, 15, 8.5], "texture": "#0"},
				"east": {"uv": [5.5, 13.5, 7, 14], "texture": "#0"},
				"south": {"uv": [14, 8.5, 15, 9], "texture": "#0"},
				"west": {"uv": [13.5, 5.5, 15, 6], "texture": "#0"},
				"up": {"uv": [11, 6.5, 10, 5], "texture": "#0"},
				"down": {"uv": [12, 5, 11, 6.5], "texture": "#0"}
			}
		},
		{
			"from": [6.9, 7, 12],
			"to": [8.1, 8, 17],
			"rotation": {"angle": 0, "axis": "x", "origin": [8, 7, 16]},
			"faces": {
				"north": {"uv": [2, 15, 2.5, 15.5], "texture": "#0"},
				"east": {"uv": [9.5, 0.5, 14, 1], "texture": "#0"},
				"south": {"uv": [15, 4, 15.5, 4.5], "texture": "#0"},
				"west": {"uv": [9.5, 1, 14, 1.5], "texture": "#0"},
				"up": {"uv": [10, 6, 9.5, 1.5], "texture": "#0"},
				"down": {"uv": [5.5, 9.5, 5, 14], "texture": "#0"}
			}
		},
		{
			"from": [7, 0, 18],
			"to": [8, 7, 19],
			"rotation": {"angle": 0, "axis": "y", "origin": [7, 0, 13]},
			"faces": {
				"north": {"uv": [10.5, 11.5, 11, 15], "texture": "#0"},
				"east": {"uv": [11, 11.5, 11.5, 15], "texture": "#0"},
				"south": {"uv": [11.5, 11.5, 12, 15], "texture": "#0"},
				"west": {"uv": [12, 1.5, 12.5, 5], "texture": "#0"},
				"up": {"uv": [15.5, 5, 15, 4.5], "texture": "#0"},
				"down": {"uv": [5.5, 15, 5, 15.5], "texture": "#0"}
			}
		},
		{
			"from": [7.5, 1, 13],
			"to": [7.5, 6, 18],
			"rotation": {"angle": 0, "axis": "y", "origin": [7, 0, 10]},
			"faces": {
				"north": {"uv": [0, 0, 0, 2.5], "texture": "#0"},
				"east": {"uv": [0, 0, 16, 16], "texture": "#1"},
				"south": {"uv": [0, 0, 0, 2.5], "texture": "#0"},
				"west": {"uv": [0.096, 0.096, 16, 16], "texture": "#1"},
				"up": {"uv": [0, 2.5, 0, 0], "texture": "#0"},
				"down": {"uv": [0, 0, 0, 2.5], "texture": "#0"}
			}
		},
		{
			"from": [7, 0, 12],
			"to": [8, 7, 13],
			"rotation": {"angle": 0, "axis": "y", "origin": [7, 0, 7]},
			"faces": {
				"north": {"uv": [4.5, 12, 5, 15.5], "texture": "#0"},
				"east": {"uv": [12, 5, 12.5, 8.5], "texture": "#0"},
				"south": {"uv": [12, 8.5, 12.5, 12], "texture": "#0"},
				"west": {"uv": [12, 12, 12.5, 15.5], "texture": "#0"},
				"up": {"uv": [15.5, 5.5, 15, 5], "texture": "#0"},
				"down": {"uv": [6, 15, 5.5, 15.5], "texture": "#0"}
			}
		},
		{
			"from": [7, 0, 13],
			"to": [8, 1, 18],
			"rotation": {"angle": 0, "axis": "x", "origin": [8, 0, 16]},
			"faces": {
				"north": {"uv": [15, 5.5, 15.5, 6], "texture": "#0"},
				"east": {"uv": [13, 2, 15.5, 2.5], "texture": "#0"},
				"south": {"uv": [6, 15, 6.5, 15.5], "texture": "#0"},
				"west": {"uv": [13, 2.5, 15.5, 3], "texture": "#0"},
				"up": {"uv": [3, 15.5, 2.5, 13], "texture": "#0"},
				"down": {"uv": [3.5, 13, 3, 15.5], "texture": "#0"}
			}
		},
		{
			"from": [7, 6, 13],
			"to": [8, 7, 18],
			"rotation": {"angle": 0, "axis": "x", "origin": [8, 6, 16]},
			"faces": {
				"north": {"uv": [15, 6, 15.5, 6.5], "texture": "#0"},
				"east": {"uv": [13, 3, 15.5, 3.5], "texture": "#0"},
				"south": {"uv": [6.5, 15, 7, 15.5], "texture": "#0"},
				"west": {"uv": [13, 3.5, 15.5, 4], "texture": "#0"},
				"up": {"uv": [4, 15.5, 3.5, 13], "texture": "#0"},
				"down": {"uv": [4.5, 13, 4, 15.5], "texture": "#0"}
			}
		},
		{
			"from": [1.7, 15.4, 14.3],
			"to": [3.9, 16.8, 15.3],
			"rotation": {"angle": -22.5, "axis": "y", "origin": [8, 13.6, 15]},
			"faces": {
				"north": {"uv": [0, 4, 2, 5], "texture": "#2"},
				"east": {"uv": [4, 0, 6, 1], "texture": "#2"},
				"south": {"uv": [4, 1, 6, 2], "texture": "#2"},
				"west": {"uv": [2, 4, 4, 5], "texture": "#2"},
				"up": {"uv": [2, 2, 0, 0], "texture": "#2"},
				"down": {"uv": [2, 2, 0, 4], "texture": "#2"}
			}
		},
		{
			"from": [10.7, 15.4, 13.7],
			"to": [12.9, 16.8, 14.7],
			"rotation": {"angle": 22.5, "axis": "y", "origin": [8, 13.6, 15]},
			"faces": {
				"north": {"uv": [0, 4, 2, 5], "texture": "#2"},
				"east": {"uv": [4, 0, 6, 1], "texture": "#2"},
				"south": {"uv": [4, 1, 6, 2], "texture": "#2"},
				"west": {"uv": [2, 4, 4, 5], "texture": "#2"},
				"up": {"uv": [2, 2, 0, 0], "texture": "#2"},
				"down": {"uv": [2, 2, 0, 4], "texture": "#2"}
			}
		}
	]
}
