{
	"credit": "Made with Blockbench",
	"texture_size": [64, 64],
	"textures": {
		"0": "item/custom/hardhat1",
		"1": "item/custom/hardhat2",
		"2": "item/custom/hardhat3",
		"4": "item/custom/hardhat4",
		"particle": "item/custom/hardhat1"
	},
	"elements": [
		{
			"from": [13, 0, 2],
			"to": [14, 6, 14],
			"rotation": {"angle": 0, "axis": "y", "origin": [12, 0, 10]},
			"faces": {
				"north": {"uv": [2.25, 8.5, 2.5, 10], "texture": "#4"},
				"east": {"uv": [4, 0, 7, 1.5], "texture": "#4"},
				"south": {"uv": [9.5, 0.25, 9.75, 1.75], "texture": "#4"},
				"west": {"uv": [4, 1.5, 7, 3], "texture": "#4"},
				"up": {"uv": [4.25, 11.25, 4, 8.25], "texture": "#4"},
				"down": {"uv": [4.5, 8.25, 4.25, 11.25], "texture": "#4"}
			}
		},
		{
			"from": [2, 3, 2],
			"to": [5, 6, 14],
			"rotation": {"angle": 0, "axis": "y", "origin": [5, 1, 10]},
			"faces": {
				"north": {"uv": [1.5, 8.5, 2.25, 9.25], "texture": "#4"},
				"east": {"uv": [7, 3.75, 10, 4.5], "texture": "#4"},
				"south": {"uv": [1.5, 9.25, 2.25, 10], "texture": "#4"},
				"west": {"uv": [7, 4.5, 10, 5.25], "texture": "#4"},
				"up": {"uv": [5.75, 10, 5, 7], "texture": "#4"},
				"down": {"uv": [6.5, 7, 5.75, 10], "texture": "#4"}
			}
		},
		{
			"from": [2, 0, 2],
			"to": [3, 5, 14],
			"rotation": {"angle": 0, "axis": "y", "origin": [4, 3, 10]},
			"faces": {
				"north": {"uv": [9.5, 1.75, 9.75, 3], "texture": "#4"},
				"east": {"uv": [4, 3, 7, 4.25], "texture": "#4"},
				"south": {"uv": [2.5, 9.5, 2.75, 10.75], "texture": "#4"},
				"west": {"uv": [4, 4.25, 7, 5.5], "texture": "#4"},
				"up": {"uv": [4.75, 11.25, 4.5, 8.25], "texture": "#4"},
				"down": {"uv": [5, 8.25, 4.75, 11.25], "texture": "#4"}
			}
		},
		{
			"from": [4, 6, 3],
			"to": [12, 7, 13],
			"rotation": {"angle": 0, "axis": "y", "origin": [5, 6, 4]},
			"faces": {
				"north": {"uv": [8.5, 9.25, 10.5, 9.5], "texture": "#4"},
				"east": {"uv": [7.5, 6.75, 10, 7], "texture": "#4"},
				"south": {"uv": [9.5, 0, 11.5, 0.25], "texture": "#4"},
				"west": {"uv": [8.5, 9, 11, 9.25], "texture": "#4"},
				"up": {"uv": [2, 5.5, 0, 3], "texture": "#4"},
				"down": {"uv": [4, 3, 2, 5.5], "texture": "#4"}
			}
		},
		{
			"from": [3, 0, 8],
			"to": [13, 5, 14],
			"rotation": {"angle": 0, "axis": "y", "origin": [6, 0, 10]},
			"faces": {
				"north": {"uv": [7, 0, 9.5, 1.25], "texture": "#4"},
				"east": {"uv": [6.5, 7.75, 8, 9], "texture": "#4"},
				"south": {"uv": [7, 1.25, 9.5, 2.5], "texture": "#4"},
				"west": {"uv": [8, 7.75, 9.5, 9], "texture": "#4"},
				"up": {"uv": [2.5, 7, 0, 5.5], "texture": "#4"},
				"down": {"uv": [5, 5.5, 2.5, 7], "texture": "#4"}
			}
		},
		{
			"from": [3, 0, 2],
			"to": [13, 5, 8],
			"rotation": {"angle": 0, "axis": "y", "origin": [6, 0, 4]},
			"faces": {
				"north": {"uv": [2.5, 7, 5, 8.25], "texture": "#4"},
				"east": {"uv": [2.5, 8.25, 4, 9.5], "texture": "#4"},
				"south": {"uv": [7, 2.5, 9.5, 3.75], "texture": "#4"},
				"west": {"uv": [0, 8.5, 1.5, 9.75], "texture": "#4"},
				"up": {"uv": [7.5, 7, 5, 5.5], "texture": "#4"},
				"down": {"uv": [2.5, 7, 0, 8.5], "texture": "#4"}
			}
		},
		{
			"from": [5, 3, 2],
			"to": [13, 6, 14],
			"rotation": {"angle": 0, "axis": "y", "origin": [13, 1, 10]},
			"faces": {
				"north": {"uv": [7.5, 6, 9.5, 6.75], "texture": "#4"},
				"east": {"uv": [6.5, 7, 9.5, 7.75], "texture": "#4"},
				"south": {"uv": [6.5, 9, 8.5, 9.75], "texture": "#4"},
				"west": {"uv": [7.5, 5.25, 10.5, 6], "texture": "#4"},
				"up": {"uv": [2, 3, 0, 0], "texture": "#4"},
				"down": {"uv": [4, 0, 2, 3], "texture": "#4"}
			}
		},
		{
			"from": [3, 4, 2],
			"to": [4, 7, 14],
			"rotation": {"angle": 0, "axis": "y", "origin": [3, 4, 13]},
			"faces": {
				"north": {"uv": [5.75, 9.25, 6, 10], "texture": "#0"},
				"east": {"uv": [7.5, 10.25, 10.5, 11], "texture": "#0"},
				"south": {"uv": [7.25, 12.25, 7.5, 13], "texture": "#0"},
				"west": {"uv": [10.5, 2.5, 13.5, 3.25], "texture": "#0"},
				"up": {"uv": [4.75, 14, 4.5, 11], "texture": "#0"},
				"down": {"uv": [5, 11, 4.75, 14], "texture": "#0"}
			}
		},
		{
			"from": [3, 0, 1],
			"to": [4, 6, 2],
			"rotation": {"angle": 0, "axis": "y", "origin": [3, 0, 1]},
			"faces": {
				"north": {"uv": [2.25, 11.75, 2.5, 13.25], "texture": "#0"},
				"east": {"uv": [2.5, 11.75, 2.75, 13.25], "texture": "#0"},
				"south": {"uv": [2.75, 11.75, 3, 13.25], "texture": "#0"},
				"west": {"uv": [3, 11.75, 3.25, 13.25], "texture": "#0"},
				"up": {"uv": [7.75, 3.5, 7.5, 3.25], "texture": "#0"},
				"down": {"uv": [3.75, 7.5, 3.5, 7.75], "texture": "#0"}
			}
		},
		{
			"from": [3, 1, 14],
			"to": [4, 6, 15],
			"rotation": {"angle": 0, "axis": "y", "origin": [3, 0, 14]},
			"faces": {
				"north": {"uv": [3.25, 11.75, 3.5, 13.25], "texture": "#0"},
				"east": {"uv": [11.75, 11.25, 12, 12.75], "texture": "#0"},
				"south": {"uv": [12, 7.25, 12.25, 8.75], "texture": "#0"},
				"west": {"uv": [12, 8.75, 12.25, 10.25], "texture": "#0"},
				"up": {"uv": [7.75, 3.75, 7.5, 3.5], "texture": "#0"},
				"down": {"uv": [6, 10, 5.75, 10.25], "texture": "#0"}
			}
		},
		{
			"from": [12, 0, 1],
			"to": [13, 6, 2],
			"rotation": {"angle": 0, "axis": "y", "origin": [12, 0, 1]},
			"faces": {
				"north": {"uv": [12, 10.25, 12.25, 11.75], "texture": "#0"},
				"east": {"uv": [12, 11.75, 12.25, 13.25], "texture": "#0"},
				"south": {"uv": [0, 12.25, 0.25, 13.75], "texture": "#0"},
				"west": {"uv": [0.25, 12.25, 0.5, 13.75], "texture": "#0"},
				"up": {"uv": [12.5, 10.5, 12.25, 10.25], "texture": "#0"},
				"down": {"uv": [12.5, 10.5, 12.25, 10.75], "texture": "#0"}
			}
		},
		{
			"from": [12, 4, 2],
			"to": [13, 7, 14],
			"rotation": {"angle": 0, "axis": "y", "origin": [12, 4, 13]},
			"faces": {
				"north": {"uv": [12.25, 7.25, 12.5, 8], "texture": "#0"},
				"east": {"uv": [10.5, 3.25, 13.5, 4], "texture": "#0"},
				"south": {"uv": [12.25, 8, 12.5, 8.75], "texture": "#0"},
				"west": {"uv": [10.5, 4, 13.5, 4.75], "texture": "#0"},
				"up": {"uv": [5.25, 14, 5, 11], "texture": "#0"},
				"down": {"uv": [5.5, 11, 5.25, 14], "texture": "#0"}
			}
		},
		{
			"from": [12, 0, 14],
			"to": [13, 6, 15],
			"rotation": {"angle": 0, "axis": "y", "origin": [12, 0, 14]},
			"faces": {
				"north": {"uv": [0.5, 12.25, 0.75, 13.75], "texture": "#0"},
				"east": {"uv": [0.75, 12.25, 1, 13.75], "texture": "#0"},
				"south": {"uv": [1, 12.25, 1.25, 13.75], "texture": "#0"},
				"west": {"uv": [1.25, 12.25, 1.5, 13.75], "texture": "#0"},
				"up": {"uv": [12.5, 11, 12.25, 10.75], "texture": "#0"},
				"down": {"uv": [12.5, 11, 12.25, 11.25], "texture": "#0"}
			}
		},
		{
			"from": [9.5, 0, 14],
			"to": [10.5, 7, 15],
			"rotation": {"angle": 0, "axis": "y", "origin": [9.5, 0, 14]},
			"faces": {
				"north": {"uv": [8, 11.25, 8.25, 13], "texture": "#0"},
				"east": {"uv": [8.25, 11.25, 8.5, 13], "texture": "#0"},
				"south": {"uv": [8.5, 11.25, 8.75, 13], "texture": "#0"},
				"west": {"uv": [8.75, 11.25, 9, 13], "texture": "#0"},
				"up": {"uv": [12.5, 11.5, 12.25, 11.25], "texture": "#0"},
				"down": {"uv": [12.5, 11.5, 12.25, 11.75], "texture": "#0"}
			}
		},
		{
			"from": [9.5, 4, 2],
			"to": [10.5, 8, 14],
			"rotation": {"angle": 0, "axis": "y", "origin": [9.5, 4, 13]},
			"faces": {
				"north": {"uv": [3.75, 6.75, 4, 7.75], "texture": "#0"},
				"east": {"uv": [8, 5.25, 11, 6.25], "texture": "#0"},
				"south": {"uv": [2.5, 8.25, 2.75, 9.25], "texture": "#0"},
				"west": {"uv": [2.5, 9.25, 5.5, 10.25], "texture": "#0"},
				"up": {"uv": [5.75, 14, 5.5, 11], "texture": "#0"},
				"down": {"uv": [6, 11, 5.75, 14], "texture": "#0"}
			}
		},
		{
			"from": [9.5, 0, 1],
			"to": [10.5, 7, 2],
			"rotation": {"angle": 0, "axis": "y", "origin": [9.5, 0, 1]},
			"faces": {
				"north": {"uv": [9, 11.25, 9.25, 13], "texture": "#0"},
				"east": {"uv": [9.25, 11.25, 9.5, 13], "texture": "#0"},
				"south": {"uv": [9.5, 11.25, 9.75, 13], "texture": "#0"},
				"west": {"uv": [9.75, 11.25, 10, 13], "texture": "#0"},
				"up": {"uv": [12.5, 12, 12.25, 11.75], "texture": "#0"},
				"down": {"uv": [12.5, 12, 12.25, 12.25], "texture": "#0"}
			}
		},
		{
			"from": [5.5, 1, 14],
			"to": [6.5, 7, 15],
			"rotation": {"angle": 0, "axis": "y", "origin": [5.5, 0, 14]},
			"faces": {
				"north": {"uv": [10, 11.25, 10.25, 13], "texture": "#0"},
				"east": {"uv": [10.25, 11.25, 10.5, 13], "texture": "#0"},
				"south": {"uv": [10.5, 11.25, 10.75, 13], "texture": "#0"},
				"west": {"uv": [10.75, 11.25, 11, 13], "texture": "#0"},
				"up": {"uv": [12.5, 12.5, 12.25, 12.25], "texture": "#0"},
				"down": {"uv": [12.75, 6.25, 12.5, 6.5], "texture": "#0"}
			}
		},
		{
			"from": [5.5, 4, 2],
			"to": [6.5, 8, 14],
			"rotation": {"angle": 0, "axis": "y", "origin": [5.5, 4, 13]},
			"faces": {
				"north": {"uv": [2.75, 8.25, 3, 9.25], "texture": "#0"},
				"east": {"uv": [9.5, 6.25, 12.5, 7.25], "texture": "#0"},
				"south": {"uv": [5.5, 9.25, 5.75, 10.25], "texture": "#0"},
				"west": {"uv": [10, 0, 13, 1], "texture": "#0"},
				"up": {"uv": [7.75, 14, 7.5, 11], "texture": "#0"},
				"down": {"uv": [8, 11, 7.75, 14], "texture": "#0"}
			}
		},
		{
			"from": [5.5, 0, 1],
			"to": [6.5, 7, 2],
			"rotation": {"angle": 0, "axis": "y", "origin": [5.5, 0, 1]},
			"faces": {
				"north": {"uv": [11, 11.25, 11.25, 13], "texture": "#0"},
				"east": {"uv": [11.25, 11.25, 11.5, 13], "texture": "#0"},
				"south": {"uv": [11.5, 11.25, 11.75, 13], "texture": "#0"},
				"west": {"uv": [1.5, 11.75, 1.75, 13.5], "texture": "#0"},
				"up": {"uv": [12.75, 6.75, 12.5, 6.5], "texture": "#0"},
				"down": {"uv": [12.75, 6.75, 12.5, 7], "texture": "#0"}
			}
		},
		{
			"from": [1, 0, 0],
			"to": [15, 1, 15],
			"faces": {
				"north": {"uv": [11, 5.25, 14.5, 5.5], "texture": "#0"},
				"east": {"uv": [10.5, 4.75, 14.25, 5], "texture": "#0"},
				"south": {"uv": [11, 5.5, 14.5, 5.75], "texture": "#0"},
				"west": {"uv": [10.5, 5, 14.25, 5.25], "texture": "#0"},
				"up": {"uv": [3.5, 3.75, 0, 0], "texture": "#0"},
				"down": {"uv": [7, 0, 3.5, 3.75], "texture": "#0"}
			}
		},
		{
			"from": [7, 7.6, 1.6],
			"to": [9, 8.6, 2.6],
			"rotation": {"angle": 45, "axis": "x", "origin": [7, 6.6, 1.6]},
			"faces": {
				"north": {"uv": [3, 7.5, 3.5, 7.75], "texture": "#0"},
				"east": {"uv": [12.5, 7, 12.75, 7.25], "texture": "#0"},
				"south": {"uv": [2, 10, 2.5, 10.25], "texture": "#0"},
				"west": {"uv": [12.5, 7.25, 12.75, 7.5], "texture": "#0"},
				"up": {"uv": [12.75, 9, 12.25, 8.75], "texture": "#0"},
				"down": {"uv": [12.75, 9, 12.25, 9.25], "texture": "#0"}
			}
		},
		{
			"from": [7, 6.07612, 0.61732],
			"to": [9, 7.07612, 2.61732],
			"rotation": {"angle": 22.5, "axis": "x", "origin": [7, 5.07612, 0.61732]},
			"faces": {
				"north": {"uv": [12.25, 9.25, 12.75, 9.5], "texture": "#0"},
				"east": {"uv": [12.25, 9.5, 12.75, 9.75], "texture": "#0"},
				"south": {"uv": [12.25, 9.75, 12.75, 10], "texture": "#0"},
				"west": {"uv": [12.25, 10, 12.75, 10.25], "texture": "#0"},
				"up": {"uv": [7.5, 3.75, 7, 3.25], "texture": "#0"},
				"down": {"uv": [8, 9.25, 7.5, 9.75], "texture": "#0"}
			}
		},
		{
			"from": [12, 6.17574, 0.57574],
			"to": [13, 7.57574, 1.57574],
			"rotation": {"angle": 45, "axis": "x", "origin": [12, 5.57574, 0.57574]},
			"faces": {
				"north": {"uv": [12.5, 7.5, 12.75, 7.75], "texture": "#0"},
				"east": {"uv": [12.5, 7.75, 12.75, 8], "texture": "#0"},
				"south": {"uv": [12.5, 8, 12.75, 8.25], "texture": "#0"},
				"west": {"uv": [12.5, 8.25, 12.75, 8.5], "texture": "#0"},
				"up": {"uv": [12.75, 8.75, 12.5, 8.5], "texture": "#0"},
				"down": {"uv": [12.75, 10.25, 12.5, 10.5], "texture": "#0"}
			}
		},
		{
			"from": [12, 6.17574, 12.57574],
			"to": [13, 7.57574, 13.97574],
			"rotation": {"angle": 45, "axis": "x", "origin": [12, 5.57574, 12.57574]},
			"faces": {
				"north": {"uv": [12.5, 10.5, 12.75, 10.75], "texture": "#0"},
				"east": {"uv": [12.5, 10.75, 12.75, 11], "texture": "#0"},
				"south": {"uv": [12.5, 11, 12.75, 11.25], "texture": "#0"},
				"west": {"uv": [12.5, 11.25, 12.75, 11.5], "texture": "#0"},
				"up": {"uv": [12.75, 11.75, 12.5, 11.5], "texture": "#0"},
				"down": {"uv": [12.75, 11.75, 12.5, 12], "texture": "#0"}
			}
		},
		{
			"from": [3, 6.17574, 12.57574],
			"to": [4, 7.57574, 13.97574],
			"rotation": {"angle": 45, "axis": "x", "origin": [3, 5.57574, 12.57574]},
			"faces": {
				"north": {"uv": [12.5, 12, 12.75, 12.25], "texture": "#0"},
				"east": {"uv": [12.25, 12.5, 12.5, 12.75], "texture": "#0"},
				"south": {"uv": [12.5, 12.25, 12.75, 12.5], "texture": "#0"},
				"west": {"uv": [12.5, 12.5, 12.75, 12.75], "texture": "#0"},
				"up": {"uv": [6.5, 13, 6.25, 12.75], "texture": "#0"},
				"down": {"uv": [13, 6.25, 12.75, 6.5], "texture": "#0"}
			}
		},
		{
			"from": [5.5, 7.17574, 12.57574],
			"to": [6.5, 8.57574, 13.97574],
			"rotation": {"angle": 45, "axis": "x", "origin": [5.5, 6.57574, 12.57574]},
			"faces": {
				"north": {"uv": [6.5, 12.75, 6.75, 13], "texture": "#0"},
				"east": {"uv": [12.75, 6.5, 13, 6.75], "texture": "#0"},
				"south": {"uv": [6.75, 12.75, 7, 13], "texture": "#0"},
				"west": {"uv": [12.75, 6.75, 13, 7], "texture": "#0"},
				"up": {"uv": [7.25, 13, 7, 12.75], "texture": "#0"},
				"down": {"uv": [13, 7, 12.75, 7.25], "texture": "#0"}
			}
		},
		{
			"from": [9.5, 7.17574, 12.57574],
			"to": [10.5, 8.57574, 13.97574],
			"rotation": {"angle": 45, "axis": "x", "origin": [9.5, 6.57574, 12.57574]},
			"faces": {
				"north": {"uv": [12.75, 7.25, 13, 7.5], "texture": "#0"},
				"east": {"uv": [12.75, 7.5, 13, 7.75], "texture": "#0"},
				"south": {"uv": [12.75, 7.75, 13, 8], "texture": "#0"},
				"west": {"uv": [12.75, 8, 13, 8.25], "texture": "#0"},
				"up": {"uv": [13, 8.5, 12.75, 8.25], "texture": "#0"},
				"down": {"uv": [13, 8.5, 12.75, 8.75], "texture": "#0"}
			}
		},
		{
			"from": [3, 6.17574, 0.57574],
			"to": [4, 7.57574, 1.57574],
			"rotation": {"angle": 45, "axis": "x", "origin": [3, 5.57574, 0.57574]},
			"faces": {
				"north": {"uv": [12.75, 8.75, 13, 9], "texture": "#0"},
				"east": {"uv": [12.75, 9, 13, 9.25], "texture": "#0"},
				"south": {"uv": [12.75, 9.25, 13, 9.5], "texture": "#0"},
				"west": {"uv": [12.75, 9.5, 13, 9.75], "texture": "#0"},
				"up": {"uv": [13, 10, 12.75, 9.75], "texture": "#0"},
				"down": {"uv": [13, 10, 12.75, 10.25], "texture": "#0"}
			}
		},
		{
			"from": [5.5, 7.17574, 0.57574],
			"to": [6.5, 8.57574, 1.57574],
			"rotation": {"angle": 45, "axis": "x", "origin": [5.5, 6.57574, 0.57574]},
			"faces": {
				"north": {"uv": [12.75, 10.25, 13, 10.5], "texture": "#0"},
				"east": {"uv": [12.75, 10.5, 13, 10.75], "texture": "#0"},
				"south": {"uv": [12.75, 10.75, 13, 11], "texture": "#0"},
				"west": {"uv": [12.75, 11, 13, 11.25], "texture": "#0"},
				"up": {"uv": [13, 11.5, 12.75, 11.25], "texture": "#0"},
				"down": {"uv": [13, 11.5, 12.75, 11.75], "texture": "#0"}
			}
		},
		{
			"from": [9.5, 7.17574, 0.57574],
			"to": [10.5, 8.57574, 1.57574],
			"rotation": {"angle": 45, "axis": "x", "origin": [9.5, 6.57574, 0.57574]},
			"faces": {
				"north": {"uv": [11.75, 12.75, 12, 13], "texture": "#0"},
				"east": {"uv": [12.75, 11.75, 13, 12], "texture": "#0"},
				"south": {"uv": [12.75, 12, 13, 12.25], "texture": "#0"},
				"west": {"uv": [12.25, 12.75, 12.5, 13], "texture": "#0"},
				"up": {"uv": [13, 12.5, 12.75, 12.25], "texture": "#0"},
				"down": {"uv": [12.75, 12.75, 12.5, 13], "texture": "#0"}
			}
		},
		{
			"from": [3.6, 4.57574, 12.57574],
			"to": [5, 5.57574, 13.57574],
			"rotation": {"angle": -45, "axis": "z", "origin": [3, 5.57574, 12.57574]},
			"faces": {
				"north": {"uv": [12.75, 12.5, 13, 12.75], "texture": "#0"},
				"east": {"uv": [12.75, 12.75, 13, 13], "texture": "#0"},
				"south": {"uv": [13, 0, 13.25, 0.25], "texture": "#0"},
				"west": {"uv": [13, 0.25, 13.25, 0.5], "texture": "#0"},
				"up": {"uv": [13.25, 0.75, 13, 0.5], "texture": "#0"},
				"down": {"uv": [13.25, 0.75, 13, 1], "texture": "#0"}
			}
		},
		{
			"from": [7, 6, 1],
			"to": [9, 8, 3],
			"rotation": {"angle": 0, "axis": "y", "origin": [7, 6, 1]},
			"faces": {
				"north": {"uv": [2, 9.5, 2.5, 10], "texture": "#0"},
				"east": {"uv": [9.5, 7.25, 10, 7.75], "texture": "#0"},
				"south": {"uv": [7.5, 9.75, 8, 10.25], "texture": "#0"},
				"west": {"uv": [10, 7.25, 10.5, 7.75], "texture": "#0"},
				"up": {"uv": [6.75, 12.75, 6.25, 12.25], "texture": "#0"},
				"down": {"uv": [7.25, 12.25, 6.75, 12.75], "texture": "#0"}
			}
		},
		{
			"from": [7, 3, 1.8],
			"to": [9, 5, 3.8],
			"rotation": {"angle": 0, "axis": "y", "origin": [7, 3, 1.8]},
			"faces": {
				"north": {"uv": [0, 0, 16, 16], "texture": "#1"},
				"east": {"uv": [0, 2, 2, 4], "texture": "#2"},
				"south": {"uv": [2, 0, 4, 2], "texture": "#2"},
				"west": {"uv": [2, 2, 4, 4], "texture": "#2"},
				"up": {"uv": [2, 6, 0, 4], "texture": "#2"},
				"down": {"uv": [6, 0, 4, 2], "texture": "#2"}
			}
		}
	],
	"display": {
		"thirdperson_righthand": {
			"rotation": [90, 0, 0],
			"translation": [0, -1.5, 2],
			"scale": [0.55, 0.55, 0.55]
		},
		"thirdperson_lefthand": {
			"rotation": [90, 0, 0],
			"translation": [0, -1.5, 1.25],
			"scale": [0.55, 0.55, 0.55]
		},
		"ground": {
			"translation": [0, 5.25, 0]
		},
		"gui": {
			"rotation": [0, 180, 0],
			"translation": [0, 0.75, 0]
		},
		"head": {
			"translation": [0, 12.25, 0],
			"scale": [1.2, 1.07, 1.2]
		},
		"fixed": {
			"translation": [0, 4, 0]
		}
	},
	"groups": [
		{
			"name": "group",
			"origin": [13, 1, 10],
			"color": 0,
			"nbt": "{}",
			"children": [0, 1, 2, 3, 4, 5, 6]
		},
		{
			"name": "group",
			"origin": [6, 0, 10],
			"color": 0,
			"nbt": "{}",
			"children": []
		},
		{
			"name": "base",
			"origin": [6, 0, 4],
			"color": 0,
			"nbt": "{}",
			"children": []
		},
		{
			"name": "group",
			"origin": [4, 0, 14],
			"color": 0,
			"nbt": "{}",
			"children": [7, 8, 9]
		},
		{
			"name": "group",
			"origin": [11, 0, 14],
			"color": 0,
			"nbt": "{}",
			"children": [10, 11, 12]
		},
		{
			"name": "group",
			"origin": [7.5, 0, 1],
			"color": 0,
			"nbt": "{}",
			"children": [13, 14, 15]
		},
		{
			"name": "group",
			"origin": [7.5, 0, 1],
			"color": 0,
			"nbt": "{}",
			"children": [16, 17, 18]
		},
		19,
		20,
		21,
		22,
		23,
		24,
		25,
		26,
		27,
		28,
		29,
		30,
		31,
		{
			"name": "octagon",
			"origin": [8, 8, 8],
			"color": 0,
			"nbt": "{}",
			"children": []
		},
		{
			"name": "octagon",
			"origin": [8, 8, 8],
			"color": 0,
			"nbt": "{}",
			"children": []
		},
		32
	]
}
