{
	"credit": "Made with Blockbench",
	"textures": {
		"0": "item/custom/SV1",
		"1": "item/custom/SV2",
		"2": "item/custom/SV3",
		"3": "item/custom/SV4",
		"4": "item/custom/SV5",
		"particle": "item/custom/SV1"
	},
	"elements": [
		{
			"from": [9.2, 5.4, 2.7],
			"to": [13, 9, 3],
			"rotation": {"angle": 0, "axis": "y", "origin": [0, 0, 1]},
			"faces": {
				"north": {"uv": [2, 8, 4, 10], "texture": "#1"},
				"east": {"uv": [10.5, 7, 11, 9], "texture": "#1"},
				"south": {"uv": [8, 2, 10, 4], "texture": "#1"},
				"west": {"uv": [9.5, 10.5, 10, 12.5], "texture": "#1"},
				"up": {"uv": [12.5, 9.5, 10.5, 9], "texture": "#1"},
				"down": {"uv": [12, 10.5, 10, 11], "texture": "#1"}
			}
		},
		{
			"from": [9.2, 9, 2.7],
			"to": [13, 13, 3],
			"rotation": {"angle": 0, "axis": "y", "origin": [0, 9, 1]},
			"faces": {
				"north": {"uv": [6, 7.5, 8, 9.5], "texture": "#1"},
				"east": {"uv": [4.5, 10.5, 5, 12.5], "texture": "#1"},
				"south": {"uv": [0, 8, 2, 10], "texture": "#1"},
				"west": {"uv": [5, 10.5, 5.5, 12.5], "texture": "#1"},
				"up": {"uv": [12.5, 6.5, 10.5, 6], "texture": "#1"},
				"down": {"uv": [12.5, 6.5, 10.5, 7], "texture": "#1"}
			}
		},
		{
			"from": [3, 5.4, 2.7],
			"to": [6.8, 13, 3],
			"rotation": {"angle": 0, "axis": "y", "origin": [-7, 9, 1]},
			"faces": {
				"north": {"uv": [0, 4, 2, 8], "texture": "#1"},
				"east": {"uv": [5.5, 8.5, 6, 12.5], "texture": "#1"},
				"south": {"uv": [2, 4, 4, 8], "texture": "#1"},
				"west": {"uv": [9.5, 4, 10, 8], "texture": "#1"},
				"up": {"uv": [12.5, 5.5, 10.5, 5], "texture": "#1"},
				"down": {"uv": [12.5, 5.5, 10.5, 6], "texture": "#1"}
			}
		},
		{
			"from": [4, 6, 2.6],
			"to": [5.8, 8.6, 2.7],
			"rotation": {"angle": 0, "axis": "y", "origin": [-8, 6.6, 0.7]},
			"faces": {
				"north": {"uv": [7, 9.5, 8, 11], "texture": "#1"},
				"east": {"uv": [1, 11, 1.5, 12.5], "texture": "#1"},
				"south": {"uv": [9.5, 8, 10.5, 9.5], "texture": "#1"},
				"west": {"uv": [1.5, 11, 2, 12.5], "texture": "#1"},
				"up": {"uv": [12.5, 10.5, 11.5, 10], "texture": "#1"},
				"down": {"uv": [12, 11.5, 11, 12], "texture": "#1"}
			}
		},
		{
			"from": [4.2, 10.3, 2.5],
			"to": [5.6, 12.6, 2.6],
			"rotation": {"angle": 0, "axis": "y", "origin": [-8, 11.2, 0.6]},
			"faces": {
				"north": {"uv": [0, 0, 1, 2], "texture": "#0"},
				"east": {"uv": [1, 0, 2, 2], "texture": "#0"},
				"south": {"uv": [0, 2, 1, 4], "texture": "#0"},
				"west": {"uv": [2, 0, 3, 2], "texture": "#0"},
				"up": {"uv": [2, 3, 1, 2], "texture": "#0"},
				"down": {"uv": [3, 2, 2, 3], "texture": "#0"}
			}
		},
		{
			"from": [4, 10, 2.6],
			"to": [5.8, 12.6, 2.7],
			"rotation": {"angle": 0, "axis": "y", "origin": [-8, 10.6, 0.7]},
			"faces": {
				"north": {"uv": [5, 2.5, 6, 4], "texture": "#1"},
				"east": {"uv": [0, 11, 0.5, 12.5], "texture": "#1"},
				"south": {"uv": [6, 9.5, 7, 11], "texture": "#1"},
				"west": {"uv": [0.5, 11, 1, 12.5], "texture": "#1"},
				"up": {"uv": [8, 2.5, 7, 2], "texture": "#1"},
				"down": {"uv": [3.5, 11, 2.5, 11.5], "texture": "#1"}
			}
		},
		{
			"from": [10.2, 10.1, 2.8],
			"to": [12, 10.7, 3.1],
			"rotation": {"angle": 22.5, "axis": "x", "origin": [12.2, 10.7, 2.1]},
			"faces": {
				"north": {"uv": [11, 7.5, 12, 8], "texture": "#1"},
				"east": {"uv": [12, 2, 12.5, 2.5], "texture": "#1"},
				"south": {"uv": [11, 8, 12, 8.5], "texture": "#1"},
				"west": {"uv": [2.5, 12, 3, 12.5], "texture": "#1"},
				"up": {"uv": [12, 9, 11, 8.5], "texture": "#1"},
				"down": {"uv": [11, 11, 10, 11.5], "texture": "#1"}
			}
		},
		{
			"from": [4, 9.1, 2.8],
			"to": [5.8, 9.7, 3.1],
			"rotation": {"angle": 22.5, "axis": "x", "origin": [6, 9.7, 2.1]},
			"faces": {
				"north": {"uv": [11, 11, 12, 11.5], "texture": "#1"},
				"east": {"uv": [12, 2.5, 12.5, 3], "texture": "#1"},
				"south": {"uv": [11.5, 1, 12.5, 1.5], "texture": "#1"},
				"west": {"uv": [3, 12, 3.5, 12.5], "texture": "#1"},
				"up": {"uv": [12.5, 2, 11.5, 1.5], "texture": "#1"},
				"down": {"uv": [3.5, 11.5, 2.5, 12], "texture": "#1"}
			}
		},
		{
			"from": [9.9, 8, 2.6],
			"to": [12.3, 9.6, 2.7],
			"rotation": {"angle": 0, "axis": "y", "origin": [-1.8, 9.6, 0.7]},
			"faces": {
				"north": {"uv": [0, 0, 16, 16], "texture": "#2"},
				"east": {"uv": [2, 0, 3, 2], "texture": "#4"},
				"south": {"uv": [0, 2, 2, 4], "texture": "#4"},
				"west": {"uv": [2, 2, 3, 4], "texture": "#4"},
				"up": {"uv": [5, 1, 3, 0], "texture": "#4"},
				"down": {"uv": [5, 1, 3, 2], "texture": "#4"}
			}
		},
		{
			"from": [3, 5.4, 7],
			"to": [13, 9, 7.3],
			"rotation": {"angle": 0, "axis": "y", "origin": [0, 0, 5.3]},
			"faces": {
				"north": {"uv": [0, 0, 5, 2], "texture": "#1"},
				"east": {"uv": [3.5, 10, 4, 12], "texture": "#1"},
				"south": {"uv": [0, 2, 5, 4], "texture": "#1"},
				"west": {"uv": [10, 4, 10.5, 6], "texture": "#1"},
				"up": {"uv": [14, 0.5, 9, 0], "texture": "#1"},
				"down": {"uv": [14, 0.5, 9, 1], "texture": "#1"}
			}
		},
		{
			"from": [10, 9, 7],
			"to": [13, 13, 7.3],
			"rotation": {"angle": 0, "axis": "y", "origin": [0, 9, 5.3]},
			"faces": {
				"north": {"uv": [8, 4, 9.5, 6], "texture": "#1"},
				"east": {"uv": [10, 6, 10.5, 8], "texture": "#1"},
				"south": {"uv": [8, 6, 9.5, 8], "texture": "#1"},
				"west": {"uv": [8, 10, 8.5, 12], "texture": "#1"},
				"up": {"uv": [12.5, 3.5, 11, 3], "texture": "#1"},
				"down": {"uv": [12.5, 3.5, 11, 4], "texture": "#1"}
			}
		},
		{
			"from": [6, 9, 7],
			"to": [10, 13, 7.3],
			"rotation": {"angle": 0, "axis": "y", "origin": [-3, 9, 5.3]},
			"faces": {
				"north": {"uv": [4, 6.5, 6, 8.5], "texture": "#1"},
				"east": {"uv": [8.5, 10, 9, 12], "texture": "#1"},
				"south": {"uv": [7, 0, 9, 2], "texture": "#1"},
				"west": {"uv": [9, 10, 9.5, 12], "texture": "#1"},
				"up": {"uv": [11.5, 10.5, 9.5, 10], "texture": "#1"},
				"down": {"uv": [2, 10.5, 0, 11], "texture": "#1"}
			}
		},
		{
			"from": [5.4, 7.2, 7.1],
			"to": [10.6, 11.2, 7.4],
			"rotation": {"angle": 0, "axis": "y", "origin": [-3, 7.2, 5.4]},
			"faces": {
				"north": {"uv": [0, 0, 4, 4], "texture": "#3"},
				"east": {"uv": [4, 0, 5, 4], "texture": "#3"},
				"south": {"uv": [0, 0, 16, 16], "texture": "#2"},
				"west": {"uv": [4, 4, 5, 8], "texture": "#3"},
				"up": {"uv": [9, 1, 5, 0], "texture": "#3"},
				"down": {"uv": [9, 1, 5, 2], "texture": "#3"}
			}
		},
		{
			"from": [3, 9, 7],
			"to": [6, 13, 7.3],
			"rotation": {"angle": 0, "axis": "y", "origin": [-7, 9, 5.3]},
			"faces": {
				"north": {"uv": [8, 8, 9.5, 10], "texture": "#1"},
				"east": {"uv": [2, 10.5, 2.5, 12.5], "texture": "#1"},
				"south": {"uv": [4, 8.5, 5.5, 10.5], "texture": "#1"},
				"west": {"uv": [4, 10.5, 4.5, 12.5], "texture": "#1"},
				"up": {"uv": [7.5, 11.5, 6, 11], "texture": "#1"},
				"down": {"uv": [12.5, 7, 11, 7.5], "texture": "#1"}
			}
		},
		{
			"from": [3, 13, 2.7],
			"to": [6.8, 13.3, 7.3],
			"rotation": {"angle": 0, "axis": "y", "origin": [-7, 15, 3]},
			"faces": {
				"north": {"uv": [10.5, 4, 12.5, 4.5], "texture": "#1"},
				"east": {"uv": [9.5, 9.5, 12, 10], "texture": "#1"},
				"south": {"uv": [10.5, 4.5, 12.5, 5], "texture": "#1"},
				"west": {"uv": [0, 10, 2.5, 10.5], "texture": "#1"},
				"up": {"uv": [8, 5, 6, 2.5], "texture": "#1"},
				"down": {"uv": [8, 5, 6, 7.5], "texture": "#1"}
			}
		},
		{
			"from": [9.2, 13, 2.7],
			"to": [13, 13.3, 7.3],
			"rotation": {"angle": 0, "axis": "y", "origin": [0, 15, 3]},
			"faces": {
				"north": {"uv": [10, 2, 12, 2.5], "texture": "#1"},
				"east": {"uv": [9, 1, 11.5, 1.5], "texture": "#1"},
				"south": {"uv": [10, 2.5, 12, 3], "texture": "#1"},
				"west": {"uv": [9, 1.5, 11.5, 2], "texture": "#1"},
				"up": {"uv": [6, 6.5, 4, 4], "texture": "#1"},
				"down": {"uv": [7, 0, 5, 2.5], "texture": "#1"}
			}
		}
	],
	"display": {
		"thirdperson_righthand": {
			"rotation": [70, 0, 0],
			"translation": [0, -3.75, 0]
		},
		"thirdperson_lefthand": {
			"rotation": [70, 0, 0],
			"translation": [0, -3.75, 0]
		},
		"ground": {
			"rotation": [90, 0, 0],
			"translation": [0, -4, 0]
		},
		"gui": {
			"rotation": [0, 180, 0]
		},
		"head": {
			"translation": [0, -19.25, 6],
			"scale": [2.05, 2.77, 2.07]
		},
		"fixed": {
			"translation": [0, 0, 1.5]
		}
	}
}
