
{
	"format_version": "1.21.6",
	"credit": "Made with Blockbench",
	"texture_size": [32, 32],
	"textures": {
		"1": "item/screens/hmp10"
	},
	"elements": [
		{
			"from": [2, 0, 8],
			"to": [14, 15, 8],
			"rotation": {"angle": 0, "axis": "y", "origin": [7, 0, 7]},
			"faces": {
				"north": {"uv": [0, 0, 6, 7.5], "texture": "#1"},
				"east": {"uv": [0, 0, 0, 7.5], "texture": "#1"},
				"south": {"uv": [6, 0, 12, 7.5], "texture": "#1"},
				"west": {"uv": [0, 0, 0, 7.5], "texture": "#1"},
				"up": {"uv": [6, 0, 0, 0], "texture": "#1"},
				"down": {"uv": [6, 0, 0, 0], "texture": "#1"}
			}
		}
	]
}
