{
	"credit": "Made with Blockbench",
	"texture_size": [8, 8],
	"textures": {
		"1": "item/custom/arms/armtone1",
		"2": "item/custom/arms/armmic",
		"particle": "item/custom/arms/armmic"
	},
	"elements": [
		{
			"from": [6.8, 0, 6.8],
			"to": [9.2, 7, 9.2],
			"faces": {
				"north": {"uv": [0, 0, 2, 7], "texture": "#1"},
				"east": {"uv": [2, 0, 4, 7], "texture": "#1"},
				"south": {"uv": [4, 0, 6, 7], "texture": "#1"},
				"west": {"uv": [6, 0, 8, 7], "texture": "#1"},
				"up": {"uv": [2, 9, 0, 7], "texture": "#1"},
				"down": {"uv": [4, 7, 2, 9], "texture": "#1"}
			}
		},
		{
			"from": [7, 0.2, 4.8],
			"to": [9, 2.2, 6.8],
			"rotation": {"angle": 0, "axis": "y", "origin": [7, 0.2, 4.8]},
			"faces": {
				"north": {"uv": [0, 0, 4, 4], "texture": "#2"},
				"east": {"uv": [0, 4, 4, 8], "texture": "#2"},
				"south": {"uv": [4, 0, 8, 4], "texture": "#2"},
				"west": {"uv": [4, 4, 8, 8], "texture": "#2"},
				"up": {"uv": [4, 12, 0, 8], "texture": "#2"},
				"down": {"uv": [12, 0, 8, 4], "texture": "#2"}
			}
		}
	],
	"display": {
		"thirdperson_righthand": {
			"rotation": [90, 0, 0],
			"translation": [0, -2, 11.75],
			"scale": [1.70727, 1.47656, 1.71219]
		},
		"thirdperson_lefthand": {
			"rotation": [90, 0, 0],
			"translation": [0, -2, 11.75],
			"scale": [1.70727, 1.47656, 1.71219]
		}
	}
}
