{
	"credit": "Made with Blockbench",
	"texture_size": [8, 8],
	"textures": {
		"0": "item/custom/arms/kyloarmtexture",
		"1": "item/custom/arms/kylorenlightsaber1",
		"2": "item/custom/arms/kylorenlightsaber2",
		"particle": "item/custom/arms/kylorenlightsaber1"
	},
	"elements": [
		{
			"from": [5.8, -6, 4.6],
			"to": [24, 0.7, 11.4],
			"rotation": {"angle": 0, "axis": "y", "origin": [14.8, -2, 9]},
			"faces": {
				"north": {"uv": [0, 0, 12, 4], "texture": "#0"},
				"east": {"uv": [12, 0, 16, 4], "texture": "#0"},
				"south": {"uv": [0, 4, 12, 8], "texture": "#0"},
				"west": {"uv": [12, 4, 16, 8], "texture": "#0"},
				"up": {"uv": [12, 12, 0, 8], "texture": "#0"},
				"down": {"uv": [12, 12, 0, 16], "texture": "#0"}
			}
		},
		{
			"from": [7.1, -6.4, 6.5],
			"to": [10.1, -3.4, 9.5],
			"rotation": {"angle": 22.5, "axis": "z", "origin": [8.6, -7.075, 8]},
			"faces": {
				"north": {"uv": [7, 8, 8.5, 9.5], "texture": "#1"},
				"east": {"uv": [4, 8, 5.5, 9.5], "texture": "#1"},
				"south": {"uv": [5.5, 8, 7, 9.5], "texture": "#1"},
				"west": {"uv": [8, 6, 9.5, 7.5], "texture": "#1"},
				"up": {"uv": [10, 9, 8.5, 7.525], "rotation": 90, "texture": "#1"},
				"down": {"uv": [10.5, 0, 9, 1.5], "rotation": 270, "texture": "#1"}
			}
		},
		{
			"from": [7.6, -3.4, 7],
			"to": [9.6, -2.4, 9],
			"rotation": {"angle": 22.5, "axis": "z", "origin": [8.6, -7.075, 8]},
			"faces": {
				"north": {"uv": [12.5, 9, 13.5, 9.5], "texture": "#1"},
				"east": {"uv": [12.5, 8, 13.5, 8.5], "texture": "#1"},
				"south": {"uv": [8.5, 12.5, 9.5, 13], "texture": "#1"},
				"west": {"uv": [12.5, 8.5, 13.5, 9], "texture": "#1"},
				"up": {"uv": [10.5, 12, 9.5, 11], "rotation": 90, "texture": "#1"},
				"down": {"uv": [11.5, 11, 10.5, 12], "rotation": 270, "texture": "#1"}
			}
		},
		{
			"from": [7.3, -3, 6.6],
			"to": [10, 3, 9.4],
			"rotation": {"angle": 22.5, "axis": "z", "origin": [8.6, -7.075, 8]},
			"faces": {
				"north": {"uv": [5.5, 3, 6.75, 6], "texture": "#1"},
				"east": {"uv": [4.05, 0, 5.5, 3], "texture": "#1"},
				"south": {"uv": [5.5, 0, 6.75, 3], "texture": "#1"},
				"west": {"uv": [4.025, 3, 5.5, 6], "texture": "#1"},
				"up": {"uv": [10.5, 5.75, 9, 4.5], "rotation": 90, "texture": "#1"},
				"down": {"uv": [10, 9, 8.5, 10.25], "rotation": 270, "texture": "#1"}
			}
		},
		{
			"from": [7.6, 2.6, 7],
			"to": [9.6, 3.6, 9],
			"rotation": {"angle": 22.5, "axis": "z", "origin": [8.6, -7.075, 8]},
			"faces": {
				"north": {"uv": [10.5, 12.5, 11.5, 13], "texture": "#1"},
				"east": {"uv": [9.5, 12.5, 10.5, 13], "texture": "#1"},
				"south": {"uv": [12.5, 9.5, 13.5, 10], "texture": "#1"},
				"west": {"uv": [12.5, 10, 13.5, 10.5], "texture": "#1"},
				"up": {"uv": [5, 12.5, 4, 11.5], "rotation": 90, "texture": "#1"},
				"down": {"uv": [6, 11.5, 5, 12.5], "rotation": 270, "texture": "#1"}
			}
		},
		{
			"from": [6.8, 3.4, 6.2],
			"to": [10.4, 6.4, 9.8],
			"rotation": {"angle": 22.5, "axis": "z", "origin": [8.6, -7.075, 8]},
			"faces": {
				"north": {"uv": [7, 4.5, 8.725, 6], "texture": "#1"},
				"east": {"uv": [7, 0, 8.725, 1.5], "texture": "#1"},
				"south": {"uv": [7, 1.5, 8.725, 3], "texture": "#1"},
				"west": {"uv": [7, 3, 8.725, 4.5], "texture": "#1"},
				"up": {"uv": [5.75, 7.75, 4.025, 6], "rotation": 90, "texture": "#1"},
				"down": {"uv": [7.75, 6, 6.05, 7.75], "rotation": 270, "texture": "#1"}
			}
		},
		{
			"from": [-0.8676, 0.3926, 9.5],
			"to": [1.1324, 2.3926, 13],
			"rotation": {"angle": -22.5, "axis": "z", "origin": [8.6, -7.075, 8]},
			"faces": {
				"north": {"uv": [7, 11.5, 8, 12.5], "rotation": 90, "texture": "#1"},
				"east": {"uv": [12, 2, 10.5, 3], "rotation": 180, "texture": "#1"},
				"south": {"uv": [6, 11.5, 7, 12.5], "rotation": 270, "texture": "#1"},
				"west": {"uv": [12, 2, 10.5, 1], "texture": "#1"},
				"up": {"uv": [6.5, 9.5, 8, 10.5], "rotation": 270, "texture": "#1"},
				"down": {"uv": [2.5, 10, 4, 11], "rotation": 270, "texture": "#1"}
			}
		},
		{
			"from": [-0.8676, 0.3926, 3],
			"to": [1.1324, 2.3926, 6.5],
			"rotation": {"angle": -22.5, "axis": "z", "origin": [8.6, -7.075, 8]},
			"faces": {
				"north": {"uv": [11.5, 11, 12.5, 12], "rotation": 90, "texture": "#1"},
				"east": {"uv": [12, 5, 10.5, 6], "rotation": 180, "texture": "#1"},
				"south": {"uv": [8, 11.5, 9, 12.5], "rotation": 270, "texture": "#1"},
				"west": {"uv": [12, 5, 10.5, 4], "texture": "#1"},
				"up": {"uv": [10.5, 3, 12, 4], "rotation": 270, "texture": "#1"},
				"down": {"uv": [4, 10.5, 5.5, 11.5], "rotation": 270, "texture": "#1"}
			}
		},
		{
			"from": [-0.47974, 0.80474, 12.5],
			"to": [0.72026, 2.00474, 17.5],
			"rotation": {"angle": -22.5, "axis": "z", "origin": [8.6, -7.075, 8]},
			"faces": {
				"north": {"uv": [6.5, 12.5, 7.25, 13.25], "rotation": 90, "texture": "#1"},
				"east": {"uv": [12.5, 7, 10, 7.75], "rotation": 180, "texture": "#1"},
				"south": {"uv": [5.5, 12.5, 6.25, 13.25], "rotation": 270, "texture": "#1"},
				"west": {"uv": [2.5, 10.75, 0, 10], "texture": "#1"},
				"up": {"uv": [4, 9.5, 6.5, 10.25], "rotation": 270, "texture": "#1"},
				"down": {"uv": [9.5, 6, 12, 6.75], "rotation": 270, "texture": "#1"}
			}
		},
		{
			"from": [-0.47974, 0.80474, -1.5],
			"to": [0.72026, 2.00474, 3.5],
			"rotation": {"angle": -22.5, "axis": "z", "origin": [8.6, -7.075, 8]},
			"faces": {
				"north": {"uv": [7.5, 12.5, 8.25, 13.25], "rotation": 90, "texture": "#1"},
				"east": {"uv": [13, 0, 10.5, 0.75], "rotation": 180, "texture": "#1"},
				"south": {"uv": [12.5, 7, 13.25, 7.75], "rotation": 270, "texture": "#1"},
				"west": {"uv": [12.5, 10.75, 10, 10], "texture": "#1"},
				"up": {"uv": [10, 8, 12.5, 8.75], "rotation": 270, "texture": "#1"},
				"down": {"uv": [10, 9, 12.5, 9.75], "rotation": 270, "texture": "#1"}
			}
		},
		{
			"from": [7.1, 5.9, 6.5],
			"to": [10.1, 6.9, 9.5],
			"rotation": {"angle": 22.5, "axis": "z", "origin": [8.6, -7.075, 8]},
			"faces": {
				"north": {"uv": [4, 12.5, 5.5, 13], "texture": "#1"},
				"east": {"uv": [9, 12.025, 10.5, 12.475], "texture": "#1"},
				"south": {"uv": [10.5, 12.025, 12, 12.475], "texture": "#1"},
				"west": {"uv": [12, 12.025, 13.5, 12.475], "texture": "#1"},
				"up": {"uv": [10.475, 3, 9, 1.525], "rotation": 90, "texture": "#1"},
				"down": {"uv": [10.475, 3, 9, 4.5], "rotation": 270, "texture": "#1"}
			}
		},
		{
			"from": [8.02426, 6.7, 7.42426],
			"to": [9.22426, 25.9, 8.62426],
			"rotation": {"angle": 22.5, "axis": "z", "origin": [8.6, -7.075, 8]},
			"faces": {
				"north": {"uv": [3, 0, 4, 9.75], "texture": "#1"},
				"east": {"uv": [0, 0, 1, 9.75], "texture": "#1"},
				"south": {"uv": [1, 0, 2, 9.75], "texture": "#1"},
				"west": {"uv": [2, 0, 3, 9.75], "texture": "#1"},
				"up": {"uv": [13, 2, 12, 1], "rotation": 90, "texture": "#1"},
				"down": {"uv": [3, 12, 2, 13], "rotation": 270, "texture": "#1"}
			}
		},
		{
			"from": [7.67279, 26.5, 7.0799],
			"to": [9.57279, 6.6, 8.9799],
			"rotation": {"angle": 22.5, "axis": "z", "origin": [8.6, -7.075, 8]},
			"faces": {
				"north": {"uv": [0, 0, 1, 10], "texture": "#2"},
				"east": {"uv": [1, 0, 2, 10], "texture": "#2"},
				"south": {"uv": [2, 0, 3, 10], "texture": "#2"},
				"west": {"uv": [3, 0, 4, 10], "texture": "#2"},
				"up": {"uv": [5, 1, 4, 0], "texture": "#2"},
				"down": {"uv": [5, 1, 4, 2], "texture": "#2"}
			}
		},
		{
			"from": [-0.7241, 2.20474, 12.9],
			"to": [0.9759, 0.50474, 18],
			"rotation": {"angle": -22.5, "axis": "z", "origin": [8.6, -7.075, 8]},
			"faces": {
				"north": {"uv": [5, 1, 4, 2], "rotation": 180, "texture": "#2"},
				"east": {"uv": [1, 0, 2, 10], "rotation": 270, "texture": "#2"},
				"south": {"uv": [5, 1, 4, 0], "texture": "#2"},
				"west": {"uv": [3, 0, 4, 10], "rotation": 90, "texture": "#2"},
				"up": {"uv": [0, 0, 1, 10], "rotation": 180, "texture": "#2"},
				"down": {"uv": [2, 0, 3, 10], "texture": "#2"}
			}
		},
		{
			"from": [-0.7241, 2.20179, -2],
			"to": [0.9759, 0.50179, 3.1],
			"rotation": {"angle": -22.5, "axis": "z", "origin": [8.6, -7.075, 8]},
			"faces": {
				"north": {"uv": [5, 1, 4, 2], "rotation": 180, "texture": "#2"},
				"east": {"uv": [1, 0, 2, 10], "rotation": 270, "texture": "#2"},
				"south": {"uv": [5, 1, 4, 0], "texture": "#2"},
				"west": {"uv": [3, 0, 4, 10], "rotation": 90, "texture": "#2"},
				"up": {"uv": [0, 0, 1, 10], "rotation": 180, "texture": "#2"},
				"down": {"uv": [2, 0, 3, 10], "texture": "#2"}
			}
		}
	],
	"display": {
		"thirdperson_righthand": {
			"rotation": [0, -90, 0],
			"translation": [-12, 4.75, 1.25],
			"scale": [0.63, 0.64, 0.6]
		},
		"thirdperson_lefthand": {
			"rotation": [0, 90, 0],
			"translation": [-12, 4.75, 1.25],
			"scale": [0.63, 0.64, 0.6]
		},
		"firstperson_righthand": {
			"rotation": [0, 90, 0],
			"translation": [0, 1, 0],
			"scale": [0.63, 0.63, 0.63]
		},
		"firstperson_lefthand": {
			"rotation": [0, 90, 0],
			"translation": [0, 1, 0],
			"scale": [0.63, 0.63, 0.63]
		},
		"ground": {
			"rotation": [0, 0, 90],
			"translation": [5.25, -1.5, 0],
			"scale": [0.75, 0.61, 0.75]
		},
		"gui": {
			"rotation": [0, 90, 0],
			"translation": [0, -5.75, 6.5],
			"scale": [0.7, 0.69, 0.67]
		},
		"head": {
			"translation": [0, -23.5, 0],
			"scale": [1, 0.93, 0]
		},
		"fixed": {
			"rotation": [0, -90, 0],
			"translation": [0, -5.5, -0.25],
			"scale": [0.75, 0.75, 0.75]
		}
	},
	"groups": [
		0,
		{
			"name": "lightsaber",
			"origin": [8, -1.575, 8],
			"color": 0,
			"children": [1, 2, 3, 4, 5, 6, 7, 8, 9, 10, 11, 12, 13, 14]
		}
	]
}
