{
	"credit": "Made with Blockbench",
	"texture_size": [8, 8],
	"textures": {
		"0": "item/custom/kyloarmtexture",
		"particle": "item/custom/kyloarmtexture"
	},
	"elements": [
		{
			"from": [5.8, 0, 7],
			"to": [11.8, 2, 9],
			"rotation": {"angle": 0, "axis": "y", "origin": [14.8, 4, 9]},
			"faces": {
				"north": {"uv": [0, 0, 12, 4], "texture": "#0"},
				"east": {"uv": [12, 0, 16, 4], "texture": "#0"},
				"south": {"uv": [0, 4, 12, 8], "texture": "#0"},
				"west": {"uv": [12, 4, 16, 8], "texture": "#0"},
				"up": {"uv": [12, 12, 0, 8], "texture": "#0"},
				"down": {"uv": [12, 12, 0, 16], "texture": "#0"}
			}
		}
	],
	"display": {
		"thirdperson_righthand": {
			"rotation": [-90, -90, -90],
			"translation": [0, 13.25, 3.5],
			"scale": [1.65, 2.16, 2.16]
		},
		"thirdperson_lefthand": {
			"rotation": [-90, 90, 90],
			"translation": [0, 13, 3.5],
			"scale": [1.65, 2.16, 2.16]
		},
		"firstperson_righthand": {
			"rotation": [0, -91, 0],
			"translation": [0, 10.75, 1.25],
			"scale": [1, 1.29, 1]
		},
		"firstperson_lefthand": {
			"rotation": [0, 90, 0],
			"translation": [0, 10.75, 1.25],
			"scale": [1, 1.29, 1]
		},
		"ground": {
			"rotation": [90, 0, 0],
			"translation": [1.75, -3.25, 4.5]
		},
		"gui": {
			"rotation": [0, 180, 0],
			"translation": [-2.75, 8.5, 0],
			"scale": [1.6, 1.6, 1.6]
		},
		"head": {
			"translation": [0, 19.5, 0],
			"scale": [1.67, 1.67, 1.67]
		},
		"fixed": {
			"translation": [3.5, 10.25, 0],
			"scale": [1.92, 1.92, 1.92]
		}
	}
}
