{
	"credit": "Made with Blockbench",
	"texture_size": [32, 32],
	"textures": {
		"0": "item/custom/arms/misspiggy",
		"particle": "item/custom/arms/misspiggy"
	},
	"elements": [
		{
			"from": [5.9, 0, 3.5],
			"to": [10.1, 4.4, 12.5],
			"rotation": {"angle": 0, "axis": "x", "origin": [7, 3.2, 3.5]},
			"faces": {
				"north": {"uv": [4, 4, 6, 6], "texture": "#0"},
				"east": {"uv": [0, 0, 4.5, 2], "texture": "#0"},
				"south": {"uv": [4.5, 0, 6.5, 2], "texture": "#0"},
				"west": {"uv": [0, 2, 4.5, 4], "texture": "#0"},
				"up": {"uv": [2, 8.5, 0, 4], "texture": "#0"},
				"down": {"uv": [4, 4, 2, 8.5], "texture": "#0"}
			}
		}
	],
	"display": {
		"thirdperson_righthand": {
			"translation": [0, 3.5, 4.25],
			"scale": [0.95313, 0.93945, 1]
		}
	}
}
