{
  "model": {
    "type": "range_dispatch",
    "property": "custom_model_data",
    "fallback": {
      "type": "model",
      "model": "item/diamond_hoe"
    },
    "entries": [
      { "threshold": 1, "model": { "type": "model", "model": "magicbands/mickeymouseclub" } },
      { "threshold": 2, "model": { "type": "model", "model": "magicbands/mickeychristmas" } },
      { "threshold": 3, "model": { "type": "model", "model": "magicbands/guardians" } },
      { "threshold": 4, "model": { "type": "model", "model": "magicbands/epcotws" } },
      { "threshold": 5, "model": { "type": "model", "model": "magicbands/disney100th" } },
      { "threshold": 6, "model": { "type": "model", "model": "magicbands/figmentblue" } },
      { "threshold": 7, "model": { "type": "model", "model": "magicbands/wdw50thpartner" } },
      { "threshold": 8, "model": { "type": "model", "model": "magicbands/mickeyhalloween" } },
      { "threshold": 9, "model": { "type": "model", "model": "magicbands/hatboxghost" } },
      { "threshold": 10, "model": { "type": "model", "model": "magicbands/wtp" } },
      { "threshold": 11, "model": { "type": "model", "model": "magicbands/stitch" } },
      { "threshold": 12, "model": { "type": "model", "model": "magicbands/100thpartner" } },
      { "threshold": 13, "model": { "type": "model", "model": "magicbands/starterband" } },
      { "threshold": 14, "model": { "type": "model", "model": "magicbands/fantasmicband" } },
      { "threshold": 15, "model": { "type": "model", "model": "magicbands/mickeyband" } },
      { "threshold": 16, "model": { "type": "model", "model": "magicbands/wdwicon" } },
      { "threshold": 17, "model": { "type": "model", "model": "magicbands/fantasia" } },
      { "threshold": 19, "model": { "type": "model", "model": "magicbands/bluemickey" } },
      { "threshold": 20, "model": { "type": "model", "model": "magicbands/dumbo" } },
      { "threshold": 21, "model": { "type": "model", "model": "magicbands/mickeyhalloween" } },
      { "threshold": 22, "model": { "type": "model", "model": "magicbands/jackhalloween" } },
      { "threshold": 23, "model": { "type": "model", "model": "magicbands/tba" } },
      { "threshold": 24, "model": { "type": "model", "model": "magicbands/adventureland" } },
      { "threshold": 25, "model": { "type": "model", "model": "magicbands/firsttime" } },
      { "threshold": 26, "model": { "type": "model", "model": "magicbands/ariel" } },
      { "threshold": 27, "model": { "type": "model", "model": "magicbands/grogu" } },
      { "threshold": 28, "model": { "type": "model", "model": "magicbands/starwars" } },
      { "threshold": 29, "model": { "type": "model", "model": "magicbands/lionking" } },
      { "threshold": 30, "model": { "type": "model", "model": "magicbands/groot" } },
      { "threshold": 31, "model": { "type": "model", "model": "magicbands/black" } },
      { "threshold": 32, "model": { "type": "model", "model": "magicbands/cream" } },
      { "threshold": 33, "model": { "type": "model", "model": "magicbands/phv" } },
      { "threshold": 34, "model": { "type": "model", "model": "magicbands/jedilightsaber" } },
      { "threshold": 35, "model": { "type": "model", "model": "magicbands/red" } },
      { "threshold": 36, "model": { "type": "model", "model": "magicbands/r2d2" } },
      { "threshold": 37, "model": { "type": "model", "model": "magicbands/munchlings" } },
      { "threshold": 38, "model": { "type": "model", "model": "magicbands/wtphoney" } },
      { "threshold": 39, "model": { "type": "model", "model": "magicbands/r2d2starwars" } },
      { "threshold": 40, "model": { "type": "model", "model": "magicbands/merrysithmas" } },
      { "threshold": 41, "model": { "type": "model", "model": "magicbands/mickeymouseholiday" } },
      { "threshold": 42, "model": { "type": "model", "model": "magicbands/beautyandthebeast" } },
      { "threshold": 43, "model": { "type": "model", "model": "magicbands/kermitandfriends" } },
      { "threshold": 44, "model": { "type": "model", "model": "magicbands/lightningmcqueen" } },
      { "threshold": 45, "model": { "type": "model", "model": "magicbands/cherrymickey" } },
      { "threshold": 46, "model": { "type": "model", "model": "magicbands/2025wdw" } },
      { "threshold": 47, "model": { "type": "model", "model": "magicbands/iamnojedi" } },
      { "threshold": 48, "model": { "type": "model", "model": "magicbands/tianaflower" } },
      { "threshold": 49, "model": { "type": "model", "model": "magicbands/mickeyvalentines" } },
      { "threshold": 50, "model": { "type": "model", "model": "magicbands/80thcaballeros" } },
      { "threshold": 51, "model": { "type": "model", "model": "magicbands/whitepartnerstatue" } },
      { "threshold": 52, "model": { "type": "model", "model": "magicbands/tinkerbelllight" } },
      { "threshold": 53, "model": { "type": "model", "model": "magicbands/grayglitter" } },
      { "threshold": 54, "model": { "type": "model", "model": "magicbands/monstersincmike" } },
      { "threshold": 55, "model": { "type": "model", "model": "magicbands/standingmickey" } }
    ]
  }
}