{
  "model": {
    "type": "range_dispatch",
    "property": "custom_model_data",
    "fallback": {
      "type": "model",
      "model": "item/golden_hoe"
    },
    "entries": [
      { "threshold": 1, "model": { "type": "model", "model": "christmas/wdwmk/mswreath" } },
      { "threshold": 2, "model": { "type": "model", "model": "christmas/wdwmk/hubwreath" } },
      { "threshold": 3, "model": { "type": "model", "model": "christmas/wdwmk/christmasgarland1" } },
      { "threshold": 4, "model": { "type": "model", "model": "christmas/wdwmk/christmasgarland2" } },
      { "threshold": 5, "model": { "type": "model", "model": "christmas/wdwmk/christmasgarland3new" } }
    ]
  }
}
