{
  "model": {
    "type": "range_dispatch",
    "property": "custom_model_data",
    "fallback": {
      "type": "model",
      "model": "item/iron_shovel"
    },
    "entries": [
      { "threshold": 3, "model": { "type": "model", "model": "custom/item/backpack/item-backpack-haunted-mansion" } },
      { "threshold": 4, "model": { "type": "model", "model": "custom/item/tech/item-tech-nintendo-switch-gray" } },
      { "threshold": 5, "model": { "type": "model", "model": "custom/item/tech/item-tech-nintendo-switch-oled" } },
      { "threshold": 6, "model": { "type": "model", "model": "custom/item/tech/item-tech-nintendo-switch" } },
      { "threshold": 7, "model": { "type": "model", "model": "custom/item/backpack/item-backpack-mickey-white" } },
      { "threshold": 8, "model": { "type": "model", "model": "custom/item/backpack/item-backpack-monsters-inc" } },
      { "threshold": 9, "model": { "type": "model", "model": "custom/item/backpack/item-backpack-donald-yellow" } },
      { "threshold": 17, "model": { "type": "model", "model": "custom/item/tech/item-tech-gameboy" } },
      { "threshold": 18, "model": { "type": "model", "model": "custom/item/item-magic-band" } },
      { "threshold": 19, "model": { "type": "model", "model": "custom/mk/tl/buzz/mk-tl-buzz-blaster" } },
      { "threshold": 22, "model": { "type": "model", "model": "custom/item/item-tnt" } },
      { "threshold": 23, "model": { "type": "model", "model": "custom/item/item-bloody-axe" } },
      { "threshold": 29, "model": { "type": "model", "model": "custom/item/flag/item-flag-pride" } },
      { "threshold": 31, "model": { "type": "model", "model": "custom/item/backpack/item-backpack-pride" } },
      { "threshold": 36, "model": { "type": "model", "model": "custom/item/gun/item-gun" } },
      { "threshold": 37, "model": { "type": "model", "model": "custom/item/gun/item-gun-silver" } },
      { "threshold": 38, "model": { "type": "model", "model": "custom/item/gun/item-gun-golden" } },
      { "threshold": 39, "model": { "type": "model", "model": "custom/item/gun/item-gun-dynamite" } },
      { "threshold": 40, "model": { "type": "model", "model": "custom/item/gun/rifle" } },
      { "threshold": 46, "model": { "type": "model", "model": "custom/item/item-gold-wings-staff" } },
      { "threshold": 47, "model": { "type": "model", "model": "custom/mk/tl/space-mountain/space-mountain-car" } },
      { "threshold": 48, "model": { "type": "model", "model": "custom/mk/tl/space-mountain/space-mountain-sign" } },
      { "threshold": 49, "model": { "type": "model", "model": "custom/mk/tl/space-mountain/space-mountain-standby-sign" } },
      { "threshold": 50, "model": { "type": "model", "model": "custom/mk/tl/space-mountain/space-mountain-lightning-sign" } },
      { "threshold": 51, "model": { "type": "model", "model": "custom/mk/wdw-bigthunderwaitsign" } },
      { "threshold": 52, "model": { "type": "model", "model": "custom/mk/wdw-bigthunderfastsign" } },
      { "threshold": 53, "model": { "type": "model", "model": "custom/mk/smallworldsign" } },
      { "threshold": 54, "model": { "type": "model", "model": "custom/mk/swordpull" } },
      { "threshold": 55, "model": { "type": "model", "model": "custom/mk/tl/bluesaber" } },
      { "threshold": 56, "model": { "type": "model", "model": "custom/item/flag/americanflag" } },
      { "threshold": 57, "model": { "type": "model", "model": "custom/item/stormtrooperarm" } },
      { "threshold": 58, "model": { "type": "model", "model": "custom/item/stormtrooperblaster" } },
      { "threshold": 59, "model": { "type": "model", "model": "custom/bicyclecyan" } },
      { "threshold": 60, "model": { "type": "model", "model": "custom/aerialarm" } },
      { "threshold": 61, "model": { "type": "model", "model": "custom/item/bekclosed" } },
      { "threshold": 62, "model": { "type": "model", "model": "custom/item/bekhalfopen" } },
      { "threshold": 63, "model": { "type": "model", "model": "custom/item/bekopen" } },
      { "threshold": 64, "model": { "type": "model", "model": "custom/item/stormtroopergun1newnewnew" } },
      { "threshold": 65, "model": { "type": "model", "model": "custom/item/tbaarm" } },
      { "threshold": 66, "model": { "type": "model", "model": "custom/item/facilierstaff" } },
      { "threshold": 67, "model": { "type": "model", "model": "custom/item/rotrwallanimatednewnew" } },
      { "threshold": 68, "model": { "type": "model", "model": "custom/item/rotrwallrednew" } },
      { "threshold": 69, "model": { "type": "model", "model": "custom/item/rotrwallwhitenew" } },
      { "threshold": 70, "model": { "type": "model", "model": "custom/item/grayarmnew" } },
      { "threshold": 71, "model": { "type": "model", "model": "custom/item/stormtroopergun1new" } },
      { "threshold": 72, "model": { "type": "model", "model": "custom/dhs/kylorenlightsaberfade1" } },
      { "threshold": 73, "model": { "type": "model", "model": "custom/dhs/kylorenlightsaberfade2" } },
      { "threshold": 74, "model": { "type": "model", "model": "custom/dhs/kylorenlightsaberfade3" } },
      { "threshold": 75, "model": { "type": "model", "model": "custom/dhs/kylorenlightsaberfade4" } },
      { "threshold": 76, "model": { "type": "model", "model": "custom/dhs/kylorenlightsaber" } },
      { "threshold": 77, "model": { "type": "model", "model": "custom/mk/piratesword" } },
      { "threshold": 78, "model": { "type": "model", "model": "custom/arms/kyloarmlightsaber" } },
      { "threshold": 79, "model": { "type": "model", "model": "custom/arms/misspiggy" } }
    ]
  }
}