{
  "model": {
    "type": "range_dispatch",
    "property": "custom_model_data",
    "fallback": {
      "type": "model",
      "model": "item/iron_ingot"
    },
    "entries": [
      { "threshold": 2, "model": { "type": "model", "model": "custom/mk/tl/mk-tl-trash-can" } },
      { "threshold": 3, "model": { "type": "model", "model": "custom/mk/ms/newmstrashcan" } },
      { "threshold": 4, "model": { "type": "model", "model": "custom/mk/tl/tron_sign" } },
      { "threshold": 5, "model": { "type": "model", "model": "custom/generic/generic-trash-can" } },
      { "threshold": 10, "model": { "type": "model", "model": "custom/mk/tl/mi/mk-tl-mi-fastpass-sign" } },
      { "threshold": 13, "model": { "type": "model", "model": "custom/item/item-autograph-book" } },
      { "threshold": 14, "model": { "type": "model", "model": "custom/item/tech/item-tech-smartphone" } },
      { "threshold": 17, "model": { "type": "model", "model": "custom/mk/lm/mk-lm-octopus" } },
      { "threshold": 18, "model": { "type": "model", "model": "custom/mk/lm/mk-lm-ursula" } },
      { "threshold": 19, "model": { "type": "model", "model": "custom/mk/lm/mk-lm-ursula-head" } },
      { "threshold": 20, "model": { "type": "model", "model": "custom/mk/lm/mk-lm-ursula-body" } },
      { "threshold": 21, "model": { "type": "model", "model": "custom/mk/lm/mk-lm-ursula-left-arm" } },
      { "threshold": 22, "model": { "type": "model", "model": "custom/mk/lm/mk-lm-ursula-right-arm" } },
      { "threshold": 33, "model": { "type": "model", "model": "custom/item/gun/item-gun-bullet" } },
      { "threshold": 49, "model": { "type": "model", "model": "custom/lamps/black-lamp-post" } },
      { "threshold": 50, "model": { "type": "model", "model": "custom/lamps/spruce-plant-lamp-post" } },
      { "threshold": 51, "model": { "type": "model", "model": "custom/benches/spruce-black-bench" } },
      { "threshold": 52, "model": { "type": "model", "model": "custom/lamps/dark-black-short-lamp-post" } },
      { "threshold": 53, "model": { "type": "model", "model": "custom/nature/nature-hanging-pot" } },
      { "threshold": 54, "model": { "type": "model", "model": "custom/nature/nature-hanging-pot-flowers" } },
      { "threshold": 55, "model": { "type": "model", "model": "custom/nature/antlers-small" } },
      { "threshold": 56, "model": { "type": "model", "model": "custom/nature/antlers" } },
      { "threshold": 57, "model": { "type": "model", "model": "custom/mk/frontier-trading-post-sign" } },
      { "threshold": 58, "model": { "type": "model", "model": "custom/mk/frontierland-shootin-arcade-sign" } },
      { "threshold": 59, "model": { "type": "model", "model": "custom/mk/mk-fsa-coin-slot" } },
      { "threshold": 60, "model": { "type": "model", "model": "custom/mk/mk-sign" } },
      { "threshold": 61, "model": { "type": "model", "model": "custom/mk/mk-sevendwarfs" } },
      { "threshold": 62, "model": { "type": "model", "model": "custom/mk/lm/mk-tlm-purple-star" } },
      { "threshold": 63, "model": { "type": "model", "model": "custom/mk/lm/mk-tlm-orange-star" } },
      { "threshold": 64, "model": { "type": "model", "model": "custom/mk/lm/mk-tlm-octopus" } },
      { "threshold": 65, "model": { "type": "model", "model": "custom/item/settinglogo" } },
      { "threshold": 66, "model": { "type": "model", "model": "custom/item/showtime" } },
      { "threshold": 67, "model": { "type": "model", "model": "custom/item/sdmtlogo" } },
      { "threshold": 68, "model": { "type": "model", "model": "custom/item/wtplogo" } },
      { "threshold": 69, "model": { "type": "model", "model": "custom/item/ppflogo" } },
      { "threshold": 70, "model": { "type": "model", "model": "custom/item/tronlogo" } },
      { "threshold": 71, "model": { "type": "model", "model": "custom/item/peoplemoverlogo" } },
      { "threshold": 72, "model": { "type": "model", "model": "custom/item/spacemountainlogo" } },
      { "threshold": 73, "model": { "type": "model", "model": "custom/item/astrologo" } },
      { "threshold": 74, "model": { "type": "model", "model": "custom/item/iaswlogo" } },
      { "threshold": 75, "model": { "type": "model", "model": "custom/item/jotlmlogo" } },
      { "threshold": 76, "model": { "type": "model", "model": "custom/item/mtplogo" } },
      { "threshold": 77, "model": { "type": "model", "model": "custom/item/tlswlogo" } },
      { "threshold": 78, "model": { "type": "model", "model": "custom/item/bslogo" } },
      { "threshold": 79, "model": { "type": "model", "model": "custom/mk/ms/mk-al-trash-can" } },
      { "threshold": 80, "model": { "type": "model", "model": "custom/mk/chicken" } },
      { "threshold": 81, "model": { "type": "model", "model": "custom/mk/map" } },
      { "threshold": 82, "model": { "type": "model", "model": "custom/mk/eli" } },
      { "threshold": 83, "model": { "type": "model", "model": "custom/mk/piratessign" } },
      { "threshold": 84, "model": { "type": "model", "model": "custom/item/amclogo" } },
      { "threshold": 85, "model": { "type": "model", "model": "custom/item/btmlogo" } },
      { "threshold": 86, "model": { "type": "model", "model": "custom/item/jclogo" } },
      { "threshold": 87, "model": { "type": "model", "model": "custom/item/hmlogo" } },
      { "threshold": 88, "model": { "type": "model", "model": "custom/item/potclogo" } },
      { "threshold": 89, "model": { "type": "model", "model": "custom/item/cashregis" } },
      { "threshold": 90, "model": { "type": "model", "model": "custom/item/rotrentrance" } },
      { "threshold": 91, "model": { "type": "model", "model": "custom/item/rotrdoor1" } },
      { "threshold": 92, "model": { "type": "model", "model": "custom/item/tbalogo" } },
      { "threshold": 93, "model": { "type": "model", "model": "custom/item/rotrblinker" } },
      { "threshold": 94, "model": { "type": "model", "model": "custom/item/tbasink" } },
      { "threshold": 95, "model": { "type": "model", "model": "custom/item/bekchair" } },
      { "threshold": 96, "model": { "type": "model", "model": "custom/item/rotrwallwhite" } },
      { "threshold": 97, "model": { "type": "model", "model": "custom/item/rotrwallred" } },
      { "threshold": 98, "model": { "type": "model", "model": "custom/item/rotrwallanimated" } },
      { "threshold": 99, "model": { "type": "model", "model": "custom/item/tbawheel" } },
      { "threshold": 100, "model": { "type": "model", "model": "custom/item/atathead1" } },
      { "threshold": 101, "model": { "type": "model", "model": "custom/item/atatgunnew" } },
      { "threshold": 102, "model": { "type": "model", "model": "custom/item/rotrshootnew" } },
      { "threshold": 103, "model": { "type": "model", "model": "custom/item/rotrdoor1" } },
      { "threshold": 104, "model": { "type": "model", "model": "custom/item/rotrfan" } },
      { "threshold": 105, "model": { "type": "model", "model": "custom/dhs/stsignnewnew" } },
      { "threshold": 106, "model": { "type": "model", "model": "custom/dhs/bekchairnew" } },
      { "threshold": 107, "model": { "type": "model", "model": "custom/dhs/bekheadfinal" } },
      { "threshold": 108, "model": { "type": "model", "model": "custom/dhs/rotrvehicledoor" } },
      { "threshold": 109, "model": { "type": "model", "model": "custom/dhs/atathead1" } },
      { "threshold": 110, "model": { "type": "model", "model": "custom/dhs/atatgun" } },
      { "threshold": 111, "model": { "type": "model", "model": "custom/item/tbaarm" } },
      { "threshold": 112, "model": { "type": "model", "model": "custom/dhs/rotrvehicledroidnew" } },
      { "threshold": 113, "model": { "type": "model", "model": "custom/dhs/rotrvehicledroidhead" } },
      { "threshold": 114, "model": { "type": "model", "model": "custom/dhs/rotrstandby" } },
      { "threshold": 115, "model": { "type": "model", "model": "custom/dhs/cokedroid" } },
      { "threshold": 116, "model": { "type": "model", "model": "custom/dhs/cokedroidhead" } },
      { "threshold": 117, "model": { "type": "model", "model": "custom/dhs/cokestandpanew4" } },
      { "threshold": 118, "model": { "type": "model", "model": "custom/dhs/gonkgray" } },
      { "threshold": 119, "model": { "type": "model", "model": "custom/dhs/gonktan1" } },
      { "threshold": 120, "model": { "type": "model", "model": "custom/dhs/bb8bodynew" } },
      { "threshold": 121, "model": { "type": "model", "model": "custom/dhs/bb8head" } },
      { "threshold": 122, "model": { "type": "model", "model": "custom/dhs/pre1screenthingblue" } },
      { "threshold": 123, "model": { "type": "model", "model": "custom/dhs/pre1screenthinggreen" } },
      { "threshold": 124, "model": { "type": "model", "model": "custom/dhs/xwingblue" } },
      { "threshold": 125, "model": { "type": "model", "model": "custom/dhs/rotrelevdoor1" } },
      { "threshold": 126, "model": { "type": "model", "model": "custom/dhs/rotrblinker2new" } },
      { "threshold": 127, "model": { "type": "model", "model": "custom/mk/tangeledlighttower" } },
      { "threshold": 128, "model": { "type": "model", "model": "custom/mk/tangeledfantower" } },
      { "threshold": 129, "model": { "type": "model", "model": "custom/dhs/rotrfinalpipenew" } },
      { "threshold": 130, "model": { "type": "model", "model": "custom/dhs/rotrfinalwallnew" } },
      { "threshold": 131, "model": { "type": "model", "model": "custom/dhs/totentrancegatesign" } },
      { "threshold": 132, "model": { "type": "model", "model": "custom/dhs/totentranceplaquenewnew" } },
      { "threshold": 133, "model": { "type": "model", "model": "custom/dhs/totentrancepodium" } },
      { "threshold": 134, "model": { "type": "model", "model": "custom/dhs/totqueuepostchain" } },
      { "threshold": 135, "model": { "type": "model", "model": "custom/dhs/totqueuesign" } },
      { "threshold": 136, "model": { "type": "model", "model": "custom/dhs/totchain" } },
      { "threshold": 137, "model": { "type": "model", "model": "custom/dhs/totentrancepodiumbrown" } },
      { "threshold": 138, "model": { "type": "model", "model": "custom/dhs/totcurtain" } },
      { "threshold": 139, "model": { "type": "model", "model": "custom/dhs/totpot" } },
      { "threshold": 140, "model": { "type": "model", "model": "custom/dhs/cjtotentranceplaque" } },
      { "threshold": 141, "model": { "type": "model", "model": "custom/dhs/totpot2" } },
      { "threshold": 142, "model": { "type": "model", "model": "custom/dhs/totflag" } },
      { "threshold": 143, "model": { "type": "model", "model": "custom/dhs/exitsignmodel" } },
      { "threshold": 144, "model": { "type": "model", "model": "custom/dhs/pictureifyoudaremodel" } },
      { "threshold": 145, "model": { "type": "model", "model": "custom/dhs/rotrescapepod" } },
      { "threshold": 146, "model": { "type": "model", "model": "custom/item/spainairdpotc" } },
      { "threshold": 147, "model": { "type": "model", "model": "custom/mk/potcwheel" } },
      { "threshold": 148, "model": { "type": "model", "model": "custom/mk/wheel" } },
      { "threshold": 149, "model": { "type": "model", "model": "custom/mk/jackheadpotc" } },
      { "threshold": 150, "model": { "type": "model", "model": "custom/mk/jackhead2potc" } },
      { "threshold": 151, "model": { "type": "model", "model": "custom/dhs/rotrelevator" } },
      { "threshold": 152, "model": { "type": "model", "model": "custom/mk/tbacar" } },
      { "threshold": 153, "model": { "type": "model", "model": "custom/mk/tbastandby" } },
      { "threshold": 154, "model": { "type": "model", "model": "custom/mk/tbasign" } },
      { "threshold": 155, "model": { "type": "model", "model": "custom/generic/controlpanel" } },
      { "threshold": 156, "model": { "type": "model", "model": "custom/dhs/rotrdoor2" } },
      { "threshold": 157, "model": { "type": "model", "model": "custom/dhs/rotrcanon" } },
      { "threshold": 158, "model": { "type": "model", "model": "custom/dhs/rotrhangrail" } },
      { "threshold": 159, "model": { "type": "model", "model": "custom/dhs/tieadvancedrotr" } },
      { "threshold": 160, "model": { "type": "model", "model": "custom/dhs/tiefighterrotr" } },
      { "threshold": 161, "model": { "type": "model", "model": "custom/dhs/andysfootprinttslnew" } },
      { "threshold": 162, "model": { "type": "model", "model": "custom/dhs/awing" } },
      { "threshold": 163, "model": { "type": "model", "model": "custom/dhs/xwingpoe" } },
      { "threshold": 164, "model": { "type": "model", "model": "custom/dhs/rotrentrancetarp" } },
      { "threshold": 165, "model": { "type": "model", "model": "custom/mk/tbafrontsign" } },
      { "threshold": 166, "model": { "type": "model", "model": "custom/mk/barbossaheadpotc" } },
      { "threshold": 167, "model": { "type": "model", "model": "custom/dhs/blastermarkrotr1" } },
      { "threshold": 168, "model": { "type": "model", "model": "custom/dhs/blastermarkrotr2" } },
      { "threshold": 169, "model": { "type": "model", "model": "custom/mk/candelabra" } },
      { "threshold": 170, "model": { "type": "model", "model": "custom/mk/organghosts" } },
      { "threshold": 171, "model": { "type": "model", "model": "custom/mk/hmpiano" } },
      { "threshold": 172, "model": { "type": "model", "model": "custom/mk/hmroof" } },
      { "threshold": 173, "model": { "type": "model", "model": "custom/dhs/ij_logo" } },
      { "threshold": 174, "model": { "type": "model", "model": "custom/mk/dumbopodium" } },
      { "threshold": 175, "model": { "type": "model", "model": "custom/mk/dumbolamp" } },
      { "threshold": 176, "model": { "type": "model", "model": "custom/dhs/ijss_cutout" } },
      { "threshold": 177, "model": { "type": "model", "model": "custom/dhs/ijss_cutoutsign" } },
      { "threshold": 178, "model": { "type": "model", "model": "custom/dhs/ij_net" } },
      { "threshold": 179, "model": { "type": "model", "model": "custom/mk/goldendumbo" } },
      { "threshold": 180, "model": { "type": "model", "model": "custom/mk/dumbonoarm" } },
      { "threshold": 181, "model": { "type": "model", "model": "custom/dhs/pre1screenthingred" } },
      { "threshold": 182, "model": { "type": "model", "model": "custom/mk/ppfbluetent" } },
      { "threshold": 183, "model": { "type": "model", "model": "custom/mk/ppforangetent" } },
      { "threshold": 184, "model": { "type": "model", "model": "custom/mk/ppftealtent" } },
      { "threshold": 185, "model": { "type": "model", "model": "custom/dhs/gertiehead" } },
      { "threshold": 186, "model": { "type": "model", "model": "custom/mk/ppfbridge" } },
      { "threshold": 187, "model": { "type": "model", "model": "custom/mk/ppfbed" } },
      { "threshold": 188, "model": { "type": "model", "model": "custom/mk/dumboarm" } },
      { "threshold": 189, "model": { "type": "model", "model": "custom/mk/flrrsign" } },
      { "threshold": 190, "model": { "type": "model", "model": "custom/mk/dumbo_d" } },
      { "threshold": 191, "model": { "type": "model", "model": "custom/mk/dumbostandby" } },
      { "threshold": 192, "model": { "type": "model", "model": "custom/mk/dumbolightning" } },
      { "threshold": 193, "model": { "type": "model", "model": "custom/mk/ppfbigben" } },
      { "threshold": 194, "model": { "type": "model", "model": "custom/mk/ppfstandby" } },
      { "threshold": 195, "model": { "type": "model", "model": "custom/dhs/kylocape" } },
      { "threshold": 196, "model": { "type": "model", "model": "custom/mk/ppfentrancepodium" } },
      { "threshold": 197, "model": { "type": "model", "model": "custom/dhs/rotrunloadsign" } },
      { "threshold": 198, "model": { "type": "model", "model": "custom/dhs/bekstanding" } },
      { "threshold": 199, "model": { "type": "model", "model": "custom/dhs/xwingblue" } },
      { "threshold": 200, "model": { "type": "model", "model": "custom/dhs/xwingblueopen" } },
      { "threshold": 201, "model": { "type": "model", "model": "custom/mk/jackheadpotc" } },
      { "threshold": 202, "model": { "type": "model", "model": "custom/mk/skullrockredo" } },
      { "threshold": 203, "model": { "type": "model", "model": "custom/mk/gator1ppf" } },
      { "threshold": 204, "model": { "type": "model", "model": "custom/dhs/euflowerpot" } },
      { "threshold": 205, "model": { "type": "model", "model": "custom/dhs/vipentrance" } },
      { "threshold": 206, "model": { "type": "model", "model": "custom/dhs/eupillar" } },
      { "threshold": 207, "model": { "type": "model", "model": "custom/dhs/eusecuritygate" } },
      { "threshold": 208, "model": { "type": "model", "model": "custom/dhs/chronosframe" } },
      { "threshold": 209, "model": { "type": "model", "model": "custom/dhs/euplanter" } },
      { "threshold": 210, "model": { "type": "model", "model": "custom/dhs/totbench1" } },
      { "threshold": 211, "model": { "type": "model", "model": "custom/mk/plushbase" } },
      { "threshold": 212, "model": { "type": "model", "model": "custom/dhs/eupillardetail" } },
      { "threshold": 213, "model": { "type": "model", "model": "custom/dhs/chronosframenew" } },
      { "threshold": 214, "model": { "type": "model", "model": "custom/dhs/chronosframenew" } },
      { "threshold": 215, "model": { "type": "model", "model": "custom/dhs/eupot" } },
      { "threshold": 216, "model": { "type": "model", "model": "custom/dhs/eupot2" } },
      { "threshold": 217, "model": { "type": "model", "model": "custom/dhs/eutrash" } },
      { "threshold": 218, "model": { "type": "model", "model": "custom/dhs/eutrashrecycle" } },
      { "threshold": 219, "model": { "type": "model", "model": "custom/dhs/celestialparklamppost" } },
      { "threshold": 220, "model": { "type": "model", "model": "custom/dhs/euentrancegate" } },
      { "threshold": 221, "model": { "type": "model", "model": "custom/dhs/chronosouterring" } },
      { "threshold": 222, "model": { "type": "model", "model": "custom/dhs/chronoscelestianmale" } },
      { "threshold": 223, "model": { "type": "model", "model": "custom/dhs/chronosinnerring" } },
      { "threshold": 224, "model": { "type": "model", "model": "custom/dhs/rotrpre3door" } },
      { "threshold": 225, "model": { "type": "model", "model": "custom/mk/tianacrown" } },
      { "threshold": 226, "model": { "type": "model", "model": "custom/mk/copchair" } },
      { "threshold": 227, "model": { "type": "model", "model": "custom/mk/copseat" } },
      { "threshold": 228, "model": { "type": "model", "model": "custom/dhs/rotrfelevwall" } },
      { "threshold": 229, "model": { "type": "model", "model": "custom/dhs/rotrfelevwall1" } },
      { "threshold": 230, "model": { "type": "model", "model": "custom/dhs/rotrdooratat" } }
        
    ]
  }
}
