{
  "model": {
    "type": "range_dispatch",
    "property": "custom_model_data",
    "fallback": {
      "type": "model",
      "model": "item/minecart"
    },
    "entries": [
      { "threshold": 6, "model": { "type": "model", "model": "custom/mk/ms/mk-ms-trolley" } },
      { "threshold": 14, "model": { "type": "model", "model": "custom/mk/tl/buzz/mk-tl-buzz-car" } },
      { "threshold": 15, "model": { "type": "model", "model": "custom/mk/lm/mk-lm-car" } },
      { "threshold": 16, "model": { "type": "model", "model": "custom/mk/tl/people-mover/people-mover-car" } },
      { "threshold": 17, "model": { "type": "model", "model": "custom/mk/7-dwarfs-minetrain" } },
      { "threshold": 18, "model": { "type": "model", "model": "custom/mk/small-world-car" } },
      { "threshold": 200, "model": { "type": "model", "model": "custom/mk/tl/speedway-car" } },
      { "threshold": 201, "model": { "type": "model", "model": "custom/mk/tl/speedway-car-blue" } },
      { "threshold": 202, "model": { "type": "model", "model": "custom/mk/tl/speedway-car-red" } },
      { "threshold": 203, "model": { "type": "model", "model": "custom/mk/tl/speedway-car-green" } },
      { "threshold": 204, "model": { "type": "model", "model": "custom/mk/poohride" } },
      { "threshold": 205, "model": { "type": "model", "model": "custom/mk/peterpanboat" } },
      { "threshold": 206, "model": { "type": "model", "model": "custom/mk/mk-teacupblue" } },
      { "threshold": 207, "model": { "type": "model", "model": "custom/mk/tl/lightcycle" } },
      { "threshold": 208, "model": { "type": "model", "model": "custom/mk/tl/mk-astro" } },
      { "threshold": 209, "model": { "type": "model", "model": "custom/mk/tl/orangetron" } },
      { "threshold": 210, "model": { "type": "model", "model": "custom/mk/bigthunder" } },
      { "threshold": 211, "model": { "type": "model", "model": "custom/mk/aladdin" } },
      { "threshold": 212, "model": { "type": "model", "model": "custom/mk/jungle-cruise-boat" } },
      { "threshold": 213, "model": { "type": "model", "model": "custom/mk/pirates-boat" } },
      { "threshold": 214, "model": { "type": "model", "model": "custom/mk/bigthundermain" } },
      { "threshold": 215, "model": { "type": "model", "model": "custom/mk/hauntedmansioncar" } },
      { "threshold": 216, "model": { "type": "model", "model": "custom/mk/newtianalog" } },
      { "threshold": 217, "model": { "type": "model", "model": "custom/dhs/rotrcar" } },
      { "threshold": 218, "model": { "type": "model", "model": "custom/dhs/totvehiclecomplete" } },
      { "threshold": 219, "model": { "type": "model", "model": "custom/dhs/rotrvehiclenewnew" } },
      { "threshold": 220, "model": { "type": "model", "model": "custom/mk/mkrr" } },
      { "threshold": 221, "model": { "type": "model", "model": "custom/mk/wdwmk" } },
      { "threshold": 222, "model": { "type": "model", "model": "custom/mk/hmride" } },
      { "threshold": 223, "model": { "type": "model", "model": "custom/mk/pmvehiclenew" } },
      { "threshold": 224, "model": { "type": "model", "model": "custom/mk/dumbo" } },
      { "threshold": 225, "model": { "type": "model", "model": "custom/mk/ppfvehicle" } },
      { "threshold": 226, "model": { "type": "model", "model": "custom/wdwbus" } },
      { "threshold": 227, "model": { "type": "model", "model": "monorails/wdwyellowfront" } },
      { "threshold": 228, "model": { "type": "model", "model": "monorails/wdwyellowmonobody" } },
      { "threshold": 229, "model": { "type": "model", "model": "monorails/wdwgreenfront" } },
      { "threshold": 230, "model": { "type": "model", "model": "monorails/wdwgreenmonobody" } },
      { "threshold": 231, "model": { "type": "model", "model": "monorails/wdwredfront" } },
      { "threshold": 232, "model": { "type": "model", "model": "monorails/wdwredmonobody" } },
      { "threshold": 233, "model": { "type": "model", "model": "monorails/wdworangefront" } },
      { "threshold": 234, "model": { "type": "model", "model": "monorails/wdworangemonobody" } },
      { "threshold": 235, "model": { "type": "model", "model": "monorails/wdwbluefront" } },
      { "threshold": 236, "model": { "type": "model", "model": "monorails/wdwbluemonobody" } },
      { "threshold": 237, "model": { "type": "model", "model": "monorails/wdwsilverfront" } },
      { "threshold": 238, "model": { "type": "model", "model": "monorails/wdwsilvermonobody" } },
      { "threshold": 239, "model": { "type": "model", "model": "monorails/wdwgoldfront" } },
      { "threshold": 240, "model": { "type": "model", "model": "monorails/wdwgoldmonobody" } },
      { "threshold": 241, "model": { "type": "model", "model": "monorails/wdwcoralfront" } },
      { "threshold": 242, "model": { "type": "model", "model": "monorails/wdwcoralmonobody" } },
      { "threshold": 243, "model": { "type": "model", "model": "monorails/wdwlimefront" } },
      { "threshold": 244, "model": { "type": "model", "model": "monorails/wdwlimemonobody" } },
      { "threshold": 245, "model": { "type": "model", "model": "monorails/wdwtealfront" } },
      { "threshold": 246, "model": { "type": "model", "model": "monorails/wdwtealmonobody" } },
      { "threshold": 247, "model": { "type": "model", "model": "monorails/wdwpeachfront" } },
      { "threshold": 248, "model": { "type": "model", "model": "monorails/wdwpeachmonobody" } },
      { "threshold": 249, "model": { "type": "model", "model": "monorails/wdwblackfront" } },
      { "threshold": 250, "model": { "type": "model", "model": "monorails/wdwblackmonobody" } },
      { "threshold": 251, "model": { "type": "model", "model": "custom/epcot/gotgcrvehicle" } },
      { "threshold": 252, "model": { "type": "model", "model": "buses/bus" } }
    ]
  }
}
