{
  "model": {
    "type": "range_dispatch",
    "property": "custom_model_data",
    "fallback": {
      "type": "model",
      "model": "minecraft:item/stone_pickaxe"
    },
    "entries": [
      { "threshold": 1, "model": { "type": "model", "model": "custom/cosmetics/hardhats/tech" } },
      { "threshold": 2, "model": { "type": "model", "model": "custom/cosmetics/hardhats/imagineer" } },
      { "threshold": 3, "model": { "type": "model", "model": "custom/cosmetics/hardhats/pr" } },
      { "threshold": 4, "model": { "type": "model", "model": "custom/cosmetics/hardhats/gr" } }
    ]
  }
}