{
  "model": {
    "type": "range_dispatch",
    "property": "custom_model_data",
    "fallback": {
      "type": "model",
      "model": "item/wooden_hoe"
    },
    "entries": [
      { "threshold": 1, "model": { "type": "model", "model": "screens/screen1" } },
      { "threshold": 2, "model": { "type": "model", "model": "screens/screen2" } },
      { "threshold": 3, "model": { "type": "model", "model": "screens/screen3" } },
      { "threshold": 4, "model": { "type": "model", "model": "screens/screen4" } },
      { "threshold": 5, "model": { "type": "model", "model": "screens/screen5" } },
      { "threshold": 6, "model": { "type": "model", "model": "screens/screen6" } },
      { "threshold": 7, "model": { "type": "model", "model": "screens/hmp1" } },
      { "threshold": 8, "model": { "type": "model", "model": "screens/hmp2" } },
      { "threshold": 9, "model": { "type": "model", "model": "screens/hmp3" } },
      { "threshold": 10, "model": { "type": "model", "model": "screens/hmp5" } },
      { "threshold": 11, "model": { "type": "model", "model": "screens/hmp3" } },
      { "threshold": 12, "model": { "type": "model", "model": "screens/hmp2" } },
      { "threshold": 13, "model": { "type": "model", "model": "screens/hmp1" } },
      { "threshold": 14, "model": { "type": "model", "model": "screens/hmp7" } },
      { "threshold": 15, "model": { "type": "model", "model": "screens/hmp8" } },
      { "threshold": 16, "model": { "type": "model", "model": "screens/hmp9" } },
      { "threshold": 17, "model": { "type": "model", "model": "screens/hmp10" } },
      { "threshold": 18, "model": { "type": "model", "model": "screens/hmp11" } },
      { "threshold": 19, "model": { "type": "model", "model": "screens/hmp10" } },
      { "threshold": 20, "model": { "type": "model", "model": "screens/hmp9" } },
      { "threshold": 21, "model": { "type": "model", "model": "screens/hmp8" } },
      { "threshold": 22, "model": { "type": "model", "model": "screens/hmp7" } },
      { "threshold": 23, "model": { "type": "model", "model": "screens/tronprestart" } },
      { "threshold": 24, "model": { "type": "model", "model": "screens/tronarrow" } },
      { "threshold": 25, "model": { "type": "model", "model": "screens/tronpresquare" } },
      { "threshold": 26, "model": { "type": "model", "model": "screens/tronstationarrowstill" } },
      { "threshold": 27, "model": { "type": "model", "model": "screens/tronstationarrow" } }
    ]
  }
}
