{
	"credit": "Made with Blockbench",
	"textures": {
		"0": "item/christmas/christmasgarland1-3",
		"1": "item/christmas/christmasgarland2-3",
		"2": "item/christmas/christmasgarland3-3",
		"particle": "item/christmas/christmasgarland1-3"
	},
	"elements": [
		{
			"from": [0, 0, -7],
			"to": [0, 11, 23],
			"faces": {
				"north": {"uv": [0, 0, 0, 2.75], "texture": "#0"},
				"east": {"uv": [0, 0, 7.5, 2.75], "texture": "#0"},
				"south": {"uv": [0, 0, 0, 2.75], "texture": "#0"},
				"west": {"uv": [0, 2.75, 7.5, 5.5], "texture": "#0"},
				"up": {"uv": [0, 7.5, 0, 0], "texture": "#0"},
				"down": {"uv": [0, 0, 0, 7.5], "texture": "#0"}
			}
		},
		{
			"from": [-0.1, 13, -7],
			"to": [-0.1, 24, 23],
			"rotation": {"angle": 0, "axis": "y", "origin": [0, 13, 0]},
			"faces": {
				"north": {"uv": [0, 0, 0, 2.75], "texture": "#0"},
				"east": {"uv": [0, 5.5, 7.5, 8.25], "texture": "#0"},
				"south": {"uv": [0, 0, 0, 2.75], "texture": "#0"},
				"west": {"uv": [7.5, 0, 15, 2.75], "texture": "#0"},
				"up": {"uv": [0, 7.5, 0, 0], "texture": "#0"},
				"down": {"uv": [0, 0, 0, 7.5], "texture": "#0"}
			}
		},
		{
			"from": [0.1, 13, -7],
			"to": [0.1, 24, 23],
			"rotation": {"angle": 0, "axis": "y", "origin": [0, 13, 0]},
			"faces": {
				"north": {"uv": [0, 0, 0, 2.75], "texture": "#0"},
				"east": {"uv": [7.5, 2.75, 15, 5.5], "texture": "#0"},
				"south": {"uv": [0, 0, 0, 2.75], "texture": "#0"},
				"west": {"uv": [7.5, 5.5, 15, 8.25], "texture": "#0"},
				"up": {"uv": [0, 7.5, 0, 0], "texture": "#0"},
				"down": {"uv": [0, 0, 0, 7.5], "texture": "#0"}
			}
		},
		{
			"from": [-1, 5.5, -6.9],
			"to": [1, 7.5, -5],
			"rotation": {"angle": 0, "axis": "y", "origin": [-1, 5, -7]},
			"faces": {
				"north": {"uv": [12, 6, 14, 8], "texture": "#1"},
				"east": {"uv": [8, 12, 10, 14], "texture": "#1"},
				"south": {"uv": [12, 8, 14, 10], "texture": "#1"},
				"west": {"uv": [12, 10, 14, 12], "texture": "#1"},
				"up": {"uv": [14, 14, 12, 12], "texture": "#1"},
				"down": {"uv": [2, 13, 0, 15], "texture": "#1"}
			}
		},
		{
			"from": [-1, 4.5, 2.1],
			"to": [1, 6.5, 4],
			"rotation": {"angle": 0, "axis": "y", "origin": [-1, 4, 2]},
			"faces": {
				"north": {"uv": [12, 6, 14, 8], "texture": "#1"},
				"east": {"uv": [8, 12, 10, 14], "texture": "#1"},
				"south": {"uv": [12, 8, 14, 10], "texture": "#1"},
				"west": {"uv": [12, 10, 14, 12], "texture": "#1"},
				"up": {"uv": [14, 14, 12, 12], "texture": "#1"},
				"down": {"uv": [2, 13, 0, 15], "texture": "#1"}
			}
		},
		{
			"from": [-1, 5.5, 21.1],
			"to": [1, 7.5, 23],
			"rotation": {"angle": 0, "axis": "y", "origin": [-1, 5, 21]},
			"faces": {
				"north": {"uv": [10, 3, 12, 5], "texture": "#1"},
				"east": {"uv": [4, 10, 6, 12], "texture": "#1"},
				"south": {"uv": [10, 5, 12, 7], "texture": "#1"},
				"west": {"uv": [6, 10, 8, 12], "texture": "#1"},
				"up": {"uv": [12, 9, 10, 7], "texture": "#1"},
				"down": {"uv": [10, 10, 8, 12], "texture": "#1"}
			}
		},
		{
			"from": [-1, 4.5, 12],
			"to": [1, 6.5, 14],
			"rotation": {"angle": 0, "axis": "y", "origin": [-1, 4, 12]},
			"faces": {
				"north": {"uv": [10, 3, 12, 5], "texture": "#1"},
				"east": {"uv": [4, 10, 6, 12], "texture": "#1"},
				"south": {"uv": [10, 5, 12, 7], "texture": "#1"},
				"west": {"uv": [6, 10, 8, 12], "texture": "#1"},
				"up": {"uv": [12, 9, 10, 7], "texture": "#1"},
				"down": {"uv": [10, 10, 8, 12], "texture": "#1"}
			}
		},
		{
			"from": [-1, 3.5, -2],
			"to": [1, 5.5, 2],
			"rotation": {"angle": 0, "axis": "y", "origin": [-1, 3, -2.1]},
			"faces": {
				"north": {"uv": [12, 2, 14, 4], "texture": "#1"},
				"east": {"uv": [2, 4, 6, 6], "texture": "#1"},
				"south": {"uv": [4, 12, 6, 14], "texture": "#1"},
				"west": {"uv": [6, 0, 10, 2], "texture": "#1"},
				"up": {"uv": [4, 10, 2, 6], "texture": "#1"},
				"down": {"uv": [8, 2, 6, 6], "texture": "#1"}
			}
		},
		{
			"from": [-1, 3.5, 14],
			"to": [1, 5.5, 18],
			"rotation": {"angle": 0, "axis": "y", "origin": [-1, 3, 13.9]},
			"faces": {
				"north": {"uv": [10, 11, 12, 13], "texture": "#1"},
				"east": {"uv": [0, 0, 4, 2], "texture": "#1"},
				"south": {"uv": [12, 0, 14, 2], "texture": "#1"},
				"west": {"uv": [0, 2, 4, 4], "texture": "#1"},
				"up": {"uv": [2, 8, 0, 4], "texture": "#1"},
				"down": {"uv": [6, 0, 4, 4], "texture": "#1"}
			}
		},
		{
			"from": [-1, 4.5, -5],
			"to": [1, 6.5, -2],
			"rotation": {"angle": 0, "axis": "y", "origin": [-1, 4, -5.1]},
			"faces": {
				"north": {"uv": [12, 4, 14, 6], "texture": "#1"},
				"east": {"uv": [4, 8, 7, 10], "texture": "#1"},
				"south": {"uv": [6, 12, 8, 14], "texture": "#1"},
				"west": {"uv": [7, 8, 10, 10], "texture": "#1"},
				"up": {"uv": [12, 3, 10, 0], "texture": "#1"},
				"down": {"uv": [4, 10, 2, 13], "texture": "#1"}
			}
		},
		{
			"from": [-1, 4.5, 18],
			"to": [1, 6.5, 21],
			"rotation": {"angle": 0, "axis": "y", "origin": [-1, 4, 17.9]},
			"faces": {
				"north": {"uv": [10, 9, 12, 11], "texture": "#1"},
				"east": {"uv": [4, 6, 7, 8], "texture": "#1"},
				"south": {"uv": [0, 11, 2, 13], "texture": "#1"},
				"west": {"uv": [7, 6, 10, 8], "texture": "#1"},
				"up": {"uv": [2, 11, 0, 8], "texture": "#1"},
				"down": {"uv": [10, 2, 8, 5], "texture": "#1"}
			}
		},
		{
			"from": [-1, 5.5, 4],
			"to": [1, 7.5, 12],
			"rotation": {"angle": 0, "axis": "y", "origin": [-1, 5.5, 5]},
			"faces": {
				"north": {"uv": [4, 4, 6, 6], "texture": "#2"},
				"east": {"uv": [0, 0, 8, 2], "texture": "#2"},
				"south": {"uv": [4, 6, 6, 8], "texture": "#2"},
				"west": {"uv": [0, 2, 8, 4], "texture": "#2"},
				"up": {"uv": [2, 12, 0, 4], "texture": "#2"},
				"down": {"uv": [4, 4, 2, 12], "texture": "#2"}
			}
		}
	],
	"display": {
		"head": {
			"rotation": [0, -90, 0],
			"translation": [0, 2.5, 32],
			"scale": [3.26, 3.24, 3.24]
		},
		"fixed": {
			"rotation": [0, -90, 0],
			"translation": [0, 9.25, 30],
			"scale": [4, 4, 4]
		}
	}
}
