{
	"credit": "Made with Blockbench",
	"textures": {
		"1": "item/christmas/mswreath",
		"2": "item/christmas/candle",
		"3": "item/christmas/bow",
		"particle": "item/christmas/candle"
	},
	"elements": [
		{
			"from": [14, 24, 6],
			"to": [15, 25, 10],
			"rotation": {"angle": 0, "axis": "y", "origin": [25, 36, 8]},
			"faces": {
				"north": {"uv": [5.5, 4.375, 5.625, 4.5], "texture": "#1"},
				"east": {"uv": [6.75, 0, 7.25, 0.125], "texture": "#1"},
				"south": {"uv": [4, 6.5, 4.125, 6.625], "texture": "#1"},
				"west": {"uv": [6.75, 1, 7.25, 1.125], "texture": "#1"},
				"up": {"uv": [6.875, 5.5, 6.75, 5], "texture": "#1"},
				"down": {"uv": [7, 5, 6.875, 5.5], "texture": "#1"}
			}
		},
		{
			"from": [0, 3, 6],
			"to": [16, 6, 10],
			"rotation": {"angle": 0, "axis": "y", "origin": [8, 15, 8]},
			"faces": {
				"north": {"uv": [2, 1, 4, 1.375], "texture": "#1"},
				"east": {"uv": [5, 0.125, 5.5, 0.5], "texture": "#1"},
				"south": {"uv": [2, 1.375, 4, 1.75], "texture": "#1"},
				"west": {"uv": [2.625, 5, 3.125, 5.375], "texture": "#1"},
				"up": {"uv": [2, 0.5, 0, 0], "texture": "#1"},
				"down": {"uv": [2, 0.5, 0, 1], "texture": "#1"}
			}
		},
		{
			"from": [3, 2, 6],
			"to": [13, 3, 10],
			"rotation": {"angle": 0, "axis": "y", "origin": [8, 12, 8]},
			"faces": {
				"north": {"uv": [5.375, 3.375, 6.625, 3.5], "texture": "#1"},
				"east": {"uv": [6.75, 1.125, 7.25, 1.25], "texture": "#1"},
				"south": {"uv": [5.375, 3.5, 6.625, 3.625], "texture": "#1"},
				"west": {"uv": [6.75, 1.25, 7.25, 1.375], "texture": "#1"},
				"up": {"uv": [1.625, 3.5, 0.375, 3], "texture": "#1"},
				"down": {"uv": [4.375, 2.5, 3.125, 3], "texture": "#1"}
			}
		},
		{
			"from": [-5, 8, 6],
			"to": [-2, 24, 10],
			"rotation": {"angle": 0, "axis": "y", "origin": [5, 18, 8]},
			"faces": {
				"north": {"uv": [2, 1.75, 2.375, 3.75], "texture": "#1"},
				"east": {"uv": [0, 1, 0.5, 3], "texture": "#1"},
				"south": {"uv": [2.375, 1.75, 2.75, 3.75], "texture": "#1"},
				"west": {"uv": [0.5, 1, 1, 3], "texture": "#1"},
				"up": {"uv": [2, 3.5, 1.625, 3], "texture": "#1"},
				"down": {"uv": [0.375, 5, 0, 5.5], "texture": "#1"}
			}
		},
		{
			"from": [-6, 11, 6],
			"to": [-5, 21, 10],
			"rotation": {"angle": 0, "axis": "y", "origin": [2, 18, 8]},
			"faces": {
				"north": {"uv": [3, 5.75, 3.125, 7], "texture": "#1"},
				"east": {"uv": [3.125, 3, 3.625, 4.25], "texture": "#1"},
				"south": {"uv": [4.375, 5.75, 4.5, 7], "texture": "#1"},
				"west": {"uv": [0.375, 3.5, 0.875, 4.75], "texture": "#1"},
				"up": {"uv": [7, 6, 6.875, 5.5], "texture": "#1"},
				"down": {"uv": [6.125, 6.875, 6, 7.375], "texture": "#1"}
			}
		},
		{
			"from": [21, 11, 6],
			"to": [22, 21, 10],
			"rotation": {"angle": 0, "axis": "y", "origin": [29, 18, 8]},
			"faces": {
				"north": {"uv": [4.5, 5.75, 4.625, 7], "texture": "#1"},
				"east": {"uv": [0.875, 3.5, 1.375, 4.75], "texture": "#1"},
				"south": {"uv": [3.125, 5.875, 3.25, 7.125], "texture": "#1"},
				"west": {"uv": [1.375, 3.5, 1.875, 4.75], "texture": "#1"},
				"up": {"uv": [7, 6.5, 6.875, 6], "texture": "#1"},
				"down": {"uv": [7, 6.5, 6.875, 7], "texture": "#1"}
			}
		},
		{
			"from": [18, 8, 6],
			"to": [21, 24, 10],
			"rotation": {"angle": 0, "axis": "y", "origin": [28, 18, 8]},
			"faces": {
				"north": {"uv": [2.75, 1.75, 3.125, 3.75], "texture": "#1"},
				"east": {"uv": [1, 1, 1.5, 3], "texture": "#1"},
				"south": {"uv": [0, 3, 0.375, 5], "texture": "#1"},
				"west": {"uv": [1.5, 1, 2, 3], "texture": "#1"},
				"up": {"uv": [5.5, 2.25, 5.125, 1.75], "texture": "#1"},
				"down": {"uv": [5.5, 4, 5.125, 4.5], "texture": "#1"}
			}
		},
		{
			"from": [0, 26, 6],
			"to": [16, 29, 10],
			"rotation": {"angle": 0, "axis": "y", "origin": [8, 38, 8]},
			"faces": {
				"north": {"uv": [3.125, 1.75, 5.125, 2.125], "texture": "#1"},
				"east": {"uv": [5.125, 4.5, 5.625, 4.875], "texture": "#1"},
				"south": {"uv": [3.125, 2.125, 5.125, 2.5], "texture": "#1"},
				"west": {"uv": [5.125, 4.875, 5.625, 5.25], "texture": "#1"},
				"up": {"uv": [4, 0.5, 2, 0], "texture": "#1"},
				"down": {"uv": [4, 0.5, 2, 1], "texture": "#1"}
			}
		},
		{
			"from": [1, 27, 10],
			"to": [15, 28, 11],
			"rotation": {"angle": 0, "axis": "y", "origin": [8, 38, 9]},
			"faces": {
				"north": {"uv": [4.5, 1, 6.25, 1.125], "texture": "#1"},
				"east": {"uv": [7.25, 4, 7.375, 4.125], "texture": "#1"},
				"south": {"uv": [4.5, 1.125, 6.25, 1.25], "texture": "#1"},
				"west": {"uv": [8.25, 2.125, 8.375, 2.25], "texture": "#1"},
				"up": {"uv": [6.25, 1.375, 4.5, 1.25], "texture": "#1"},
				"down": {"uv": [6.25, 1.375, 4.5, 1.5], "texture": "#1"}
			}
		},
		{
			"from": [-1, 26, 10],
			"to": [3, 27, 11],
			"rotation": {"angle": 0, "axis": "y", "origin": [8, 38, 9]},
			"faces": {
				"north": {"uv": [6.75, 1.375, 7.25, 1.5], "texture": "#1"},
				"east": {"uv": [8.25, 2.625, 8.375, 2.75], "texture": "#1"},
				"south": {"uv": [6.875, 3.625, 7.375, 3.75], "texture": "#1"},
				"west": {"uv": [4.375, 8.25, 4.5, 8.375], "texture": "#1"},
				"up": {"uv": [7.375, 3.875, 6.875, 3.75], "texture": "#1"},
				"down": {"uv": [7.375, 3.875, 6.875, 4], "texture": "#1"}
			}
		},
		{
			"from": [13, 26, 10],
			"to": [17, 27, 11],
			"rotation": {"angle": 0, "axis": "y", "origin": [22, 38, 9]},
			"faces": {
				"north": {"uv": [7, 0.875, 7.5, 1], "texture": "#1"},
				"east": {"uv": [4.5, 8.25, 4.625, 8.375], "texture": "#1"},
				"south": {"uv": [7, 3.375, 7.5, 3.5], "texture": "#1"},
				"west": {"uv": [4.625, 8.25, 4.75, 8.375], "texture": "#1"},
				"up": {"uv": [7.5, 3.625, 7, 3.5], "texture": "#1"},
				"down": {"uv": [7.5, 4.125, 7, 4.25], "texture": "#1"}
			}
		},
		{
			"from": [-2, 25, 10],
			"to": [1, 26, 11],
			"rotation": {"angle": 0, "axis": "y", "origin": [8, 37, 9]},
			"faces": {
				"north": {"uv": [5, 7.5, 5.375, 7.625], "texture": "#1"},
				"east": {"uv": [4.75, 8.25, 4.875, 8.375], "texture": "#1"},
				"south": {"uv": [7.5, 5.125, 7.875, 5.25], "texture": "#1"},
				"west": {"uv": [4.875, 8.25, 5, 8.375], "texture": "#1"},
				"up": {"uv": [7.875, 5.375, 7.5, 5.25], "texture": "#1"},
				"down": {"uv": [7.875, 5.375, 7.5, 5.5], "texture": "#1"}
			}
		},
		{
			"from": [15, 25, 10],
			"to": [18, 26, 11],
			"rotation": {"angle": 0, "axis": "y", "origin": [25, 37, 9]},
			"faces": {
				"north": {"uv": [7.5, 5.5, 7.875, 5.625], "texture": "#1"},
				"east": {"uv": [5, 8.25, 5.125, 8.375], "texture": "#1"},
				"south": {"uv": [7.5, 5.625, 7.875, 5.75], "texture": "#1"},
				"west": {"uv": [5.125, 8.25, 5.25, 8.375], "texture": "#1"},
				"up": {"uv": [7.875, 5.875, 7.5, 5.75], "texture": "#1"},
				"down": {"uv": [7.875, 5.875, 7.5, 6], "texture": "#1"}
			}
		},
		{
			"from": [-3, 24, 10],
			"to": [0, 25, 11],
			"rotation": {"angle": 0, "axis": "y", "origin": [7, 36, 9]},
			"faces": {
				"north": {"uv": [7.5, 6, 7.875, 6.125], "texture": "#1"},
				"east": {"uv": [8.25, 5.125, 8.375, 5.25], "texture": "#1"},
				"south": {"uv": [7.5, 6.125, 7.875, 6.25], "texture": "#1"},
				"west": {"uv": [5.25, 8.25, 5.375, 8.375], "texture": "#1"},
				"up": {"uv": [7.875, 6.375, 7.5, 6.25], "texture": "#1"},
				"down": {"uv": [7.875, 7.25, 7.5, 7.375], "texture": "#1"}
			}
		},
		{
			"from": [16, 24, 10],
			"to": [19, 25, 11],
			"rotation": {"angle": 0, "axis": "y", "origin": [26, 36, 9]},
			"faces": {
				"north": {"uv": [7.5, 7.375, 7.875, 7.5], "texture": "#1"},
				"east": {"uv": [8.25, 5.25, 8.375, 5.375], "texture": "#1"},
				"south": {"uv": [7.5, 7.5, 7.875, 7.625], "texture": "#1"},
				"west": {"uv": [5.375, 8.25, 5.5, 8.375], "texture": "#1"},
				"up": {"uv": [8, 0.125, 7.625, 0], "texture": "#1"},
				"down": {"uv": [8, 0.125, 7.625, 0.25], "texture": "#1"}
			}
		},
		{
			"from": [-3, 23, 10],
			"to": [-1, 24, 11],
			"rotation": {"angle": 0, "axis": "y", "origin": [6, 35, 9]},
			"faces": {
				"north": {"uv": [2.875, 4.125, 3.125, 4.25], "texture": "#1"},
				"east": {"uv": [8.25, 5.375, 8.375, 5.5], "texture": "#1"},
				"south": {"uv": [2.625, 4.875, 2.875, 5], "texture": "#1"},
				"west": {"uv": [5.5, 8.25, 5.625, 8.375], "texture": "#1"},
				"up": {"uv": [3.375, 5.5, 3.125, 5.375], "texture": "#1"},
				"down": {"uv": [6.75, 7.875, 6.5, 8], "texture": "#1"}
			}
		},
		{
			"from": [17, 23, 10],
			"to": [19, 24, 11],
			"rotation": {"angle": 0, "axis": "y", "origin": [26, 35, 9]},
			"faces": {
				"north": {"uv": [7.875, 6.75, 8.125, 6.875], "texture": "#1"},
				"east": {"uv": [5.625, 8.25, 5.75, 8.375], "texture": "#1"},
				"south": {"uv": [7.875, 6.875, 8.125, 7], "texture": "#1"},
				"west": {"uv": [5.75, 8.25, 5.875, 8.375], "texture": "#1"},
				"up": {"uv": [7.375, 8, 7.125, 7.875], "texture": "#1"},
				"down": {"uv": [8.125, 7.25, 7.875, 7.375], "texture": "#1"}
			}
		},
		{
			"from": [-4, 21, 10],
			"to": [-2, 23, 11],
			"rotation": {"angle": 0, "axis": "y", "origin": [5, 34, 9]},
			"faces": {
				"north": {"uv": [5.25, 1.5, 5.5, 1.75], "texture": "#1"},
				"east": {"uv": [1.875, 3.5, 2, 3.75], "texture": "#1"},
				"south": {"uv": [5.5, 0.5, 5.75, 0.75], "texture": "#1"},
				"west": {"uv": [6, 5, 6.125, 5.25], "texture": "#1"},
				"up": {"uv": [8.125, 7.5, 7.875, 7.375], "texture": "#1"},
				"down": {"uv": [8.125, 7.5, 7.875, 7.625], "texture": "#1"}
			}
		},
		{
			"from": [18, 21, 10],
			"to": [20, 23, 11],
			"rotation": {"angle": 0, "axis": "y", "origin": [27, 34, 9]},
			"faces": {
				"north": {"uv": [4, 7, 4.25, 7.25], "texture": "#1"},
				"east": {"uv": [1.875, 6.25, 2, 6.5], "texture": "#1"},
				"south": {"uv": [4.375, 7, 4.625, 7.25], "texture": "#1"},
				"west": {"uv": [6.875, 7.875, 7, 8.125], "texture": "#1"},
				"up": {"uv": [8.125, 7.875, 7.875, 7.75], "texture": "#1"},
				"down": {"uv": [8.125, 7.875, 7.875, 8], "texture": "#1"}
			}
		},
		{
			"from": [-4, 11, 10],
			"to": [-3, 21, 11],
			"rotation": {"angle": 0, "axis": "y", "origin": [4, 32, 9]},
			"faces": {
				"north": {"uv": [3.25, 5.875, 3.375, 7.125], "texture": "#1"},
				"east": {"uv": [3.375, 5.875, 3.5, 7.125], "texture": "#1"},
				"south": {"uv": [3.5, 5.875, 3.625, 7.125], "texture": "#1"},
				"west": {"uv": [0, 6, 0.125, 7.25], "texture": "#1"},
				"up": {"uv": [8.375, 5.875, 8.25, 5.75], "texture": "#1"},
				"down": {"uv": [6, 8.25, 5.875, 8.375], "texture": "#1"}
			}
		},
		{
			"from": [-4, 9, 10],
			"to": [-3, 11, 11],
			"rotation": {"angle": 0, "axis": "y", "origin": [4, 32, 9]},
			"faces": {
				"north": {"uv": [7.375, 7.875, 7.5, 8.125], "texture": "#1"},
				"east": {"uv": [8, 0, 8.125, 0.25], "texture": "#1"},
				"south": {"uv": [8, 0.25, 8.125, 0.5], "texture": "#1"},
				"west": {"uv": [0.5, 8, 0.625, 8.25], "texture": "#1"},
				"up": {"uv": [8.375, 6, 8.25, 5.875], "texture": "#1"},
				"down": {"uv": [6.125, 8.25, 6, 8.375], "texture": "#1"}
			}
		},
		{
			"from": [-3, 7, 10],
			"to": [-2, 11, 11],
			"rotation": {"angle": 0, "axis": "y", "origin": [5, 30, 9]},
			"faces": {
				"north": {"uv": [3, 7, 3.125, 7.5], "texture": "#1"},
				"east": {"uv": [7, 4.75, 7.125, 5.25], "texture": "#1"},
				"south": {"uv": [7, 5.25, 7.125, 5.75], "texture": "#1"},
				"west": {"uv": [7, 5.75, 7.125, 6.25], "texture": "#1"},
				"up": {"uv": [8.375, 6.125, 8.25, 6], "texture": "#1"},
				"down": {"uv": [6.25, 8.25, 6.125, 8.375], "texture": "#1"}
			}
		},
		{
			"from": [-2, 6, 10],
			"to": [-1, 9, 11],
			"rotation": {"angle": 0, "axis": "y", "origin": [6, 28, 9]},
			"faces": {
				"north": {"uv": [6.125, 7.5, 6.25, 7.875], "texture": "#1"},
				"east": {"uv": [6.875, 7.5, 7, 7.875], "texture": "#1"},
				"south": {"uv": [7.625, 0.875, 7.75, 1.25], "texture": "#1"},
				"west": {"uv": [7.625, 1.25, 7.75, 1.625], "texture": "#1"},
				"up": {"uv": [6.375, 8.375, 6.25, 8.25], "texture": "#1"},
				"down": {"uv": [6.5, 8.25, 6.375, 8.375], "texture": "#1"}
			}
		},
		{
			"from": [-1, 5, 10],
			"to": [0, 8, 11],
			"rotation": {"angle": 0, "axis": "y", "origin": [7, 28, 9]},
			"faces": {
				"north": {"uv": [1.5, 7.625, 1.625, 8], "texture": "#1"},
				"east": {"uv": [1.625, 7.625, 1.75, 8], "texture": "#1"},
				"south": {"uv": [7.625, 1.625, 7.75, 2], "texture": "#1"},
				"west": {"uv": [1.75, 7.625, 1.875, 8], "texture": "#1"},
				"up": {"uv": [8.375, 6.5, 8.25, 6.375], "texture": "#1"},
				"down": {"uv": [6.625, 8.25, 6.5, 8.375], "texture": "#1"}
			}
		},
		{
			"from": [16, 5, 10],
			"to": [17, 8, 11],
			"rotation": {"angle": 0, "axis": "y", "origin": [24, 28, 9]},
			"faces": {
				"north": {"uv": [1.875, 7.625, 2, 8], "texture": "#1"},
				"east": {"uv": [7.625, 2, 7.75, 2.375], "texture": "#1"},
				"south": {"uv": [7.625, 2.75, 7.75, 3.125], "texture": "#1"},
				"west": {"uv": [2.875, 7.625, 3, 8], "texture": "#1"},
				"up": {"uv": [8.375, 6.625, 8.25, 6.5], "texture": "#1"},
				"down": {"uv": [8.375, 6.625, 8.25, 6.75], "texture": "#1"}
			}
		},
		{
			"from": [17, 6, 10],
			"to": [18, 9, 11],
			"rotation": {"angle": 0, "axis": "y", "origin": [25, 28, 9]},
			"faces": {
				"north": {"uv": [3.375, 7.625, 3.5, 8], "texture": "#1"},
				"east": {"uv": [7.625, 3.375, 7.75, 3.75], "texture": "#1"},
				"south": {"uv": [3.5, 7.625, 3.625, 8], "texture": "#1"},
				"west": {"uv": [7.625, 3.75, 7.75, 4.125], "texture": "#1"},
				"up": {"uv": [7, 8.375, 6.875, 8.25], "texture": "#1"},
				"down": {"uv": [7.125, 8.25, 7, 8.375], "texture": "#1"}
			}
		},
		{
			"from": [18, 7, 10],
			"to": [19, 11, 11],
			"rotation": {"angle": 0, "axis": "y", "origin": [26, 30, 9]},
			"faces": {
				"north": {"uv": [6.125, 7, 6.25, 7.5], "texture": "#1"},
				"east": {"uv": [7, 6.25, 7.125, 6.75], "texture": "#1"},
				"south": {"uv": [7, 6.75, 7.125, 7.25], "texture": "#1"},
				"west": {"uv": [6.875, 7, 7, 7.5], "texture": "#1"},
				"up": {"uv": [8.375, 7.125, 8.25, 7], "texture": "#1"},
				"down": {"uv": [8.375, 7.125, 8.25, 7.25], "texture": "#1"}
			}
		},
		{
			"from": [0, 5, 10],
			"to": [1, 7, 11],
			"rotation": {"angle": 0, "axis": "y", "origin": [8, 27, 9]},
			"faces": {
				"north": {"uv": [8, 0.5, 8.125, 0.75], "texture": "#1"},
				"east": {"uv": [0.625, 8, 0.75, 8.25], "texture": "#1"},
				"south": {"uv": [8, 0.75, 8.125, 1], "texture": "#1"},
				"west": {"uv": [8, 1, 8.125, 1.25], "texture": "#1"},
				"up": {"uv": [8.375, 7.375, 8.25, 7.25], "texture": "#1"},
				"down": {"uv": [8.375, 7.375, 8.25, 7.5], "texture": "#1"}
			}
		},
		{
			"from": [15, 5, 10],
			"to": [16, 7, 11],
			"rotation": {"angle": 0, "axis": "y", "origin": [23, 27, 9]},
			"faces": {
				"north": {"uv": [8, 1.25, 8.125, 1.5], "texture": "#1"},
				"east": {"uv": [1.375, 8, 1.5, 8.25], "texture": "#1"},
				"south": {"uv": [1.5, 8, 1.625, 8.25], "texture": "#1"},
				"west": {"uv": [8, 1.5, 8.125, 1.75], "texture": "#1"},
				"up": {"uv": [8.375, 7.625, 8.25, 7.5], "texture": "#1"},
				"down": {"uv": [8.375, 7.625, 8.25, 7.75], "texture": "#1"}
			}
		},
		{
			"from": [1, 4, 10],
			"to": [3, 6, 11],
			"rotation": {"angle": 0, "axis": "y", "origin": [9, 26, 9]},
			"faces": {
				"north": {"uv": [2.125, 7.125, 2.375, 7.375], "texture": "#1"},
				"east": {"uv": [1.625, 8, 1.75, 8.25], "texture": "#1"},
				"south": {"uv": [7.125, 2.25, 7.375, 2.5], "texture": "#1"},
				"west": {"uv": [1.75, 8, 1.875, 8.25], "texture": "#1"},
				"up": {"uv": [8.25, 1.875, 8, 1.75], "texture": "#1"},
				"down": {"uv": [8.25, 1.875, 8, 2], "texture": "#1"}
			}
		},
		{
			"from": [13, 4, 10],
			"to": [15, 6, 11],
			"rotation": {"angle": 0, "axis": "y", "origin": [21, 26, 9]},
			"faces": {
				"north": {"uv": [2.375, 7.125, 2.625, 7.375], "texture": "#1"},
				"east": {"uv": [1.875, 8, 2, 8.25], "texture": "#1"},
				"south": {"uv": [7.125, 2.5, 7.375, 2.75], "texture": "#1"},
				"west": {"uv": [8, 2, 8.125, 2.25], "texture": "#1"},
				"up": {"uv": [8.25, 2.5, 8, 2.375], "texture": "#1"},
				"down": {"uv": [8.25, 2.5, 8, 2.625], "texture": "#1"}
			}
		},
		{
			"from": [3, 4, 10],
			"to": [13, 5, 11],
			"rotation": {"angle": 0, "axis": "y", "origin": [11, 25, 9]},
			"faces": {
				"north": {"uv": [5.75, 0.875, 7, 1], "texture": "#1"},
				"east": {"uv": [8.25, 7.75, 8.375, 7.875], "texture": "#1"},
				"south": {"uv": [5.875, 3, 7.125, 3.125], "texture": "#1"},
				"west": {"uv": [8.25, 7.875, 8.375, 8], "texture": "#1"},
				"up": {"uv": [7.125, 3.25, 5.875, 3.125], "texture": "#1"},
				"down": {"uv": [7.125, 3.25, 5.875, 3.375], "texture": "#1"}
			}
		},
		{
			"from": [4, 3, 10],
			"to": [12, 4, 11],
			"rotation": {"angle": 0, "axis": "y", "origin": [11, 24, 9]},
			"faces": {
				"north": {"uv": [6, 4.125, 7, 4.25], "texture": "#1"},
				"east": {"uv": [8.25, 8, 8.375, 8.125], "texture": "#1"},
				"south": {"uv": [6, 4.25, 7, 4.375], "texture": "#1"},
				"west": {"uv": [8.125, 8.25, 8.25, 8.375], "texture": "#1"},
				"up": {"uv": [7, 4.875, 6, 4.75], "texture": "#1"},
				"down": {"uv": [7, 4.875, 6, 5], "texture": "#1"}
			}
		},
		{
			"from": [-5, 12, 10],
			"to": [-4, 20, 11],
			"rotation": {"angle": 0, "axis": "y", "origin": [3, 32, 9]},
			"faces": {
				"north": {"uv": [2.125, 6.125, 2.25, 7.125], "texture": "#1"},
				"east": {"uv": [2.25, 6.125, 2.375, 7.125], "texture": "#1"},
				"south": {"uv": [2.375, 6.125, 2.5, 7.125], "texture": "#1"},
				"west": {"uv": [2.5, 6.125, 2.625, 7.125], "texture": "#1"},
				"up": {"uv": [8.375, 8.25, 8.25, 8.125], "texture": "#1"},
				"down": {"uv": [8.375, 8.25, 8.25, 8.375], "texture": "#1"}
			}
		},
		{
			"from": [20, 12, 10],
			"to": [21, 20, 11],
			"rotation": {"angle": 0, "axis": "y", "origin": [28, 32, 9]},
			"faces": {
				"north": {"uv": [2.625, 6.125, 2.75, 7.125], "texture": "#1"},
				"east": {"uv": [2.75, 6.125, 2.875, 7.125], "texture": "#1"},
				"south": {"uv": [2.875, 6.125, 3, 7.125], "texture": "#1"},
				"west": {"uv": [6.125, 5, 6.25, 6], "texture": "#1"},
				"up": {"uv": [8.5, 0.125, 8.375, 0], "texture": "#1"},
				"down": {"uv": [8.5, 0.125, 8.375, 0.25], "texture": "#1"}
			}
		},
		{
			"from": [19, 11, 10],
			"to": [20, 21, 11],
			"rotation": {"angle": 0, "axis": "y", "origin": [27, 32, 9]},
			"faces": {
				"north": {"uv": [0.125, 6, 0.25, 7.25], "texture": "#1"},
				"east": {"uv": [0.25, 6, 0.375, 7.25], "texture": "#1"},
				"south": {"uv": [4.625, 6, 4.75, 7.25], "texture": "#1"},
				"west": {"uv": [4.75, 6, 4.875, 7.25], "texture": "#1"},
				"up": {"uv": [8.5, 0.375, 8.375, 0.25], "texture": "#1"},
				"down": {"uv": [8.5, 0.375, 8.375, 0.5], "texture": "#1"}
			}
		},
		{
			"from": [4, 28, 10],
			"to": [12, 29, 11],
			"rotation": {"angle": 0, "axis": "y", "origin": [8, 39, 9]},
			"faces": {
				"north": {"uv": [6.125, 2.25, 7.125, 2.375], "texture": "#1"},
				"east": {"uv": [0.5, 8.375, 0.625, 8.5], "texture": "#1"},
				"south": {"uv": [6.125, 2.375, 7.125, 2.5], "texture": "#1"},
				"west": {"uv": [8.375, 0.5, 8.5, 0.625], "texture": "#1"},
				"up": {"uv": [7.125, 2.625, 6.125, 2.5], "texture": "#1"},
				"down": {"uv": [7.125, 2.625, 6.125, 2.75], "texture": "#1"}
			}
		},
		{
			"from": [4, 28, 5],
			"to": [12, 29, 6],
			"rotation": {"angle": 0, "axis": "y", "origin": [8, 39, 4]},
			"faces": {
				"north": {"uv": [6.125, 2.75, 7.125, 2.875], "texture": "#1"},
				"east": {"uv": [0.625, 8.375, 0.75, 8.5], "texture": "#1"},
				"south": {"uv": [6.125, 2.875, 7.125, 3], "texture": "#1"},
				"west": {"uv": [8.375, 0.625, 8.5, 0.75], "texture": "#1"},
				"up": {"uv": [7.125, 4.5, 6.125, 4.375], "texture": "#1"},
				"down": {"uv": [7.125, 4.5, 6.125, 4.625], "texture": "#1"}
			}
		},
		{
			"from": [1, 27, 5],
			"to": [15, 28, 6],
			"rotation": {"angle": 0, "axis": "y", "origin": [8, 38, 4]},
			"faces": {
				"north": {"uv": [4.875, 3.625, 6.625, 3.75], "texture": "#1"},
				"east": {"uv": [8.375, 0.75, 8.5, 0.875], "texture": "#1"},
				"south": {"uv": [4.875, 3.75, 6.625, 3.875], "texture": "#1"},
				"west": {"uv": [8.375, 0.875, 8.5, 1], "texture": "#1"},
				"up": {"uv": [6.625, 4, 4.875, 3.875], "texture": "#1"},
				"down": {"uv": [6.75, 0, 5, 0.125], "texture": "#1"}
			}
		},
		{
			"from": [-1, 26, 5],
			"to": [3, 27, 6],
			"rotation": {"angle": 0, "axis": "y", "origin": [8, 38, 4]},
			"faces": {
				"north": {"uv": [7, 4.25, 7.5, 4.375], "texture": "#1"},
				"east": {"uv": [1, 8.375, 1.125, 8.5], "texture": "#1"},
				"south": {"uv": [7.125, 2.75, 7.625, 2.875], "texture": "#1"},
				"west": {"uv": [1.125, 8.375, 1.25, 8.5], "texture": "#1"},
				"up": {"uv": [7.625, 3, 7.125, 2.875], "texture": "#1"},
				"down": {"uv": [7.625, 3, 7.125, 3.125], "texture": "#1"}
			}
		},
		{
			"from": [-2, 25, 5],
			"to": [1, 26, 6],
			"rotation": {"angle": 0, "axis": "y", "origin": [8, 37, 4]},
			"faces": {
				"north": {"uv": [7.625, 0.25, 8, 0.375], "texture": "#1"},
				"east": {"uv": [1.25, 8.375, 1.375, 8.5], "texture": "#1"},
				"south": {"uv": [7.625, 0.375, 8, 0.5], "texture": "#1"},
				"west": {"uv": [8.375, 1.25, 8.5, 1.375], "texture": "#1"},
				"up": {"uv": [8, 4.25, 7.625, 4.125], "texture": "#1"},
				"down": {"uv": [8, 4.25, 7.625, 4.375], "texture": "#1"}
			}
		},
		{
			"from": [-3, 24, 5],
			"to": [0, 25, 6],
			"rotation": {"angle": 0, "axis": "y", "origin": [7, 36, 4]},
			"faces": {
				"north": {"uv": [4.375, 7.625, 4.75, 7.75], "texture": "#1"},
				"east": {"uv": [8.375, 1.375, 8.5, 1.5], "texture": "#1"},
				"south": {"uv": [7.625, 4.375, 8, 4.5], "texture": "#1"},
				"west": {"uv": [1.625, 8.375, 1.75, 8.5], "texture": "#1"},
				"up": {"uv": [8, 4.625, 7.625, 4.5], "texture": "#1"},
				"down": {"uv": [8, 4.625, 7.625, 4.75], "texture": "#1"}
			}
		},
		{
			"from": [-3, 23, 5],
			"to": [-1, 24, 6],
			"rotation": {"angle": 0, "axis": "y", "origin": [6, 35, 4]},
			"faces": {
				"north": {"uv": [8, 2.625, 8.25, 2.75], "texture": "#1"},
				"east": {"uv": [1.75, 8.375, 1.875, 8.5], "texture": "#1"},
				"south": {"uv": [2.875, 8, 3.125, 8.125], "texture": "#1"},
				"west": {"uv": [1.875, 8.375, 2, 8.5], "texture": "#1"},
				"up": {"uv": [3.625, 8.125, 3.375, 8], "texture": "#1"},
				"down": {"uv": [3.875, 8, 3.625, 8.125], "texture": "#1"}
			}
		},
		{
			"from": [-4, 21, 5],
			"to": [-2, 23, 6],
			"rotation": {"angle": 0, "axis": "y", "origin": [5, 34, 4]},
			"faces": {
				"north": {"uv": [2.625, 7.125, 2.875, 7.375], "texture": "#1"},
				"east": {"uv": [4, 8, 4.125, 8.25], "texture": "#1"},
				"south": {"uv": [3.125, 7.125, 3.375, 7.375], "texture": "#1"},
				"west": {"uv": [4.125, 8, 4.25, 8.25], "texture": "#1"},
				"up": {"uv": [8.25, 4.25, 8, 4.125], "texture": "#1"},
				"down": {"uv": [8.25, 4.25, 8, 4.375], "texture": "#1"}
			}
		},
		{
			"from": [-4, 11, 5],
			"to": [-3, 21, 6],
			"rotation": {"angle": 0, "axis": "y", "origin": [4, 32, 4]},
			"faces": {
				"north": {"uv": [4.875, 6, 5, 7.25], "texture": "#1"},
				"east": {"uv": [5, 6, 5.125, 7.25], "texture": "#1"},
				"south": {"uv": [5.125, 6, 5.25, 7.25], "texture": "#1"},
				"west": {"uv": [5.25, 6, 5.375, 7.25], "texture": "#1"},
				"up": {"uv": [8.5, 2, 8.375, 1.875], "texture": "#1"},
				"down": {"uv": [2.125, 8.375, 2, 8.5], "texture": "#1"}
			}
		},
		{
			"from": [-5, 12, 5],
			"to": [-4, 20, 6],
			"rotation": {"angle": 0, "axis": "y", "origin": [3, 32, 4]},
			"faces": {
				"north": {"uv": [5.625, 6.125, 5.75, 7.125], "texture": "#1"},
				"east": {"uv": [5.75, 6.125, 5.875, 7.125], "texture": "#1"},
				"south": {"uv": [5.875, 6.125, 6, 7.125], "texture": "#1"},
				"west": {"uv": [6.125, 6, 6.25, 7], "texture": "#1"},
				"up": {"uv": [8.5, 2.125, 8.375, 2], "texture": "#1"},
				"down": {"uv": [8.5, 2.125, 8.375, 2.25], "texture": "#1"}
			}
		},
		{
			"from": [-3, 7, 5],
			"to": [-2, 11, 6],
			"rotation": {"angle": 0, "axis": "y", "origin": [5, 30, 4]},
			"faces": {
				"north": {"uv": [2.875, 7.125, 3, 7.625], "texture": "#1"},
				"east": {"uv": [3.375, 7.125, 3.5, 7.625], "texture": "#1"},
				"south": {"uv": [3.5, 7.125, 3.625, 7.625], "texture": "#1"},
				"west": {"uv": [7.125, 4.375, 7.25, 4.875], "texture": "#1"},
				"up": {"uv": [8.5, 2.375, 8.375, 2.25], "texture": "#1"},
				"down": {"uv": [8.5, 2.375, 8.375, 2.5], "texture": "#1"}
			}
		},
		{
			"from": [-2, 6, 5],
			"to": [-1, 9, 6],
			"rotation": {"angle": 0, "axis": "y", "origin": [6, 28, 4]},
			"faces": {
				"north": {"uv": [4.75, 7.625, 4.875, 8], "texture": "#1"},
				"east": {"uv": [5, 7.625, 5.125, 8], "texture": "#1"},
				"south": {"uv": [5.125, 7.625, 5.25, 8], "texture": "#1"},
				"west": {"uv": [5.25, 7.625, 5.375, 8], "texture": "#1"},
				"up": {"uv": [8.5, 2.625, 8.375, 2.5], "texture": "#1"},
				"down": {"uv": [8.5, 2.625, 8.375, 2.75], "texture": "#1"}
			}
		},
		{
			"from": [-4, 9, 5],
			"to": [-3, 11, 6],
			"rotation": {"angle": 0, "axis": "y", "origin": [4, 32, 4]},
			"faces": {
				"north": {"uv": [4.375, 8, 4.5, 8.25], "texture": "#1"},
				"east": {"uv": [8, 4.375, 8.125, 4.625], "texture": "#1"},
				"south": {"uv": [4.5, 8, 4.625, 8.25], "texture": "#1"},
				"west": {"uv": [4.625, 8, 4.75, 8.25], "texture": "#1"},
				"up": {"uv": [8.5, 2.875, 8.375, 2.75], "texture": "#1"},
				"down": {"uv": [3, 8.375, 2.875, 8.5], "texture": "#1"}
			}
		},
		{
			"from": [-1, 5, 5],
			"to": [0, 8, 6],
			"rotation": {"angle": 0, "axis": "y", "origin": [7, 28, 4]},
			"faces": {
				"north": {"uv": [5.625, 7.625, 5.75, 8], "texture": "#1"},
				"east": {"uv": [5.75, 7.625, 5.875, 8], "texture": "#1"},
				"south": {"uv": [5.875, 7.625, 6, 8], "texture": "#1"},
				"west": {"uv": [7.625, 6.625, 7.75, 7], "texture": "#1"},
				"up": {"uv": [8.5, 3, 8.375, 2.875], "texture": "#1"},
				"down": {"uv": [3.125, 8.375, 3, 8.5], "texture": "#1"}
			}
		},
		{
			"from": [0, 5, 5],
			"to": [1, 7, 6],
			"rotation": {"angle": 0, "axis": "y", "origin": [8, 27, 4]},
			"faces": {
				"north": {"uv": [8, 4.625, 8.125, 4.875], "texture": "#1"},
				"east": {"uv": [4.75, 8, 4.875, 8.25], "texture": "#1"},
				"south": {"uv": [4.875, 8, 5, 8.25], "texture": "#1"},
				"west": {"uv": [8, 4.875, 8.125, 5.125], "texture": "#1"},
				"up": {"uv": [8.5, 3.125, 8.375, 3], "texture": "#1"},
				"down": {"uv": [8.5, 3.125, 8.375, 3.25], "texture": "#1"}
			}
		},
		{
			"from": [1, 4, 5],
			"to": [3, 6, 6],
			"rotation": {"angle": 0, "axis": "y", "origin": [9, 26, 4]},
			"faces": {
				"north": {"uv": [7.125, 3.125, 7.375, 3.375], "texture": "#1"},
				"east": {"uv": [5, 8, 5.125, 8.25], "texture": "#1"},
				"south": {"uv": [7.125, 4.875, 7.375, 5.125], "texture": "#1"},
				"west": {"uv": [5.125, 8, 5.25, 8.25], "texture": "#1"},
				"up": {"uv": [8.25, 5.375, 8, 5.25], "texture": "#1"},
				"down": {"uv": [8.25, 5.375, 8, 5.5], "texture": "#1"}
			}
		},
		{
			"from": [3, 4, 5],
			"to": [13, 5, 6],
			"rotation": {"angle": 0, "axis": "y", "origin": [11, 25, 4]},
			"faces": {
				"north": {"uv": [6, 0.125, 7.25, 0.25], "texture": "#1"},
				"east": {"uv": [8.375, 3.25, 8.5, 3.375], "texture": "#1"},
				"south": {"uv": [6, 0.25, 7.25, 0.375], "texture": "#1"},
				"west": {"uv": [8.375, 3.375, 8.5, 3.5], "texture": "#1"},
				"up": {"uv": [7.25, 0.5, 6, 0.375], "texture": "#1"},
				"down": {"uv": [7.25, 1.5, 6, 1.625], "texture": "#1"}
			}
		},
		{
			"from": [4, 3, 5],
			"to": [12, 4, 6],
			"rotation": {"angle": 0, "axis": "y", "origin": [11, 24, 4]},
			"faces": {
				"north": {"uv": [6.125, 4.625, 7.125, 4.75], "texture": "#1"},
				"east": {"uv": [8.375, 3.5, 8.5, 3.625], "texture": "#1"},
				"south": {"uv": [6.25, 0.5, 7.25, 0.625], "texture": "#1"},
				"west": {"uv": [8.375, 3.625, 8.5, 3.75], "texture": "#1"},
				"up": {"uv": [7.25, 0.75, 6.25, 0.625], "texture": "#1"},
				"down": {"uv": [7.25, 0.75, 6.25, 0.875], "texture": "#1"}
			}
		},
		{
			"from": [13, 4, 5],
			"to": [15, 6, 6],
			"rotation": {"angle": 0, "axis": "y", "origin": [21, 26, 4]},
			"faces": {
				"north": {"uv": [7.125, 5.125, 7.375, 5.375], "texture": "#1"},
				"east": {"uv": [5.25, 8, 5.375, 8.25], "texture": "#1"},
				"south": {"uv": [7.125, 5.375, 7.375, 5.625], "texture": "#1"},
				"west": {"uv": [8, 5.5, 8.125, 5.75], "texture": "#1"},
				"up": {"uv": [5.875, 8.125, 5.625, 8], "texture": "#1"},
				"down": {"uv": [8.25, 5.75, 8, 5.875], "texture": "#1"}
			}
		},
		{
			"from": [15, 5, 5],
			"to": [16, 7, 6],
			"rotation": {"angle": 0, "axis": "y", "origin": [23, 27, 4]},
			"faces": {
				"north": {"uv": [5.875, 8, 6, 8.25], "texture": "#1"},
				"east": {"uv": [6, 8, 6.125, 8.25], "texture": "#1"},
				"south": {"uv": [6.125, 8, 6.25, 8.25], "texture": "#1"},
				"west": {"uv": [8, 6.125, 8.125, 6.375], "texture": "#1"},
				"up": {"uv": [8.5, 3.875, 8.375, 3.75], "texture": "#1"},
				"down": {"uv": [8.5, 3.875, 8.375, 4], "texture": "#1"}
			}
		},
		{
			"from": [16, 5, 5],
			"to": [17, 8, 6],
			"rotation": {"angle": 0, "axis": "y", "origin": [24, 28, 4]},
			"faces": {
				"north": {"uv": [6.75, 7.625, 6.875, 8], "texture": "#1"},
				"east": {"uv": [7.5, 7.625, 7.625, 8], "texture": "#1"},
				"south": {"uv": [7.625, 7.625, 7.75, 8], "texture": "#1"},
				"west": {"uv": [7.75, 0.75, 7.875, 1.125], "texture": "#1"},
				"up": {"uv": [8.5, 4.125, 8.375, 4], "texture": "#1"},
				"down": {"uv": [8.5, 4.125, 8.375, 4.25], "texture": "#1"}
			}
		},
		{
			"from": [17, 6, 5],
			"to": [18, 9, 6],
			"rotation": {"angle": 0, "axis": "y", "origin": [25, 28, 4]},
			"faces": {
				"north": {"uv": [7.75, 1.125, 7.875, 1.5], "texture": "#1"},
				"east": {"uv": [1.25, 7.75, 1.375, 8.125], "texture": "#1"},
				"south": {"uv": [7.75, 1.5, 7.875, 1.875], "texture": "#1"},
				"west": {"uv": [7.75, 1.875, 7.875, 2.25], "texture": "#1"},
				"up": {"uv": [8.5, 4.375, 8.375, 4.25], "texture": "#1"},
				"down": {"uv": [4.5, 8.375, 4.375, 8.5], "texture": "#1"}
			}
		},
		{
			"from": [18, 7, 5],
			"to": [19, 11, 6],
			"rotation": {"angle": 0, "axis": "y", "origin": [26, 30, 4]},
			"faces": {
				"north": {"uv": [5.625, 7.125, 5.75, 7.625], "texture": "#1"},
				"east": {"uv": [7.125, 5.625, 7.25, 6.125], "texture": "#1"},
				"south": {"uv": [5.75, 7.125, 5.875, 7.625], "texture": "#1"},
				"west": {"uv": [5.875, 7.125, 6, 7.625], "texture": "#1"},
				"up": {"uv": [8.5, 4.5, 8.375, 4.375], "texture": "#1"},
				"down": {"uv": [4.625, 8.375, 4.5, 8.5], "texture": "#1"}
			}
		},
		{
			"from": [19, 11, 5],
			"to": [20, 21, 6],
			"rotation": {"angle": 0, "axis": "y", "origin": [27, 32, 4]},
			"faces": {
				"north": {"uv": [5.375, 6, 5.5, 7.25], "texture": "#1"},
				"east": {"uv": [5.5, 6, 5.625, 7.25], "texture": "#1"},
				"south": {"uv": [6, 5.625, 6.125, 6.875], "texture": "#1"},
				"west": {"uv": [0.75, 6.125, 0.875, 7.375], "texture": "#1"},
				"up": {"uv": [8.5, 4.625, 8.375, 4.5], "texture": "#1"},
				"down": {"uv": [4.75, 8.375, 4.625, 8.5], "texture": "#1"}
			}
		},
		{
			"from": [20, 12, 5],
			"to": [21, 20, 6],
			"rotation": {"angle": 0, "axis": "y", "origin": [28, 32, 4]},
			"faces": {
				"north": {"uv": [0.375, 6.25, 0.5, 7.25], "texture": "#1"},
				"east": {"uv": [0.5, 6.25, 0.625, 7.25], "texture": "#1"},
				"south": {"uv": [0.625, 6.25, 0.75, 7.25], "texture": "#1"},
				"west": {"uv": [1.25, 6.25, 1.375, 7.25], "texture": "#1"},
				"up": {"uv": [8.5, 4.75, 8.375, 4.625], "texture": "#1"},
				"down": {"uv": [4.875, 8.375, 4.75, 8.5], "texture": "#1"}
			}
		},
		{
			"from": [18, 21, 5],
			"to": [20, 23, 6],
			"rotation": {"angle": 0, "axis": "y", "origin": [27, 34, 4]},
			"faces": {
				"north": {"uv": [7.125, 6.125, 7.375, 6.375], "texture": "#1"},
				"east": {"uv": [6.25, 8, 6.375, 8.25], "texture": "#1"},
				"south": {"uv": [7.125, 6.375, 7.375, 6.625], "texture": "#1"},
				"west": {"uv": [6.5, 8, 6.625, 8.25], "texture": "#1"},
				"up": {"uv": [8.25, 6, 8, 5.875], "texture": "#1"},
				"down": {"uv": [8.25, 6.375, 8, 6.5], "texture": "#1"}
			}
		},
		{
			"from": [16, 24, 5],
			"to": [19, 25, 6],
			"rotation": {"angle": 0, "axis": "y", "origin": [26, 36, 4]},
			"faces": {
				"north": {"uv": [7.625, 4.75, 8, 4.875], "texture": "#1"},
				"east": {"uv": [8.375, 4.75, 8.5, 4.875], "texture": "#1"},
				"south": {"uv": [7.625, 7, 8, 7.125], "texture": "#1"},
				"west": {"uv": [4.875, 8.375, 5, 8.5], "texture": "#1"},
				"up": {"uv": [8, 7.25, 7.625, 7.125], "texture": "#1"},
				"down": {"uv": [8.125, 2.25, 7.75, 2.375], "texture": "#1"}
			}
		},
		{
			"from": [17, 23, 5],
			"to": [19, 24, 6],
			"rotation": {"angle": 0, "axis": "y", "origin": [26, 35, 4]},
			"faces": {
				"north": {"uv": [6.625, 8, 6.875, 8.125], "texture": "#1"},
				"east": {"uv": [8.375, 4.875, 8.5, 5], "texture": "#1"},
				"south": {"uv": [8, 7, 8.25, 7.125], "texture": "#1"},
				"west": {"uv": [5, 8.375, 5.125, 8.5], "texture": "#1"},
				"up": {"uv": [7.375, 8.125, 7.125, 8], "texture": "#1"},
				"down": {"uv": [8.25, 7.125, 8, 7.25], "texture": "#1"}
			}
		},
		{
			"from": [15, 25, 5],
			"to": [18, 26, 6],
			"rotation": {"angle": 0, "axis": "y", "origin": [25, 37, 4]},
			"faces": {
				"north": {"uv": [7.75, 2.75, 8.125, 2.875], "texture": "#1"},
				"east": {"uv": [8.375, 5, 8.5, 5.125], "texture": "#1"},
				"south": {"uv": [7.75, 2.875, 8.125, 3], "texture": "#1"},
				"west": {"uv": [5.125, 8.375, 5.25, 8.5], "texture": "#1"},
				"up": {"uv": [8.125, 3.125, 7.75, 3], "texture": "#1"},
				"down": {"uv": [8.125, 3.375, 7.75, 3.5], "texture": "#1"}
			}
		},
		{
			"from": [13, 26, 5],
			"to": [17, 27, 6],
			"rotation": {"angle": 0, "axis": "y", "origin": [22, 38, 4]},
			"faces": {
				"north": {"uv": [7.125, 6.625, 7.625, 6.75], "texture": "#1"},
				"east": {"uv": [8.375, 5.125, 8.5, 5.25], "texture": "#1"},
				"south": {"uv": [7.125, 6.75, 7.625, 6.875], "texture": "#1"},
				"west": {"uv": [5.25, 8.375, 5.375, 8.5], "texture": "#1"},
				"up": {"uv": [7.625, 7, 7.125, 6.875], "texture": "#1"},
				"down": {"uv": [7.625, 7, 7.125, 7.125], "texture": "#1"}
			}
		},
		{
			"from": [3, 29, 6],
			"to": [13, 30, 10],
			"rotation": {"angle": 0, "axis": "y", "origin": [8, 38, 8]},
			"faces": {
				"north": {"uv": [6, 1.625, 7.25, 1.75], "texture": "#1"},
				"east": {"uv": [7.125, 7.125, 7.625, 7.25], "texture": "#1"},
				"south": {"uv": [6, 1.75, 7.25, 1.875], "texture": "#1"},
				"west": {"uv": [0, 7.25, 0.5, 7.375], "texture": "#1"},
				"up": {"uv": [4.875, 3.5, 3.625, 3], "texture": "#1"},
				"down": {"uv": [4.875, 3.5, 3.625, 4], "texture": "#1"}
			}
		},
		{
			"from": [3, 30, 7],
			"to": [13, 31, 9],
			"rotation": {"angle": 0, "axis": "y", "origin": [8, 38, 8]},
			"faces": {
				"north": {"uv": [6, 1.875, 7.25, 2], "texture": "#1"},
				"east": {"uv": [7.5, 8, 7.75, 8.125], "texture": "#1"},
				"south": {"uv": [6, 2, 7.25, 2.125], "texture": "#1"},
				"west": {"uv": [7.875, 8, 8.125, 8.125], "texture": "#1"},
				"up": {"uv": [5.25, 1.75, 4, 1.5], "texture": "#1"},
				"down": {"uv": [5.625, 2.5, 4.375, 2.75], "texture": "#1"}
			}
		},
		{
			"from": [13, 29, 7],
			"to": [16, 30, 9],
			"rotation": {"angle": 0, "axis": "y", "origin": [17, 38, 8]},
			"faces": {
				"north": {"uv": [7.75, 3.5, 8.125, 3.625], "texture": "#1"},
				"east": {"uv": [8.125, 0, 8.375, 0.125], "texture": "#1"},
				"south": {"uv": [7.75, 3.625, 8.125, 3.75], "texture": "#1"},
				"west": {"uv": [8.125, 0.125, 8.375, 0.25], "texture": "#1"},
				"up": {"uv": [6.625, 5.75, 6.25, 5.5], "texture": "#1"},
				"down": {"uv": [6.625, 5.75, 6.25, 6], "texture": "#1"}
			}
		},
		{
			"from": [16, 28, 7],
			"to": [18, 29, 9],
			"rotation": {"angle": 0, "axis": "y", "origin": [20, 38, 8]},
			"faces": {
				"north": {"uv": [8.125, 0.25, 8.375, 0.375], "texture": "#1"},
				"east": {"uv": [8.125, 0.375, 8.375, 0.5], "texture": "#1"},
				"south": {"uv": [8.125, 0.5, 8.375, 0.625], "texture": "#1"},
				"west": {"uv": [8.125, 0.625, 8.375, 0.75], "texture": "#1"},
				"up": {"uv": [7.5, 0.25, 7.25, 0], "texture": "#1"},
				"down": {"uv": [7.5, 0.25, 7.25, 0.5], "texture": "#1"}
			}
		},
		{
			"from": [18, 27, 7],
			"to": [19, 28, 9],
			"rotation": {"angle": 0, "axis": "y", "origin": [21, 37, 8]},
			"faces": {
				"north": {"uv": [8.375, 5.25, 8.5, 5.375], "texture": "#1"},
				"east": {"uv": [8.125, 0.75, 8.375, 0.875], "texture": "#1"},
				"south": {"uv": [5.375, 8.375, 5.5, 8.5], "texture": "#1"},
				"west": {"uv": [8.125, 0.875, 8.375, 1], "texture": "#1"},
				"up": {"uv": [8.25, 1.25, 8.125, 1], "texture": "#1"},
				"down": {"uv": [1.375, 8.125, 1.25, 8.375], "texture": "#1"}
			}
		},
		{
			"from": [19, 26, 7],
			"to": [20, 27, 9],
			"rotation": {"angle": 0, "axis": "y", "origin": [22, 36, 8]},
			"faces": {
				"north": {"uv": [8.375, 5.375, 8.5, 5.5], "texture": "#1"},
				"east": {"uv": [8.125, 1.25, 8.375, 1.375], "texture": "#1"},
				"south": {"uv": [5.5, 8.375, 5.625, 8.5], "texture": "#1"},
				"west": {"uv": [8.125, 1.375, 8.375, 1.5], "texture": "#1"},
				"up": {"uv": [8.25, 1.75, 8.125, 1.5], "texture": "#1"},
				"down": {"uv": [8.25, 2, 8.125, 2.25], "texture": "#1"}
			}
		},
		{
			"from": [19, 5, 7],
			"to": [20, 6, 9],
			"rotation": {"angle": 0, "axis": "y", "origin": [22, 15, 8]},
			"faces": {
				"north": {"uv": [8.375, 5.5, 8.5, 5.625], "texture": "#1"},
				"east": {"uv": [8.125, 2.25, 8.375, 2.375], "texture": "#1"},
				"south": {"uv": [5.625, 8.375, 5.75, 8.5], "texture": "#1"},
				"west": {"uv": [8.125, 2.75, 8.375, 2.875], "texture": "#1"},
				"up": {"uv": [3, 8.375, 2.875, 8.125], "texture": "#1"},
				"down": {"uv": [8.25, 2.875, 8.125, 3.125], "texture": "#1"}
			}
		},
		{
			"from": [18, 4, 7],
			"to": [19, 5, 9],
			"rotation": {"angle": 0, "axis": "y", "origin": [21, 14, 8]},
			"faces": {
				"north": {"uv": [8.375, 5.625, 8.5, 5.75], "texture": "#1"},
				"east": {"uv": [3.375, 8.125, 3.625, 8.25], "texture": "#1"},
				"south": {"uv": [5.75, 8.375, 5.875, 8.5], "texture": "#1"},
				"west": {"uv": [8.125, 3.375, 8.375, 3.5], "texture": "#1"},
				"up": {"uv": [3.125, 8.375, 3, 8.125], "texture": "#1"},
				"down": {"uv": [8.25, 3.5, 8.125, 3.75], "texture": "#1"}
			}
		},
		{
			"from": [16, 3, 7],
			"to": [18, 4, 9],
			"rotation": {"angle": 0, "axis": "y", "origin": [19, 13, 8]},
			"faces": {
				"north": {"uv": [3.625, 8.125, 3.875, 8.25], "texture": "#1"},
				"east": {"uv": [8.125, 3.75, 8.375, 3.875], "texture": "#1"},
				"south": {"uv": [8.125, 3.875, 8.375, 4], "texture": "#1"},
				"west": {"uv": [8.125, 4, 8.375, 4.125], "texture": "#1"},
				"up": {"uv": [0.75, 7.5, 0.5, 7.25], "texture": "#1"},
				"down": {"uv": [7.5, 0.5, 7.25, 0.75], "texture": "#1"}
			}
		},
		{
			"from": [13, 2, 7],
			"to": [16, 3, 9],
			"rotation": {"angle": 0, "axis": "y", "origin": [16, 12, 8]},
			"faces": {
				"north": {"uv": [7.75, 3.75, 8.125, 3.875], "texture": "#1"},
				"east": {"uv": [8.125, 4.375, 8.375, 4.5], "texture": "#1"},
				"south": {"uv": [7.75, 3.875, 8.125, 4], "texture": "#1"},
				"west": {"uv": [8.125, 4.5, 8.375, 4.625], "texture": "#1"},
				"up": {"uv": [6.625, 6.25, 6.25, 6], "texture": "#1"},
				"down": {"uv": [6.625, 6.25, 6.25, 6.5], "texture": "#1"}
			}
		},
		{
			"from": [3, 1, 7],
			"to": [13, 2, 9],
			"rotation": {"angle": 0, "axis": "y", "origin": [13, 11, 8]},
			"faces": {
				"north": {"uv": [6, 2.125, 7.25, 2.25], "texture": "#1"},
				"east": {"uv": [8.125, 4.625, 8.375, 4.75], "texture": "#1"},
				"south": {"uv": [6, 4, 7.25, 4.125], "texture": "#1"},
				"west": {"uv": [8.125, 4.75, 8.375, 4.875], "texture": "#1"},
				"up": {"uv": [5.625, 3, 4.375, 2.75], "texture": "#1"},
				"down": {"uv": [5.75, 0.75, 4.5, 1], "texture": "#1"}
			}
		},
		{
			"from": [0, 2, 7],
			"to": [3, 3, 9],
			"rotation": {"angle": 0, "axis": "y", "origin": [10, 12, 8]},
			"faces": {
				"north": {"uv": [7.75, 4, 8.125, 4.125], "texture": "#1"},
				"east": {"uv": [8.125, 4.875, 8.375, 5], "texture": "#1"},
				"south": {"uv": [4.375, 7.75, 4.75, 7.875], "texture": "#1"},
				"west": {"uv": [8.125, 5, 8.375, 5.125], "texture": "#1"},
				"up": {"uv": [1.75, 6.75, 1.375, 6.5], "texture": "#1"},
				"down": {"uv": [4, 6.5, 3.625, 6.75], "texture": "#1"}
			}
		},
		{
			"from": [-2, 3, 7],
			"to": [0, 4, 9],
			"rotation": {"angle": 0, "axis": "y", "origin": [7, 13, 8]},
			"faces": {
				"north": {"uv": [5.375, 8.125, 5.625, 8.25], "texture": "#1"},
				"east": {"uv": [8.125, 5.5, 8.375, 5.625], "texture": "#1"},
				"south": {"uv": [5.625, 8.125, 5.875, 8.25], "texture": "#1"},
				"west": {"uv": [8.125, 5.625, 8.375, 5.75], "texture": "#1"},
				"up": {"uv": [7.5, 1.25, 7.25, 1], "texture": "#1"},
				"down": {"uv": [7.5, 1.25, 7.25, 1.5], "texture": "#1"}
			}
		},
		{
			"from": [-3, 4, 7],
			"to": [-2, 5, 9],
			"rotation": {"angle": 0, "axis": "y", "origin": [5, 14, 8]},
			"faces": {
				"north": {"uv": [8.375, 5.75, 8.5, 5.875], "texture": "#1"},
				"east": {"uv": [8.125, 6.125, 8.375, 6.25], "texture": "#1"},
				"south": {"uv": [5.875, 8.375, 6, 8.5], "texture": "#1"},
				"west": {"uv": [8.125, 6.25, 8.375, 6.375], "texture": "#1"},
				"up": {"uv": [6.75, 8.375, 6.625, 8.125], "texture": "#1"},
				"down": {"uv": [6.875, 8.125, 6.75, 8.375], "texture": "#1"}
			}
		},
		{
			"from": [-4, 5, 7],
			"to": [-3, 6, 9],
			"rotation": {"angle": 0, "axis": "y", "origin": [4, 15, 8]},
			"faces": {
				"north": {"uv": [8.375, 5.875, 8.5, 6], "texture": "#1"},
				"east": {"uv": [8.125, 6.75, 8.375, 6.875], "texture": "#1"},
				"south": {"uv": [6, 8.375, 6.125, 8.5], "texture": "#1"},
				"west": {"uv": [6.875, 8.125, 7.125, 8.25], "texture": "#1"},
				"up": {"uv": [7.25, 8.375, 7.125, 8.125], "texture": "#1"},
				"down": {"uv": [7.375, 8.125, 7.25, 8.375], "texture": "#1"}
			}
		},
		{
			"from": [-5, 6, 7],
			"to": [-4, 8, 9],
			"rotation": {"angle": 0, "axis": "y", "origin": [3, 16, 8]},
			"faces": {
				"north": {"uv": [8.125, 7.25, 8.25, 7.5], "texture": "#1"},
				"east": {"uv": [7.25, 1.5, 7.5, 1.75], "texture": "#1"},
				"south": {"uv": [7.375, 8.125, 7.5, 8.375], "texture": "#1"},
				"west": {"uv": [7.25, 1.75, 7.5, 2], "texture": "#1"},
				"up": {"uv": [7.625, 8.375, 7.5, 8.125], "texture": "#1"},
				"down": {"uv": [8.25, 7.5, 8.125, 7.75], "texture": "#1"}
			}
		},
		{
			"from": [-6, 8, 7],
			"to": [-5, 11, 9],
			"rotation": {"angle": 0, "axis": "y", "origin": [2, 19, 8]},
			"faces": {
				"north": {"uv": [5.375, 7.75, 5.5, 8.125], "texture": "#1"},
				"east": {"uv": [2.875, 3.75, 3.125, 4.125], "texture": "#1"},
				"south": {"uv": [5.5, 7.75, 5.625, 8.125], "texture": "#1"},
				"west": {"uv": [2.625, 4.5, 2.875, 4.875], "texture": "#1"},
				"up": {"uv": [7.75, 8.375, 7.625, 8.125], "texture": "#1"},
				"down": {"uv": [7.875, 8.125, 7.75, 8.375], "texture": "#1"}
			}
		},
		{
			"from": [-7, 11, 7],
			"to": [-6, 21, 9],
			"rotation": {"angle": 0, "axis": "y", "origin": [1, 22, 8]},
			"faces": {
				"north": {"uv": [0.875, 6.125, 1, 7.375], "texture": "#1"},
				"east": {"uv": [3.375, 4.25, 3.625, 5.5], "texture": "#1"},
				"south": {"uv": [1, 6.125, 1.125, 7.375], "texture": "#1"},
				"west": {"uv": [1.875, 4.5, 2.125, 5.75], "texture": "#1"},
				"up": {"uv": [8.25, 8, 8.125, 7.75], "texture": "#1"},
				"down": {"uv": [8, 8.125, 7.875, 8.375], "texture": "#1"}
			}
		},
		{
			"from": [-6, 21, 7],
			"to": [-5, 24, 9],
			"rotation": {"angle": 0, "axis": "y", "origin": [2, 32, 8]},
			"faces": {
				"north": {"uv": [7.75, 6.625, 7.875, 7], "texture": "#1"},
				"east": {"uv": [3.125, 5, 3.375, 5.375], "texture": "#1"},
				"south": {"uv": [7, 7.75, 7.125, 8.125], "texture": "#1"},
				"west": {"uv": [4.125, 6.25, 4.375, 6.625], "texture": "#1"},
				"up": {"uv": [8.125, 8.375, 8, 8.125], "texture": "#1"},
				"down": {"uv": [8.25, 8, 8.125, 8.25], "texture": "#1"}
			}
		},
		{
			"from": [-5, 24, 7],
			"to": [-4, 26, 9],
			"rotation": {"angle": 0, "axis": "y", "origin": [3, 35, 8]},
			"faces": {
				"north": {"uv": [0, 8.25, 0.125, 8.5], "texture": "#1"},
				"east": {"uv": [7.25, 2, 7.5, 2.25], "texture": "#1"},
				"south": {"uv": [0.125, 8.25, 0.25, 8.5], "texture": "#1"},
				"west": {"uv": [4, 7.25, 4.25, 7.5], "texture": "#1"},
				"up": {"uv": [0.375, 8.5, 0.25, 8.25], "texture": "#1"},
				"down": {"uv": [0.5, 8.25, 0.375, 8.5], "texture": "#1"}
			}
		},
		{
			"from": [-4, 26, 7],
			"to": [-3, 27, 9],
			"rotation": {"angle": 0, "axis": "y", "origin": [4, 37, 8]},
			"faces": {
				"north": {"uv": [8.375, 6, 8.5, 6.125], "texture": "#1"},
				"east": {"uv": [8.125, 6.875, 8.375, 7], "texture": "#1"},
				"south": {"uv": [6.125, 8.375, 6.25, 8.5], "texture": "#1"},
				"west": {"uv": [0.5, 8.25, 0.75, 8.375], "texture": "#1"},
				"up": {"uv": [0.875, 8.5, 0.75, 8.25], "texture": "#1"},
				"down": {"uv": [1, 8.25, 0.875, 8.5], "texture": "#1"}
			}
		},
		{
			"from": [-3, 27, 7],
			"to": [-2, 28, 9],
			"rotation": {"angle": 0, "axis": "y", "origin": [5, 38, 8]},
			"faces": {
				"north": {"uv": [8.375, 6.125, 8.5, 6.25], "texture": "#1"},
				"east": {"uv": [1, 8.25, 1.25, 8.375], "texture": "#1"},
				"south": {"uv": [6.25, 8.375, 6.375, 8.5], "texture": "#1"},
				"west": {"uv": [8.25, 1, 8.5, 1.125], "texture": "#1"},
				"up": {"uv": [1.5, 8.5, 1.375, 8.25], "texture": "#1"},
				"down": {"uv": [1.625, 8.25, 1.5, 8.5], "texture": "#1"}
			}
		},
		{
			"from": [-2, 28, 7],
			"to": [0, 29, 9],
			"rotation": {"angle": 0, "axis": "y", "origin": [7, 39, 8]},
			"faces": {
				"north": {"uv": [8.25, 1.125, 8.5, 1.25], "texture": "#1"},
				"east": {"uv": [8.25, 1.5, 8.5, 1.625], "texture": "#1"},
				"south": {"uv": [1.625, 8.25, 1.875, 8.375], "texture": "#1"},
				"west": {"uv": [8.25, 1.625, 8.5, 1.75], "texture": "#1"},
				"up": {"uv": [4.625, 7.5, 4.375, 7.25], "texture": "#1"},
				"down": {"uv": [7.5, 4.375, 7.25, 4.625], "texture": "#1"}
			}
		},
		{
			"from": [0, 29, 7],
			"to": [3, 30, 9],
			"rotation": {"angle": 0, "axis": "y", "origin": [10, 40, 8]},
			"faces": {
				"north": {"uv": [7.125, 7.75, 7.5, 7.875], "texture": "#1"},
				"east": {"uv": [8.25, 1.75, 8.5, 1.875], "texture": "#1"},
				"south": {"uv": [7.75, 7.625, 8.125, 7.75], "texture": "#1"},
				"west": {"uv": [1.875, 8.25, 2.125, 8.375], "texture": "#1"},
				"up": {"uv": [6.625, 6.75, 6.25, 6.5], "texture": "#1"},
				"down": {"uv": [7, 3.375, 6.625, 3.625], "texture": "#1"}
			}
		},
		{
			"from": [20, 24, 7],
			"to": [21, 26, 9],
			"rotation": {"angle": 0, "axis": "y", "origin": [23, 34, 8]},
			"faces": {
				"north": {"uv": [8.25, 1.875, 8.375, 2.125], "texture": "#1"},
				"east": {"uv": [4.625, 7.25, 4.875, 7.5], "texture": "#1"},
				"south": {"uv": [2.125, 8.25, 2.25, 8.5], "texture": "#1"},
				"west": {"uv": [7.25, 4.625, 7.5, 4.875], "texture": "#1"},
				"up": {"uv": [2.375, 8.5, 2.25, 8.25], "texture": "#1"},
				"down": {"uv": [2.5, 8.25, 2.375, 8.5], "texture": "#1"}
			}
		},
		{
			"from": [20, 6, 7],
			"to": [21, 8, 9],
			"rotation": {"angle": 0, "axis": "y", "origin": [23, 16, 8]},
			"faces": {
				"north": {"uv": [8.25, 2.375, 8.375, 2.625], "texture": "#1"},
				"east": {"uv": [4.875, 7.25, 5.125, 7.5], "texture": "#1"},
				"south": {"uv": [2.5, 8.25, 2.625, 8.5], "texture": "#1"},
				"west": {"uv": [5.125, 7.25, 5.375, 7.5], "texture": "#1"},
				"up": {"uv": [2.75, 8.5, 2.625, 8.25], "texture": "#1"},
				"down": {"uv": [2.875, 8.25, 2.75, 8.5], "texture": "#1"}
			}
		},
		{
			"from": [21, 21, 7],
			"to": [22, 24, 9],
			"rotation": {"angle": 0, "axis": "y", "origin": [24, 31, 8]},
			"faces": {
				"north": {"uv": [7.75, 7.75, 7.875, 8.125], "texture": "#1"},
				"east": {"uv": [1.75, 6.5, 2, 6.875], "texture": "#1"},
				"south": {"uv": [0, 7.875, 0.125, 8.25], "texture": "#1"},
				"west": {"uv": [6.625, 3.625, 6.875, 4], "texture": "#1"},
				"up": {"uv": [8.375, 3.125, 8.25, 2.875], "texture": "#1"},
				"down": {"uv": [3.25, 8.25, 3.125, 8.5], "texture": "#1"}
			}
		},
		{
			"from": [21, 8, 7],
			"to": [22, 11, 9],
			"rotation": {"angle": 0, "axis": "y", "origin": [24, 18, 8]},
			"faces": {
				"north": {"uv": [0.125, 7.875, 0.25, 8.25], "texture": "#1"},
				"east": {"uv": [4, 6.625, 4.25, 7], "texture": "#1"},
				"south": {"uv": [0.25, 7.875, 0.375, 8.25], "texture": "#1"},
				"west": {"uv": [6.625, 5.5, 6.875, 5.875], "texture": "#1"},
				"up": {"uv": [8.375, 3.375, 8.25, 3.125], "texture": "#1"},
				"down": {"uv": [3.375, 8.25, 3.25, 8.5], "texture": "#1"}
			}
		},
		{
			"from": [22, 11, 7],
			"to": [23, 21, 9],
			"rotation": {"angle": 0, "axis": "y", "origin": [25, 28, 8]},
			"faces": {
				"north": {"uv": [1.125, 6.125, 1.25, 7.375], "texture": "#1"},
				"east": {"uv": [2.125, 4.5, 2.375, 5.75], "texture": "#1"},
				"south": {"uv": [2, 6.125, 2.125, 7.375], "texture": "#1"},
				"west": {"uv": [2.375, 4.5, 2.625, 5.75], "texture": "#1"},
				"up": {"uv": [3.5, 8.5, 3.375, 8.25], "texture": "#1"},
				"down": {"uv": [3.625, 8.25, 3.5, 8.5], "texture": "#1"}
			}
		},
		{
			"from": [-2, 25, 6],
			"to": [-1, 28, 10],
			"rotation": {"angle": 0, "axis": "y", "origin": [9, 38, 8]},
			"faces": {
				"north": {"uv": [0.375, 7.875, 0.5, 8.25], "texture": "#1"},
				"east": {"uv": [4.625, 5.25, 5.125, 5.625], "texture": "#1"},
				"south": {"uv": [0.75, 7.875, 0.875, 8.25], "texture": "#1"},
				"west": {"uv": [5.125, 5.25, 5.625, 5.625], "texture": "#1"},
				"up": {"uv": [6.875, 7.625, 6.75, 7.125], "texture": "#1"},
				"down": {"uv": [1.375, 7.25, 1.25, 7.75], "texture": "#1"}
			}
		},
		{
			"from": [-2, 4, 6],
			"to": [-1, 7, 10],
			"rotation": {"angle": 0, "axis": "y", "origin": [9, 16, 8]},
			"faces": {
				"north": {"uv": [7.875, 0.75, 8, 1.125], "texture": "#1"},
				"east": {"uv": [0.375, 5.375, 0.875, 5.75], "texture": "#1"},
				"south": {"uv": [0.875, 7.875, 1, 8.25], "texture": "#1"},
				"west": {"uv": [0.875, 5.375, 1.375, 5.75], "texture": "#1"},
				"up": {"uv": [5.5, 7.75, 5.375, 7.25], "texture": "#1"},
				"down": {"uv": [5.625, 7.25, 5.5, 7.75], "texture": "#1"}
			}
		},
		{
			"from": [-2, 7, 6],
			"to": [-1, 12, 10],
			"rotation": {"angle": 0, "axis": "y", "origin": [9, 18, 8]},
			"faces": {
				"north": {"uv": [3.875, 6.75, 4, 7.375], "texture": "#1"},
				"east": {"uv": [4.625, 4, 5.125, 4.625], "texture": "#1"},
				"south": {"uv": [6.75, 5.875, 6.875, 6.5], "texture": "#1"},
				"west": {"uv": [4.625, 4.625, 5.125, 5.25], "texture": "#1"},
				"up": {"uv": [7.375, 6.125, 7.25, 5.625], "texture": "#1"},
				"down": {"uv": [7.125, 7.25, 7, 7.75], "texture": "#1"}
			}
		},
		{
			"from": [17, 7, 6],
			"to": [18, 12, 10],
			"rotation": {"angle": 0, "axis": "y", "origin": [28, 18, 8]},
			"faces": {
				"north": {"uv": [6.25, 6.75, 6.375, 7.375], "texture": "#1"},
				"east": {"uv": [0.375, 4.75, 0.875, 5.375], "texture": "#1"},
				"south": {"uv": [6.375, 6.75, 6.5, 7.375], "texture": "#1"},
				"west": {"uv": [0.875, 4.75, 1.375, 5.375], "texture": "#1"},
				"up": {"uv": [7.25, 7.75, 7.125, 7.25], "texture": "#1"},
				"down": {"uv": [7.375, 7.25, 7.25, 7.75], "texture": "#1"}
			}
		},
		{
			"from": [-2, 20, 6],
			"to": [-1, 25, 10],
			"rotation": {"angle": 0, "axis": "y", "origin": [9, 36, 8]},
			"faces": {
				"north": {"uv": [6.5, 6.75, 6.625, 7.375], "texture": "#1"},
				"east": {"uv": [1.375, 4.75, 1.875, 5.375], "texture": "#1"},
				"south": {"uv": [6.75, 6.5, 6.875, 7.125], "texture": "#1"},
				"west": {"uv": [3.625, 4.75, 4.125, 5.375], "texture": "#1"},
				"up": {"uv": [0.125, 7.875, 0, 7.375], "texture": "#1"},
				"down": {"uv": [0.25, 7.375, 0.125, 7.875], "texture": "#1"}
			}
		},
		{
			"from": [17, 20, 6],
			"to": [18, 25, 10],
			"rotation": {"angle": 0, "axis": "y", "origin": [28, 36, 8]},
			"faces": {
				"north": {"uv": [1.75, 6.875, 1.875, 7.5], "texture": "#1"},
				"east": {"uv": [4.125, 4.75, 4.625, 5.375], "texture": "#1"},
				"south": {"uv": [1.875, 6.875, 2, 7.5], "texture": "#1"},
				"west": {"uv": [4.875, 3, 5.375, 3.625], "texture": "#1"},
				"up": {"uv": [0.375, 7.875, 0.25, 7.375], "texture": "#1"},
				"down": {"uv": [0.5, 7.375, 0.375, 7.875], "texture": "#1"}
			}
		},
		{
			"from": [17, 25, 6],
			"to": [18, 28, 10],
			"rotation": {"angle": 0, "axis": "y", "origin": [28, 38, 8]},
			"faces": {
				"north": {"uv": [1, 7.875, 1.125, 8.25], "texture": "#1"},
				"east": {"uv": [1.375, 5.375, 1.875, 5.75], "texture": "#1"},
				"south": {"uv": [1.125, 7.875, 1.25, 8.25], "texture": "#1"},
				"west": {"uv": [2.625, 5.375, 3.125, 5.75], "texture": "#1"},
				"up": {"uv": [0.875, 7.875, 0.75, 7.375], "texture": "#1"},
				"down": {"uv": [1, 7.375, 0.875, 7.875], "texture": "#1"}
			}
		},
		{
			"from": [17, 4, 6],
			"to": [18, 7, 10],
			"rotation": {"angle": 0, "axis": "y", "origin": [28, 16, 8]},
			"faces": {
				"north": {"uv": [7.875, 1.125, 8, 1.5], "texture": "#1"},
				"east": {"uv": [5.375, 3, 5.875, 3.375], "texture": "#1"},
				"south": {"uv": [7.875, 1.5, 8, 1.875], "texture": "#1"},
				"west": {"uv": [3.625, 5.375, 4.125, 5.75], "texture": "#1"},
				"up": {"uv": [1.125, 7.875, 1, 7.375], "texture": "#1"},
				"down": {"uv": [1.25, 7.375, 1.125, 7.875], "texture": "#1"}
			}
		},
		{
			"from": [18, 24, 6],
			"to": [19, 27, 10],
			"rotation": {"angle": 0, "axis": "y", "origin": [29, 38, 8]},
			"faces": {
				"north": {"uv": [7.875, 1.875, 8, 2.25], "texture": "#1"},
				"east": {"uv": [4.125, 5.375, 4.625, 5.75], "texture": "#1"},
				"south": {"uv": [2, 7.875, 2.125, 8.25], "texture": "#1"},
				"west": {"uv": [5.5, 0.125, 6, 0.5], "texture": "#1"},
				"up": {"uv": [2.125, 7.875, 2, 7.375], "texture": "#1"},
				"down": {"uv": [2.25, 7.375, 2.125, 7.875], "texture": "#1"}
			}
		},
		{
			"from": [19, 24, 6],
			"to": [20, 26, 10],
			"rotation": {"angle": 0, "axis": "y", "origin": [30, 38, 8]},
			"faces": {
				"north": {"uv": [8.25, 3.5, 8.375, 3.75], "texture": "#1"},
				"east": {"uv": [5, 0.5, 5.5, 0.75], "texture": "#1"},
				"south": {"uv": [3.625, 8.25, 3.75, 8.5], "texture": "#1"},
				"west": {"uv": [5.125, 2.25, 5.625, 2.5], "texture": "#1"},
				"up": {"uv": [2.375, 7.875, 2.25, 7.375], "texture": "#1"},
				"down": {"uv": [7.5, 2.25, 7.375, 2.75], "texture": "#1"}
			}
		},
		{
			"from": [18, 5, 6],
			"to": [19, 8, 10],
			"rotation": {"angle": 0, "axis": "y", "origin": [30, 17, 8]},
			"faces": {
				"north": {"uv": [2.125, 7.875, 2.25, 8.25], "texture": "#1"},
				"east": {"uv": [5.5, 1.5, 6, 1.875], "texture": "#1"},
				"south": {"uv": [2.25, 7.875, 2.375, 8.25], "texture": "#1"},
				"west": {"uv": [5.5, 1.875, 6, 2.25], "texture": "#1"},
				"up": {"uv": [2.5, 7.875, 2.375, 7.375], "texture": "#1"},
				"down": {"uv": [2.625, 7.375, 2.5, 7.875], "texture": "#1"}
			}
		},
		{
			"from": [19, 6, 6],
			"to": [20, 8, 10],
			"rotation": {"angle": 0, "axis": "y", "origin": [31, 17, 8]},
			"faces": {
				"north": {"uv": [3.75, 8.25, 3.875, 8.5], "texture": "#1"},
				"east": {"uv": [6.25, 1, 6.75, 1.25], "texture": "#1"},
				"south": {"uv": [3.875, 8.25, 4, 8.5], "texture": "#1"},
				"west": {"uv": [6.25, 1.25, 6.75, 1.5], "texture": "#1"},
				"up": {"uv": [2.75, 7.875, 2.625, 7.375], "texture": "#1"},
				"down": {"uv": [2.875, 7.375, 2.75, 7.875], "texture": "#1"}
			}
		},
		{
			"from": [-3, 24, 6],
			"to": [-2, 27, 10],
			"rotation": {"angle": 0, "axis": "y", "origin": [8, 38, 8]},
			"faces": {
				"north": {"uv": [2.375, 7.875, 2.5, 8.25], "texture": "#1"},
				"east": {"uv": [3.125, 5.5, 3.625, 5.875], "texture": "#1"},
				"south": {"uv": [2.5, 7.875, 2.625, 8.25], "texture": "#1"},
				"west": {"uv": [5.5, 4, 6, 4.375], "texture": "#1"},
				"up": {"uv": [3.25, 7.875, 3.125, 7.375], "texture": "#1"},
				"down": {"uv": [3.375, 7.375, 3.25, 7.875], "texture": "#1"}
			}
		},
		{
			"from": [-4, 24, 6],
			"to": [-3, 26, 10],
			"rotation": {"angle": 0, "axis": "y", "origin": [7, 38, 8]},
			"faces": {
				"north": {"uv": [4, 8.25, 4.125, 8.5], "texture": "#1"},
				"east": {"uv": [1.375, 6.25, 1.875, 6.5], "texture": "#1"},
				"south": {"uv": [4.125, 8.25, 4.25, 8.5], "texture": "#1"},
				"west": {"uv": [3.625, 6.25, 4.125, 6.5], "texture": "#1"},
				"up": {"uv": [7.5, 4.125, 7.375, 3.625], "texture": "#1"},
				"down": {"uv": [4, 7.375, 3.875, 7.875], "texture": "#1"}
			}
		},
		{
			"from": [-3, 5, 6],
			"to": [-2, 8, 10],
			"rotation": {"angle": 0, "axis": "y", "origin": [8, 17, 8]},
			"faces": {
				"north": {"uv": [2.625, 7.875, 2.75, 8.25], "texture": "#1"},
				"east": {"uv": [5.625, 2.25, 6.125, 2.625], "texture": "#1"},
				"south": {"uv": [2.75, 7.875, 2.875, 8.25], "texture": "#1"},
				"west": {"uv": [5.625, 2.625, 6.125, 3], "texture": "#1"},
				"up": {"uv": [4.375, 7.875, 4.25, 7.375], "texture": "#1"},
				"down": {"uv": [7.5, 4.875, 7.375, 5.375], "texture": "#1"}
			}
		},
		{
			"from": [-4, 6, 6],
			"to": [-3, 8, 10],
			"rotation": {"angle": 0, "axis": "y", "origin": [7, 17, 8]},
			"faces": {
				"north": {"uv": [8.25, 4.125, 8.375, 4.375], "texture": "#1"},
				"east": {"uv": [6.25, 5, 6.75, 5.25], "texture": "#1"},
				"south": {"uv": [4.25, 8.25, 4.375, 8.5], "texture": "#1"},
				"west": {"uv": [6.25, 5.25, 6.75, 5.5], "texture": "#1"},
				"up": {"uv": [7.5, 5.875, 7.375, 5.375], "texture": "#1"},
				"down": {"uv": [7.5, 5.875, 7.375, 6.375], "texture": "#1"}
			}
		},
		{
			"from": [-1, 4, 6],
			"to": [0, 10, 10],
			"rotation": {"angle": 0, "axis": "y", "origin": [10, 18, 8]},
			"faces": {
				"north": {"uv": [4.25, 6.625, 4.375, 7.375], "texture": "#1"},
				"east": {"uv": [1.875, 3.75, 2.375, 4.5], "texture": "#1"},
				"south": {"uv": [6.625, 5.875, 6.75, 6.625], "texture": "#1"},
				"west": {"uv": [2.375, 3.75, 2.875, 4.5], "texture": "#1"},
				"up": {"uv": [6.125, 7.875, 6, 7.375], "texture": "#1"},
				"down": {"uv": [6.375, 7.375, 6.25, 7.875], "texture": "#1"}
			}
		},
		{
			"from": [0, 6, 6],
			"to": [1, 9, 10],
			"rotation": {"angle": 0, "axis": "y", "origin": [11, 18, 8]},
			"faces": {
				"north": {"uv": [3.125, 7.875, 3.25, 8.25], "texture": "#1"},
				"east": {"uv": [5.625, 4.375, 6.125, 4.75], "texture": "#1"},
				"south": {"uv": [3.25, 7.875, 3.375, 8.25], "texture": "#1"},
				"west": {"uv": [4.625, 5.625, 5.125, 6], "texture": "#1"},
				"up": {"uv": [6.5, 7.875, 6.375, 7.375], "texture": "#1"},
				"down": {"uv": [6.625, 7.375, 6.5, 7.875], "texture": "#1"}
			}
		},
		{
			"from": [1, 7, 6],
			"to": [2, 8, 10],
			"rotation": {"angle": 0, "axis": "y", "origin": [12, 18, 8]},
			"faces": {
				"north": {"uv": [8.375, 6.25, 8.5, 6.375], "texture": "#1"},
				"east": {"uv": [7.25, 0.75, 7.75, 0.875], "texture": "#1"},
				"south": {"uv": [6.375, 8.375, 6.5, 8.5], "texture": "#1"},
				"west": {"uv": [7.375, 3.125, 7.875, 3.25], "texture": "#1"},
				"up": {"uv": [6.75, 7.875, 6.625, 7.375], "texture": "#1"},
				"down": {"uv": [7.5, 7.25, 7.375, 7.75], "texture": "#1"}
			}
		},
		{
			"from": [14, 7, 6],
			"to": [15, 8, 10],
			"rotation": {"angle": 0, "axis": "y", "origin": [25, 18, 8]},
			"faces": {
				"north": {"uv": [8.375, 6.375, 8.5, 6.5], "texture": "#1"},
				"east": {"uv": [7.375, 3.25, 7.875, 3.375], "texture": "#1"},
				"south": {"uv": [6.5, 8.375, 6.625, 8.5], "texture": "#1"},
				"west": {"uv": [7.375, 6.375, 7.875, 6.5], "texture": "#1"},
				"up": {"uv": [7.625, 0.5, 7.5, 0], "texture": "#1"},
				"down": {"uv": [0.625, 7.5, 0.5, 8], "texture": "#1"}
			}
		},
		{
			"from": [1, 6, 6],
			"to": [4, 7, 10],
			"rotation": {"angle": 0, "axis": "y", "origin": [12, 18, 8]},
			"faces": {
				"north": {"uv": [7.875, 3.125, 8.25, 3.25], "texture": "#1"},
				"east": {"uv": [7.375, 6.5, 7.875, 6.625], "texture": "#1"},
				"south": {"uv": [7.875, 3.25, 8.25, 3.375], "texture": "#1"},
				"west": {"uv": [7.5, 0.5, 8, 0.625], "texture": "#1"},
				"up": {"uv": [0.375, 6, 0, 5.5], "texture": "#1"},
				"down": {"uv": [6, 4.75, 5.625, 5.25], "texture": "#1"}
			}
		},
		{
			"from": [16, 4, 6],
			"to": [17, 10, 10],
			"rotation": {"angle": 0, "axis": "y", "origin": [27, 18, 8]},
			"faces": {
				"north": {"uv": [6.625, 6.625, 6.75, 7.375], "texture": "#1"},
				"east": {"uv": [4, 0, 4.5, 0.75], "texture": "#1"},
				"south": {"uv": [1.375, 6.75, 1.5, 7.5], "texture": "#1"},
				"west": {"uv": [4, 0.75, 4.5, 1.5], "texture": "#1"},
				"up": {"uv": [0.75, 8, 0.625, 7.5], "texture": "#1"},
				"down": {"uv": [7.625, 0.875, 7.5, 1.375], "texture": "#1"}
			}
		},
		{
			"from": [15, 6, 6],
			"to": [16, 9, 10],
			"rotation": {"angle": 0, "axis": "y", "origin": [26, 18, 8]},
			"faces": {
				"north": {"uv": [3.875, 7.875, 4, 8.25], "texture": "#1"},
				"east": {"uv": [5.125, 5.625, 5.625, 6], "texture": "#1"},
				"south": {"uv": [4.25, 7.875, 4.375, 8.25], "texture": "#1"},
				"west": {"uv": [5.625, 5.25, 6.125, 5.625], "texture": "#1"},
				"up": {"uv": [1.5, 8, 1.375, 7.5], "texture": "#1"},
				"down": {"uv": [7.625, 1.375, 7.5, 1.875], "texture": "#1"}
			}
		},
		{
			"from": [12, 6, 6],
			"to": [15, 7, 10],
			"rotation": {"angle": 0, "axis": "y", "origin": [25, 18, 8]},
			"faces": {
				"north": {"uv": [4.375, 7.875, 4.75, 8], "texture": "#1"},
				"east": {"uv": [7.5, 0.625, 8, 0.75], "texture": "#1"},
				"south": {"uv": [7.875, 5.125, 8.25, 5.25], "texture": "#1"},
				"west": {"uv": [1.5, 7.5, 2, 7.625], "texture": "#1"},
				"up": {"uv": [6, 6.125, 5.625, 5.625], "texture": "#1"},
				"down": {"uv": [0.75, 5.75, 0.375, 6.25], "texture": "#1"}
			}
		},
		{
			"from": [-1, 22, 6],
			"to": [0, 28, 10],
			"rotation": {"angle": 0, "axis": "y", "origin": [10, 37, 8]},
			"faces": {
				"north": {"uv": [1.5, 6.75, 1.625, 7.5], "texture": "#1"},
				"east": {"uv": [3.625, 4, 4.125, 4.75], "texture": "#1"},
				"south": {"uv": [1.625, 6.75, 1.75, 7.5], "texture": "#1"},
				"west": {"uv": [4.125, 4, 4.625, 4.75], "texture": "#1"},
				"up": {"uv": [7.625, 2.375, 7.5, 1.875], "texture": "#1"},
				"down": {"uv": [3.125, 7.5, 3, 8], "texture": "#1"}
			}
		},
		{
			"from": [0, 23, 6],
			"to": [1, 26, 10],
			"rotation": {"angle": 0, "axis": "y", "origin": [11, 37, 8]},
			"faces": {
				"north": {"uv": [7.875, 5.25, 8, 5.625], "texture": "#1"},
				"east": {"uv": [5.75, 0.5, 6.25, 0.875], "texture": "#1"},
				"south": {"uv": [7.875, 5.625, 8, 6], "texture": "#1"},
				"west": {"uv": [0.75, 5.75, 1.25, 6.125], "texture": "#1"},
				"up": {"uv": [7.625, 3.875, 7.5, 3.375], "texture": "#1"},
				"down": {"uv": [3.75, 7.5, 3.625, 8], "texture": "#1"}
			}
		},
		{
			"from": [1, 24, 6],
			"to": [2, 25, 10],
			"rotation": {"angle": 0, "axis": "y", "origin": [12, 37, 8]},
			"faces": {
				"north": {"uv": [8.375, 6.5, 8.5, 6.625], "texture": "#1"},
				"east": {"uv": [7.5, 2.375, 8, 2.5], "texture": "#1"},
				"south": {"uv": [6.625, 8.375, 6.75, 8.5], "texture": "#1"},
				"west": {"uv": [7.5, 2.5, 8, 2.625], "texture": "#1"},
				"up": {"uv": [3.875, 8, 3.75, 7.5], "texture": "#1"},
				"down": {"uv": [7.625, 3.875, 7.5, 4.375], "texture": "#1"}
			}
		},
		{
			"from": [1, 25, 6],
			"to": [4, 26, 10],
			"rotation": {"angle": 0, "axis": "y", "origin": [12, 37, 8]},
			"faces": {
				"north": {"uv": [6, 7.875, 6.375, 8], "texture": "#1"},
				"east": {"uv": [7.5, 2.625, 8, 2.75], "texture": "#1"},
				"south": {"uv": [7.875, 6, 8.25, 6.125], "texture": "#1"},
				"west": {"uv": [4.375, 7.5, 4.875, 7.625], "texture": "#1"},
				"up": {"uv": [1.625, 6.25, 1.25, 5.75], "texture": "#1"},
				"down": {"uv": [2, 5.75, 1.625, 6.25], "texture": "#1"}
			}
		},
		{
			"from": [16, 22, 6],
			"to": [17, 28, 10],
			"rotation": {"angle": 0, "axis": "y", "origin": [27, 37, 8]},
			"faces": {
				"north": {"uv": [3.625, 6.75, 3.75, 7.5], "texture": "#1"},
				"east": {"uv": [2.875, 4.25, 3.375, 5], "texture": "#1"},
				"south": {"uv": [3.75, 6.75, 3.875, 7.5], "texture": "#1"},
				"west": {"uv": [4.5, 0, 5, 0.75], "texture": "#1"},
				"up": {"uv": [4.125, 8, 4, 7.5], "texture": "#1"},
				"down": {"uv": [4.25, 7.5, 4.125, 8], "texture": "#1"}
			}
		},
		{
			"from": [15, 23, 6],
			"to": [16, 26, 10],
			"rotation": {"angle": 0, "axis": "y", "origin": [26, 37, 8]},
			"faces": {
				"north": {"uv": [7.875, 6.125, 8, 6.5], "texture": "#1"},
				"east": {"uv": [2, 5.75, 2.5, 6.125], "texture": "#1"},
				"south": {"uv": [6.375, 7.875, 6.5, 8.25], "texture": "#1"},
				"west": {"uv": [2.5, 5.75, 3, 6.125], "texture": "#1"},
				"up": {"uv": [7.625, 4.875, 7.5, 4.375], "texture": "#1"},
				"down": {"uv": [5, 7.5, 4.875, 8], "texture": "#1"}
			}
		},
		{
			"from": [12, 25, 6],
			"to": [15, 26, 10],
			"rotation": {"angle": 0, "axis": "y", "origin": [25, 37, 8]},
			"faces": {
				"north": {"uv": [7.875, 6.5, 8.25, 6.625], "texture": "#1"},
				"east": {"uv": [7.5, 4.875, 8, 5], "texture": "#1"},
				"south": {"uv": [7.875, 6.625, 8.25, 6.75], "texture": "#1"},
				"west": {"uv": [7.5, 5, 8, 5.125], "texture": "#1"},
				"up": {"uv": [4, 6.25, 3.625, 5.75], "texture": "#1"},
				"down": {"uv": [4.375, 5.75, 4, 6.25], "texture": "#1"}
			}
		},
		{
			"from": [6.25, 6, 6.25],
			"to": [9.75, 18, 9.75],
			"rotation": {"angle": 0, "axis": "y", "origin": [7, 6, 7]},
			"faces": {
				"north": {"uv": [0, 0, 2, 6], "texture": "#2"},
				"east": {"uv": [2, 0, 4, 6], "texture": "#2"},
				"south": {"uv": [4, 0, 6, 6], "texture": "#2"},
				"west": {"uv": [0, 6, 2, 12], "texture": "#2"},
				"up": {"uv": [8, 2, 6, 0], "texture": "#2"},
				"down": {"uv": [4, 6, 2, 8], "texture": "#2"}
			}
		},
		{
			"from": [7, 18, 7],
			"to": [9, 20, 9],
			"rotation": {"angle": 0, "axis": "y", "origin": [7, 9, 7]},
			"faces": {
				"north": {"uv": [6, 2, 7, 3], "texture": "#2"},
				"east": {"uv": [6, 3, 7, 4], "texture": "#2"},
				"south": {"uv": [4, 6, 5, 7], "texture": "#2"},
				"west": {"uv": [6, 4, 7, 5], "texture": "#2"},
				"up": {"uv": [6, 7, 5, 6], "texture": "#2"},
				"down": {"uv": [7, 5, 6, 6], "texture": "#2"}
			}
		},
		{
			"from": [8.52124, -2.25676, 11],
			"to": [11.52124, 1.74324, 11.25],
			"rotation": {"angle": 22.5, "axis": "z", "origin": [8.11522, 2.07507, 11.1875]},
			"faces": {
				"north": {"uv": [0, 0, 3, 4], "texture": "#3"},
				"east": {"uv": [9, 4, 9.25, 8], "texture": "#3"},
				"south": {"uv": [3, 0, 6, 4], "texture": "#3"},
				"west": {"uv": [6, 9, 6.25, 13], "texture": "#3"},
				"up": {"uv": [13, 4.25, 10, 4], "texture": "#3"},
				"down": {"uv": [13, 5, 10, 5.25], "texture": "#3"}
			}
		},
		{
			"from": [4.64854, -2.11031, 11],
			"to": [7.64854, 1.88969, 11.25],
			"rotation": {"angle": -22.5, "axis": "z", "origin": [8.11522, 2.07507, 11.1875]},
			"faces": {
				"north": {"uv": [0, 4, 3, 8], "texture": "#3"},
				"east": {"uv": [7, 9, 7.25, 13], "texture": "#3"},
				"south": {"uv": [3, 4, 6, 8], "texture": "#3"},
				"west": {"uv": [8, 9, 8.25, 13], "texture": "#3"},
				"up": {"uv": [13, 6.25, 10, 6], "texture": "#3"},
				"down": {"uv": [13, 7, 10, 7.25], "texture": "#3"}
			}
		},
		{
			"from": [4, 2, 11],
			"to": [7, 5, 11.25],
			"rotation": {"angle": 0, "axis": "y", "origin": [8.11522, 2.07507, 11.1875]},
			"faces": {
				"north": {"uv": [6, 0, 9, 3], "texture": "#3"},
				"east": {"uv": [4, 10, 4.25, 13], "texture": "#3"},
				"south": {"uv": [6, 3, 9, 6], "texture": "#3"},
				"west": {"uv": [5, 10, 5.25, 13], "texture": "#3"},
				"up": {"uv": [13, 8.25, 10, 8], "texture": "#3"},
				"down": {"uv": [12, 10, 9, 10.25], "texture": "#3"}
			}
		},
		{
			"from": [9, 2, 11],
			"to": [12, 5, 11.25],
			"rotation": {"angle": 0, "axis": "y", "origin": [8.11522, 2.07507, 11.1875]},
			"faces": {
				"north": {"uv": [6, 6, 9, 9], "texture": "#3"},
				"east": {"uv": [0, 11, 0.25, 14], "texture": "#3"},
				"south": {"uv": [0, 8, 3, 11], "texture": "#3"},
				"west": {"uv": [1, 11, 1.25, 14], "texture": "#3"},
				"up": {"uv": [13, 9.25, 10, 9], "texture": "#3"},
				"down": {"uv": [12, 11, 9, 11.25], "texture": "#3"}
			}
		},
		{
			"from": [6.5, 1, 11],
			"to": [9.5, 3, 11.5],
			"rotation": {"angle": 0, "axis": "y", "origin": [8.11522, 2.07507, 11.1875]},
			"faces": {
				"north": {"uv": [3, 8, 6, 10], "texture": "#3"},
				"east": {"uv": [9, 8, 9.5, 10], "texture": "#3"},
				"south": {"uv": [9, 0, 12, 2], "texture": "#3"},
				"west": {"uv": [3, 10, 3.5, 12], "texture": "#3"},
				"up": {"uv": [12, 2.5, 9, 2], "texture": "#3"},
				"down": {"uv": [12, 3, 9, 3.5], "texture": "#3"}
			}
		},
		{
			"from": [8.52124, -2.25676, 4.75],
			"to": [11.52124, 1.74324, 5],
			"rotation": {"angle": 22.5, "axis": "z", "origin": [8.11522, 2.07507, 4.9375]},
			"faces": {
				"north": {"uv": [0, 0, 3, 4], "texture": "#3"},
				"east": {"uv": [9, 4, 9.25, 8], "texture": "#3"},
				"south": {"uv": [3, 0, 6, 4], "texture": "#3"},
				"west": {"uv": [6, 9, 6.25, 13], "texture": "#3"},
				"up": {"uv": [13, 4.25, 10, 4], "texture": "#3"},
				"down": {"uv": [13, 5, 10, 5.25], "texture": "#3"}
			}
		},
		{
			"from": [4.64854, -2.11031, 4.75],
			"to": [7.64854, 1.88969, 5],
			"rotation": {"angle": -22.5, "axis": "z", "origin": [8.11522, 2.07507, 4.9375]},
			"faces": {
				"north": {"uv": [0, 4, 3, 8], "texture": "#3"},
				"east": {"uv": [7, 9, 7.25, 13], "texture": "#3"},
				"south": {"uv": [3, 4, 6, 8], "texture": "#3"},
				"west": {"uv": [8, 9, 8.25, 13], "texture": "#3"},
				"up": {"uv": [13, 6.25, 10, 6], "texture": "#3"},
				"down": {"uv": [13, 7, 10, 7.25], "texture": "#3"}
			}
		},
		{
			"from": [4, 2, 4.75],
			"to": [7, 5, 5],
			"rotation": {"angle": 0, "axis": "y", "origin": [8.11522, 2.07507, 4.9375]},
			"faces": {
				"north": {"uv": [6, 0, 9, 3], "texture": "#3"},
				"east": {"uv": [4, 10, 4.25, 13], "texture": "#3"},
				"south": {"uv": [6, 3, 9, 6], "texture": "#3"},
				"west": {"uv": [5, 10, 5.25, 13], "texture": "#3"},
				"up": {"uv": [13, 8.25, 10, 8], "texture": "#3"},
				"down": {"uv": [12, 10, 9, 10.25], "texture": "#3"}
			}
		},
		{
			"from": [9, 2, 4.75],
			"to": [12, 5, 5],
			"rotation": {"angle": 0, "axis": "y", "origin": [8.11522, 2.07507, 4.9375]},
			"faces": {
				"north": {"uv": [6, 6, 9, 9], "texture": "#3"},
				"east": {"uv": [0, 11, 0.25, 14], "texture": "#3"},
				"south": {"uv": [0, 8, 3, 11], "texture": "#3"},
				"west": {"uv": [1, 11, 1.25, 14], "texture": "#3"},
				"up": {"uv": [13, 9.25, 10, 9], "texture": "#3"},
				"down": {"uv": [12, 11, 9, 11.25], "texture": "#3"}
			}
		},
		{
			"from": [6.5, 1, 4.5],
			"to": [9.5, 3, 5],
			"rotation": {"angle": 0, "axis": "y", "origin": [8.11522, 2.07507, 4.6875]},
			"faces": {
				"north": {"uv": [3, 8, 6, 10], "texture": "#3"},
				"east": {"uv": [9, 8, 9.5, 10], "texture": "#3"},
				"south": {"uv": [9, 0, 12, 2], "texture": "#3"},
				"west": {"uv": [3, 10, 3.5, 12], "texture": "#3"},
				"up": {"uv": [12, 2.5, 9, 2], "texture": "#3"},
				"down": {"uv": [12, 3, 9, 3.5], "texture": "#3"}
			}
		}
	],
	"display": {},
	"groups": [
		{
			"name": "Wreath",
			"origin": [25, 37, 8],
			"color": 0,
			"children": [
				0,
				1,
				2,
				3,
				4,
				5,
				6,
				7,
				8,
				9,
				10,
				11,
				12,
				13,
				14,
				15,
				16,
				17,
				18,
				19,
				20,
				21,
				22,
				23,
				24,
				25,
				26,
				27,
				28,
				29,
				30,
				31,
				32,
				33,
				34,
				35,
				36,
				37,
				38,
				39,
				40,
				41,
				42,
				43,
				44,
				45,
				46,
				47,
				48,
				49,
				50,
				51,
				52,
				53,
				54,
				55,
				56,
				57,
				58,
				59,
				60,
				61,
				62,
				63,
				64,
				65,
				66,
				67,
				68,
				69,
				70,
				71,
				72,
				73,
				74,
				75,
				76,
				77,
				78,
				79,
				80,
				81,
				82,
				83,
				84,
				85,
				86,
				87,
				88,
				89,
				90,
				91,
				92,
				93,
				94,
				95,
				96,
				97,
				98,
				99,
				100,
				101,
				102,
				103,
				104,
				105,
				106,
				107,
				108,
				109,
				110,
				111,
				112,
				113,
				114,
				115,
				116,
				117,
				118,
				119,
				120,
				121,
				122,
				123,
				124,
				125
			]
		},
		{
			"name": "Candle",
			"origin": [7, 9, 7],
			"color": 0,
			"children": [126, 127]
		},
		{
			"name": "Bow",
			"origin": [7, 1, 11],
			"color": 0,
			"children": [128, 129, 130, 131, 132]
		},
		{
			"name": "Bow",
			"origin": [7, 1, 11],
			"color": 0,
			"children": [133, 134, 135, 136, 137]
		}
	]
}
