{
	"format_version": "1.21.6",
	"credit": "made by bellymustache for rcthemepark",
	"textures": {
  		"1": "mcicore:wdw/epcot/props/main_entrance/epcot_text",
  		"2": "mcicore:wdw/epcot/props/main_entrance/epcot_plaque",
  		"3": "mcicore:wdw/epcot/props/main_entrance/epcot_sign"
	},
	"elements": [
		{
			"from": [6.25, 0, 7.5],
			"to": [9.75, 7.75, 8.5],
			"rotation": {"angle": 0, "axis": "y", "origin": [6, 3, 6]},
			"faces": {
				"north": {"uv": [0, 0, 3.5, 7.75], "texture": "#3"},
				"east": {"uv": [6, 8, 7, 15.75], "texture": "#3"},
				"south": {"uv": [4, 0, 7.5, 7.75], "texture": "#3"},
				"west": {"uv": [7, 8, 8, 15.75], "texture": "#3"},
				"up": {"uv": [14.5, 1, 11, 0], "texture": "#3"},
				"down": {"uv": [14.5, 1, 11, 2], "texture": "#3"}
			}
		},
		{
			"from": [5.5, 0, 7.25],
			"to": [6.25, 8, 8.75],
			"rotation": {"angle": 0, "axis": "y", "origin": [5.5, 3, 6]},
			"faces": {
				"north": {"uv": [8, 8, 8.75, 16], "texture": "#3"},
				"east": {"uv": [0, 8, 1.5, 16], "texture": "#3"},
				"south": {"uv": [9, 8, 9.75, 16], "texture": "#3"},
				"west": {"uv": [8, 0, 9.5, 8], "texture": "#3"},
				"up": {"uv": [11.75, 3.5, 11, 2], "texture": "#3"},
				"down": {"uv": [11.75, 4, 11, 5.5], "texture": "#3"}
			}
		},
		{
			"from": [9.75, 0, 7.25],
			"to": [10.5, 8, 8.75],
			"rotation": {"angle": 0, "axis": "y", "origin": [10.5, 3, 6]},
			"faces": {
				"north": {"uv": [10, 0, 10.75, 8], "texture": "#3"},
				"east": {"uv": [2, 8, 3.5, 16], "texture": "#3"},
				"south": {"uv": [10, 8, 10.75, 16], "texture": "#3"},
				"west": {"uv": [4, 8, 5.5, 16], "texture": "#3"},
				"up": {"uv": [11.75, 7.5, 11, 6], "texture": "#3"},
				"down": {"uv": [11.75, 8, 11, 9.5], "texture": "#3"}
			}
		},
		{
			"from": [6.25, 1.5, 7.475],
			"to": [9.75, 7.75, 7.475],
			"rotation": {"angle": 0, "axis": "y", "origin": [7.75, 1.5, 5.475]},
			"faces": {
				"north": {"uv": [0, 0, 7, 12.5], "texture": "#1"},
				"east": {"uv": [0, 0, 0, 12.5], "texture": "#1"},
				"south": {"uv": [8, 0, 15, 12.5], "texture": "#1"},
				"west": {"uv": [0, 0, 0, 12.5], "texture": "#1"},
				"up": {"uv": [7, 0, 0, 0], "texture": "#1"},
				"down": {"uv": [7, 0, 0, 0], "texture": "#1"}
			}
		},
		{
			"from": [6.25, 1.5, 7.475],
			"to": [9.75, 7.75, 7.475],
			"rotation": {"angle": 0, "axis": "y", "origin": [7.75, 1.5, 5.475]},
			"faces": {
				"north": {"uv": [0, 0, 7, 12.5], "texture": "#2"},
				"east": {"uv": [0, 0, 0, 12.5], "texture": "#2"},
				"south": {"uv": [8, 0, 15, 12.5], "texture": "#2"},
				"west": {"uv": [0, 0, 0, 12.5], "texture": "#2"},
				"up": {"uv": [7, 0, 0, 0], "texture": "#2"},
				"down": {"uv": [7, 0, 0, 0], "texture": "#2"}
			}
		}
	]
}