{
	"credit": "Made with Blockbench",
	"texture_size": [32, 32],
	"textures": {
		"0": "item/custom/christmasheadbandtexture1",
		"1": "item/custom/christmasheadbandtexture2",
		"particle": "item/custom/christmasheadbandtexture1"
	},
	"elements": [
		{
			"from": [0, 13, 9],
			"to": [1, 24, 10],
			"rotation": {"angle": 0, "axis": "y", "origin": [0, 13, 0]},
			"faces": {
				"north": {"uv": [0, 7, 0.5, 12.5], "texture": "#0"},
				"east": {"uv": [7, 0, 7.5, 5.5], "texture": "#0"},
				"south": {"uv": [0.5, 7, 1, 12.5], "texture": "#0"},
				"west": {"uv": [1, 7, 1.5, 12.5], "texture": "#0"},
				"up": {"uv": [11, 3.5, 10.5, 3], "texture": "#0"},
				"down": {"uv": [12.5, 9, 12, 9.5], "texture": "#0"}
			}
		},
		{
			"from": [4, 24, 9],
			"to": [12, 25, 10],
			"rotation": {"angle": 0, "axis": "y", "origin": [0, 13, 0]},
			"faces": {
				"north": {"uv": [3.5, 7, 7.5, 7.5], "texture": "#0"},
				"east": {"uv": [9.5, 12, 10, 12.5], "texture": "#0"},
				"south": {"uv": [7, 5.5, 11, 6], "texture": "#0"},
				"west": {"uv": [12, 9.5, 12.5, 10], "texture": "#0"},
				"up": {"uv": [11, 6.5, 7, 6], "texture": "#0"},
				"down": {"uv": [11, 6.5, 7, 7], "texture": "#0"}
			}
		},
		{
			"from": [15, 13, 9],
			"to": [16, 24, 10],
			"rotation": {"angle": 0, "axis": "y", "origin": [0, 13, 0]},
			"faces": {
				"north": {"uv": [1.5, 7, 2, 12.5], "texture": "#0"},
				"east": {"uv": [2, 7, 2.5, 12.5], "texture": "#0"},
				"south": {"uv": [2.5, 7, 3, 12.5], "texture": "#0"},
				"west": {"uv": [3, 7, 3.5, 12.5], "texture": "#0"},
				"up": {"uv": [10.5, 12.5, 10, 12], "texture": "#0"},
				"down": {"uv": [11, 12, 10.5, 12.5], "texture": "#0"}
			}
		},
		{
			"from": [7, 23.3, 7.6],
			"to": [9, 25.3, 8.6],
			"rotation": {"angle": 0, "axis": "y", "origin": [7, 23.4, 7.6]},
			"faces": {
				"north": {"uv": [2, 0, 3, 1], "texture": "#1"},
				"east": {"uv": [4.5, 1, 5, 2], "texture": "#1"},
				"south": {"uv": [2, 1, 3, 2], "texture": "#1"},
				"west": {"uv": [1.5, 4.5, 2, 5.5], "texture": "#1"},
				"up": {"uv": [5, 3.5, 4, 3], "texture": "#1"},
				"down": {"uv": [3, 4.5, 2, 5], "texture": "#1"}
			}
		},
		{
			"from": [9.5, 23.3, 8.6],
			"to": [10.5, 23.8, 9.1],
			"rotation": {"angle": 0, "axis": "y", "origin": [11.5, 23.3, 8.6]},
			"faces": {
				"north": {"uv": [1, 7, 1.5, 7.25], "texture": "#1"},
				"east": {"uv": [3.5, 8, 3.75, 8.25], "texture": "#1"},
				"south": {"uv": [7, 1, 7.5, 1.25], "texture": "#1"},
				"west": {"uv": [8, 3.5, 8.25, 3.75], "texture": "#1"},
				"up": {"uv": [2, 7.25, 1.5, 7], "texture": "#1"},
				"down": {"uv": [7.5, 1.5, 7, 1.75], "texture": "#1"}
			}
		},
		{
			"from": [5.5, 25.8, 8.6],
			"to": [6.5, 26.3, 9.1],
			"rotation": {"angle": 0, "axis": "y", "origin": [7.5, 25.8, 8.6]},
			"faces": {
				"north": {"uv": [0, 7, 0.5, 7.25], "texture": "#1"},
				"east": {"uv": [3, 8, 3.25, 8.25], "texture": "#1"},
				"south": {"uv": [7, 0, 7.5, 0.25], "texture": "#1"},
				"west": {"uv": [8, 3, 8.25, 3.25], "texture": "#1"},
				"up": {"uv": [1, 7.25, 0.5, 7], "texture": "#1"},
				"down": {"uv": [7.5, 0.5, 7, 0.75], "texture": "#1"}
			}
		},
		{
			"from": [5.5, 23.3, 8.6],
			"to": [6.5, 23.8, 9.1],
			"rotation": {"angle": 0, "axis": "y", "origin": [7.5, 23.3, 8.6]},
			"faces": {
				"north": {"uv": [6.5, 5.5, 7, 5.75], "texture": "#1"},
				"east": {"uv": [2.5, 8, 2.75, 8.25], "texture": "#1"},
				"south": {"uv": [6, 6.5, 6.5, 6.75], "texture": "#1"},
				"west": {"uv": [8, 2.5, 8.25, 2.75], "texture": "#1"},
				"up": {"uv": [7, 6.25, 6.5, 6], "texture": "#1"},
				"down": {"uv": [7, 6.5, 6.5, 6.75], "texture": "#1"}
			}
		},
		{
			"from": [9.5, 25.8, 8.6],
			"to": [10.5, 26.3, 9.1],
			"rotation": {"angle": 0, "axis": "y", "origin": [11.5, 25.8, 8.6]},
			"faces": {
				"north": {"uv": [6.5, 4.5, 7, 4.75], "texture": "#1"},
				"east": {"uv": [2, 8, 2.25, 8.25], "texture": "#1"},
				"south": {"uv": [5, 6.5, 5.5, 6.75], "texture": "#1"},
				"west": {"uv": [8, 2, 8.25, 2.25], "texture": "#1"},
				"up": {"uv": [7, 5.25, 6.5, 5], "texture": "#1"},
				"down": {"uv": [6, 6.5, 5.5, 6.75], "texture": "#1"}
			}
		},
		{
			"from": [9, 24.3, 8.1],
			"to": [9.5, 25.3, 9.6],
			"rotation": {"angle": 0, "axis": "y", "origin": [11, 24.3, 8.1]},
			"faces": {
				"north": {"uv": [6.5, 4, 6.75, 4.5], "texture": "#1"},
				"east": {"uv": [5, 1, 5.75, 1.5], "texture": "#1"},
				"south": {"uv": [4.5, 6.5, 4.75, 7], "texture": "#1"},
				"west": {"uv": [5, 1.5, 5.75, 2], "texture": "#1"},
				"up": {"uv": [1.25, 6.75, 1, 6], "texture": "#1"},
				"down": {"uv": [6.25, 1, 6, 1.75], "texture": "#1"}
			}
		},
		{
			"from": [5.5, 23.8, 8.1],
			"to": [6.5, 25.8, 9.6],
			"rotation": {"angle": 0, "axis": "y", "origin": [7.5, 23.8, 8.1]},
			"faces": {
				"north": {"uv": [0, 4.5, 0.5, 5.5], "texture": "#1"},
				"east": {"uv": [3.5, 3.5, 4.25, 4.5], "texture": "#1"},
				"south": {"uv": [4.5, 0, 5, 1], "texture": "#1"},
				"west": {"uv": [0.5, 4, 1.25, 5], "texture": "#1"},
				"up": {"uv": [1, 5.75, 0.5, 5], "texture": "#1"},
				"down": {"uv": [1.5, 5, 1, 5.75], "texture": "#1"}
			}
		},
		{
			"from": [9.5, 23.8, 8.1],
			"to": [10.5, 25.8, 9.6],
			"rotation": {"angle": 0, "axis": "y", "origin": [11.5, 23.8, 8.1]},
			"faces": {
				"north": {"uv": [4, 1, 4.5, 2], "texture": "#1"},
				"east": {"uv": [1.5, 3.5, 2.25, 4.5], "texture": "#1"},
				"south": {"uv": [4, 2, 4.5, 3], "texture": "#1"},
				"west": {"uv": [2.5, 3.5, 3.25, 4.5], "texture": "#1"},
				"up": {"uv": [5, 5.25, 4.5, 4.5], "texture": "#1"},
				"down": {"uv": [5.5, 0, 5, 0.75], "texture": "#1"}
			}
		},
		{
			"from": [4, 23.8, 8.1],
			"to": [4.5, 25.8, 9.6],
			"rotation": {"angle": 0, "axis": "y", "origin": [6, 23.8, 8.1]},
			"faces": {
				"north": {"uv": [5.5, 3, 5.75, 4], "texture": "#1"},
				"east": {"uv": [3, 2.5, 3.75, 3.5], "texture": "#1"},
				"south": {"uv": [3.5, 5.5, 3.75, 6.5], "texture": "#1"},
				"west": {"uv": [3.5, 0, 4.25, 1], "texture": "#1"},
				"up": {"uv": [6.25, 0.75, 6, 0], "texture": "#1"},
				"down": {"uv": [0.75, 6, 0.5, 6.75], "texture": "#1"}
			}
		},
		{
			"from": [11.5, 23.8, 8.1],
			"to": [12, 25.8, 9.6],
			"rotation": {"angle": 0, "axis": "y", "origin": [13.5, 23.8, 8.1]},
			"faces": {
				"north": {"uv": [2.5, 5.5, 2.75, 6.5], "texture": "#1"},
				"east": {"uv": [0.5, 3, 1.25, 4], "texture": "#1"},
				"south": {"uv": [3, 5.5, 3.25, 6.5], "texture": "#1"},
				"west": {"uv": [3, 1.5, 3.75, 2.5], "texture": "#1"},
				"up": {"uv": [4.75, 6.25, 4.5, 5.5], "texture": "#1"},
				"down": {"uv": [5.75, 5, 5.5, 5.75], "texture": "#1"}
			}
		},
		{
			"from": [10.5, 23.3, 8.1],
			"to": [11.5, 26.3, 9.6],
			"rotation": {"angle": 0, "axis": "y", "origin": [12.5, 23.3, 8.1]},
			"faces": {
				"north": {"uv": [0, 3, 0.5, 4.5], "texture": "#1"},
				"east": {"uv": [0, 1.5, 0.75, 3], "texture": "#1"},
				"south": {"uv": [3, 0, 3.5, 1.5], "texture": "#1"},
				"west": {"uv": [1, 1.5, 1.75, 3], "texture": "#1"},
				"up": {"uv": [5, 4.25, 4.5, 3.5], "texture": "#1"},
				"down": {"uv": [4.5, 4.5, 4, 5.25], "texture": "#1"}
			}
		},
		{
			"from": [4.5, 23.3, 8.1],
			"to": [5.5, 26.3, 9.6],
			"rotation": {"angle": 0, "axis": "y", "origin": [6.5, 23.3, 8.1]},
			"faces": {
				"north": {"uv": [2, 2, 2.5, 3.5], "texture": "#1"},
				"east": {"uv": [0, 0, 0.75, 1.5], "texture": "#1"},
				"south": {"uv": [2.5, 2, 3, 3.5], "texture": "#1"},
				"west": {"uv": [1, 0, 1.75, 1.5], "texture": "#1"},
				"up": {"uv": [3.5, 5.25, 3, 4.5], "texture": "#1"},
				"down": {"uv": [4, 4.5, 3.5, 5.25], "texture": "#1"}
			}
		},
		{
			"from": [4.5, 22.8, 8.6],
			"to": [5.5, 23.3, 9.1],
			"rotation": {"angle": 0, "axis": "y", "origin": [6.5, 22.8, 8.6]},
			"faces": {
				"north": {"uv": [6.5, 3, 7, 3.25], "texture": "#1"},
				"east": {"uv": [1.5, 8, 1.75, 8.25], "texture": "#1"},
				"south": {"uv": [3.5, 6.5, 4, 6.75], "texture": "#1"},
				"west": {"uv": [8, 1.5, 8.25, 1.75], "texture": "#1"},
				"up": {"uv": [7, 3.75, 6.5, 3.5], "texture": "#1"},
				"down": {"uv": [4.5, 6.5, 4, 6.75], "texture": "#1"}
			}
		},
		{
			"from": [4.5, 26.3, 8.6],
			"to": [5.5, 26.8, 9.1],
			"rotation": {"angle": 0, "axis": "y", "origin": [6.5, 26.3, 8.6]},
			"faces": {
				"north": {"uv": [6.5, 2, 7, 2.25], "texture": "#1"},
				"east": {"uv": [1, 8, 1.25, 8.25], "texture": "#1"},
				"south": {"uv": [2.5, 6.5, 3, 6.75], "texture": "#1"},
				"west": {"uv": [8, 1, 8.25, 1.25], "texture": "#1"},
				"up": {"uv": [7, 2.75, 6.5, 2.5], "texture": "#1"},
				"down": {"uv": [3.5, 6.5, 3, 6.75], "texture": "#1"}
			}
		},
		{
			"from": [10.5, 22.8, 8.6],
			"to": [11.5, 23.3, 9.1],
			"rotation": {"angle": 0, "axis": "y", "origin": [12.5, 22.8, 8.6]},
			"faces": {
				"north": {"uv": [6.5, 1, 7, 1.25], "texture": "#1"},
				"east": {"uv": [0.5, 8, 0.75, 8.25], "texture": "#1"},
				"south": {"uv": [1.5, 6.5, 2, 6.75], "texture": "#1"},
				"west": {"uv": [8, 0.5, 8.25, 0.75], "texture": "#1"},
				"up": {"uv": [7, 1.75, 6.5, 1.5], "texture": "#1"},
				"down": {"uv": [2.5, 6.5, 2, 6.75], "texture": "#1"}
			}
		},
		{
			"from": [10.5, 26.3, 8.6],
			"to": [11.5, 26.8, 9.1],
			"rotation": {"angle": 0, "axis": "y", "origin": [12.5, 26.3, 8.6]},
			"faces": {
				"north": {"uv": [6, 6, 6.5, 6.25], "texture": "#1"},
				"east": {"uv": [0, 8, 0.25, 8.25], "texture": "#1"},
				"south": {"uv": [0, 6.5, 0.5, 6.75], "texture": "#1"},
				"west": {"uv": [8, 0, 8.25, 0.25], "texture": "#1"},
				"up": {"uv": [7, 0.25, 6.5, 0], "texture": "#1"},
				"down": {"uv": [7, 0.5, 6.5, 0.75], "texture": "#1"}
			}
		},
		{
			"from": [9, 23.8, 8.6],
			"to": [9.5, 24.3, 9.1],
			"rotation": {"angle": 0, "axis": "y", "origin": [11, 23.8, 8.6]},
			"faces": {
				"north": {"uv": [7.5, 6, 7.75, 6.25], "texture": "#1"},
				"east": {"uv": [6.5, 7.5, 6.75, 7.75], "texture": "#1"},
				"south": {"uv": [7.5, 6.5, 7.75, 6.75], "texture": "#1"},
				"west": {"uv": [7, 7.5, 7.25, 7.75], "texture": "#1"},
				"up": {"uv": [7.75, 7.25, 7.5, 7], "texture": "#1"},
				"down": {"uv": [7.75, 7.5, 7.5, 7.75], "texture": "#1"}
			}
		},
		{
			"from": [6.5, 25.3, 8.6],
			"to": [7, 25.8, 9.1],
			"rotation": {"angle": 0, "axis": "y", "origin": [8.5, 25.3, 8.6]},
			"faces": {
				"north": {"uv": [7.5, 4.5, 7.75, 4.75], "texture": "#1"},
				"east": {"uv": [5, 7.5, 5.25, 7.75], "texture": "#1"},
				"south": {"uv": [7.5, 5, 7.75, 5.25], "texture": "#1"},
				"west": {"uv": [5.5, 7.5, 5.75, 7.75], "texture": "#1"},
				"up": {"uv": [7.75, 5.75, 7.5, 5.5], "texture": "#1"},
				"down": {"uv": [6.25, 7.5, 6, 7.75], "texture": "#1"}
			}
		},
		{
			"from": [6.5, 24.3, 8.1],
			"to": [7, 25.3, 9.6],
			"rotation": {"angle": 0, "axis": "y", "origin": [8.5, 24.3, 8.1]},
			"faces": {
				"north": {"uv": [5.5, 6, 5.75, 6.5], "texture": "#1"},
				"east": {"uv": [4.5, 2, 5.25, 2.5], "texture": "#1"},
				"south": {"uv": [6, 5.5, 6.25, 6], "texture": "#1"},
				"west": {"uv": [4.5, 2.5, 5.25, 3], "texture": "#1"},
				"up": {"uv": [4.25, 6.25, 4, 5.5], "texture": "#1"},
				"down": {"uv": [5.75, 4, 5.5, 4.75], "texture": "#1"}
			}
		},
		{
			"from": [6.5, 23.8, 8.6],
			"to": [7, 24.3, 9.1],
			"rotation": {"angle": 0, "axis": "y", "origin": [8.5, 23.8, 8.6]},
			"faces": {
				"north": {"uv": [7.5, 3, 7.75, 3.25], "texture": "#1"},
				"east": {"uv": [3.5, 7.5, 3.75, 7.75], "texture": "#1"},
				"south": {"uv": [7.5, 3.5, 7.75, 3.75], "texture": "#1"},
				"west": {"uv": [4, 7.5, 4.25, 7.75], "texture": "#1"},
				"up": {"uv": [7.75, 4.25, 7.5, 4], "texture": "#1"},
				"down": {"uv": [4.75, 7.5, 4.5, 7.75], "texture": "#1"}
			}
		},
		{
			"from": [9, 25.3, 8.6],
			"to": [9.5, 25.8, 9.1],
			"rotation": {"angle": 0, "axis": "y", "origin": [11, 25.3, 8.6]},
			"faces": {
				"north": {"uv": [7.5, 1.5, 7.75, 1.75], "texture": "#1"},
				"east": {"uv": [2, 7.5, 2.25, 7.75], "texture": "#1"},
				"south": {"uv": [7.5, 2, 7.75, 2.25], "texture": "#1"},
				"west": {"uv": [2.5, 7.5, 2.75, 7.75], "texture": "#1"},
				"up": {"uv": [7.75, 2.75, 7.5, 2.5], "texture": "#1"},
				"down": {"uv": [3.25, 7.5, 3, 7.75], "texture": "#1"}
			}
		},
		{
			"from": [11.5, 23.3, 8.6],
			"to": [12, 23.8, 9.1],
			"rotation": {"angle": 0, "axis": "y", "origin": [13.5, 23.3, 8.6]},
			"faces": {
				"north": {"uv": [7.5, 0, 7.75, 0.25], "texture": "#1"},
				"east": {"uv": [0.5, 7.5, 0.75, 7.75], "texture": "#1"},
				"south": {"uv": [7.5, 0.5, 7.75, 0.75], "texture": "#1"},
				"west": {"uv": [1, 7.5, 1.25, 7.75], "texture": "#1"},
				"up": {"uv": [7.75, 1.25, 7.5, 1], "texture": "#1"},
				"down": {"uv": [1.75, 7.5, 1.5, 7.75], "texture": "#1"}
			}
		},
		{
			"from": [4, 25.8, 8.6],
			"to": [4.5, 26.3, 9.1],
			"rotation": {"angle": 0, "axis": "y", "origin": [6, 25.8, 8.6]},
			"faces": {
				"north": {"uv": [6, 7, 6.25, 7.25], "texture": "#1"},
				"east": {"uv": [7, 6, 7.25, 6.25], "texture": "#1"},
				"south": {"uv": [6.5, 7, 6.75, 7.25], "texture": "#1"},
				"west": {"uv": [7, 6.5, 7.25, 6.75], "texture": "#1"},
				"up": {"uv": [7.25, 7.25, 7, 7], "texture": "#1"},
				"down": {"uv": [0.25, 7.5, 0, 7.75], "texture": "#1"}
			}
		},
		{
			"from": [4, 23.3, 8.6],
			"to": [4.5, 23.8, 9.1],
			"rotation": {"angle": 0, "axis": "y", "origin": [6, 23.3, 8.6]},
			"faces": {
				"north": {"uv": [4.5, 7, 4.75, 7.25], "texture": "#1"},
				"east": {"uv": [7, 4.5, 7.25, 4.75], "texture": "#1"},
				"south": {"uv": [5, 7, 5.25, 7.25], "texture": "#1"},
				"west": {"uv": [7, 5, 7.25, 5.25], "texture": "#1"},
				"up": {"uv": [5.75, 7.25, 5.5, 7], "texture": "#1"},
				"down": {"uv": [7.25, 5.5, 7, 5.75], "texture": "#1"}
			}
		},
		{
			"from": [11.5, 25.8, 8.6],
			"to": [12, 26.3, 9.1],
			"rotation": {"angle": 0, "axis": "y", "origin": [13.5, 25.8, 8.6]},
			"faces": {
				"north": {"uv": [3, 7, 3.25, 7.25], "texture": "#1"},
				"east": {"uv": [7, 3, 7.25, 3.25], "texture": "#1"},
				"south": {"uv": [3.5, 7, 3.75, 7.25], "texture": "#1"},
				"west": {"uv": [7, 3.5, 7.25, 3.75], "texture": "#1"},
				"up": {"uv": [4.25, 7.25, 4, 7], "texture": "#1"},
				"down": {"uv": [7.25, 4, 7, 4.25], "texture": "#1"}
			}
		},
		{
			"from": [3.5, 23.8, 8.6],
			"to": [4, 25.8, 9.1],
			"rotation": {"angle": 0, "axis": "y", "origin": [3.5, 23.8, 8.6]},
			"faces": {
				"north": {"uv": [5.5, 0, 5.75, 1], "texture": "#1"},
				"east": {"uv": [1.5, 5.5, 1.75, 6.5], "texture": "#1"},
				"south": {"uv": [2, 5.5, 2.25, 6.5], "texture": "#1"},
				"west": {"uv": [5.5, 2, 5.75, 3], "texture": "#1"},
				"up": {"uv": [2.75, 7.25, 2.5, 7], "texture": "#1"},
				"down": {"uv": [7.25, 2.5, 7, 2.75], "texture": "#1"}
			}
		},
		{
			"from": [12, 23.8, 8.6],
			"to": [12.5, 25.8, 9.1],
			"rotation": {"angle": 0, "axis": "y", "origin": [12, 23.8, 8.6]},
			"faces": {
				"north": {"uv": [5, 3, 5.25, 4], "texture": "#1"},
				"east": {"uv": [5, 4, 5.25, 5], "texture": "#1"},
				"south": {"uv": [5, 5, 5.25, 6], "texture": "#1"},
				"west": {"uv": [0, 5.5, 0.25, 6.5], "texture": "#1"},
				"up": {"uv": [2.25, 7.25, 2, 7], "texture": "#1"},
				"down": {"uv": [7.25, 2, 7, 2.25], "texture": "#1"}
			}
		},
		{
			"from": [7.5, 23.8, 7.1],
			"to": [8.5, 24.8, 7.6],
			"rotation": {"angle": 0, "axis": "y", "origin": [7.5, 23.8, 7.1]},
			"faces": {
				"north": {"uv": [2, 5, 2.5, 5.5], "texture": "#1"},
				"east": {"uv": [6, 4, 6.25, 4.5], "texture": "#1"},
				"south": {"uv": [2.5, 5, 3, 5.5], "texture": "#1"},
				"west": {"uv": [6, 4.5, 6.25, 5], "texture": "#1"},
				"up": {"uv": [5.5, 6.25, 5, 6], "texture": "#1"},
				"down": {"uv": [6.5, 5, 6, 5.25], "texture": "#1"}
			}
		},
		{
			"from": [7.5, 23.8, 8.6],
			"to": [8.5, 24.8, 9.1],
			"rotation": {"angle": 0, "axis": "y", "origin": [7.5, 23.8, 8.6]},
			"faces": {
				"north": {"uv": [1.5, 3, 2, 3.5], "texture": "#1"},
				"east": {"uv": [6, 2, 6.25, 2.5], "texture": "#1"},
				"south": {"uv": [3.5, 1, 4, 1.5], "texture": "#1"},
				"west": {"uv": [6, 2.5, 6.25, 3], "texture": "#1"},
				"up": {"uv": [6.5, 3.25, 6, 3], "texture": "#1"},
				"down": {"uv": [6.5, 3.5, 6, 3.75], "texture": "#1"}
			}
		},
		{
			"from": [12, 24, 9],
			"to": [19, 31, 10],
			"rotation": {"angle": 0, "axis": "y", "origin": [0, 13, 0]},
			"faces": {
				"north": {"uv": [3.5, 0, 7, 3.5], "texture": "#0"},
				"east": {"uv": [7.5, 7, 8, 10.5], "texture": "#0"},
				"south": {"uv": [3.5, 3.5, 7, 7], "texture": "#0"},
				"west": {"uv": [8, 0, 8.5, 3.5], "texture": "#0"},
				"up": {"uv": [11, 4.5, 7.5, 4], "texture": "#0"},
				"down": {"uv": [11, 4.5, 7.5, 5], "texture": "#0"}
			}
		},
		{
			"from": [13, 31, 9],
			"to": [18, 32, 10],
			"rotation": {"angle": 0, "axis": "y", "origin": [0, 13, 0]},
			"faces": {
				"north": {"uv": [8, 8, 10.5, 8.5], "texture": "#0"},
				"east": {"uv": [12, 11, 12.5, 11.5], "texture": "#0"},
				"south": {"uv": [8.5, 0, 11, 0.5], "texture": "#0"},
				"west": {"uv": [12, 11.5, 12.5, 12], "texture": "#0"},
				"up": {"uv": [11, 1, 8.5, 0.5], "texture": "#0"},
				"down": {"uv": [11, 1, 8.5, 1.5], "texture": "#0"}
			}
		},
		{
			"from": [16, 23, 9],
			"to": [18, 24, 10],
			"rotation": {"angle": 0, "axis": "y", "origin": [0, 13, 0]},
			"faces": {
				"north": {"uv": [8.5, 3, 9.5, 3.5], "texture": "#0"},
				"east": {"uv": [12, 12, 12.5, 12.5], "texture": "#0"},
				"south": {"uv": [9.5, 3, 10.5, 3.5], "texture": "#0"},
				"west": {"uv": [0, 12.5, 0.5, 13], "texture": "#0"},
				"up": {"uv": [11, 5.5, 10, 5], "texture": "#0"},
				"down": {"uv": [12, 1, 11, 1.5], "texture": "#0"}
			}
		},
		{
			"from": [19, 25, 9],
			"to": [20, 30, 10],
			"rotation": {"angle": 0, "axis": "y", "origin": [0, 13, 0]},
			"faces": {
				"north": {"uv": [6.5, 8, 7, 10.5], "texture": "#0"},
				"east": {"uv": [7, 8, 7.5, 10.5], "texture": "#0"},
				"south": {"uv": [4, 8.5, 4.5, 11], "texture": "#0"},
				"west": {"uv": [4.5, 8.5, 5, 11], "texture": "#0"},
				"up": {"uv": [13, 1, 12.5, 0.5], "texture": "#0"},
				"down": {"uv": [1.5, 12.5, 1, 13], "texture": "#0"}
			}
		},
		{
			"from": [11, 25, 9],
			"to": [12, 30, 10],
			"rotation": {"angle": 0, "axis": "y", "origin": [-8, 13, 0]},
			"faces": {
				"north": {"uv": [5, 8.5, 5.5, 11], "texture": "#0"},
				"east": {"uv": [5.5, 8.5, 6, 11], "texture": "#0"},
				"south": {"uv": [6, 8.5, 6.5, 11], "texture": "#0"},
				"west": {"uv": [8, 8.5, 8.5, 11], "texture": "#0"},
				"up": {"uv": [2, 13, 1.5, 12.5], "texture": "#0"},
				"down": {"uv": [13, 1.5, 12.5, 2], "texture": "#0"}
			}
		},
		{
			"from": [-2, 31, 9],
			"to": [3, 32, 10],
			"rotation": {"angle": 0, "axis": "y", "origin": [16, 13, 19]},
			"faces": {
				"north": {"uv": [8.5, 0, 11, 0.5], "texture": "#0"},
				"east": {"uv": [12, 11.5, 12.5, 12], "texture": "#0"},
				"south": {"uv": [8, 8, 10.5, 8.5], "texture": "#0"},
				"west": {"uv": [12, 11, 12.5, 11.5], "texture": "#0"},
				"up": {"uv": [11, 1, 8.5, 0.5], "rotation": 180, "texture": "#0"},
				"down": {"uv": [11, 1, 8.5, 1.5], "rotation": 180, "texture": "#0"}
			}
		},
		{
			"from": [-3, 24, 9],
			"to": [4, 31, 10],
			"rotation": {"angle": 0, "axis": "y", "origin": [16, 13, 19]},
			"faces": {
				"north": {"uv": [3.5, 3.5, 7, 7], "texture": "#0"},
				"east": {"uv": [8, 0, 8.5, 3.5], "texture": "#0"},
				"south": {"uv": [3.5, 0, 7, 3.5], "texture": "#0"},
				"west": {"uv": [7.5, 7, 8, 10.5], "texture": "#0"},
				"up": {"uv": [11, 4.5, 7.5, 4], "rotation": 180, "texture": "#0"},
				"down": {"uv": [11, 4.5, 7.5, 5], "rotation": 180, "texture": "#0"}
			}
		},
		{
			"from": [-4, 25, 9],
			"to": [-3, 30, 10],
			"rotation": {"angle": 0, "axis": "y", "origin": [16, 13, 19]},
			"faces": {
				"north": {"uv": [4, 8.5, 4.5, 11], "texture": "#0"},
				"east": {"uv": [4.5, 8.5, 5, 11], "texture": "#0"},
				"south": {"uv": [6.5, 8, 7, 10.5], "texture": "#0"},
				"west": {"uv": [7, 8, 7.5, 10.5], "texture": "#0"},
				"up": {"uv": [13, 1, 12.5, 0.5], "rotation": 180, "texture": "#0"},
				"down": {"uv": [1.5, 12.5, 1, 13], "rotation": 180, "texture": "#0"}
			}
		},
		{
			"from": [-2, 23, 9],
			"to": [0, 24, 10],
			"rotation": {"angle": 0, "axis": "y", "origin": [16, 13, 19]},
			"faces": {
				"north": {"uv": [9.5, 3, 10.5, 3.5], "texture": "#0"},
				"east": {"uv": [0, 12.5, 0.5, 13], "texture": "#0"},
				"south": {"uv": [8.5, 3, 9.5, 3.5], "texture": "#0"},
				"west": {"uv": [12, 12, 12.5, 12.5], "texture": "#0"},
				"up": {"uv": [11, 5.5, 10, 5], "rotation": 180, "texture": "#0"},
				"down": {"uv": [12, 1, 11, 1.5], "rotation": 180, "texture": "#0"}
			}
		},
		{
			"from": [4, 25, 9],
			"to": [5, 30, 10],
			"rotation": {"angle": 0, "axis": "y", "origin": [24, 13, 19]},
			"faces": {
				"north": {"uv": [6, 8.5, 6.5, 11], "texture": "#0"},
				"east": {"uv": [8, 8.5, 8.5, 11], "texture": "#0"},
				"south": {"uv": [5, 8.5, 5.5, 11], "texture": "#0"},
				"west": {"uv": [5.5, 8.5, 6, 11], "texture": "#0"},
				"up": {"uv": [2, 13, 1.5, 12.5], "rotation": 180, "texture": "#0"},
				"down": {"uv": [13, 1.5, 12.5, 2], "rotation": 180, "texture": "#0"}
			}
		}
	],
	"display": {
		"thirdperson_righthand": {
			"rotation": [-11.69, 19.82, 60.61],
			"translation": [2.75, 0.5, -2],
			"scale": [0.4, 0.4, 0.4]
		},
		"thirdperson_lefthand": {
			"rotation": [-15, 24, 62],
			"translation": [2.75, 0.25, -2.5],
			"scale": [0.4, 0.4, 0.4]
		},
		"firstperson_righthand": {
			"rotation": [0, 0, 14],
			"translation": [4.25, 0, 0],
			"scale": [0.4, 0.4, 0.4]
		},
		"firstperson_lefthand": {
			"rotation": [0, 0, 14],
			"translation": [4.25, 0, 0],
			"scale": [0.4, 0.4, 0.4]
		},
		"gui": {
			"rotation": [178.71, -2.23, 179.54],
			"translation": [0.25, -8, 0],
			"scale": [0.65, 0.62, 0.64]
		},
		"head": {
			"translation": [0, -7.75, -1.25],
			"scale": [0.9, 0.9, 0.9]
		},
		"fixed": {
			"translation": [0, -6.25, -1.25],
			"scale": [0.5, 0.5, 0.5]
		}
	}
}
