{
	"credit": "Made with Blockbench",
	"textures": {
		"0": "item/custom/mk/texturegc1",
		"1": "item/custom/mk/texturegc2",
		"2": "item/custom/mk/texturegc3",
		"3": "item/custom/mk/texturegc4",
		"particle": "item/custom/mk/texturegc1"
	},
	"elements": [
		{
			"from": [0.68966, 0, 0.68966],
			"to": [9.86207, 5.72414, 9.58621],
			"rotation": {"angle": 0, "axis": "y", "origin": [0.27586, 0, 0.41379]},
			"faces": {
				"north": {"uv": [5, 0, 10, 3], "texture": "#0"},
				"east": {"uv": [5, 3, 10, 6], "texture": "#0"},
				"south": {"uv": [5, 6, 10, 9], "texture": "#0"},
				"west": {"uv": [5, 9, 10, 12], "texture": "#0"},
				"up": {"uv": [5, 5, 0, 0], "texture": "#0"},
				"down": {"uv": [5, 5, 0, 10], "texture": "#0"}
			}
		},
		{
			"from": [0.55172, 4.82759, 10.48276],
			"to": [2.05172, 6.41379, 11.98276],
			"rotation": {"angle": 45, "axis": "y", "origin": [-12.82759, 5.65517, 10.48276]},
			"faces": {
				"north": {"uv": [0, 0, 2, 2], "texture": "#2"},
				"east": {"uv": [0, 2, 2, 4], "texture": "#2"},
				"south": {"uv": [2, 0, 4, 2], "texture": "#2"},
				"west": {"uv": [2, 2, 4, 4], "texture": "#2"},
				"up": {"uv": [2, 6, 0, 4], "texture": "#2"},
				"down": {"uv": [6, 0, 4, 2], "texture": "#2"}
			}
		},
		{
			"from": [0.96552, -0.13793, 10.48276],
			"to": [1.96552, 5.17241, 11.48276],
			"rotation": {"angle": 45, "axis": "y", "origin": [-12.41379, 4.41379, 10.48276]},
			"faces": {
				"north": {"uv": [0, 0, 1, 5], "texture": "#3"},
				"east": {"uv": [1, 0, 2, 5], "texture": "#3"},
				"south": {"uv": [2, 0, 3, 5], "texture": "#3"},
				"west": {"uv": [3, 0, 4, 5], "texture": "#3"},
				"up": {"uv": [5, 1, 4, 0], "texture": "#3"},
				"down": {"uv": [5, 1, 4, 2], "texture": "#3"}
			}
		},
		{
			"from": [0.68966, -1.51724, 10.52069],
			"to": [1.88966, 0.06897, 11.72069],
			"rotation": {"angle": 45, "axis": "y", "origin": [-12.68966, -0.68966, 10.38276]},
			"faces": {
				"north": {"uv": [0, 3.03448, 2.02759, 6], "texture": "#2"},
				"east": {"uv": [0, 0, 1.2, 1.58621], "texture": "#2"},
				"south": {"uv": [0, 0, 1.2, 1.58621], "texture": "#2"},
				"west": {"uv": [0, 0, 1.2, 1.58621], "texture": "#2"},
				"up": {"uv": [0, 0, 1.2, 1.2], "texture": "#2"},
				"down": {"uv": [0, 0, 1.2, 1.2], "texture": "#2"}
			}
		},
		{
			"from": [-5.37931, 5.65517, 5.10345],
			"to": [9.62069, 6.41379, 20.10345],
			"rotation": {"angle": 45, "axis": "y", "origin": [-5.37931, 5.65517, 5.10345]},
			"faces": {
				"north": {"uv": [7.5, 0, 15, 0.5], "texture": "#1"},
				"east": {"uv": [7.5, 0.5, 15, 1], "texture": "#1"},
				"south": {"uv": [7.5, 1, 15, 1.5], "texture": "#1"},
				"west": {"uv": [7.5, 1.5, 15, 2], "texture": "#1"},
				"up": {"uv": [7.5, 7.5, 0, 0], "texture": "#1"},
				"down": {"uv": [7.5, 7.5, 0, 15], "texture": "#1"}
			}
		}
	],
	"display": {
		"thirdperson_righthand": {
			"translation": [3.25, 5.5, 1],
			"scale": [0.65, 0.65, 0.65]
		},
		"thirdperson_lefthand": {
			"translation": [-1.25, 5, 0],
			"scale": [0.65, 0.65, 0.65]
		},
		"firstperson_righthand": {
			"translation": [7.5, 5.25, 0]
		},
		"firstperson_lefthand": {
			"translation": [2, 5.75, 0]
		},
		"ground": {
			"translation": [1.25, 3, 0.75],
			"scale": [0.65, 0.65, 0.65]
		},
		"gui": {
			"rotation": [20, 0, 0],
			"translation": [2, 0, 0],
			"scale": [0.7, 0.7, 0.7]
		},
		"head": {
			"rotation": [0, 3.75, 1],
			"translation": [2.75, 14.5, 3.25]
		},
		"fixed": {
			"translation": [1.5, 2.75, -1.5],
			"scale": [0.8, 0.8, 0.8]
		}
	},
	"groups": [
		0,
		{
			"name": "group",
			"origin": [-10.2069, 4.41379, 8.27586],
			"color": 0,
			"children": [1, 2, 3]
		},
		4
	]
}
