{
	"credit": "Made with Blockbench",
	"texture_size": [32, 32],
	"textures": {
		"0": "item/custom/mk/texturejshat1",
		"1": "item/custom/mk/texturejshat2",
		"2": "item/custom/mk/texturejshat3",
		"3": "item/custom/mk/texturejshat4",
		"4": "item/custom/mk/texturejshat5",
		"particle": "item/custom/mk/texturejshat1"
	},
	"elements": [
		{
			"from": [-0.27586, -0.13793, 0],
			"to": [13.72414, 1.86207, 10.27586],
			"faces": {
				"north": {"uv": [0, 0, 7, 1], "texture": "#4"},
				"east": {"uv": [0, 0, 5.13793, 1], "texture": "#4"},
				"south": {"uv": [0, 0, 7, 1], "texture": "#4"},
				"west": {"uv": [0, 0, 5.13793, 1], "texture": "#4"},
				"up": {"uv": [0, 0, 7, 5.13793], "texture": "#4"},
				"down": {"uv": [0, 0, 7, 5.13793], "texture": "#4"}
			}
		},
		{
			"from": [-4.55172, 3.44828, 8.06897],
			"to": [18.13793, 9.86207, 11.03448],
			"rotation": {"angle": 22.5, "axis": "x", "origin": [0, 0, 0]},
			"faces": {
				"north": {"uv": [0, 0, 11.5, 2.5], "texture": "#3"},
				"east": {"uv": [0, 7, 1, 9.5], "texture": "#3"},
				"south": {"uv": [0, 2.5, 11.5, 5], "texture": "#3"},
				"west": {"uv": [1, 7, 2, 9.5], "texture": "#3"},
				"up": {"uv": [11.5, 6, 0, 5], "texture": "#3"},
				"down": {"uv": [11.5, 6, 0, 7], "texture": "#3"}
			}
		},
		{
			"from": [-7.44828, 3.44828, 8.06897],
			"to": [-4.62069, 7.7931, 10.89655],
			"rotation": {"angle": 22.5, "axis": "x", "origin": [0, 0, 0]},
			"faces": {
				"north": {"uv": [0, 0, 1.41379, 2.17241], "rotation": 180, "texture": "#1"},
				"east": {"uv": [0, 0, 2.17241, 1.41379], "rotation": 90, "texture": "#1"},
				"south": {"uv": [0, 0, 1.41379, 2.17241], "texture": "#1"},
				"west": {"uv": [0, 0, 2.17241, 1.41379], "rotation": 270, "texture": "#1"},
				"up": {"uv": [0, 0, 1.41379, 1.41379], "texture": "#1"},
				"down": {"uv": [0, 0, 1.41379, 1.41379], "rotation": 180, "texture": "#1"}
			}
		},
		{
			"from": [18.2069, 3.44828, 8.06897],
			"to": [21.03448, 7.65517, 10.75862],
			"rotation": {"angle": 22.5, "axis": "x", "origin": [0, 0, 0]},
			"faces": {
				"north": {"uv": [0, 0, 1.41379, 2.10345], "rotation": 180, "texture": "#1"},
				"east": {"uv": [0, 0, 2.10345, 1.34483], "rotation": 90, "texture": "#1"},
				"south": {"uv": [0, 0, 1.41379, 2.10345], "texture": "#1"},
				"west": {"uv": [0, 0, 2.10345, 1.34483], "rotation": 270, "texture": "#1"},
				"up": {"uv": [0, 0, 1.41379, 1.34483], "texture": "#1"},
				"down": {"uv": [0, 0, 1.41379, 1.34483], "rotation": 180, "texture": "#1"}
			}
		},
		{
			"from": [2.2069, -0.27586, -5.7931],
			"to": [10.96552, 1.72414, 0.06897],
			"faces": {
				"north": {"uv": [0, 0, 4.37931, 1], "texture": "#4"},
				"east": {"uv": [0, 0, 2.93103, 1], "texture": "#4"},
				"south": {"uv": [0, 0, 4.37931, 1], "texture": "#4"},
				"west": {"uv": [0, 0, 2.93103, 1], "texture": "#4"},
				"up": {"uv": [0, 0, 4.37931, 2.93103], "texture": "#4"},
				"down": {"uv": [0, 0, 4.37931, 2.93103], "texture": "#4"}
			}
		},
		{
			"from": [4.27586, -0.27586, -10.34483],
			"to": [8.48276, 1.72414, -6],
			"faces": {
				"north": {"uv": [0, 0, 2.10345, 1], "texture": "#4"},
				"east": {"uv": [0, 0, 2.17241, 1], "texture": "#4"},
				"south": {"uv": [0, 0, 2.10345, 1], "texture": "#4"},
				"west": {"uv": [0, 0, 2.17241, 1], "texture": "#4"},
				"up": {"uv": [0, 0, 2.10345, 2.17241], "texture": "#4"},
				"down": {"uv": [0, 0, 2.10345, 2.17241], "texture": "#4"}
			}
		},
		{
			"from": [11.86207, -0.27586, 5.93103],
			"to": [16.06897, 1.72414, 10.27586],
			"faces": {
				"north": {"uv": [0, 0, 2.10345, 1], "texture": "#4"},
				"east": {"uv": [0, 0, 2.17241, 1], "texture": "#4"},
				"south": {"uv": [0, 0, 2.10345, 1], "texture": "#4"},
				"west": {"uv": [0, 0, 2.17241, 1], "texture": "#4"},
				"up": {"uv": [0, 0, 2.10345, 2.17241], "texture": "#4"},
				"down": {"uv": [0, 0, 2.10345, 2.17241], "texture": "#4"}
			}
		},
		{
			"from": [15.58621, -0.27586, 7.44828],
			"to": [19.7931, 1.72414, 10.55172],
			"faces": {
				"north": {"uv": [0, 0, 2.10345, 1], "texture": "#4"},
				"east": {"uv": [0, 0, 1.55172, 1], "texture": "#4"},
				"south": {"uv": [0, 0, 2.10345, 1], "texture": "#4"},
				"west": {"uv": [0, 0, 1.55172, 1], "texture": "#4"},
				"up": {"uv": [0, 0, 2.10345, 1.55172], "texture": "#4"},
				"down": {"uv": [0, 0, 2.10345, 1.55172], "texture": "#4"}
			}
		},
		{
			"from": [-4.82759, -0.27586, 7.44828],
			"to": [0.34483, 1.72414, 10.68966],
			"faces": {
				"north": {"uv": [0, 0, 2.58621, 1], "texture": "#4"},
				"east": {"uv": [0, 0, 1.62069, 1], "texture": "#4"},
				"south": {"uv": [0, 0, 2.58621, 1], "texture": "#4"},
				"west": {"uv": [0, 0, 1.62069, 1], "texture": "#4"},
				"up": {"uv": [0, 0, 2.58621, 1.62069], "texture": "#4"},
				"down": {"uv": [0, 0, 2.58621, 1.62069], "texture": "#4"}
			}
		},
		{
			"from": [-1.51724, -0.27586, 3.93103],
			"to": [-0.34483, 1.72414, 7.44828],
			"faces": {
				"north": {"uv": [0, 0, 0.58621, 1], "texture": "#4"},
				"east": {"uv": [0, 0, 1.75862, 1], "texture": "#4"},
				"south": {"uv": [0, 0, 0.58621, 1], "texture": "#4"},
				"west": {"uv": [0, 0, 1.75862, 1], "texture": "#4"},
				"up": {"uv": [0, 0, 1.75862, 0.58621], "rotation": 270, "texture": "#4"},
				"down": {"uv": [0, 0, 1.75862, 0.58621], "rotation": 90, "texture": "#4"}
			}
		},
		{
			"from": [10.89655, -0.27586, -3.51724],
			"to": [12.06897, 1.72414, 0],
			"faces": {
				"north": {"uv": [0, 0, 0.58621, 1], "texture": "#4"},
				"east": {"uv": [0, 0, 1.75862, 1], "texture": "#4"},
				"south": {"uv": [0, 0, 0.58621, 1], "texture": "#4"},
				"west": {"uv": [0, 0, 1.75862, 1], "texture": "#4"},
				"up": {"uv": [0, 0, 1.75862, 0.58621], "rotation": 270, "texture": "#4"},
				"down": {"uv": [0, 0, 1.75862, 0.58621], "rotation": 90, "texture": "#4"}
			}
		},
		{
			"from": [3.58621, -0.27586, -9.03448],
			"to": [9.17241, 2.13793, -5.51724],
			"faces": {
				"north": {"uv": [0, 0, 2.7931, 1.2069], "texture": "#4"},
				"east": {"uv": [0, 0, 1.75862, 1.2069], "texture": "#4"},
				"south": {"uv": [0, 0, 2.7931, 1.2069], "texture": "#4"},
				"west": {"uv": [0, 0, 1.75862, 1.2069], "texture": "#4"},
				"up": {"uv": [0, 0, 1.75862, 2.7931], "rotation": 270, "texture": "#4"},
				"down": {"uv": [0, 0, 1.75862, 2.7931], "rotation": 90, "texture": "#4"}
			}
		},
		{
			"from": [0.68966, 1.7931, -3.44828],
			"to": [12.48276, 6.34483, 10.13793],
			"faces": {
				"north": {"uv": [4, 0, 8, 2.5], "texture": "#4"},
				"east": {"uv": [4, 2.5, 8, 5], "texture": "#4"},
				"south": {"uv": [4, 5, 8, 7.5], "texture": "#4"},
				"west": {"uv": [4, 7.5, 8, 10], "texture": "#4"},
				"up": {"uv": [4, 4, 0, 0], "texture": "#4"},
				"down": {"uv": [4, 4, 0, 8], "texture": "#4"}
			}
		},
		{
			"from": [10.62069, 0, -2.34483],
			"to": [12.62069, 6.96552, 1.72414],
			"rotation": {"angle": 22.5, "axis": "y", "origin": [0, 0, 0]},
			"faces": {
				"north": {"uv": [0, 7, 2, 14], "texture": "#1"},
				"east": {"uv": [0, 0, 4, 7], "texture": "#1"},
				"south": {"uv": [2, 7, 4, 14], "texture": "#1"},
				"west": {"uv": [4, 0, 8, 7], "texture": "#1"},
				"up": {"uv": [6, 11, 4, 7], "texture": "#1"},
				"down": {"uv": [8, 7, 6, 11], "texture": "#1"}
			}
		},
		{
			"from": [10.62069, 0, -6.34483],
			"to": [12.62069, 4.89655, -2.27586],
			"rotation": {"angle": 22.5, "axis": "y", "origin": [0, 0, 0]},
			"faces": {
				"north": {"uv": [0, 5, 2, 10], "texture": "#2"},
				"east": {"uv": [0, 0, 4, 5], "texture": "#2"},
				"south": {"uv": [2, 5, 4, 10], "texture": "#2"},
				"west": {"uv": [4, 0, 8, 5], "texture": "#2"},
				"up": {"uv": [6, 9, 4, 5], "texture": "#2"},
				"down": {"uv": [8, 5, 6, 9], "texture": "#2"}
			}
		},
		{
			"from": [15.51724, 0.34483, -0.75862],
			"to": [19.58621, 7.31034, 1.24138],
			"rotation": {"angle": -22.5, "axis": "y", "origin": [-0.96552, 0, 0]},
			"faces": {
				"north": {"uv": [0, 0, 2.03448, 3.48276], "texture": "#1"},
				"east": {"uv": [0, 0, 3.48276, 1], "rotation": 90, "texture": "#1"},
				"south": {"uv": [0, 0, 2.03448, 3.48276], "rotation": 180, "texture": "#1"},
				"west": {"uv": [0, 0, 3.48276, 1], "rotation": 270, "texture": "#1"},
				"up": {"uv": [0, 0, 2.03448, 1], "texture": "#1"},
				"down": {"uv": [0, 0, 2.03448, 1], "rotation": 180, "texture": "#1"}
			}
		},
		{
			"from": [18.13793, 0.2069, 7.24138],
			"to": [20.82759, 5.10345, 9.24138],
			"rotation": {"angle": 0, "axis": "y", "origin": [-0.68966, 0, 0]},
			"faces": {
				"north": {"uv": [0, 0, 1.34483, 2.44828], "texture": "#2"},
				"east": {"uv": [0, 0, 2.44828, 1], "rotation": 90, "texture": "#2"},
				"south": {"uv": [0, 0, 1.34483, 2.44828], "rotation": 180, "texture": "#2"},
				"west": {"uv": [0, 0, 2.44828, 1], "rotation": 270, "texture": "#2"},
				"up": {"uv": [0, 0, 1.34483, 1], "texture": "#2"},
				"down": {"uv": [0, 0, 1.34483, 1], "rotation": 180, "texture": "#2"}
			}
		},
		{
			"from": [4, 4, -8.96552],
			"to": [9.03448, 6.41379, -6.96552],
			"rotation": {"angle": -22.5, "axis": "x", "origin": [0, 0, 0]},
			"faces": {
				"north": {"uv": [0, 0, 2.51724, 1.2069], "texture": "#3"},
				"east": {"uv": [0, 0, 1, 1.2069], "texture": "#3"},
				"south": {"uv": [0, 0, 2.51724, 1.2069], "texture": "#3"},
				"west": {"uv": [0, 0, 1, 1.2069], "texture": "#3"},
				"up": {"uv": [0, 0, 2.51724, 1], "texture": "#3"},
				"down": {"uv": [0, 0, 2.51724, 1], "texture": "#3"}
			}
		},
		{
			"from": [10.62069, 0, 1.7931],
			"to": [12.62069, 8.48276, 12.48276],
			"rotation": {"angle": 22.5, "axis": "y", "origin": [0, 0, 0]},
			"faces": {
				"north": {"uv": [6.5, 0, 7.5, 4], "texture": "#0"},
				"east": {"uv": [0, 0, 5.5, 4], "texture": "#0"},
				"south": {"uv": [6.5, 4, 7.5, 8], "texture": "#0"},
				"west": {"uv": [0, 4, 5.5, 8], "texture": "#0"},
				"up": {"uv": [6.5, 5.5, 5.5, 0], "texture": "#0"},
				"down": {"uv": [6.5, 5.5, 5.5, 11], "texture": "#0"}
			}
		},
		{
			"from": [-0.27586, 0, -11.44828],
			"to": [1.72414, 4.89655, -7.65517],
			"rotation": {"angle": -22.5, "axis": "y", "origin": [0, 0, 0]},
			"faces": {
				"north": {"uv": [0, 0, 4.89655, 2], "rotation": 270, "texture": "#2"},
				"east": {"uv": [0, 0, 3.7931, 4.89655], "rotation": 180, "texture": "#2"},
				"south": {"uv": [0, 0, 4.89655, 2], "rotation": 90, "texture": "#2"},
				"west": {"uv": [0, 0, 3.7931, 4.89655], "texture": "#2"},
				"up": {"uv": [0, 0, 3.7931, 2], "rotation": 90, "texture": "#2"},
				"down": {"uv": [0, 0, 3.7931, 2], "rotation": 90, "texture": "#2"}
			}
		},
		{
			"from": [-0.27586, 0, -3.58621],
			"to": [1.72414, 8.48276, 7.10345],
			"rotation": {"angle": -22.5, "axis": "y", "origin": [0, 0, 0]},
			"faces": {
				"north": {"uv": [0, 0, 4.24138, 1], "rotation": 270, "texture": "#0"},
				"east": {"uv": [0, 0, 5.34483, 4.24138], "rotation": 180, "texture": "#0"},
				"south": {"uv": [0, 0, 4.24138, 1], "rotation": 90, "texture": "#0"},
				"west": {"uv": [0, 0, 5.34483, 4.24138], "texture": "#0"},
				"up": {"uv": [0, 0, 5.34483, 1], "rotation": 90, "texture": "#0"},
				"down": {"uv": [0, 0, 5.34483, 1], "rotation": 90, "texture": "#0"}
			}
		},
		{
			"from": [-7.10345, 0, 4.55172],
			"to": [-3.03448, 6.96552, 6.55172],
			"rotation": {"angle": 22.5, "axis": "y", "origin": [0.82759, 0, 0]},
			"faces": {
				"north": {"uv": [0, 0, 2.03448, 3.48276], "texture": "#1"},
				"east": {"uv": [0, 0, 3.48276, 1], "rotation": 270, "texture": "#1"},
				"south": {"uv": [0, 0, 2.03448, 3.48276], "rotation": 180, "texture": "#1"},
				"west": {"uv": [0, 0, 3.48276, 1], "rotation": 90, "texture": "#1"},
				"up": {"uv": [0, 0, 2.03448, 1], "rotation": 180, "texture": "#1"},
				"down": {"uv": [0, 0, 2.03448, 1], "texture": "#1"}
			}
		},
		{
			"from": [-9.58621, 0, 4.55172],
			"to": [-6.89655, 4.89655, 6.55172],
			"rotation": {"angle": 22.5, "axis": "y", "origin": [1.10345, 0, 0]},
			"faces": {
				"north": {"uv": [0, 0, 1.34483, 2.44828], "texture": "#2"},
				"east": {"uv": [0, 0, 2.44828, 1], "rotation": 270, "texture": "#2"},
				"south": {"uv": [0, 0, 1.34483, 2.44828], "rotation": 180, "texture": "#2"},
				"west": {"uv": [0, 0, 2.44828, 1], "rotation": 90, "texture": "#2"},
				"up": {"uv": [0, 0, 1.34483, 1], "rotation": 180, "texture": "#2"},
				"down": {"uv": [0, 0, 1.34483, 1], "texture": "#2"}
			}
		},
		{
			"from": [-0.27586, 0, -7.72414],
			"to": [1.72414, 6.96552, -3.65517],
			"rotation": {"angle": -22.5, "axis": "y", "origin": [0, 0, 0]},
			"faces": {
				"north": {"uv": [0, 0, 6.96552, 2], "rotation": 270, "texture": "#1"},
				"east": {"uv": [0, 0, 4.06897, 6.96552], "rotation": 180, "texture": "#1"},
				"south": {"uv": [0, 0, 6.96552, 2], "rotation": 90, "texture": "#1"},
				"west": {"uv": [0, 0, 4.06897, 6.96552], "texture": "#1"},
				"up": {"uv": [0, 0, 4.06897, 2], "rotation": 90, "texture": "#1"},
				"down": {"uv": [0, 0, 4.06897, 2], "rotation": 90, "texture": "#1"}
			}
		}
	],
	"display": {
		"thirdperson_righthand": {
			"translation": [0, 3.5, 0],
			"scale": [0.5, 0.5, 0.5]
		},
		"thirdperson_lefthand": {
			"translation": [0, 3.75, 0],
			"scale": [0.5, 0.5, 0.5]
		},
		"firstperson_righthand": {
			"translation": [3.25, 1.25, 0]
		},
		"ground": {
			"translation": [2.25, 1.75, 3],
			"scale": [0.5, 0.5, 0.5]
		},
		"gui": {
			"rotation": [0, 115, 0],
			"translation": [2, 0, 0],
			"scale": [0.5, 0.5, 0.5]
		},
		"head": {
			"rotation": [1, 0, 0],
			"translation": [1.5, 9, 4.75],
			"scale": [1.17, 1, 1.01]
		},
		"fixed": {
			"translation": [0, 2.5, -1.75],
			"scale": [0.5, 0.5, 0.5]
		}
	},
	"groups": [
		0,
		1,
		2,
		3,
		4,
		5,
		6,
		7,
		8,
		9,
		10,
		11,
		12,
		{
			"name": "group",
			"origin": [0, 0, 0],
			"color": 0,
			"children": [
				13,
				14,
				{
					"name": "group",
					"origin": [8, 8, 8],
					"color": 0,
					"children": [15, 16, 17]
				},
				18
			]
		},
		{
			"name": "group",
			"origin": [0, 0, 0],
			"color": 0,
			"children": [
				19,
				20,
				{
					"name": "group",
					"origin": [8, 8, 8],
					"color": 0,
					"children": [21, 22]
				},
				23
			]
		}
	]
}
