{
	"credit": "Made with Blockbench",
	"texture_size": [64, 64],
	"textures": {
		"1": "item/custom/generic/pride",
		"2": "block/black_shulker_box",
		"particle": "item/custom/generic/pride"
	},
	"elements": [
		{
			"from": [-2, 0, 13],
			"to": [2, 2, 14],
			"rotation": {"angle": -45, "axis": "y", "origin": [0, 0, 16]},
			"faces": {
				"north": {"uv": [0, 0, 1, 0.25], "texture": "#2"},
				"east": {"uv": [0, 0, 0.25, 0.25], "texture": "#2"},
				"south": {"uv": [0, 0, 1, 0.25], "texture": "#2"},
				"west": {"uv": [0, 0, 0.25, 0.25], "texture": "#2"},
				"up": {"uv": [0, 0, 1, 0.25], "rotation": 180, "texture": "#2"},
				"down": {"uv": [0, 0, 1, 0.25], "rotation": 180, "texture": "#2"}
			}
		},
		{
			"from": [0, 0, 3],
			"to": [1, 2, 13],
			"rotation": {"angle": 0, "axis": "y", "origin": [0, 0, 16]},
			"faces": {
				"north": {"uv": [0, 0, 0.25, 0.25], "texture": "#2"},
				"east": {"uv": [0, 0, 2.5, 0.25], "texture": "#2"},
				"south": {"uv": [0, 0, 0.25, 0.25], "texture": "#2"},
				"west": {"uv": [0, 0, 2.5, 0.25], "texture": "#2"},
				"up": {"uv": [0, 0, 2.5, 0.25], "rotation": 270, "texture": "#2"},
				"down": {"uv": [0, 0, 2.5, 0.25], "rotation": 90, "texture": "#2"}
			}
		},
		{
			"from": [-2, 0, 2],
			"to": [2, 2, 3],
			"rotation": {"angle": 45, "axis": "y", "origin": [0, 0, 0]},
			"faces": {
				"north": {"uv": [0, 0, 1, 0.25], "texture": "#2"},
				"east": {"uv": [0, 0, 0.25, 0.25], "texture": "#2"},
				"south": {"uv": [0, 0, 1, 0.25], "texture": "#2"},
				"west": {"uv": [0, 0, 0.25, 0.25], "texture": "#2"},
				"up": {"uv": [0, 0, 1, 0.25], "texture": "#2"},
				"down": {"uv": [0, 0, 1, 0.25], "texture": "#2"}
			}
		},
		{
			"from": [3, 0, 0],
			"to": [13, 2, 1],
			"faces": {
				"north": {"uv": [0, 0, 2.5, 0.25], "texture": "#2"},
				"east": {"uv": [0, 0, 0.25, 0.25], "texture": "#2"},
				"south": {"uv": [0, 0, 2.5, 0.25], "texture": "#2"},
				"west": {"uv": [0, 0, 0.25, 0.25], "texture": "#2"},
				"up": {"uv": [0, 0, 2.5, 0.25], "texture": "#2"},
				"down": {"uv": [0, 0, 2.5, 0.25], "texture": "#2"}
			}
		},
		{
			"from": [14, 0, 2],
			"to": [18, 2, 3],
			"rotation": {"angle": -45, "axis": "y", "origin": [16, 0, 0]},
			"faces": {
				"north": {"uv": [0, 0, 1, 0.25], "texture": "#2"},
				"east": {"uv": [0, 0, 0.25, 0.25], "texture": "#2"},
				"south": {"uv": [0, 0, 1, 0.25], "texture": "#2"},
				"west": {"uv": [0, 0, 0.25, 0.25], "texture": "#2"},
				"up": {"uv": [0, 0, 1, 0.25], "texture": "#2"},
				"down": {"uv": [0, 0, 1, 0.25], "texture": "#2"}
			}
		},
		{
			"from": [15, 0, 3],
			"to": [16, 2, 13],
			"rotation": {"angle": 0, "axis": "y", "origin": [16, 0, 16]},
			"faces": {
				"north": {"uv": [0, 0, 0.25, 0.25], "texture": "#2"},
				"east": {"uv": [0, 0, 2.5, 0.25], "texture": "#2"},
				"south": {"uv": [0, 0, 0.25, 0.25], "texture": "#2"},
				"west": {"uv": [0, 0, 2.5, 0.25], "texture": "#2"},
				"up": {"uv": [0, 0, 2.5, 0.25], "rotation": 90, "texture": "#2"},
				"down": {"uv": [0, 0, 2.5, 0.25], "rotation": 270, "texture": "#2"}
			}
		},
		{
			"from": [13, 0, 14],
			"to": [14, 2, 18],
			"rotation": {"angle": -45, "axis": "y", "origin": [16, 0, 16]},
			"faces": {
				"north": {"uv": [0, 0, 0.25, 0.25], "texture": "#2"},
				"east": {"uv": [0, 0, 1, 0.25], "texture": "#2"},
				"south": {"uv": [0, 0, 0.25, 0.25], "texture": "#2"},
				"west": {"uv": [0, 0, 1, 0.25], "texture": "#2"},
				"up": {"uv": [0, 0, 1, 0.25], "rotation": 90, "texture": "#2"},
				"down": {"uv": [0, 0, 1, 0.25], "rotation": 270, "texture": "#2"}
			}
		},
		{
			"from": [3, 0, 15],
			"to": [13, 2, 16],
			"rotation": {"angle": 0, "axis": "y", "origin": [0, 0, 16]},
			"faces": {
				"north": {"uv": [0, 0, 2.5, 0.25], "texture": "#2"},
				"east": {"uv": [0, 0, 0.25, 0.25], "texture": "#2"},
				"south": {"uv": [0, 0, 2.5, 0.25], "texture": "#2"},
				"west": {"uv": [0, 0, 0.25, 0.25], "texture": "#2"},
				"up": {"uv": [0, 0, 2.5, 0.25], "rotation": 180, "texture": "#2"},
				"down": {"uv": [0, 0, 2.5, 0.25], "rotation": 180, "texture": "#2"}
			}
		},
		{
			"from": [3, 11.5, 12],
			"to": [13, 13.5, 16],
			"rotation": {"angle": 0, "axis": "y", "origin": [0, 12.5, 16]},
			"faces": {
				"north": {"uv": [0, 0, 2.5, 0.25], "texture": "#2"},
				"east": {"uv": [0, 0, 1, 0.25], "texture": "#2"},
				"south": {"uv": [0, 0, 2.5, 0.25], "texture": "#2"},
				"west": {"uv": [0, 0, 1, 0.25], "texture": "#2"},
				"up": {"uv": [0, 0, 2.5, 1], "rotation": 180, "texture": "#2"},
				"down": {"uv": [0, 0, 2.5, 1], "rotation": 180, "texture": "#2"}
			}
		},
		{
			"from": [-2, 11.5, 11],
			"to": [2, 13.5, 14],
			"rotation": {"angle": -45, "axis": "y", "origin": [0, 12.5, 16]},
			"faces": {
				"north": {"uv": [0, 0, 1, 0.25], "texture": "#2"},
				"east": {"uv": [0, 0, 0.75, 0.25], "texture": "#2"},
				"south": {"uv": [0, 0, 1, 0.25], "texture": "#2"},
				"west": {"uv": [0, 0, 0.75, 0.25], "texture": "#2"},
				"up": {"uv": [0, 0, 1, 0.75], "rotation": 180, "texture": "#2"},
				"down": {"uv": [0, 0, 1, 0.75], "rotation": 180, "texture": "#2"}
			}
		},
		{
			"from": [0, 11.5, 3],
			"to": [4, 13.5, 13],
			"rotation": {"angle": 0, "axis": "y", "origin": [0, 12.5, 16]},
			"faces": {
				"north": {"uv": [0, 0, 1, 0.25], "texture": "#2"},
				"east": {"uv": [0, 0, 2.5, 0.25], "texture": "#2"},
				"south": {"uv": [0, 0, 1, 0.25], "texture": "#2"},
				"west": {"uv": [0, 0, 2.5, 0.25], "texture": "#2"},
				"up": {"uv": [0, 0, 2.5, 1], "rotation": 270, "texture": "#2"},
				"down": {"uv": [0, 0, 2.5, 1], "rotation": 90, "texture": "#2"}
			}
		},
		{
			"from": [-2, 11.5, 2],
			"to": [2, 13.5, 5],
			"rotation": {"angle": 45, "axis": "y", "origin": [0, 12.5, 0]},
			"faces": {
				"north": {"uv": [0, 0, 1, 0.25], "texture": "#2"},
				"east": {"uv": [0, 0, 0.75, 0.25], "texture": "#2"},
				"south": {"uv": [0, 0, 1, 0.25], "texture": "#2"},
				"west": {"uv": [0, 0, 0.75, 0.25], "texture": "#2"},
				"up": {"uv": [0, 0, 1, 0.75], "texture": "#2"},
				"down": {"uv": [0, 0, 1, 0.75], "texture": "#2"}
			}
		},
		{
			"from": [3, 11.5, 0],
			"to": [13, 13.5, 4],
			"rotation": {"angle": 0, "axis": "y", "origin": [16, 12.5, 0]},
			"faces": {
				"north": {"uv": [0, 0, 2.5, 0.25], "texture": "#2"},
				"east": {"uv": [0, 0, 1, 0.25], "texture": "#2"},
				"south": {"uv": [0, 0, 2.5, 0.25], "texture": "#2"},
				"west": {"uv": [0, 0, 1, 0.25], "texture": "#2"},
				"up": {"uv": [0, 0, 2.5, 1], "texture": "#2"},
				"down": {"uv": [0, 0, 2.5, 1], "texture": "#2"}
			}
		},
		{
			"from": [14, 11.5, 2],
			"to": [18, 13.5, 5],
			"rotation": {"angle": -45, "axis": "y", "origin": [16, 12.5, 0]},
			"faces": {
				"north": {"uv": [0, 0, 1, 0.25], "texture": "#2"},
				"east": {"uv": [0, 0, 0.75, 0.25], "texture": "#2"},
				"south": {"uv": [0, 0, 1, 0.25], "texture": "#2"},
				"west": {"uv": [0, 0, 0.75, 0.25], "texture": "#2"},
				"up": {"uv": [0, 0, 1, 0.75], "texture": "#2"},
				"down": {"uv": [0, 0, 1, 0.75], "texture": "#2"}
			}
		},
		{
			"from": [12, 11.5, 3],
			"to": [16, 13.5, 13],
			"rotation": {"angle": 0, "axis": "y", "origin": [16, 12.5, 16]},
			"faces": {
				"north": {"uv": [0, 0, 1, 0.25], "texture": "#2"},
				"east": {"uv": [0, 0, 2.5, 0.25], "texture": "#2"},
				"south": {"uv": [0, 0, 1, 0.25], "texture": "#2"},
				"west": {"uv": [0, 0, 2.5, 0.25], "texture": "#2"},
				"up": {"uv": [0, 0, 2.5, 1], "rotation": 90, "texture": "#2"},
				"down": {"uv": [0, 0, 2.5, 1], "rotation": 270, "texture": "#2"}
			}
		},
		{
			"from": [11, 11.5, 14],
			"to": [14, 13.5, 18],
			"rotation": {"angle": -45, "axis": "y", "origin": [16, 12.5, 16]},
			"faces": {
				"north": {"uv": [0, 0, 0.75, 0.25], "texture": "#2"},
				"east": {"uv": [0, 0, 1, 0.25], "texture": "#2"},
				"south": {"uv": [0, 0, 0.75, 0.25], "texture": "#2"},
				"west": {"uv": [0, 0, 1, 0.25], "texture": "#2"},
				"up": {"uv": [0, 0, 1, 0.75], "rotation": 90, "texture": "#2"},
				"down": {"uv": [0, 0, 1, 0.75], "rotation": 270, "texture": "#2"}
			}
		},
		{
			"from": [4, 11.5, 4],
			"to": [12, 13.5, 12],
			"rotation": {"angle": 0, "axis": "y", "origin": [0, 12.5, 16]},
			"faces": {
				"north": {"uv": [0, 0, 2, 0.25], "texture": "#2"},
				"east": {"uv": [0, 0, 2, 0.25], "texture": "#2"},
				"south": {"uv": [0, 0, 2, 0.25], "texture": "#2"},
				"west": {"uv": [0, 0, 2, 0.25], "texture": "#2"},
				"up": {"uv": [0, 0, 2, 2], "rotation": 270, "texture": "#2"},
				"down": {"uv": [0, 0, 2, 2], "rotation": 90, "texture": "#2"}
			}
		},
		{
			"from": [12.19, 2, -1.4],
			"to": [13.19, 11.5, 1.4],
			"rotation": {"angle": 45, "axis": "y", "origin": [16, 0, 0]},
			"faces": {
				"north": {"uv": [0, 0, 1.73315, 16], "texture": "#1"},
				"east": {"uv": [0, 0, 2.18315, 16], "texture": "#1"},
				"south": {"uv": [0, 0, 1.73315, 16], "texture": "#1"},
				"west": {"uv": [0, 0, 2.18315, 16], "texture": "#1"},
				"up": {"uv": [0, 0, 5.12697, 16], "rotation": 90, "texture": "#1"},
				"down": {"uv": [0, 14.17978, 4.5427, 16], "rotation": 270, "texture": "#1"}
			}
		},
		{
			"from": [23.48, 2, 9.9],
			"to": [24.48, 11.5, 12.7],
			"rotation": {"angle": -45, "axis": "y", "origin": [16, 0, 0]},
			"faces": {
				"north": {"uv": [0, 0, 1.73315, 16], "texture": "#1"},
				"east": {"uv": [0, 0, 2.18315, 16], "texture": "#1"},
				"south": {"uv": [0, 0, 1.73315, 16], "texture": "#1"},
				"west": {"uv": [0, 0, 2.18315, 16], "texture": "#1"},
				"up": {"uv": [0, 0, 5.12697, 16], "rotation": 90, "texture": "#1"},
				"down": {"uv": [0, 14.17978, 4.5427, 16], "rotation": 270, "texture": "#1"}
			}
		},
		{
			"from": [14.6, 2, 18.78],
			"to": [17.4, 11.5, 19.78],
			"rotation": {"angle": -45, "axis": "y", "origin": [16, 0, 0]},
			"faces": {
				"north": {"uv": [0, 0, 2.18315, 16], "texture": "#1"},
				"east": {"uv": [0, 0, 1.73315, 16], "texture": "#1"},
				"south": {"uv": [0, 0, 2.18315, 16], "texture": "#1"},
				"west": {"uv": [0, 0, 1.73315, 16], "texture": "#1"},
				"up": {"uv": [0, 0, 5.12697, 16], "rotation": 180, "texture": "#1"},
				"down": {"uv": [0, 14.17978, 4.5427, 16], "rotation": 180, "texture": "#1"}
			}
		},
		{
			"from": [7.51, 2, 9.9],
			"to": [8.51, 11.5, 12.7],
			"rotation": {"angle": -45, "axis": "y", "origin": [16, 0, 0]},
			"faces": {
				"north": {"uv": [0, 0, 1.73315, 16], "texture": "#1"},
				"east": {"uv": [0, 0, 2.18315, 16], "texture": "#1"},
				"south": {"uv": [0, 0, 1.73315, 16], "texture": "#1"},
				"west": {"uv": [0, 0, 2.18315, 16], "texture": "#1"},
				"up": {"uv": [0, 0, 5.12697, 16], "rotation": 270, "texture": "#1"},
				"down": {"uv": [0, 14.17978, 4.5427, 16], "rotation": 90, "texture": "#1"}
			}
		},
		{
			"from": [14, 2, 3],
			"to": [15, 11.5, 13],
			"rotation": {"angle": 0, "axis": "y", "origin": [16, 0, 16]},
			"faces": {
				"north": {"uv": [0, 0, 1.73315, 16], "texture": "#1"},
				"east": {"uv": [0, 0, 3.98315, 16], "texture": "#1"},
				"south": {"uv": [0, 0, 1.73315, 16], "texture": "#1"},
				"west": {"uv": [0, 0, 3.98315, 16], "texture": "#1"},
				"up": {"uv": [0, 0, 6.92697, 16], "rotation": 90, "texture": "#1"},
				"down": {"uv": [0, 14.17978, 6.3427, 16], "rotation": 270, "texture": "#1"}
			}
		},
		{
			"from": [3, 2, 14],
			"to": [13, 11.5, 15],
			"rotation": {"angle": 0, "axis": "y", "origin": [0, 0, 16]},
			"faces": {
				"north": {"uv": [0, 0, 3.98315, 16], "texture": "#1"},
				"east": {"uv": [0, 0, 1.73315, 16], "texture": "#1"},
				"south": {"uv": [0, 0, 3.98315, 16], "texture": "#1"},
				"west": {"uv": [0, 0, 1.73315, 16], "texture": "#1"},
				"up": {"uv": [0, 0, 6.92697, 16], "rotation": 180, "texture": "#1"},
				"down": {"uv": [0, 14.17978, 6.3427, 16], "rotation": 180, "texture": "#1"}
			}
		},
		{
			"from": [1, 2, 3],
			"to": [2, 11.5, 13],
			"rotation": {"angle": 0, "axis": "y", "origin": [0, 0, 16]},
			"faces": {
				"north": {"uv": [0, 0, 1.73315, 16], "texture": "#1"},
				"east": {"uv": [0, 0, 3.98315, 16], "texture": "#1"},
				"south": {"uv": [0, 0, 1.73315, 16], "texture": "#1"},
				"west": {"uv": [0, 0, 3.98315, 16], "texture": "#1"},
				"up": {"uv": [0, 0, 6.92697, 16], "rotation": 270, "texture": "#1"},
				"down": {"uv": [0, 14.17978, 6.3427, 16], "rotation": 90, "texture": "#1"}
			}
		},
		{
			"from": [3, 2, 1],
			"to": [13, 11.5, 2],
			"rotation": {"angle": 0, "axis": "y", "origin": [16, 0, 0]},
			"faces": {
				"north": {"uv": [0, 0, 3.98315, 16], "texture": "#1"},
				"east": {"uv": [0, 0, 1.73315, 16], "texture": "#1"},
				"south": {"uv": [0, 0, 3.98315, 16], "texture": "#1"},
				"west": {"uv": [0, 0, 1.73315, 16], "texture": "#1"},
				"up": {"uv": [0, 0, 6.92697, 16], "texture": "#1"},
				"down": {"uv": [0, 14.17978, 5.75843, 16], "texture": "#1"}
			}
		}
	],
	"display": {
		"thirdperson_righthand": {
			"translation": [0, 2.25, 0],
			"scale": [0.5, 0.5, 0.5]
		},
		"thirdperson_lefthand": {
			"translation": [0, 2.75, 0],
			"scale": [0.5, 0.5, 0.5]
		},
		"firstperson_righthand": {
			"translation": [0, 3.25, 0],
			"scale": [0.5, 0.5, 0.5]
		},
		"firstperson_lefthand": {
			"translation": [0, 3.25, 0],
			"scale": [0.5, 0.5, 0.5]
		},
		"ground": {
			"translation": [0, 4, 0]
		},
		"gui": {
			"rotation": [-18.75, 4.29, -29.89],
			"translation": [0.5, 0.75, 0],
			"scale": [0.55, 0.55, 0.55]
		},
		"head": {
			"translation": [0, 10.5, 0],
			"scale": [1.07, 1, 1.07]
		},
		"fixed": {
			"translation": [0, 6.5, 0]
		}
	},
	"groups": [
		{
			"name": "Red Trim",
			"origin": [0, 4, 16],
			"color": 0,
			"children": [
				{
					"name": "group",
					"origin": [0, 0, 16],
					"color": 0,
					"children": [0, 1, 2, 3, 4, 5, 6, 7]
				},
				8,
				9,
				10,
				11,
				12,
				13,
				14,
				15,
				16
			]
		},
		{
			"name": "Black inside",
			"origin": [16, 0, 0],
			"color": 0,
			"children": [17, 18, 19, 20, 21, 22, 23, 24]
		}
	]
}