{
	"credit": "Made with Blockbench",
	"texture_size": [64, 64],
	"textures": {
		"0": "spaniardpotc1",
		"1": "spainardpotc2",
		"particle": "spaniardpotc1"
	},
	"elements": [
		{
			"from": [4.13793, 0.27586, 0],
			"to": [12.13793, 8, 8],
			"rotation": {"angle": 0, "axis": "y", "origin": [4.13793, 0, 0]},
			"faces": {
				"north": {"uv": [0, 0, 4, 4], "texture": "#0"},
				"east": {"uv": [0, 4, 4, 8], "texture": "#0"},
				"south": {"uv": [4, 0, 8, 4], "texture": "#0"},
				"west": {"uv": [4, 4, 8, 8], "texture": "#0"},
				"up": {"uv": [4, 12, 0, 8], "texture": "#0"},
				"down": {"uv": [12, 0, 8, 4], "texture": "#0"}
			}
		},
		{
			"from": [4.41379, 7.72414, 0.27586],
			"to": [11.93103, 9.72414, 7.7931],
			"rotation": {"angle": 0, "axis": "y", "origin": [6.89655, 7.72414, 0.27586]},
			"faces": {
				"north": {"uv": [6, 1.75, 8, 2.25], "texture": "#1"},
				"east": {"uv": [6, 2.25, 8, 2.75], "texture": "#1"},
				"south": {"uv": [6, 2.75, 8, 3.25], "texture": "#1"},
				"west": {"uv": [6, 3.25, 8, 3.75], "texture": "#1"},
				"up": {"uv": [2, 2, 0, 0], "texture": "#1"},
				"down": {"uv": [2, 2, 0, 4], "texture": "#1"}
			}
		},
		{
			"from": [4.71379, 9.37931, 0.57586],
			"to": [11.63103, 11.17931, 7.4931],
			"rotation": {"angle": 0, "axis": "y", "origin": [6.89655, 9.37931, 0.27586]},
			"faces": {
				"north": {"uv": [0, 5.75, 1.75, 6.25], "texture": "#1"},
				"east": {"uv": [3.5, 6, 5.25, 6.5], "texture": "#1"},
				"south": {"uv": [6, 3.75, 7.75, 4.25], "texture": "#1"},
				"west": {"uv": [6, 4.25, 7.75, 4.75], "texture": "#1"},
				"up": {"uv": [1.75, 5.75, 0, 4], "texture": "#1"},
				"down": {"uv": [6.25, 0, 4.5, 1.75], "texture": "#1"}
			}
		},
		{
			"from": [5.24138, 9.65517, 0.82759],
			"to": [11.10345, 12.06897, 7.24138],
			"rotation": {"angle": 0, "axis": "y", "origin": [6.89655, 9.65517, 0.27586]},
			"faces": {
				"north": {"uv": [5.25, 6, 6.75, 6.5], "texture": "#1"},
				"east": {"uv": [0, 6.25, 1.5, 6.75], "texture": "#1"},
				"south": {"uv": [6.25, 0, 7.75, 0.5], "texture": "#1"},
				"west": {"uv": [6.25, 0.5, 7.75, 1], "texture": "#1"},
				"up": {"uv": [6, 3.25, 4.5, 1.75], "texture": "#1"},
				"down": {"uv": [6, 3.25, 4.5, 4.75], "texture": "#1"}
			}
		},
		{
			"from": [7.72414, 8.68966, 0.55172],
			"to": [8.62069, 13.86207, 7.65517],
			"rotation": {"angle": 0, "axis": "y", "origin": [6.89655, 12, 0.27586]},
			"faces": {
				"north": {"uv": [3.25, 6.25, 3.5, 7.5], "texture": "#1"},
				"east": {"uv": [4.5, 4.75, 6.25, 6], "texture": "#1"},
				"south": {"uv": [2, 6.5, 2.25, 7.75], "texture": "#1"},
				"west": {"uv": [1.75, 5, 3.5, 6.25], "texture": "#1"},
				"up": {"uv": [1.75, 8, 1.5, 6.25], "texture": "#1"},
				"down": {"uv": [2, 6.25, 1.75, 8], "texture": "#1"}
			}
		},
		{
			"from": [7.65517, 7.58621, -1.10345],
			"to": [12.82759, 8.48276, 9.17241],
			"rotation": {"angle": -22.5, "axis": "z", "origin": [9.51724, 6.75862, 0.55172]},
			"faces": {
				"north": {"uv": [6.25, 5.25, 7.5, 5.5], "texture": "#1"},
				"east": {"uv": [6.25, 1.5, 8.75, 1.75], "texture": "#1"},
				"south": {"uv": [6.25, 5.5, 7.5, 5.75], "texture": "#1"},
				"west": {"uv": [6.25, 4.75, 8.75, 5], "texture": "#1"},
				"up": {"uv": [4.5, 2.5, 3.25, 0], "texture": "#1"},
				"down": {"uv": [4.5, 2.5, 3.25, 5], "texture": "#1"}
			}
		},
		{
			"from": [3.36207, 7.58621, -1.03448],
			"to": [9.03448, 8.48276, 9.24138],
			"rotation": {"angle": 22.5, "axis": "z", "origin": [7.17241, 6.75862, 7.58621]},
			"faces": {
				"north": {"uv": [2, 6.25, 3.25, 6.5], "texture": "#1"},
				"east": {"uv": [6.25, 1, 8.75, 1.25], "texture": "#1"},
				"south": {"uv": [6.25, 5, 7.5, 5.25], "texture": "#1"},
				"west": {"uv": [6.25, 1.25, 8.75, 1.5], "texture": "#1"},
				"up": {"uv": [3.25, 2.5, 2, 0], "texture": "#1"},
				"down": {"uv": [3.25, 2.5, 2, 5], "texture": "#1"}
			}
		}
	]
}