{
	"credit": "Made with Blockbench",
	"textures": {
		"2": "item/custom/generic/controlpanelanimate",
		"particle": "item/custom/generic/controlpanelanimate"
	},
	"elements": [
		{
			"from": [8.05, 6.68291, 6.23256],
			"to": [8.1, 6.73291, 6.35756],
			"rotation": {"angle": -22.5, "axis": "x", "origin": [12.125, 7.84965, 12.43045]},
			"faces": {
				"north": {"uv": [9, 3, 9.125, 3.125], "texture": "#2"},
				"east": {"uv": [4, 9, 4.125, 9.125], "texture": "#2"},
				"south": {"uv": [9, 4, 9.125, 4.125], "texture": "#2"},
				"west": {"uv": [5, 9, 5.125, 9.125], "texture": "#2"},
				"up": {"uv": [9.125, 5.125, 9, 5], "texture": "#2"},
				"down": {"uv": [6.125, 9, 6, 9.125], "texture": "#2"}
			}
		},
		{
			"from": [8, 6.58291, 6.20756],
			"to": [8.15, 6.68291, 6.35756],
			"rotation": {"angle": -22.5, "axis": "x", "origin": [12.175, 7.84965, 12.43045]},
			"faces": {
				"north": {"uv": [9, 0, 9.125, 0.125], "texture": "#2"},
				"east": {"uv": [1, 9, 1.125, 9.125], "texture": "#2"},
				"south": {"uv": [9, 1, 9.125, 1.125], "texture": "#2"},
				"west": {"uv": [2, 9, 2.125, 9.125], "texture": "#2"},
				"up": {"uv": [9.125, 2.125, 9, 2], "texture": "#2"},
				"down": {"uv": [3.125, 9, 3, 9.125], "texture": "#2"}
			}
		},
		{
			"from": [6.1, 3.9, 6.2],
			"to": [9.9, 4.25, 9.5],
			"rotation": {"angle": -22.5, "axis": "x", "origin": [7, 4, 7]},
			"faces": {
				"north": {"uv": [4, 0, 7.75, 0.375], "texture": "#2"},
				"east": {"uv": [4, 2, 7.25, 2.375], "texture": "#2"},
				"south": {"uv": [4, 1, 7.75, 1.375], "texture": "#2"},
				"west": {"uv": [4, 3, 7.25, 3.375], "texture": "#2"},
				"up": {"uv": [3.75, 3.25, 0, 0], "texture": "#2"},
				"down": {"uv": [3.75, 4, 0, 7.25], "texture": "#2"}
			}
		},
		{
			"from": [9.2, 4.04829, 6.68045],
			"to": [9.4, 4.24829, 8.08045],
			"rotation": {"angle": -22.5, "axis": "x", "origin": [8.3, 3.84829, 5.98045]},
			"faces": {
				"north": {"uv": [2, 8, 2.25, 8.25], "texture": "#2"},
				"east": {"uv": [4, 4, 5.375, 4.25], "texture": "#2"},
				"south": {"uv": [8, 2, 8.25, 2.25], "texture": "#2"},
				"west": {"uv": [4, 5, 5.375, 5.25], "texture": "#2"},
				"up": {"uv": [4.25, 7.375, 4, 6], "texture": "#2"},
				"down": {"uv": [6.25, 4, 6, 5.375], "texture": "#2"}
			}
		},
		{
			"from": [9.1, 3.84829, 6.58045],
			"to": [9.5, 4.04829, 6.98045],
			"rotation": {"angle": -22.5, "axis": "x", "origin": [8.3, 3.84829, 5.98045]},
			"faces": {
				"north": {"uv": [7, 5, 7.375, 5.25], "texture": "#2"},
				"east": {"uv": [6, 7, 6.375, 7.25], "texture": "#2"},
				"south": {"uv": [7, 6, 7.375, 6.25], "texture": "#2"},
				"west": {"uv": [7, 7, 7.375, 7.25], "texture": "#2"},
				"up": {"uv": [5.375, 6.375, 5, 6], "texture": "#2"},
				"down": {"uv": [6.375, 6, 6, 6.375], "texture": "#2"}
			}
		},
		{
			"from": [9.1, 3.84829, 7.78045],
			"to": [9.5, 4.04829, 8.18045],
			"rotation": {"angle": -22.5, "axis": "x", "origin": [8.3, 3.84829, 5.98045]},
			"faces": {
				"north": {"uv": [0, 8, 0.375, 8.25], "texture": "#2"},
				"east": {"uv": [8, 0, 8.375, 0.25], "texture": "#2"},
				"south": {"uv": [1, 8, 1.375, 8.25], "texture": "#2"},
				"west": {"uv": [8, 1, 8.375, 1.25], "texture": "#2"},
				"up": {"uv": [7.375, 4.375, 7, 4], "texture": "#2"},
				"down": {"uv": [5.375, 7, 5, 7.375], "texture": "#2"}
			}
		},
		{
			"from": [6.675, 4.42231, 8.54127],
			"to": [6.8, 4.52231, 8.66627],
			"rotation": {"angle": -22.5, "axis": "x", "origin": [6.075, 4.42231, 7.36627]},
			"faces": {
				"north": {"uv": [3, 8, 3.125, 8.125], "texture": "#2"},
				"east": {"uv": [8, 3, 8.125, 3.125], "texture": "#2"},
				"south": {"uv": [4, 8, 4.125, 8.125], "texture": "#2"},
				"west": {"uv": [8, 4, 8.125, 4.125], "texture": "#2"},
				"up": {"uv": [5.125, 8.125, 5, 8], "texture": "#2"},
				"down": {"uv": [8.125, 5, 8, 5.125], "texture": "#2"}
			}
		},
		{
			"from": [6.65, 4.52231, 8.51627],
			"to": [6.825, 4.54731, 8.69127],
			"rotation": {"angle": -22.5, "axis": "x", "origin": [6.075, 4.42231, 7.36627]},
			"faces": {
				"north": {"uv": [6, 8, 6.125, 8.125], "texture": "#2"},
				"east": {"uv": [8, 6, 8.125, 6.125], "texture": "#2"},
				"south": {"uv": [7, 8, 7.125, 8.125], "texture": "#2"},
				"west": {"uv": [8, 7, 8.125, 7.125], "texture": "#2"},
				"up": {"uv": [8.125, 8.125, 8, 8], "texture": "#2"},
				"down": {"uv": [0.125, 9, 0, 9.125], "texture": "#2"}
			}
		},
		{
			"from": [8, 6.58291, 5.95756],
			"to": [8.15, 6.68291, 6.10756],
			"rotation": {"angle": -22.5, "axis": "x", "origin": [12.175, 7.84965, 12.43045]},
			"faces": {
				"north": {"uv": [9, 0, 9.125, 0.125], "texture": "#2"},
				"east": {"uv": [1, 9, 1.125, 9.125], "texture": "#2"},
				"south": {"uv": [9, 1, 9.125, 1.125], "texture": "#2"},
				"west": {"uv": [2, 9, 2.125, 9.125], "texture": "#2"},
				"up": {"uv": [9.125, 2.125, 9, 2], "texture": "#2"},
				"down": {"uv": [3.125, 9, 3, 9.125], "texture": "#2"}
			}
		},
		{
			"from": [8.05, 6.68291, 5.98256],
			"to": [8.1, 6.73291, 6.10756],
			"rotation": {"angle": -22.5, "axis": "x", "origin": [12.125, 7.84965, 12.43045]},
			"faces": {
				"north": {"uv": [9, 3, 9.125, 3.125], "texture": "#2"},
				"east": {"uv": [4, 9, 4.125, 9.125], "texture": "#2"},
				"south": {"uv": [9, 4, 9.125, 4.125], "texture": "#2"},
				"west": {"uv": [5, 9, 5.125, 9.125], "texture": "#2"},
				"up": {"uv": [9.125, 5.125, 9, 5], "texture": "#2"},
				"down": {"uv": [6.125, 9, 6, 9.125], "texture": "#2"}
			}
		}
	],
	"display": {
		"thirdperson_righthand": {
			"translation": [0, 12.5, 0],
			"scale": [4, 4, 4]
		},
		"thirdperson_lefthand": {
			"translation": [0, 12.5, 0],
			"scale": [4, 4, 4]
		},
		"firstperson_righthand": {
			"scale": [4, 4, 4]
		},
		"firstperson_lefthand": {
			"scale": [4, 4, 4]
		},
		"ground": {
			"rotation": [23, 0, 0],
			"translation": [0, -1, 7],
			"scale": [4, 4, 4]
		},
		"gui": {
			"rotation": [110, 0, 0],
			"translation": [0, -6, 0],
			"scale": [4, 4, 4]
		},
		"head": {
			"translation": [0, 16, 0],
			"scale": [4, 4, 4]
		},
		"fixed": {
			"rotation": [-67, 0, 0],
			"translation": [0, 6.75, -12],
			"scale": [4, 4, 4]
		}
	},
	"groups": [
		{
			"name": "group",
			"origin": [12.125, 7.84965, 12.43045],
			"color": 0,
			"children": [0, 1, 2, 3, 4, 5, 6, 7, 8, 9]
		}
	]
}
