{
	"credit": "Made with Blockbench",
	"textures": {
		"1": "block/purple_shulker_box",
		"2": "block/white_concrete",
		"3": "block/black_concrete",
		"5": "block/yellow_concrete",
		"6": "block/purple_concrete_powder"
	},
	"elements": [
		{
			"from": [-6.5, -2.5, -3.5],
			"to": [-4.5, -1.5, -2],
			"faces": {
				"north": {"uv": [0, 0, 2, 1], "texture": "#6"},
				"east": {"uv": [0, 0, 1.5, 1], "texture": "#6"},
				"south": {"uv": [0, 0, 2, 1], "texture": "#6"},
				"west": {"uv": [0, 0, 1.5, 1], "texture": "#6"},
				"up": {"uv": [0, 0, 2, 1.5], "texture": "#6"},
				"down": {"uv": [0, 0, 2, 1.5], "texture": "#6"}
			}
		},
		{
			"from": [-7, -2, -3.40625],
			"to": [-5.5, -1, -2.09375],
			"faces": {
				"north": {"uv": [0, 0, 1.5, 1], "texture": "#6"},
				"east": {"uv": [0, 0, 1.3125, 1], "texture": "#6"},
				"south": {"uv": [0, 0, 1.5, 1], "texture": "#6"},
				"west": {"uv": [0, 0, 1.3125, 1], "texture": "#6"},
				"up": {"uv": [0, 0, 1.5, 1.3125], "texture": "#6"},
				"down": {"uv": [0, 0, 1.5, 1.3125], "texture": "#6"}
			}
		},
		{
			"from": [-7.5, -1.5, -3.34375],
			"to": [-6.5, -0.5, -2.15625],
			"faces": {
				"north": {"uv": [0, 0, 1, 1], "texture": "#6"},
				"east": {"uv": [0, 0, 1.1875, 1], "texture": "#6"},
				"south": {"uv": [0, 0, 1, 1], "texture": "#6"},
				"west": {"uv": [0, 0, 1.1875, 1], "texture": "#6"},
				"up": {"uv": [0, 0, 1, 1.1875], "texture": "#6"},
				"down": {"uv": [0, 0, 1, 1.1875], "texture": "#6"}
			}
		},
		{
			"from": [-8.5, -1, -3.25],
			"to": [-7.25, -0.25, -2.25],
			"faces": {
				"north": {"uv": [0, 0, 1.25, 0.75], "texture": "#6"},
				"east": {"uv": [0, 0, 1, 0.75], "texture": "#6"},
				"south": {"uv": [0, 0, 1.25, 0.75], "texture": "#6"},
				"west": {"uv": [0, 0, 1, 0.75], "texture": "#6"},
				"up": {"uv": [0, 0, 1.25, 1], "texture": "#6"},
				"down": {"uv": [0, 0, 1.25, 1], "texture": "#6"}
			}
		},
		{
			"from": [-10, -0.5, -3.15625],
			"to": [-8.25, 0, -2.34375],
			"faces": {
				"north": {"uv": [0, 0, 1.75, 0.5], "texture": "#6"},
				"east": {"uv": [0, 0, 0.8125, 0.5], "texture": "#6"},
				"south": {"uv": [0, 0, 1.75, 0.5], "texture": "#6"},
				"west": {"uv": [0, 0, 0.8125, 0.5], "texture": "#6"},
				"up": {"uv": [0, 0, 1.75, 0.8125], "texture": "#6"},
				"down": {"uv": [0, 0, 1.75, 0.8125], "texture": "#6"}
			}
		},
		{
			"from": [-11.75, -0.25, -3.0625],
			"to": [-9.75, 0.5, -2.4375],
			"faces": {
				"north": {"uv": [0, 0, 2, 0.75], "texture": "#6"},
				"east": {"uv": [0, 0, 0.625, 0.75], "texture": "#6"},
				"south": {"uv": [0, 0, 2, 0.75], "texture": "#6"},
				"west": {"uv": [0, 0, 0.625, 0.75], "texture": "#6"},
				"up": {"uv": [0, 0, 2, 0.625], "texture": "#6"},
				"down": {"uv": [0, 0, 2, 0.625], "texture": "#6"}
			}
		},
		{
			"from": [-12.5, -0.5, -3],
			"to": [-11.5, 0, -2.5],
			"faces": {
				"north": {"uv": [0, 0, 1, 0.5], "texture": "#6"},
				"east": {"uv": [0, 0, 0.5, 0.5], "texture": "#6"},
				"south": {"uv": [0, 0, 1, 0.5], "texture": "#6"},
				"west": {"uv": [0, 0, 0.5, 0.5], "texture": "#6"},
				"up": {"uv": [0, 0, 1, 0.5], "texture": "#6"},
				"down": {"uv": [0, 0, 1, 0.5], "texture": "#6"}
			}
		},
		{
			"from": [-4, 7, -5],
			"to": [-1.5, 7.5, -4.5],
			"faces": {
				"north": {"uv": [0, 0, 2.5, 0.5], "texture": "#6"},
				"east": {"uv": [0, 0, 0.5, 0.5], "texture": "#6"},
				"south": {"uv": [0, 0, 2.5, 0.5], "texture": "#6"},
				"west": {"uv": [0, 0, 0.5, 0.5], "texture": "#6"},
				"up": {"uv": [0, 0, 0.5, 2.5], "rotation": 90, "texture": "#6"},
				"down": {"uv": [0, 0, 0.5, 2.5], "rotation": 270, "texture": "#6"}
			}
		},
		{
			"from": [-5.5, 3.5, -5.5],
			"to": [0, 6.5, 0],
			"faces": {
				"north": {"uv": [0, 0, 5.5, 3], "texture": "#6"},
				"east": {"uv": [0, 0, 5.5, 3], "texture": "#6"},
				"south": {"uv": [0, 0, 5.5, 3], "texture": "#6"},
				"west": {"uv": [0, 0, 5.5, 3], "texture": "#6"},
				"up": {"uv": [0, 0, 5.5, 5.5], "texture": "#6"},
				"down": {"uv": [0, 0, 5.5, 5.5], "texture": "#6"}
			}
		},
		{
			"from": [-5, 3.5, -6],
			"to": [-0.5, 6.5, -5.5],
			"faces": {
				"north": {"uv": [0, 0, 4.5, 3], "texture": "#6"},
				"east": {"uv": [0, 0, 0.5, 3], "texture": "#6"},
				"south": {"uv": [0, 0, 4.5, 3], "texture": "#6"},
				"west": {"uv": [0, 0, 0.5, 3], "texture": "#6"},
				"up": {"uv": [0, 0, 4.5, 0.5], "texture": "#6"},
				"down": {"uv": [0, 0, 4.5, 0.5], "texture": "#6"}
			}
		},
		{
			"from": [-5, 3.5, 0],
			"to": [-0.5, 6.5, 0.5],
			"faces": {
				"north": {"uv": [0, 0, 4.5, 3], "texture": "#6"},
				"east": {"uv": [0, 0, 0.5, 3], "texture": "#6"},
				"south": {"uv": [0, 0, 4.5, 3], "texture": "#6"},
				"west": {"uv": [0, 0, 0.5, 3], "texture": "#6"},
				"up": {"uv": [0, 0, 4.5, 0.5], "texture": "#6"},
				"down": {"uv": [0, 0, 4.5, 0.5], "texture": "#6"}
			}
		},
		{
			"from": [0, 3.5, -5],
			"to": [0.5, 6.5, -0.5],
			"faces": {
				"north": {"uv": [0, 0, 0.5, 3], "texture": "#6"},
				"east": {"uv": [0, 0, 4.5, 3], "texture": "#6"},
				"south": {"uv": [0, 0, 0.5, 3], "texture": "#6"},
				"west": {"uv": [0, 0, 4.5, 3], "texture": "#6"},
				"up": {"uv": [0, 0, 4.5, 0.5], "rotation": 90, "texture": "#6"},
				"down": {"uv": [0, 0, 4.5, 0.5], "rotation": 270, "texture": "#6"}
			}
		},
		{
			"from": [-6, 3.5, -5],
			"to": [-5.5, 6.5, -0.5],
			"faces": {
				"north": {"uv": [0, 0, 0.5, 3], "texture": "#6"},
				"east": {"uv": [0, 0, 4.5, 3], "texture": "#6"},
				"south": {"uv": [0, 0, 0.5, 3], "texture": "#6"},
				"west": {"uv": [0, 0, 4.5, 3], "texture": "#6"},
				"up": {"uv": [0, 0, 4.5, 0.5], "rotation": 90, "texture": "#6"},
				"down": {"uv": [0, 0, 4.5, 0.5], "rotation": 270, "texture": "#6"}
			}
		},
		{
			"from": [-5, 2, -5],
			"to": [-0.5, 7, -0.5],
			"faces": {
				"north": {"uv": [0, 0, 4.5, 5], "texture": "#6"},
				"east": {"uv": [0, 0, 4.5, 5], "texture": "#6"},
				"south": {"uv": [0, 0, 4.5, 5], "texture": "#6"},
				"west": {"uv": [0, 0, 4.5, 5], "texture": "#6"},
				"up": {"uv": [0, 0, 4.5, 4.5], "texture": "#6"},
				"down": {"uv": [0, 0, 4.5, 4.5], "texture": "#6"}
			}
		},
		{
			"from": [-4.5, 0.5, -4.5],
			"to": [-1, 2, -1],
			"faces": {
				"north": {"uv": [0, 0, 3.5, 1.5], "texture": "#6"},
				"east": {"uv": [0, 0, 3.5, 1.5], "texture": "#6"},
				"south": {"uv": [0, 0, 3.5, 1.5], "texture": "#6"},
				"west": {"uv": [0, 0, 3.5, 1.5], "texture": "#6"},
				"up": {"uv": [0, 0, 3.5, 3.5], "texture": "#6"},
				"down": {"uv": [0, 0, 3.5, 3.5], "texture": "#6"}
			}
		},
		{
			"from": [-4, -2, -4],
			"to": [-1.5, 0.5, -1.5],
			"faces": {
				"north": {"uv": [0, 0, 2.5, 2.5], "texture": "#6"},
				"east": {"uv": [0, 0, 2.5, 2.5], "texture": "#6"},
				"south": {"uv": [0, 0, 2.5, 2.5], "texture": "#6"},
				"west": {"uv": [0, 0, 2.5, 2.5], "texture": "#6"},
				"up": {"uv": [0, 0, 2.5, 2.5], "texture": "#6"},
				"down": {"uv": [0, 0, 2.5, 2.5], "texture": "#6"}
			}
		},
		{
			"from": [-1.5, -2, -3.5],
			"to": [-1, 0.5, -2],
			"faces": {
				"north": {"uv": [0, 0, 0.5, 2.5], "texture": "#6"},
				"east": {"uv": [0, 0, 1.5, 2.5], "texture": "#6"},
				"south": {"uv": [0, 0, 0.5, 2.5], "texture": "#6"},
				"west": {"uv": [0, 0, 1.5, 2.5], "texture": "#6"},
				"up": {"uv": [0, 0, 0.5, 1.5], "texture": "#6"},
				"down": {"uv": [0, 0, 0.5, 1.5], "texture": "#6"}
			}
		},
		{
			"from": [-4.5, -2, -3.5],
			"to": [-4, 0.5, -2],
			"faces": {
				"north": {"uv": [0, 0, 0.5, 2.5], "texture": "#6"},
				"east": {"uv": [0, 0, 1.5, 2.5], "texture": "#6"},
				"south": {"uv": [0, 0, 0.5, 2.5], "texture": "#6"},
				"west": {"uv": [0, 0, 1.5, 2.5], "texture": "#6"},
				"up": {"uv": [0, 0, 0.5, 1.5], "texture": "#6"},
				"down": {"uv": [0, 0, 0.5, 1.5], "texture": "#6"}
			}
		},
		{
			"from": [-3.5, -2, -1.5],
			"to": [-2, 0.5, -1],
			"faces": {
				"north": {"uv": [0, 0, 1.5, 2.5], "texture": "#6"},
				"east": {"uv": [0, 0, 0.5, 2.5], "texture": "#6"},
				"south": {"uv": [0, 0, 1.5, 2.5], "texture": "#6"},
				"west": {"uv": [0, 0, 0.5, 2.5], "texture": "#6"},
				"up": {"uv": [0, 0, 0.5, 1.5], "rotation": 270, "texture": "#6"},
				"down": {"uv": [0, 0, 0.5, 1.5], "rotation": 90, "texture": "#6"}
			}
		},
		{
			"from": [-3.5, -2, -4.5],
			"to": [-2, 0.5, -4],
			"faces": {
				"north": {"uv": [0, 0, 1.5, 2.5], "texture": "#6"},
				"east": {"uv": [0, 0, 0.5, 2.5], "texture": "#6"},
				"south": {"uv": [0, 0, 1.5, 2.5], "texture": "#6"},
				"west": {"uv": [0, 0, 0.5, 2.5], "texture": "#6"},
				"up": {"uv": [0, 0, 0.5, 1.5], "rotation": 270, "texture": "#6"},
				"down": {"uv": [0, 0, 0.5, 1.5], "rotation": 90, "texture": "#6"}
			}
		},
		{
			"from": [-5, 0.5, -4],
			"to": [-4.5, 2, -1.5],
			"faces": {
				"north": {"uv": [0, 0, 0.5, 1.5], "texture": "#6"},
				"east": {"uv": [0, 0, 2.5, 1.5], "texture": "#6"},
				"south": {"uv": [0, 0, 0.5, 1.5], "texture": "#6"},
				"west": {"uv": [0, 0, 2.5, 1.5], "texture": "#6"},
				"up": {"uv": [0, 0, 0.5, 2.5], "texture": "#6"},
				"down": {"uv": [0, 0, 0.5, 2.5], "texture": "#6"}
			}
		},
		{
			"from": [-1, 0.5, -4],
			"to": [-0.5, 2, -1.5],
			"faces": {
				"north": {"uv": [0, 0, 0.5, 1.5], "texture": "#6"},
				"east": {"uv": [0, 0, 2.5, 1.5], "texture": "#6"},
				"south": {"uv": [0, 0, 0.5, 1.5], "texture": "#6"},
				"west": {"uv": [0, 0, 2.5, 1.5], "texture": "#6"},
				"up": {"uv": [0, 0, 0.5, 2.5], "texture": "#6"},
				"down": {"uv": [0, 0, 0.5, 2.5], "texture": "#6"}
			}
		},
		{
			"from": [-4, 0.5, -1],
			"to": [-1.5, 2, -0.5],
			"faces": {
				"north": {"uv": [0, 0, 2.5, 1.5], "texture": "#6"},
				"east": {"uv": [0, 0, 0.5, 1.5], "texture": "#6"},
				"south": {"uv": [0, 0, 2.5, 1.5], "texture": "#6"},
				"west": {"uv": [0, 0, 0.5, 1.5], "texture": "#6"},
				"up": {"uv": [0, 0, 0.5, 2.5], "rotation": 270, "texture": "#6"},
				"down": {"uv": [0, 0, 0.5, 2.5], "rotation": 90, "texture": "#6"}
			}
		},
		{
			"from": [-4, 0.5, -5],
			"to": [-1.5, 2, -4.5],
			"faces": {
				"north": {"uv": [0, 0, 2.5, 1.5], "texture": "#6"},
				"east": {"uv": [0, 0, 0.5, 1.5], "texture": "#6"},
				"south": {"uv": [0, 0, 2.5, 1.5], "texture": "#6"},
				"west": {"uv": [0, 0, 0.5, 1.5], "texture": "#6"},
				"up": {"uv": [0, 0, 0.5, 2.5], "rotation": 270, "texture": "#6"},
				"down": {"uv": [0, 0, 0.5, 2.5], "rotation": 90, "texture": "#6"}
			}
		},
		{
			"from": [-4.5, -3.5, -4.5],
			"to": [-1, -2, -1],
			"faces": {
				"north": {"uv": [0, 0, 3.5, 1.5], "texture": "#6"},
				"east": {"uv": [0, 0, 3.5, 1.5], "texture": "#6"},
				"south": {"uv": [0, 0, 3.5, 1.5], "texture": "#6"},
				"west": {"uv": [0, 0, 3.5, 1.5], "texture": "#6"},
				"up": {"uv": [0, 0, 3.5, 3.5], "texture": "#6"},
				"down": {"uv": [0, 0, 3.5, 3.5], "texture": "#6"}
			}
		},
		{
			"from": [-5, -3.5, -4],
			"to": [-4.5, -2, -1.5],
			"faces": {
				"north": {"uv": [0, 0, 0.5, 1.5], "texture": "#6"},
				"east": {"uv": [0, 0, 2.5, 1.5], "texture": "#6"},
				"south": {"uv": [0, 0, 0.5, 1.5], "texture": "#6"},
				"west": {"uv": [0, 0, 2.5, 1.5], "texture": "#6"},
				"up": {"uv": [0, 0, 0.5, 2.5], "texture": "#6"},
				"down": {"uv": [0, 0, 0.5, 2.5], "texture": "#6"}
			}
		},
		{
			"from": [-4, -3.5, -5],
			"to": [-1.5, -2, -4.5],
			"faces": {
				"north": {"uv": [0, 0, 2.5, 1.5], "texture": "#6"},
				"east": {"uv": [0, 0, 0.5, 1.5], "texture": "#6"},
				"south": {"uv": [0, 0, 2.5, 1.5], "texture": "#6"},
				"west": {"uv": [0, 0, 0.5, 1.5], "texture": "#6"},
				"up": {"uv": [0, 0, 0.5, 2.5], "rotation": 270, "texture": "#6"},
				"down": {"uv": [0, 0, 0.5, 2.5], "rotation": 90, "texture": "#6"}
			}
		},
		{
			"from": [-4, -3.5, -1],
			"to": [-1.5, -2, -0.5],
			"faces": {
				"north": {"uv": [0, 0, 2.5, 1.5], "texture": "#6"},
				"east": {"uv": [0, 0, 0.5, 1.5], "texture": "#6"},
				"south": {"uv": [0, 0, 2.5, 1.5], "texture": "#6"},
				"west": {"uv": [0, 0, 0.5, 1.5], "texture": "#6"},
				"up": {"uv": [0, 0, 0.5, 2.5], "rotation": 270, "texture": "#6"},
				"down": {"uv": [0, 0, 0.5, 2.5], "rotation": 90, "texture": "#6"}
			}
		},
		{
			"from": [-1, -3.5, -4],
			"to": [-0.5, -2, -1.5],
			"faces": {
				"north": {"uv": [0, 0, 0.5, 1.5], "texture": "#6"},
				"east": {"uv": [0, 0, 2.5, 1.5], "texture": "#6"},
				"south": {"uv": [0, 0, 0.5, 1.5], "texture": "#6"},
				"west": {"uv": [0, 0, 2.5, 1.5], "texture": "#6"},
				"up": {"uv": [0, 0, 0.5, 2.5], "texture": "#6"},
				"down": {"uv": [0, 0, 0.5, 2.5], "texture": "#6"}
			}
		},
		{
			"from": [-0.5, 2, -4.5],
			"to": [0, 7, -1],
			"faces": {
				"north": {"uv": [0, 0, 0.5, 5], "texture": "#6"},
				"east": {"uv": [0, 0, 3.5, 5], "texture": "#6"},
				"south": {"uv": [0, 0, 0.5, 5], "texture": "#6"},
				"west": {"uv": [0, 0, 3.5, 5], "texture": "#6"},
				"up": {"uv": [0, 0, 0.5, 3.5], "texture": "#6"},
				"down": {"uv": [0, 0, 0.5, 3.5], "texture": "#6"}
			}
		},
		{
			"from": [-5.5, 2, -4.5],
			"to": [-5, 7, -1],
			"faces": {
				"north": {"uv": [0, 0, 0.5, 5], "texture": "#6"},
				"east": {"uv": [0, 0, 3.5, 5], "texture": "#6"},
				"south": {"uv": [0, 0, 0.5, 5], "texture": "#6"},
				"west": {"uv": [0, 0, 3.5, 5], "texture": "#6"},
				"up": {"uv": [0, 0, 0.5, 3.5], "texture": "#6"},
				"down": {"uv": [0, 0, 0.5, 3.5], "texture": "#6"}
			}
		},
		{
			"from": [-4.5, 2, -5.5],
			"to": [-1, 7, -5],
			"faces": {
				"north": {"uv": [0, 0, 3.5, 5], "texture": "#6"},
				"east": {"uv": [0, 0, 0.5, 5], "texture": "#6"},
				"south": {"uv": [0, 0, 3.5, 5], "texture": "#6"},
				"west": {"uv": [0, 0, 0.5, 5], "texture": "#6"},
				"up": {"uv": [0, 0, 0.5, 3.5], "rotation": 90, "texture": "#6"},
				"down": {"uv": [0, 0, 0.5, 3.5], "rotation": 270, "texture": "#6"}
			}
		},
		{
			"from": [-4.5, 2, -0.5],
			"to": [-1, 7, 0],
			"faces": {
				"north": {"uv": [0, 0, 3.5, 5], "texture": "#6"},
				"east": {"uv": [0, 0, 0.5, 5], "texture": "#6"},
				"south": {"uv": [0, 0, 3.5, 5], "texture": "#6"},
				"west": {"uv": [0, 0, 0.5, 5], "texture": "#6"},
				"up": {"uv": [0, 0, 0.5, 3.5], "rotation": 90, "texture": "#6"},
				"down": {"uv": [0, 0, 0.5, 3.5], "rotation": 270, "texture": "#6"}
			}
		},
		{
			"from": [-4.5, 7, -4.5],
			"to": [-1, 7.5, -1],
			"faces": {
				"north": {"uv": [0, 0, 3.5, 0.5], "texture": "#6"},
				"east": {"uv": [0, 0, 3.5, 0.5], "texture": "#6"},
				"south": {"uv": [0, 0, 3.5, 0.5], "texture": "#6"},
				"west": {"uv": [0, 0, 3.5, 0.5], "texture": "#6"},
				"up": {"uv": [0, 0, 3.5, 3.5], "texture": "#6"},
				"down": {"uv": [0, 0, 3.5, 3.5], "texture": "#6"}
			}
		},
		{
			"from": [-5, 7, -4],
			"to": [-4.5, 7.5, -1.5],
			"faces": {
				"north": {"uv": [0, 0, 0.5, 0.5], "texture": "#6"},
				"east": {"uv": [0, 0, 2.5, 0.5], "texture": "#6"},
				"south": {"uv": [0, 0, 0.5, 0.5], "texture": "#6"},
				"west": {"uv": [0, 0, 2.5, 0.5], "texture": "#6"},
				"up": {"uv": [0, 0, 0.5, 2.5], "texture": "#6"},
				"down": {"uv": [0, 0, 0.5, 2.5], "texture": "#6"}
			}
		},
		{
			"from": [-1, 7, -4],
			"to": [-0.5, 7.5, -1.5],
			"faces": {
				"north": {"uv": [0, 0, 0.5, 0.5], "texture": "#6"},
				"east": {"uv": [0, 0, 2.5, 0.5], "texture": "#6"},
				"south": {"uv": [0, 0, 0.5, 0.5], "texture": "#6"},
				"west": {"uv": [0, 0, 2.5, 0.5], "texture": "#6"},
				"up": {"uv": [0, 0, 0.5, 2.5], "texture": "#6"},
				"down": {"uv": [0, 0, 0.5, 2.5], "texture": "#6"}
			}
		},
		{
			"from": [-4, 7, -1],
			"to": [-1.5, 7.5, -0.5],
			"faces": {
				"north": {"uv": [0, 0, 2.5, 0.5], "texture": "#6"},
				"east": {"uv": [0, 0, 0.5, 0.5], "texture": "#6"},
				"south": {"uv": [0, 0, 2.5, 0.5], "texture": "#6"},
				"west": {"uv": [0, 0, 0.5, 0.5], "texture": "#6"},
				"up": {"uv": [0, 0, 0.5, 2.5], "rotation": 90, "texture": "#6"},
				"down": {"uv": [0, 0, 0.5, 2.5], "rotation": 270, "texture": "#6"}
			}
		},
		{
			"from": [-3.5, -2.5, -6.5],
			"to": [-2, -1.5, -4.5],
			"faces": {
				"north": {"uv": [0, 0, 1.5, 1], "texture": "#6"},
				"east": {"uv": [0, 0, 2, 1], "texture": "#6"},
				"south": {"uv": [0, 0, 1.5, 1], "texture": "#6"},
				"west": {"uv": [0, 0, 2, 1], "texture": "#6"},
				"up": {"uv": [0, 0, 2, 1.5], "rotation": 90, "texture": "#6"},
				"down": {"uv": [0, 0, 2, 1.5], "rotation": 270, "texture": "#6"}
			}
		},
		{
			"from": [-3.40625, -2, -7],
			"to": [-2.09375, -1, -5.5],
			"faces": {
				"north": {"uv": [0, 0, 1.3125, 1], "texture": "#6"},
				"east": {"uv": [0, 0, 1.5, 1], "texture": "#6"},
				"south": {"uv": [0, 0, 1.3125, 1], "texture": "#6"},
				"west": {"uv": [0, 0, 1.5, 1], "texture": "#6"},
				"up": {"uv": [0, 0, 1.5, 1.3125], "rotation": 90, "texture": "#6"},
				"down": {"uv": [0, 0, 1.5, 1.3125], "rotation": 270, "texture": "#6"}
			}
		},
		{
			"from": [-3.34375, -1.5, -7.5],
			"to": [-2.15625, -0.5, -6.5],
			"faces": {
				"north": {"uv": [0, 0, 1.1875, 1], "texture": "#6"},
				"east": {"uv": [0, 0, 1, 1], "texture": "#6"},
				"south": {"uv": [0, 0, 1.1875, 1], "texture": "#6"},
				"west": {"uv": [0, 0, 1, 1], "texture": "#6"},
				"up": {"uv": [0, 0, 1, 1.1875], "rotation": 90, "texture": "#6"},
				"down": {"uv": [0, 0, 1, 1.1875], "rotation": 270, "texture": "#6"}
			}
		},
		{
			"from": [-3.25, -1, -8.5],
			"to": [-2.25, -0.25, -7.25],
			"faces": {
				"north": {"uv": [0, 0, 1, 0.75], "texture": "#6"},
				"east": {"uv": [0, 0, 1.25, 0.75], "texture": "#6"},
				"south": {"uv": [0, 0, 1, 0.75], "texture": "#6"},
				"west": {"uv": [0, 0, 1.25, 0.75], "texture": "#6"},
				"up": {"uv": [0, 0, 1.25, 1], "rotation": 90, "texture": "#6"},
				"down": {"uv": [0, 0, 1.25, 1], "rotation": 270, "texture": "#6"}
			}
		},
		{
			"from": [-3.15625, -0.5, -10],
			"to": [-2.34375, 0, -8.25],
			"faces": {
				"north": {"uv": [0, 0, 0.8125, 0.5], "texture": "#6"},
				"east": {"uv": [0, 0, 1.75, 0.5], "texture": "#6"},
				"south": {"uv": [0, 0, 0.8125, 0.5], "texture": "#6"},
				"west": {"uv": [0, 0, 1.75, 0.5], "texture": "#6"},
				"up": {"uv": [0, 0, 1.75, 0.8125], "rotation": 90, "texture": "#6"},
				"down": {"uv": [0, 0, 1.75, 0.8125], "rotation": 270, "texture": "#6"}
			}
		},
		{
			"from": [-3.0625, -0.25, -11.75],
			"to": [-2.4375, 0.5, -9.75],
			"faces": {
				"north": {"uv": [0, 0, 0.625, 0.75], "texture": "#6"},
				"east": {"uv": [0, 0, 2, 0.75], "texture": "#6"},
				"south": {"uv": [0, 0, 0.625, 0.75], "texture": "#6"},
				"west": {"uv": [0, 0, 2, 0.75], "texture": "#6"},
				"up": {"uv": [0, 0, 2, 0.625], "rotation": 90, "texture": "#6"},
				"down": {"uv": [0, 0, 2, 0.625], "rotation": 270, "texture": "#6"}
			}
		},
		{
			"from": [-3, -0.5, -12.5],
			"to": [-2.5, 0, -11.5],
			"faces": {
				"north": {"uv": [0, 0, 0.5, 0.5], "texture": "#6"},
				"east": {"uv": [0, 0, 1, 0.5], "texture": "#6"},
				"south": {"uv": [0, 0, 0.5, 0.5], "texture": "#6"},
				"west": {"uv": [0, 0, 1, 0.5], "texture": "#6"},
				"up": {"uv": [0, 0, 1, 0.5], "rotation": 90, "texture": "#6"},
				"down": {"uv": [0, 0, 1, 0.5], "rotation": 270, "texture": "#6"}
			}
		},
		{
			"from": [-6.09375, 2.53125, -4],
			"to": [-5.34375, 3.5, -3.5],
			"faces": {
				"north": {"uv": [0, 0, 0.75, 0.96875], "texture": "#3"},
				"east": {"uv": [0, 0, 0.5, 0.96875], "texture": "#3"},
				"south": {"uv": [0, 0, 0.75, 0.96875], "texture": "#3"},
				"west": {"uv": [0, 0, 0.5, 0.96875], "texture": "#3"},
				"up": {"uv": [0, 0, 0.75, 0.5], "texture": "#3"},
				"down": {"uv": [0, 0, 0.75, 0.5], "texture": "#3"}
			}
		},
		{
			"from": [-6.0625, 2.5, -4.25],
			"to": [-5.3125, 4.5, -3.25],
			"faces": {
				"north": {"uv": [0, 0, 0.75, 2], "texture": "#2"},
				"east": {"uv": [0, 0, 1, 2], "texture": "#2"},
				"south": {"uv": [0, 0, 0.75, 2], "texture": "#2"},
				"west": {"uv": [0, 0, 1, 2], "texture": "#2"},
				"up": {"uv": [0, 0, 0.75, 1], "texture": "#2"},
				"down": {"uv": [0, 0, 0.75, 1], "texture": "#2"}
			}
		},
		{
			"from": [-6.0625, 2.5, -2.25],
			"to": [-5.3125, 4.5, -1.25],
			"rotation": {"angle": 0, "axis": "y", "origin": [0, 0, -5.5]},
			"faces": {
				"north": {"uv": [0.75, 0, 1.5, 2], "texture": "#2"},
				"east": {"uv": [1, 0, 2, 2], "texture": "#2"},
				"south": {"uv": [0.75, 0, 1.5, 2], "texture": "#2"},
				"west": {"uv": [1, 0, 2, 2], "texture": "#2"},
				"up": {"uv": [0, 1, 0.75, 2], "texture": "#2"},
				"down": {"uv": [0, 1, 0.75, 2], "texture": "#2"}
			}
		},
		{
			"from": [-6.09375, 2.53125, -2],
			"to": [-5.34375, 3.5, -1.5],
			"rotation": {"angle": 0, "axis": "y", "origin": [0, 0, -5.5]},
			"faces": {
				"north": {"uv": [0.75, 0, 1.5, 0.96875], "texture": "#3"},
				"east": {"uv": [0.5, 0, 1, 0.96875], "texture": "#3"},
				"south": {"uv": [0.75, 0, 1.5, 0.96875], "texture": "#3"},
				"west": {"uv": [0.5, 0, 1, 0.96875], "texture": "#3"},
				"up": {"uv": [0, 0.5, 0.75, 1], "texture": "#3"},
				"down": {"uv": [0, 0.5, 0.75, 1], "texture": "#3"}
			}
		},
		{
			"from": [-6.0625, 6.5, -4.25],
			"to": [-5.3125, 6.75, -3.25],
			"rotation": {"angle": 22.5, "axis": "x", "origin": [0, 0, -5.5]},
			"faces": {
				"north": {"uv": [1.75, 1, 1, 1.25], "texture": "#1"},
				"east": {"uv": [2, 1, 1, 1.25], "texture": "#1"},
				"south": {"uv": [1.75, 1, 1, 1.25], "texture": "#1"},
				"west": {"uv": [2, 1, 1, 1.25], "texture": "#1"},
				"up": {"uv": [1, 2, 1.75, 1], "texture": "#1"},
				"down": {"uv": [1, 2, 1.75, 1], "texture": "#1"}
			}
		},
		{
			"from": [-6.0625, 6.5, -2.25],
			"to": [-5.3125, 6.75, -1.25],
			"rotation": {"angle": -22.5, "axis": "x", "origin": [0, 0, 0]},
			"faces": {
				"north": {"uv": [1, 1, 1.75, 1.25], "texture": "#1"},
				"east": {"uv": [1, 1, 2, 1.25], "texture": "#1"},
				"south": {"uv": [1, 1, 1.75, 1.25], "texture": "#1"},
				"west": {"uv": [1, 1, 2, 1.25], "texture": "#1"},
				"up": {"uv": [1, 1, 1.75, 2], "texture": "#1"},
				"down": {"uv": [1, 1, 1.75, 2], "texture": "#1"}
			}
		},
		{
			"from": [-5.5, 7, -2],
			"to": [-5, 7.25, -1.5],
			"faces": {
				"north": {"uv": [0, 0, 0.5, 0.25], "texture": "#5"},
				"east": {"uv": [0, 0, 0.5, 0.25], "texture": "#5"},
				"south": {"uv": [0, 0, 0.5, 0.25], "texture": "#5"},
				"west": {"uv": [0, 0, 0.5, 0.25], "texture": "#5"},
				"up": {"uv": [0, 0, 0.5, 0.5], "texture": "#5"},
				"down": {"uv": [0, 0, 0.5, 0.5], "texture": "#5"}
			}
		},
		{
			"from": [-4.5, 7.5, -2.5],
			"to": [-4, 7.75, -2],
			"faces": {
				"north": {"uv": [0, 0, 0.5, 0.25], "texture": "#5"},
				"east": {"uv": [0, 0, 0.5, 0.25], "texture": "#5"},
				"south": {"uv": [0, 0, 0.5, 0.25], "texture": "#5"},
				"west": {"uv": [0, 0, 0.5, 0.25], "texture": "#5"},
				"up": {"uv": [0, 0, 0.5, 0.5], "texture": "#5"},
				"down": {"uv": [0, 0, 0.5, 0.5], "texture": "#5"}
			}
		},
		{
			"from": [-4.5, 7.5, -4.5],
			"to": [-4, 7.75, -4],
			"faces": {
				"north": {"uv": [0, 0, 0.5, 0.25], "texture": "#5"},
				"east": {"uv": [0, 0, 0.5, 0.25], "texture": "#5"},
				"south": {"uv": [0, 0, 0.5, 0.25], "texture": "#5"},
				"west": {"uv": [0, 0, 0.5, 0.25], "texture": "#5"},
				"up": {"uv": [0, 0, 0.5, 0.5], "texture": "#5"},
				"down": {"uv": [0, 0, 0.5, 0.5], "texture": "#5"}
			}
		},
		{
			"from": [-4.5, 7, -5.5],
			"to": [-4, 7.25, -5],
			"faces": {
				"north": {"uv": [0, 0, 0.5, 0.25], "texture": "#5"},
				"east": {"uv": [0, 0, 0.5, 0.25], "texture": "#5"},
				"south": {"uv": [0, 0, 0.5, 0.25], "texture": "#5"},
				"west": {"uv": [0, 0, 0.5, 0.25], "texture": "#5"},
				"up": {"uv": [0, 0, 0.5, 0.5], "texture": "#5"},
				"down": {"uv": [0, 0, 0.5, 0.5], "texture": "#5"}
			}
		},
		{
			"from": [-3, 7, -0.5],
			"to": [-2.5, 7.25, 0],
			"faces": {
				"north": {"uv": [0, 0, 0.5, 0.25], "texture": "#5"},
				"east": {"uv": [0, 0, 0.5, 0.25], "texture": "#5"},
				"south": {"uv": [0, 0, 0.5, 0.25], "texture": "#5"},
				"west": {"uv": [0, 0, 0.5, 0.25], "texture": "#5"},
				"up": {"uv": [0, 0, 0.5, 0.5], "texture": "#5"},
				"down": {"uv": [0, 0, 0.5, 0.5], "texture": "#5"}
			}
		},
		{
			"from": [-0.5, 7, -2],
			"to": [0, 7.25, -1.5],
			"faces": {
				"north": {"uv": [0, 0, 0.5, 0.25], "texture": "#5"},
				"east": {"uv": [0, 0, 0.5, 0.25], "texture": "#5"},
				"south": {"uv": [0, 0, 0.5, 0.25], "texture": "#5"},
				"west": {"uv": [0, 0, 0.5, 0.25], "texture": "#5"},
				"up": {"uv": [0, 0, 0.5, 0.5], "texture": "#5"},
				"down": {"uv": [0, 0, 0.5, 0.5], "texture": "#5"}
			}
		},
		{
			"from": [-1, 7, -4.5],
			"to": [-0.5, 7.25, -4],
			"faces": {
				"north": {"uv": [0, 0, 0.5, 0.25], "texture": "#5"},
				"east": {"uv": [0, 0, 0.5, 0.25], "texture": "#5"},
				"south": {"uv": [0, 0, 0.5, 0.25], "texture": "#5"},
				"west": {"uv": [0, 0, 0.5, 0.25], "texture": "#5"},
				"up": {"uv": [0, 0, 0.5, 0.5], "texture": "#5"},
				"down": {"uv": [0, 0, 0.5, 0.5], "texture": "#5"}
			}
		},
		{
			"from": [-3, 7.5, -4.5],
			"to": [-2.5, 7.75, -4],
			"faces": {
				"north": {"uv": [0, 0, 0.5, 0.25], "texture": "#5"},
				"east": {"uv": [0, 0, 0.5, 0.25], "texture": "#5"},
				"south": {"uv": [0, 0, 0.5, 0.25], "texture": "#5"},
				"west": {"uv": [0, 0, 0.5, 0.25], "texture": "#5"},
				"up": {"uv": [0, 0, 0.5, 0.5], "texture": "#5"},
				"down": {"uv": [0, 0, 0.5, 0.5], "texture": "#5"}
			}
		},
		{
			"from": [-2, 7.5, -2],
			"to": [-1.5, 7.75, -1.5],
			"faces": {
				"north": {"uv": [0, 0, 0.5, 0.25], "texture": "#5"},
				"east": {"uv": [0, 0, 0.5, 0.25], "texture": "#5"},
				"south": {"uv": [0, 0, 0.5, 0.25], "texture": "#5"},
				"west": {"uv": [0, 0, 0.5, 0.25], "texture": "#5"},
				"up": {"uv": [0, 0, 0.5, 0.5], "texture": "#5"},
				"down": {"uv": [0, 0, 0.5, 0.5], "texture": "#5"}
			}
		},
		{
			"from": [-1, -2.5, -3.5],
			"to": [1, -1.5, -2],
			"faces": {
				"north": {"uv": [0, 0, 2, 1], "texture": "#6"},
				"east": {"uv": [0, 0, 1.5, 1], "texture": "#6"},
				"south": {"uv": [0, 0, 2, 1], "texture": "#6"},
				"west": {"uv": [0, 0, 1.5, 1], "texture": "#6"},
				"up": {"uv": [0, 0, 2, 1.5], "rotation": 180, "texture": "#6"},
				"down": {"uv": [0, 0, 2, 1.5], "rotation": 180, "texture": "#6"}
			}
		},
		{
			"from": [0, -2, -3.40625],
			"to": [1.5, -1, -2.09375],
			"faces": {
				"north": {"uv": [0, 0, 1.5, 1], "texture": "#6"},
				"east": {"uv": [0, 0, 1.3125, 1], "texture": "#6"},
				"south": {"uv": [0, 0, 1.5, 1], "texture": "#6"},
				"west": {"uv": [0, 0, 1.3125, 1], "texture": "#6"},
				"up": {"uv": [0, 0, 1.5, 1.3125], "rotation": 180, "texture": "#6"},
				"down": {"uv": [0, 0, 1.5, 1.3125], "rotation": 180, "texture": "#6"}
			}
		},
		{
			"from": [1, -1.5, -3.34375],
			"to": [2, -0.5, -2.15625],
			"faces": {
				"north": {"uv": [0, 0, 1, 1], "texture": "#6"},
				"east": {"uv": [0, 0, 1.1875, 1], "texture": "#6"},
				"south": {"uv": [0, 0, 1, 1], "texture": "#6"},
				"west": {"uv": [0, 0, 1.1875, 1], "texture": "#6"},
				"up": {"uv": [0, 0, 1, 1.1875], "rotation": 180, "texture": "#6"},
				"down": {"uv": [0, 0, 1, 1.1875], "rotation": 180, "texture": "#6"}
			}
		},
		{
			"from": [1.75, -1, -3.25],
			"to": [3, -0.25, -2.25],
			"faces": {
				"north": {"uv": [0, 0, 1.25, 0.75], "texture": "#6"},
				"east": {"uv": [0, 0, 1, 0.75], "texture": "#6"},
				"south": {"uv": [0, 0, 1.25, 0.75], "texture": "#6"},
				"west": {"uv": [0, 0, 1, 0.75], "texture": "#6"},
				"up": {"uv": [0, 0, 1.25, 1], "rotation": 180, "texture": "#6"},
				"down": {"uv": [0, 0, 1.25, 1], "rotation": 180, "texture": "#6"}
			}
		},
		{
			"from": [2.75, -0.5, -3.15625],
			"to": [4.5, 0, -2.34375],
			"faces": {
				"north": {"uv": [0, 0, 1.75, 0.5], "texture": "#6"},
				"east": {"uv": [0, 0, 0.8125, 0.5], "texture": "#6"},
				"south": {"uv": [0, 0, 1.75, 0.5], "texture": "#6"},
				"west": {"uv": [0, 0, 0.8125, 0.5], "texture": "#6"},
				"up": {"uv": [0, 0, 1.75, 0.8125], "rotation": 180, "texture": "#6"},
				"down": {"uv": [0, 0, 1.75, 0.8125], "rotation": 180, "texture": "#6"}
			}
		},
		{
			"from": [4.25, -0.25, -3.0625],
			"to": [6.25, 0.5, -2.4375],
			"faces": {
				"north": {"uv": [0, 0, 2, 0.75], "texture": "#6"},
				"east": {"uv": [0, 0, 0.625, 0.75], "texture": "#6"},
				"south": {"uv": [0, 0, 2, 0.75], "texture": "#6"},
				"west": {"uv": [0, 0, 0.625, 0.75], "texture": "#6"},
				"up": {"uv": [0, 0, 2, 0.625], "rotation": 180, "texture": "#6"},
				"down": {"uv": [0, 0, 2, 0.625], "rotation": 180, "texture": "#6"}
			}
		},
		{
			"from": [6, -0.5, -3],
			"to": [7, 0, -2.5],
			"faces": {
				"north": {"uv": [0, 0, 1, 0.5], "texture": "#6"},
				"east": {"uv": [0, 0, 0.5, 0.5], "texture": "#6"},
				"south": {"uv": [0, 0, 1, 0.5], "texture": "#6"},
				"west": {"uv": [0, 0, 0.5, 0.5], "texture": "#6"},
				"up": {"uv": [0, 0, 1, 0.5], "rotation": 180, "texture": "#6"},
				"down": {"uv": [0, 0, 1, 0.5], "rotation": 180, "texture": "#6"}
			}
		},
		{
			"from": [-3.5, -2.5, -1],
			"to": [-2, -1.5, 1],
			"faces": {
				"north": {"uv": [0, 0, 1.5, 1], "texture": "#6"},
				"east": {"uv": [0, 0, 2, 1], "texture": "#6"},
				"south": {"uv": [0, 0, 1.5, 1], "texture": "#6"},
				"west": {"uv": [0, 0, 2, 1], "texture": "#6"},
				"up": {"uv": [0, 0, 2, 1.5], "rotation": 270, "texture": "#6"},
				"down": {"uv": [0, 0, 2, 1.5], "rotation": 90, "texture": "#6"}
			}
		},
		{
			"from": [-3.40625, -2, 0],
			"to": [-2.09375, -1, 1.5],
			"faces": {
				"north": {"uv": [0, 0, 1.3125, 1], "texture": "#6"},
				"east": {"uv": [0, 0, 1.5, 1], "texture": "#6"},
				"south": {"uv": [0, 0, 1.3125, 1], "texture": "#6"},
				"west": {"uv": [0, 0, 1.5, 1], "texture": "#6"},
				"up": {"uv": [0, 0, 1.5, 1.3125], "rotation": 270, "texture": "#6"},
				"down": {"uv": [0, 0, 1.5, 1.3125], "rotation": 90, "texture": "#6"}
			}
		},
		{
			"from": [-3.34375, -1.5, 1],
			"to": [-2.15625, -0.5, 2],
			"faces": {
				"north": {"uv": [0, 0, 1.1875, 1], "texture": "#6"},
				"east": {"uv": [0, 0, 1, 1], "texture": "#6"},
				"south": {"uv": [0, 0, 1.1875, 1], "texture": "#6"},
				"west": {"uv": [0, 0, 1, 1], "texture": "#6"},
				"up": {"uv": [0, 0, 1, 1.1875], "rotation": 270, "texture": "#6"},
				"down": {"uv": [0, 0, 1, 1.1875], "rotation": 90, "texture": "#6"}
			}
		},
		{
			"from": [-3.25, -1, 1.75],
			"to": [-2.25, -0.25, 3],
			"faces": {
				"north": {"uv": [0, 0, 1, 0.75], "texture": "#6"},
				"east": {"uv": [0, 0, 1.25, 0.75], "texture": "#6"},
				"south": {"uv": [0, 0, 1, 0.75], "texture": "#6"},
				"west": {"uv": [0, 0, 1.25, 0.75], "texture": "#6"},
				"up": {"uv": [0, 0, 1.25, 1], "rotation": 270, "texture": "#6"},
				"down": {"uv": [0, 0, 1.25, 1], "rotation": 90, "texture": "#6"}
			}
		},
		{
			"from": [-3.15625, -0.5, 2.75],
			"to": [-2.34375, 0, 4.5],
			"faces": {
				"north": {"uv": [0, 0, 0.8125, 0.5], "texture": "#6"},
				"east": {"uv": [0, 0, 1.75, 0.5], "texture": "#6"},
				"south": {"uv": [0, 0, 0.8125, 0.5], "texture": "#6"},
				"west": {"uv": [0, 0, 1.75, 0.5], "texture": "#6"},
				"up": {"uv": [0, 0, 1.75, 0.8125], "rotation": 270, "texture": "#6"},
				"down": {"uv": [0, 0, 1.75, 0.8125], "rotation": 90, "texture": "#6"}
			}
		},
		{
			"from": [-3.0625, -0.25, 4.25],
			"to": [-2.4375, 0.5, 6.25],
			"faces": {
				"north": {"uv": [0, 0, 0.625, 0.75], "texture": "#6"},
				"east": {"uv": [0, 0, 2, 0.75], "texture": "#6"},
				"south": {"uv": [0, 0, 0.625, 0.75], "texture": "#6"},
				"west": {"uv": [0, 0, 2, 0.75], "texture": "#6"},
				"up": {"uv": [0, 0, 2, 0.625], "rotation": 270, "texture": "#6"},
				"down": {"uv": [0, 0, 2, 0.625], "rotation": 90, "texture": "#6"}
			}
		},
		{
			"from": [-3, -0.5, 6],
			"to": [-2.5, 0, 7],
			"faces": {
				"north": {"uv": [0, 0, 0.5, 0.5], "texture": "#6"},
				"east": {"uv": [0, 0, 1, 0.5], "texture": "#6"},
				"south": {"uv": [0, 0, 0.5, 0.5], "texture": "#6"},
				"west": {"uv": [0, 0, 1, 0.5], "texture": "#6"},
				"up": {"uv": [0, 0, 1, 0.5], "rotation": 270, "texture": "#6"},
				"down": {"uv": [0, 0, 1, 0.5], "rotation": 90, "texture": "#6"}
			}
		},
		{
			"from": [-0.75, -2.5, -2.5],
			"to": [0.75, -1.5, -0.5],
			"rotation": {"angle": 45, "axis": "y", "origin": [0, 0, 0]},
			"faces": {
				"north": {"uv": [0, 0, 1.5, 1], "texture": "#6"},
				"east": {"uv": [0, 0, 2, 1], "texture": "#6"},
				"south": {"uv": [0, 0, 1.5, 1], "texture": "#6"},
				"west": {"uv": [0, 0, 2, 1], "texture": "#6"},
				"up": {"uv": [0, 0, 2, 1.5], "rotation": 270, "texture": "#6"},
				"down": {"uv": [0, 0, 2, 1.5], "rotation": 90, "texture": "#6"}
			}
		},
		{
			"from": [-0.65625, -2, -1.5],
			"to": [0.65625, -1, 0],
			"rotation": {"angle": 45, "axis": "y", "origin": [0, 0, 0]},
			"faces": {
				"north": {"uv": [0, 0, 1.3125, 1], "texture": "#6"},
				"east": {"uv": [0, 0, 1.5, 1], "texture": "#6"},
				"south": {"uv": [0, 0, 1.3125, 1], "texture": "#6"},
				"west": {"uv": [0, 0, 1.5, 1], "texture": "#6"},
				"up": {"uv": [0, 0, 1.5, 1.3125], "rotation": 270, "texture": "#6"},
				"down": {"uv": [0, 0, 1.5, 1.3125], "rotation": 90, "texture": "#6"}
			}
		},
		{
			"from": [-0.59375, -1.5, -0.5],
			"to": [0.59375, -0.5, 0.5],
			"rotation": {"angle": 45, "axis": "y", "origin": [0, 0, 0]},
			"faces": {
				"north": {"uv": [0, 0, 1.1875, 1], "texture": "#6"},
				"east": {"uv": [0, 0, 1, 1], "texture": "#6"},
				"south": {"uv": [0, 0, 1.1875, 1], "texture": "#6"},
				"west": {"uv": [0, 0, 1, 1], "texture": "#6"},
				"up": {"uv": [0, 0, 1, 1.1875], "rotation": 270, "texture": "#6"},
				"down": {"uv": [0, 0, 1, 1.1875], "rotation": 90, "texture": "#6"}
			}
		},
		{
			"from": [-0.5, -1, 0.25],
			"to": [0.5, -0.25, 1.5],
			"rotation": {"angle": 45, "axis": "y", "origin": [0, 0, 0]},
			"faces": {
				"north": {"uv": [0, 0, 1, 0.75], "texture": "#6"},
				"east": {"uv": [0, 0, 1.25, 0.75], "texture": "#6"},
				"south": {"uv": [0, 0, 1, 0.75], "texture": "#6"},
				"west": {"uv": [0, 0, 1.25, 0.75], "texture": "#6"},
				"up": {"uv": [0, 0, 1.25, 1], "rotation": 270, "texture": "#6"},
				"down": {"uv": [0, 0, 1.25, 1], "rotation": 90, "texture": "#6"}
			}
		},
		{
			"from": [-0.40625, -0.5, 1.25],
			"to": [0.40625, 0, 3],
			"rotation": {"angle": 45, "axis": "y", "origin": [0, 0, 0]},
			"faces": {
				"north": {"uv": [0, 0, 0.8125, 0.5], "texture": "#6"},
				"east": {"uv": [0, 0, 1.75, 0.5], "texture": "#6"},
				"south": {"uv": [0, 0, 0.8125, 0.5], "texture": "#6"},
				"west": {"uv": [0, 0, 1.75, 0.5], "texture": "#6"},
				"up": {"uv": [0, 0, 1.75, 0.8125], "rotation": 270, "texture": "#6"},
				"down": {"uv": [0, 0, 1.75, 0.8125], "rotation": 90, "texture": "#6"}
			}
		},
		{
			"from": [-0.3125, -0.25, 2.75],
			"to": [0.3125, 0.5, 4.75],
			"rotation": {"angle": 45, "axis": "y", "origin": [0, 0, 0]},
			"faces": {
				"north": {"uv": [0, 0, 0.625, 0.75], "texture": "#6"},
				"east": {"uv": [0, 0, 2, 0.75], "texture": "#6"},
				"south": {"uv": [0, 0, 0.625, 0.75], "texture": "#6"},
				"west": {"uv": [0, 0, 2, 0.75], "texture": "#6"},
				"up": {"uv": [0, 0, 2, 0.625], "rotation": 270, "texture": "#6"},
				"down": {"uv": [0, 0, 2, 0.625], "rotation": 90, "texture": "#6"}
			}
		},
		{
			"from": [-0.25, -0.5, 4.5],
			"to": [0.25, 0, 5.5],
			"rotation": {"angle": 45, "axis": "y", "origin": [0, 0, 0]},
			"faces": {
				"north": {"uv": [0, 0, 0.5, 0.5], "texture": "#6"},
				"east": {"uv": [0, 0, 1, 0.5], "texture": "#6"},
				"south": {"uv": [0, 0, 0.5, 0.5], "texture": "#6"},
				"west": {"uv": [0, 0, 1, 0.5], "texture": "#6"},
				"up": {"uv": [0, 0, 1, 0.5], "rotation": 270, "texture": "#6"},
				"down": {"uv": [0, 0, 1, 0.5], "rotation": 90, "texture": "#6"}
			}
		},
		{
			"from": [-0.75, -2.5, -5],
			"to": [0.75, -1.5, -3],
			"rotation": {"angle": -45, "axis": "y", "origin": [0, 0, -5.5]},
			"faces": {
				"north": {"uv": [1.5, 0, 3, 1], "texture": "#6"},
				"east": {"uv": [2, 0, 4, 1], "texture": "#6"},
				"south": {"uv": [1.5, 0, 3, 1], "texture": "#6"},
				"west": {"uv": [2, 0, 4, 1], "texture": "#6"},
				"up": {"uv": [2, 0, 4, 1.5], "rotation": 270, "texture": "#6"},
				"down": {"uv": [2, 0, 4, 1.5], "rotation": 90, "texture": "#6"}
			}
		},
		{
			"from": [-0.65625, -2, -5.5],
			"to": [0.65625, -1, -4],
			"rotation": {"angle": -45, "axis": "y", "origin": [0, 0, -5.5]},
			"faces": {
				"north": {"uv": [1.3125, 0, 2.625, 1], "texture": "#6"},
				"east": {"uv": [1.5, 0, 3, 1], "texture": "#6"},
				"south": {"uv": [1.3125, 0, 2.625, 1], "texture": "#6"},
				"west": {"uv": [1.5, 0, 3, 1], "texture": "#6"},
				"up": {"uv": [1.5, 0, 3, 1.3125], "rotation": 270, "texture": "#6"},
				"down": {"uv": [1.5, 0, 3, 1.3125], "rotation": 90, "texture": "#6"}
			}
		},
		{
			"from": [-0.59375, -1.5, -6],
			"to": [0.59375, -0.5, -5],
			"rotation": {"angle": -45, "axis": "y", "origin": [0, 0, -5.5]},
			"faces": {
				"north": {"uv": [1.1875, 0, 2.375, 1], "texture": "#6"},
				"east": {"uv": [1, 0, 2, 1], "texture": "#6"},
				"south": {"uv": [1.1875, 0, 2.375, 1], "texture": "#6"},
				"west": {"uv": [1, 0, 2, 1], "texture": "#6"},
				"up": {"uv": [1, 0, 2, 1.1875], "rotation": 270, "texture": "#6"},
				"down": {"uv": [1, 0, 2, 1.1875], "rotation": 90, "texture": "#6"}
			}
		},
		{
			"from": [-0.5, -1, -7],
			"to": [0.5, -0.25, -5.75],
			"rotation": {"angle": -45, "axis": "y", "origin": [0, 0, -5.5]},
			"faces": {
				"north": {"uv": [1, 0, 2, 0.75], "texture": "#6"},
				"east": {"uv": [1.25, 0, 2.5, 0.75], "texture": "#6"},
				"south": {"uv": [1, 0, 2, 0.75], "texture": "#6"},
				"west": {"uv": [1.25, 0, 2.5, 0.75], "texture": "#6"},
				"up": {"uv": [1.25, 0, 2.5, 1], "rotation": 270, "texture": "#6"},
				"down": {"uv": [1.25, 0, 2.5, 1], "rotation": 90, "texture": "#6"}
			}
		},
		{
			"from": [-0.40625, -0.5, -8.5],
			"to": [0.40625, 0, -6.75],
			"rotation": {"angle": -45, "axis": "y", "origin": [0, 0, -5.5]},
			"faces": {
				"north": {"uv": [0.8125, 0, 1.625, 0.5], "texture": "#6"},
				"east": {"uv": [1.75, 0, 3.5, 0.5], "texture": "#6"},
				"south": {"uv": [0.8125, 0, 1.625, 0.5], "texture": "#6"},
				"west": {"uv": [1.75, 0, 3.5, 0.5], "texture": "#6"},
				"up": {"uv": [1.75, 0, 3.5, 0.8125], "rotation": 270, "texture": "#6"},
				"down": {"uv": [1.75, 0, 3.5, 0.8125], "rotation": 90, "texture": "#6"}
			}
		},
		{
			"from": [-0.3125, -0.25, -10.25],
			"to": [0.3125, 0.5, -8.25],
			"rotation": {"angle": -45, "axis": "y", "origin": [0, 0, -5.5]},
			"faces": {
				"north": {"uv": [0.625, 0, 1.25, 0.75], "texture": "#6"},
				"east": {"uv": [2, 0, 4, 0.75], "texture": "#6"},
				"south": {"uv": [0.625, 0, 1.25, 0.75], "texture": "#6"},
				"west": {"uv": [2, 0, 4, 0.75], "texture": "#6"},
				"up": {"uv": [2, 0, 4, 0.625], "rotation": 270, "texture": "#6"},
				"down": {"uv": [2, 0, 4, 0.625], "rotation": 90, "texture": "#6"}
			}
		},
		{
			"from": [-0.25, -0.5, -11],
			"to": [0.25, 0, -10],
			"rotation": {"angle": -45, "axis": "y", "origin": [0, 0, -5.5]},
			"faces": {
				"north": {"uv": [0.5, 0, 1, 0.5], "texture": "#6"},
				"east": {"uv": [1, 0, 2, 0.5], "texture": "#6"},
				"south": {"uv": [0.5, 0, 1, 0.5], "texture": "#6"},
				"west": {"uv": [1, 0, 2, 0.5], "texture": "#6"},
				"up": {"uv": [1, 0, 2, 0.5], "rotation": 270, "texture": "#6"},
				"down": {"uv": [1, 0, 2, 0.5], "rotation": 90, "texture": "#6"}
			}
		},
		{
			"from": [-4.625, -2.5, 1.40625],
			"to": [-3.125, -1.5, 3.40625],
			"rotation": {"angle": -45, "axis": "y", "origin": [0, 0, 0]},
			"faces": {
				"north": {"uv": [0, 0, 1.5, 1], "texture": "#6"},
				"east": {"uv": [0, 0, 2, 1], "texture": "#6"},
				"south": {"uv": [0, 0, 1.5, 1], "texture": "#6"},
				"west": {"uv": [0, 0, 2, 1], "texture": "#6"},
				"up": {"uv": [0, 0, 2, 1.5], "rotation": 270, "texture": "#6"},
				"down": {"uv": [0, 0, 2, 1.5], "rotation": 90, "texture": "#6"}
			}
		},
		{
			"from": [-4.53125, -2, 2.40625],
			"to": [-3.21875, -1, 3.90625],
			"rotation": {"angle": -45, "axis": "y", "origin": [0, 0, 0]},
			"faces": {
				"north": {"uv": [0, 0, 1.3125, 1], "texture": "#6"},
				"east": {"uv": [0, 0, 1.5, 1], "texture": "#6"},
				"south": {"uv": [0, 0, 1.3125, 1], "texture": "#6"},
				"west": {"uv": [0, 0, 1.5, 1], "texture": "#6"},
				"up": {"uv": [0, 0, 1.5, 1.3125], "rotation": 270, "texture": "#6"},
				"down": {"uv": [0, 0, 1.5, 1.3125], "rotation": 90, "texture": "#6"}
			}
		},
		{
			"from": [-4.46875, -1.5, 3.40625],
			"to": [-3.28125, -0.5, 4.40625],
			"rotation": {"angle": -45, "axis": "y", "origin": [0, 0, 0]},
			"faces": {
				"north": {"uv": [0, 0, 1.1875, 1], "texture": "#6"},
				"east": {"uv": [0, 0, 1, 1], "texture": "#6"},
				"south": {"uv": [0, 0, 1.1875, 1], "texture": "#6"},
				"west": {"uv": [0, 0, 1, 1], "texture": "#6"},
				"up": {"uv": [0, 0, 1, 1.1875], "rotation": 270, "texture": "#6"},
				"down": {"uv": [0, 0, 1, 1.1875], "rotation": 90, "texture": "#6"}
			}
		},
		{
			"from": [-4.375, -1, 4.15625],
			"to": [-3.375, -0.25, 5.40625],
			"rotation": {"angle": -45, "axis": "y", "origin": [0, 0, 0]},
			"faces": {
				"north": {"uv": [0, 0, 1, 0.75], "texture": "#6"},
				"east": {"uv": [0, 0, 1.25, 0.75], "texture": "#6"},
				"south": {"uv": [0, 0, 1, 0.75], "texture": "#6"},
				"west": {"uv": [0, 0, 1.25, 0.75], "texture": "#6"},
				"up": {"uv": [0, 0, 1.25, 1], "rotation": 270, "texture": "#6"},
				"down": {"uv": [0, 0, 1.25, 1], "rotation": 90, "texture": "#6"}
			}
		},
		{
			"from": [-4.28125, -0.5, 5.15625],
			"to": [-3.46875, 0, 6.90625],
			"rotation": {"angle": -45, "axis": "y", "origin": [0, 0, 0]},
			"faces": {
				"north": {"uv": [0, 0, 0.8125, 0.5], "texture": "#6"},
				"east": {"uv": [0, 0, 1.75, 0.5], "texture": "#6"},
				"south": {"uv": [0, 0, 0.8125, 0.5], "texture": "#6"},
				"west": {"uv": [0, 0, 1.75, 0.5], "texture": "#6"},
				"up": {"uv": [0, 0, 1.75, 0.8125], "rotation": 270, "texture": "#6"},
				"down": {"uv": [0, 0, 1.75, 0.8125], "rotation": 90, "texture": "#6"}
			}
		},
		{
			"from": [-4.1875, -0.25, 6.65625],
			"to": [-3.5625, 0.5, 8.65625],
			"rotation": {"angle": -45, "axis": "y", "origin": [0, 0, 0]},
			"faces": {
				"north": {"uv": [0, 0, 0.625, 0.75], "texture": "#6"},
				"east": {"uv": [0, 0, 2, 0.75], "texture": "#6"},
				"south": {"uv": [0, 0, 0.625, 0.75], "texture": "#6"},
				"west": {"uv": [0, 0, 2, 0.75], "texture": "#6"},
				"up": {"uv": [0, 0, 2, 0.625], "rotation": 270, "texture": "#6"},
				"down": {"uv": [0, 0, 2, 0.625], "rotation": 90, "texture": "#6"}
			}
		},
		{
			"from": [-4.125, -0.5, 8.40625],
			"to": [-3.625, 0, 9.40625],
			"rotation": {"angle": -45, "axis": "y", "origin": [0, 0, 0]},
			"faces": {
				"north": {"uv": [0, 0, 0.5, 0.5], "texture": "#6"},
				"east": {"uv": [0, 0, 1, 0.5], "texture": "#6"},
				"south": {"uv": [0, 0, 0.5, 0.5], "texture": "#6"},
				"west": {"uv": [0, 0, 1, 0.5], "texture": "#6"},
				"up": {"uv": [0, 0, 1, 0.5], "rotation": 270, "texture": "#6"},
				"down": {"uv": [0, 0, 1, 0.5], "rotation": 90, "texture": "#6"}
			}
		},
		{
			"from": [-4.625, -2.5, -8.90625],
			"to": [-3.125, -1.5, -6.90625],
			"rotation": {"angle": 45, "axis": "y", "origin": [0, 0, -5.5]},
			"faces": {
				"north": {"uv": [1.5, 0, 3, 1], "texture": "#6"},
				"east": {"uv": [2, 0, 4, 1], "texture": "#6"},
				"south": {"uv": [1.5, 0, 3, 1], "texture": "#6"},
				"west": {"uv": [2, 0, 4, 1], "texture": "#6"},
				"up": {"uv": [2, 0, 4, 1.5], "rotation": 270, "texture": "#6"},
				"down": {"uv": [2, 0, 4, 1.5], "rotation": 90, "texture": "#6"}
			}
		},
		{
			"from": [-4.53125, -2, -9.40625],
			"to": [-3.21875, -1, -7.90625],
			"rotation": {"angle": 45, "axis": "y", "origin": [0, 0, -5.5]},
			"faces": {
				"north": {"uv": [1.3125, 0, 2.625, 1], "texture": "#6"},
				"east": {"uv": [1.5, 0, 3, 1], "texture": "#6"},
				"south": {"uv": [1.3125, 0, 2.625, 1], "texture": "#6"},
				"west": {"uv": [1.5, 0, 3, 1], "texture": "#6"},
				"up": {"uv": [1.5, 0, 3, 1.3125], "rotation": 270, "texture": "#6"},
				"down": {"uv": [1.5, 0, 3, 1.3125], "rotation": 90, "texture": "#6"}
			}
		},
		{
			"from": [-4.46875, -1.5, -9.90625],
			"to": [-3.28125, -0.5, -8.90625],
			"rotation": {"angle": 45, "axis": "y", "origin": [0, 0, -5.5]},
			"faces": {
				"north": {"uv": [1.1875, 0, 2.375, 1], "texture": "#6"},
				"east": {"uv": [1, 0, 2, 1], "texture": "#6"},
				"south": {"uv": [1.1875, 0, 2.375, 1], "texture": "#6"},
				"west": {"uv": [1, 0, 2, 1], "texture": "#6"},
				"up": {"uv": [1, 0, 2, 1.1875], "rotation": 270, "texture": "#6"},
				"down": {"uv": [1, 0, 2, 1.1875], "rotation": 90, "texture": "#6"}
			}
		},
		{
			"from": [-4.375, -1, -10.90625],
			"to": [-3.375, -0.25, -9.65625],
			"rotation": {"angle": 45, "axis": "y", "origin": [0, 0, -5.5]},
			"faces": {
				"north": {"uv": [1, 0, 2, 0.75], "texture": "#6"},
				"east": {"uv": [1.25, 0, 2.5, 0.75], "texture": "#6"},
				"south": {"uv": [1, 0, 2, 0.75], "texture": "#6"},
				"west": {"uv": [1.25, 0, 2.5, 0.75], "texture": "#6"},
				"up": {"uv": [1.25, 0, 2.5, 1], "rotation": 270, "texture": "#6"},
				"down": {"uv": [1.25, 0, 2.5, 1], "rotation": 90, "texture": "#6"}
			}
		},
		{
			"from": [-4.28125, -0.5, -12.40625],
			"to": [-3.46875, 0, -10.65625],
			"rotation": {"angle": 45, "axis": "y", "origin": [0, 0, -5.5]},
			"faces": {
				"north": {"uv": [0.8125, 0, 1.625, 0.5], "texture": "#6"},
				"east": {"uv": [1.75, 0, 3.5, 0.5], "texture": "#6"},
				"south": {"uv": [0.8125, 0, 1.625, 0.5], "texture": "#6"},
				"west": {"uv": [1.75, 0, 3.5, 0.5], "texture": "#6"},
				"up": {"uv": [1.75, 0, 3.5, 0.8125], "rotation": 270, "texture": "#6"},
				"down": {"uv": [1.75, 0, 3.5, 0.8125], "rotation": 90, "texture": "#6"}
			}
		},
		{
			"from": [-4.1875, -0.25, -14.15625],
			"to": [-3.5625, 0.5, -12.15625],
			"rotation": {"angle": 45, "axis": "y", "origin": [0, 0, -5.5]},
			"faces": {
				"north": {"uv": [0.625, 0, 1.25, 0.75], "texture": "#6"},
				"east": {"uv": [2, 0, 4, 0.75], "texture": "#6"},
				"south": {"uv": [0.625, 0, 1.25, 0.75], "texture": "#6"},
				"west": {"uv": [2, 0, 4, 0.75], "texture": "#6"},
				"up": {"uv": [2, 0, 4, 0.625], "rotation": 270, "texture": "#6"},
				"down": {"uv": [2, 0, 4, 0.625], "rotation": 90, "texture": "#6"}
			}
		},
		{
			"from": [-4.125, -0.5, -14.90625],
			"to": [-3.625, 0, -13.90625],
			"rotation": {"angle": 45, "axis": "y", "origin": [0, 0, -5.5]},
			"faces": {
				"north": {"uv": [0.5, 0, 1, 0.5], "texture": "#6"},
				"east": {"uv": [1, 0, 2, 0.5], "texture": "#6"},
				"south": {"uv": [0.5, 0, 1, 0.5], "texture": "#6"},
				"west": {"uv": [1, 0, 2, 0.5], "texture": "#6"},
				"up": {"uv": [1, 0, 2, 0.5], "rotation": 270, "texture": "#6"},
				"down": {"uv": [1, 0, 2, 0.5], "rotation": 90, "texture": "#6"}
			}
		}
	],
	"display": {
		"thirdperson_righthand": {
			"rotation": [90, 0, 0],
			"translation": [18.5, -26.75, 14.5],
			"scale": [2.3, 2.3, 2.3]
		},
		"head": {
			"translation": [46.25, 0, 41.25],
			"scale": [4, 4, 4]
		}
	},
	"groups": [
		{
			"name": "Tent",
			"origin": [0, 0, 0],
			"color": 0,
			"children": [0, 1, 2, 3, 4, 5, 6]
		},
		{
			"name": "Body",
			"origin": [0, 0, 0],
			"color": 0,
			"children": [7, 8, 9, 10, 11, 12, 13, 14, 15, 16, 17, 18, 19, 20, 21, 22, 23, 24, 25, 26, 27, 28, 29, 30, 31, 32, 33, 34, 35, 36]
		},
		{
			"name": "Tent",
			"origin": [0, 0, 0],
			"color": 0,
			"children": [37, 38, 39, 40, 41, 42, 43]
		},
		{
			"name": "Face",
			"origin": [0, 0, 0],
			"color": 0,
			"children": [44, 45, 46, 47, 48, 49]
		},
		{
			"name": "Spots",
			"origin": [0, 0, 0],
			"color": 0,
			"children": [50, 51, 52, 53, 54, 55, 56, 57, 58]
		},
		{
			"name": "Tent",
			"origin": [0, 0, 0],
			"color": 0,
			"children": [59, 60, 61, 62, 63, 64, 65]
		},
		{
			"name": "Tent",
			"origin": [0, 0, 0],
			"color": 0,
			"children": [66, 67, 68, 69, 70, 71, 72]
		},
		{
			"name": "Tent",
			"origin": [0, 0, 0],
			"color": 0,
			"children": [73, 74, 75, 76, 77, 78, 79, 80, 81, 82, 83, 84, 85, 86]
		},
		{
			"name": "Tent",
			"origin": [0, 0, 0],
			"color": 0,
			"children": [87, 88, 89, 90, 91, 92, 93, 94, 95, 96, 97, 98, 99, 100]
		}
	]
}