{
	"credit": "Made with Blockbench",
	"textures": {
		"0": "block/purpur_block",
		"1": "block/black_concrete_powder",
		"3": "item/glowstone_dust",
		"4": "block/brown_concrete",
		"particle": "block/purpur_block"
	},
	"elements": [
		{
			"from": [6.5, 6, 0.5],
			"to": [13.5, 17.5, 15],
			"faces": {
				"north": {"uv": [0, 0, 7, 11.5], "texture": "#0"},
				"east": {"uv": [0, 0, 14.5, 11.5], "texture": "#0"},
				"south": {"uv": [0, 0, 7, 11.5], "texture": "#0"},
				"west": {"uv": [0, 0, 14.5, 11.5], "texture": "#0"},
				"up": {"uv": [0, 0, 7, 14.5], "texture": "#0"},
				"down": {"uv": [0, 0, 7, 14.5], "texture": "#0"}
			}
		},
		{
			"from": [5.5, 6, 0.5],
			"to": [6.5, 13, 15],
			"faces": {
				"north": {"uv": [0, 0, 1, 7], "texture": "#0"},
				"east": {"uv": [0, 0, 14.5, 7], "texture": "#0"},
				"south": {"uv": [0, 0, 1, 7], "texture": "#0"},
				"west": {"uv": [0, 0, 14.5, 7], "texture": "#0"},
				"up": {"uv": [0, 0, 1, 14.5], "texture": "#0"},
				"down": {"uv": [0, 0, 1, 14.5], "texture": "#0"}
			}
		},
		{
			"from": [5.35156, 14.25, -7],
			"to": [5.63281, 14.5, -4],
			"rotation": {"angle": 45, "axis": "x", "origin": [0, 0, 0]},
			"faces": {
				"north": {"uv": [0, 0, 0.28125, 0.25], "texture": "#4"},
				"east": {"uv": [0, 0, 3, 0.25], "texture": "#4"},
				"south": {"uv": [0, 0, 0.28125, 0.25], "texture": "#4"},
				"west": {"uv": [0, 0, 3, 0.25], "texture": "#4"},
				"up": {"uv": [0, 0, 0.28125, 3], "texture": "#4"},
				"down": {"uv": [0, 0, 0.28125, 3], "texture": "#4"}
			}
		},
		{
			"from": [5.35156, 15, -3.60156],
			"to": [5.63281, 18, -3.35156],
			"rotation": {"angle": 45, "axis": "x", "origin": [0, 0, 0]},
			"faces": {
				"north": {"uv": [0, 0, 0.28125, 3], "rotation": 180, "texture": "#4"},
				"east": {"uv": [0, 0, 3, 0.25], "rotation": 270, "texture": "#4"},
				"south": {"uv": [0, 0, 0.28125, 3], "texture": "#4"},
				"west": {"uv": [0, 0, 3, 0.25], "rotation": 90, "texture": "#4"},
				"up": {"uv": [0, 0, 0.28125, 0.25], "rotation": 180, "texture": "#4"},
				"down": {"uv": [0, 0, 0.28125, 0.25], "texture": "#4"}
			}
		},
		{
			"from": [4.5, 6, 0.5],
			"to": [5.5, 11.5, 15],
			"faces": {
				"north": {"uv": [0, 0, 1, 5.5], "texture": "#1"},
				"east": {"uv": [0, 0, 14.5, 5.5], "texture": "#1"},
				"south": {"uv": [0, 0, 1, 5.5], "texture": "#1"},
				"west": {"uv": [0, 0, 14.5, 5.5], "texture": "#1"},
				"up": {"uv": [0, 0, 1, 14.5], "texture": "#1"},
				"down": {"uv": [0, 0, 1, 14.5], "texture": "#1"}
			}
		},
		{
			"from": [3, -10.5, -0.5],
			"to": [14.25, 6, 16],
			"faces": {
				"north": {"uv": [0, 0, 11.25, 16], "texture": "#1"},
				"east": {"uv": [0, 0, 16, 16], "texture": "#1"},
				"south": {"uv": [0, 0, 11.25, 16], "texture": "#1"},
				"west": {"uv": [0, 0, 16, 16], "texture": "#1"},
				"up": {"uv": [0, 0, 11.25, 16], "texture": "#1"},
				"down": {"uv": [0, 0, 11.25, 16], "texture": "#1"}
			}
		},
		{
			"from": [5.30859, 11.5, 6.24609],
			"to": [5.48828, 14.5, 9.24609],
			"faces": {
				"north": {"uv": [0, 0, 0.5, 5.5], "texture": "#3"},
				"east": {"uv": [0, 0, 4.5, 4], "texture": "#3"},
				"south": {"uv": [0, 0, 0.5, 5.5], "texture": "#3"},
				"west": {"uv": [0, 0, 16, 16], "texture": "#3"},
				"up": {"uv": [0, 0, 0.5, 5.5], "texture": "#3"},
				"down": {"uv": [0, 0, 0.5, 5.5], "texture": "#3"}
			}
		}
	],
	"display": {
		"thirdperson_righthand": {
			"rotation": [90, -90, 0],
			"translation": [-6.5, -0.75, 14],
			"scale": [1.4, 1.4, 1.4]
		},
		"head": {
			"rotation": [0, 90, 0],
			"translation": [0.25, -6, 1],
			"scale": [2.1, 2.1, 2.1]
		}
	},
	"groups": [
		{
			"name": "group",
			"origin": [0, 0, 0],
			"color": 0,
			"children": [
				{
					"name": "group",
					"origin": [0, 0, 0],
					"color": 0,
					"children": []
				},
				0,
				1,
				2,
				3,
				4,
				5,
				6
			]
		}
	]
}