{
	"__comment": "Designed by Loner using Cubik Studio",
	"textures": {
		"texture1": "block/white_concrete_powder",
		"texture2": "block/black_concrete_powder",
		"texture3": "block/orange_concrete_powder"
	},
	"elements": [ 	 
		{
			"__comment": "Box46",
			"from": [ 7.5, 13, 7.5 ],
			"to": [ 8.5, 13.5, 8.5 ],
			"faces": {
				"down": { "uv": [ 7.5, 15, 8.5, 16 ], "texture": "#texture3" },
				"up": { "uv": [ 8.5, 16, 7.5, 15 ], "texture": "#texture3" },
				"north": { "uv": [ 8.5, 13.5, 7.5, 13 ], "texture": "#texture3" },
				"south": { "uv": [ 7.5, 2.5, 8.5, 3 ], "texture": "#texture3" },
				"west": { "uv": [ 2.5, 15, 3, 16 ], "texture": "#texture3", "rotation": 90 },
				"east": { "uv": [ 13, 15, 13.5, 16 ], "texture": "#texture3", "rotation": 270 }
			}
		},
		{
			"__comment": "Box46",
			"from": [ 7, 12, 7.5 ],
			"to": [ 9, 13, 8.5 ],
			"faces": {
				"down": { "uv": [ 6, 14, 10, 16 ], "texture": "#texture3" },
				"up": { "uv": [ 10, 16, 6, 14 ], "texture": "#texture3" },
				"north": { "uv": [ 10, 2, 6, 0 ], "texture": "#texture3" },
				"south": { "uv": [ 6, 14, 10, 16 ], "texture": "#texture3" },
				"west": { "uv": [ 14, 14, 16, 16 ], "texture": "#texture3", "rotation": 90 },
				"east": { "uv": [ 0, 14, 2, 16 ], "texture": "#texture3", "rotation": 270 }
			}
		},
		{
			"__comment": "Box46",
			"from": [ 6.5, 11, 7.5 ],
			"to": [ 9.5, 12, 8.5 ],
			"faces": {
				"down": { "uv": [ 5, 14, 11, 16 ], "texture": "#texture3" },
				"up": { "uv": [ 11, 16, 5, 14 ], "texture": "#texture3" },
				"north": { "uv": [ 11, 16, 5, 14 ], "texture": "#texture3" },
				"south": { "uv": [ 5, 0, 11, 2 ], "texture": "#texture3" },
				"west": { "uv": [ 0, 14, 2, 16 ], "texture": "#texture3", "rotation": 90 },
				"east": { "uv": [ 14, 14, 16, 16 ], "texture": "#texture3", "rotation": 270 }
			}
		},
		{
			"__comment": "Box46",
			"from": [ 6, 10, 7.5 ],
			"to": [ 10, 11, 8.5 ],
			"faces": {
				"down": { "uv": [ 4, 14, 12, 16 ], "texture": "#texture3" },
				"up": { "uv": [ 12, 16, 4, 14 ], "texture": "#texture3" },
				"north": { "uv": [ 12, 14, 4, 12 ], "texture": "#texture3" },
				"south": { "uv": [ 4, 2, 12, 4 ], "texture": "#texture3" },
				"west": { "uv": [ 2, 14, 4, 16 ], "texture": "#texture3", "rotation": 90 },
				"east": { "uv": [ 12, 14, 14, 16 ], "texture": "#texture3", "rotation": 270 }
			}
		},
		{
			"__comment": "Box46",
			"from": [ 3, 9.5, 7.5 ],
			"to": [ 13, 10, 8.5 ],
			"faces": {
				"down": { "uv": [ 0, 14, 16, 16 ], "texture": "#texture3" },
				"up": { "uv": [ 16, 16, 0, 14 ], "texture": "#texture3" },
				"north": { "uv": [ 16, 12, 0, 11 ], "texture": "#texture3" },
				"south": { "uv": [ 0, 4, 16, 5 ], "texture": "#texture3" },
				"west": { "uv": [ 4, 14, 5, 16 ], "texture": "#texture3", "rotation": 90 },
				"east": { "uv": [ 11, 14, 12, 16 ], "texture": "#texture3", "rotation": 270 }
			}
		},
		{
			"__comment": "Box46",
			"from": [ 2.5, 9, 7.5 ],
			"to": [ 13.5, 9.5, 8.5 ],
			"faces": {
				"down": { "uv": [ 0, 14, 16, 16 ], "texture": "#texture3" },
				"up": { "uv": [ 16, 16, 0, 14 ], "texture": "#texture3" },
				"north": { "uv": [ 16, 11, 0, 10 ], "texture": "#texture3" },
				"south": { "uv": [ 0, 5, 16, 6 ], "texture": "#texture3" },
				"west": { "uv": [ 5, 14, 6, 16 ], "texture": "#texture3", "rotation": 90 },
				"east": { "uv": [ 10, 14, 11, 16 ], "texture": "#texture3", "rotation": 270 }
			}
		},
		{
			"__comment": "Box46",
			"from": [ 3, 8.5, 7.5 ],
			"to": [ 13, 9, 8.5 ],
			"faces": {
				"down": { "uv": [ 0, 14, 16, 16 ], "texture": "#texture3" },
				"up": { "uv": [ 16, 16, 0, 14 ], "texture": "#texture3" },
				"north": { "uv": [ 16, 10, 0, 9 ], "texture": "#texture3" },
				"south": { "uv": [ 0, 6, 16, 7 ], "texture": "#texture3" },
				"west": { "uv": [ 6, 14, 7, 16 ], "texture": "#texture3", "rotation": 90 },
				"east": { "uv": [ 9, 14, 10, 16 ], "texture": "#texture3", "rotation": 270 }
			}
		},
		{
			"__comment": "Box46",
			"from": [ 4, 7.5, 7.5 ],
			"to": [ 12, 8, 8.5 ],
			"faces": {
				"down": { "uv": [ 0, 14, 16, 16 ], "texture": "#texture3" },
				"up": { "uv": [ 16, 16, 0, 14 ], "texture": "#texture3" },
				"north": { "uv": [ 16, 8, 0, 7 ], "texture": "#texture3" },
				"south": { "uv": [ 0, 8, 16, 9 ], "texture": "#texture3" },
				"west": { "uv": [ 8, 14, 9, 16 ], "texture": "#texture3", "rotation": 90 },
				"east": { "uv": [ 7, 14, 8, 16 ], "texture": "#texture3", "rotation": 270 }
			}
		},
		{
			"__comment": "Box46",
			"from": [ 3.5, 8, 7.5 ],
			"to": [ 12.5, 8.5, 8.5 ],
			"faces": {
				"down": { "uv": [ 0, 14, 16, 16 ], "texture": "#texture3" },
				"up": { "uv": [ 16, 16, 0, 14 ], "texture": "#texture3" },
				"north": { "uv": [ 16, 9, 0, 8 ], "texture": "#texture3" },
				"south": { "uv": [ 0, 7, 16, 8 ], "texture": "#texture3" },
				"west": { "uv": [ 7, 14, 8, 16 ], "texture": "#texture3", "rotation": 90 },
				"east": { "uv": [ 8, 14, 9, 16 ], "texture": "#texture3", "rotation": 270 }
			}
		},
		{
			"__comment": "Box46",
			"from": [ 4.5, 7, 7.5 ],
			"to": [ 11.5, 7.5, 8.5 ],
			"faces": {
				"down": { "uv": [ 1, 14, 15, 16 ], "texture": "#texture3" },
				"up": { "uv": [ 15, 16, 1, 14 ], "texture": "#texture3" },
				"north": { "uv": [ 15, 7, 1, 6 ], "texture": "#texture3" },
				"south": { "uv": [ 1, 9, 15, 10 ], "texture": "#texture3" },
				"west": { "uv": [ 9, 14, 10, 16 ], "texture": "#texture3", "rotation": 90 },
				"east": { "uv": [ 6, 14, 7, 16 ], "texture": "#texture3", "rotation": 270 }
			}
		},
		{
			"__comment": "Box46",
			"from": [ 5, 6, 7.5 ],
			"to": [ 11, 7, 8.5 ],
			"faces": {
				"down": { "uv": [ 2, 14, 14, 16 ], "texture": "#texture3" },
				"up": { "uv": [ 14, 16, 2, 14 ], "texture": "#texture3" },
				"north": { "uv": [ 14, 6, 2, 4 ], "texture": "#texture3" },
				"south": { "uv": [ 2, 10, 14, 12 ], "texture": "#texture3" },
				"west": { "uv": [ 10, 14, 12, 16 ], "texture": "#texture3", "rotation": 90 },
				"east": { "uv": [ 4, 14, 6, 16 ], "texture": "#texture3", "rotation": 270 }
			}
		},
		{
			"__comment": "Box46",
			"from": [ 4.5, 5, 7.5 ],
			"to": [ 11.5, 6, 8.5 ],
			"faces": {
				"down": { "uv": [ 1, 14, 15, 16 ], "texture": "#texture3" },
				"up": { "uv": [ 15, 16, 1, 14 ], "texture": "#texture3" },
				"north": { "uv": [ 15, 4, 1, 2 ], "texture": "#texture3" },
				"south": { "uv": [ 1, 12, 15, 14 ], "texture": "#texture3" },
				"west": { "uv": [ 12, 14, 14, 16 ], "texture": "#texture3", "rotation": 90 },
				"east": { "uv": [ 2, 14, 4, 16 ], "texture": "#texture3", "rotation": 270 }
			}
		},
		{
			"__comment": "Box46",
			"from": [ 4, 4, 7.5 ],
			"to": [ 12, 5, 8.5 ],
			"faces": {
				"down": { "uv": [ 0, 14, 16, 16 ], "texture": "#texture3" },
				"up": { "uv": [ 16, 16, 0, 14 ], "texture": "#texture3" },
				"north": { "uv": [ 16, 2, 0, 0 ], "texture": "#texture3" },
				"south": { "uv": [ 0, 14, 16, 16 ], "texture": "#texture3" },
				"west": { "uv": [ 14, 14, 16, 16 ], "texture": "#texture3", "rotation": 90 },
				"east": { "uv": [ 0, 14, 2, 16 ], "texture": "#texture3", "rotation": 270 }
			}
		},
		{
			"__comment": "Box46",
			"from": [ 3.5, 3.5, 7.5 ],
			"to": [ 7, 4, 8.5 ],
			"faces": {
				"down": { "uv": [ 0, 14, 6, 16 ], "texture": "#texture3" },
				"up": { "uv": [ 16, 16, 10, 14 ], "texture": "#texture3" },
				"north": { "uv": [ 6, 16, 0, 15 ], "texture": "#texture3" },
				"south": { "uv": [ 0, 0, 6, 1 ], "texture": "#texture3" },
				"west": { "uv": [ 0, 14, 1, 16 ], "texture": "#texture3", "rotation": 90 },
				"east": { "uv": [ 15, 14, 16, 16 ], "texture": "#texture3", "rotation": 270 }
			}
		},
		{
			"__comment": "Box46",
			"from": [ 3.5, 3, 7.5001 ],
			"to": [ 6, 3.5, 8.500099 ],
			"faces": {
				"down": { "uv": [ 0, 14, 4, 16 ], "texture": "#texture3" },
				"up": { "uv": [ 16, 16, 12, 14 ], "texture": "#texture3" },
				"north": { "uv": [ 4, 15, 0, 14 ], "texture": "#texture3" },
				"south": { "uv": [ 0, 1, 4, 2 ], "texture": "#texture3" },
				"west": { "uv": [ 1, 14, 2, 16 ], "texture": "#texture3", "rotation": 90 },
				"east": { "uv": [ 14, 14, 15, 16 ], "texture": "#texture3", "rotation": 270 }
			}
		},
		{
			"__comment": "Box46",
			"from": [ 3.5, 2.5, 7.5001 ],
			"to": [ 5, 3, 8.500099 ],
			"faces": {
				"down": { "uv": [ 0, 14, 2, 16 ], "texture": "#texture3" },
				"up": { "uv": [ 16, 16, 14, 14 ], "texture": "#texture3" },
				"north": { "uv": [ 2, 14, 0, 13 ], "texture": "#texture3" },
				"south": { "uv": [ 0, 2, 2, 3 ], "texture": "#texture3" },
				"west": { "uv": [ 2, 14, 3, 16 ], "texture": "#texture3", "rotation": 90 },
				"east": { "uv": [ 13, 14, 14, 16 ], "texture": "#texture3", "rotation": 270 }
			}
		},
		{
			"__comment": "Box46",
			"from": [ 9, 3.5, 7.5 ],
			"to": [ 12.5, 4, 8.5 ],
			"faces": {
				"down": { "uv": [ 10, 14, 16, 16 ], "texture": "#texture3" },
				"up": { "uv": [ 6, 16, 0, 14 ], "texture": "#texture3" },
				"north": { "uv": [ 16, 16, 10, 15 ], "texture": "#texture3" },
				"south": { "uv": [ 10, 0, 16, 1 ], "texture": "#texture3" },
				"west": { "uv": [ 0, 14, 1, 16 ], "texture": "#texture3", "rotation": 90 },
				"east": { "uv": [ 15, 14, 16, 16 ], "texture": "#texture3", "rotation": 270 }
			}
		},
		{
			"__comment": "Box46",
			"from": [ 10, 3, 7.5001 ],
			"to": [ 12.5, 3.5, 8.500099 ],
			"faces": {
				"down": { "uv": [ 12, 14, 16, 16 ], "texture": "#texture3" },
				"up": { "uv": [ 4, 16, 0, 14 ], "texture": "#texture3" },
				"north": { "uv": [ 16, 15, 12, 14 ], "texture": "#texture3" },
				"south": { "uv": [ 12, 1, 16, 2 ], "texture": "#texture3" },
				"west": { "uv": [ 1, 14, 2, 16 ], "texture": "#texture3", "rotation": 90 },
				"east": { "uv": [ 14, 14, 15, 16 ], "texture": "#texture3", "rotation": 270 }
			}
		},
		{
			"__comment": "Box46",
			"from": [ 11, 2.5, 7.5001 ],
			"to": [ 12.5, 3, 8.500099 ],
			"faces": {
				"down": { "uv": [ 14, 14, 16, 16 ], "texture": "#texture3" },
				"up": { "uv": [ 2, 16, 0, 14 ], "texture": "#texture3" },
				"north": { "uv": [ 16, 14, 14, 13 ], "texture": "#texture3" },
				"south": { "uv": [ 14, 2, 16, 3 ], "texture": "#texture3" },
				"west": { "uv": [ 2, 14, 3, 16 ], "texture": "#texture3", "rotation": 90 },
				"east": { "uv": [ 13, 14, 14, 16 ], "texture": "#texture3", "rotation": 270 }
			}
		},
		{
			"__comment": "Box46",
			"from": [ 7.5, 12, 7.25 ],
			"to": [ 8.5, 13, 8.75 ],
			"faces": {
				"down": { "uv": [ 7, 13.5, 9, 16 ], "texture": "#texture3" },
				"up": { "uv": [ 9, 16, 7, 13.5 ], "texture": "#texture3" },
				"north": { "uv": [ 9, 2, 7, 0 ], "texture": "#texture3" },
				"south": { "uv": [ 7, 14, 9, 16 ], "texture": "#texture3" },
				"west": { "uv": [ 14, 13.5, 16, 16 ], "texture": "#texture3", "rotation": 90 },
				"east": { "uv": [ 0, 13.5, 2, 16 ], "texture": "#texture3", "rotation": 270 }
			}
		},
		{
			"__comment": "Box46",
			"from": [ 7, 11, 7.25 ],
			"to": [ 9.000002, 12, 8.75 ],
			"faces": {
				"down": { "uv": [ 6, 13.5, 10, 16 ], "texture": "#texture3" },
				"up": { "uv": [ 10, 16, 5.999996, 13.5 ], "texture": "#texture3" },
				"north": { "uv": [ 10, 16, 6, 14 ], "texture": "#texture3" },
				"south": { "uv": [ 6, 0, 10, 2 ], "texture": "#texture3" },
				"west": { "uv": [ 0, 13.5, 2, 16 ], "texture": "#texture3", "rotation": 90 },
				"east": { "uv": [ 14, 13.5, 16, 16 ], "texture": "#texture3", "rotation": 270 }
			}
		},
		{
			"__comment": "Box46",
			"from": [ 6.5, 10, 7.25 ],
			"to": [ 9.500002, 11, 8.75 ],
			"faces": {
				"down": { "uv": [ 5, 13.5, 11, 16 ], "texture": "#texture3" },
				"up": { "uv": [ 11, 16, 4.999996, 13.5 ], "texture": "#texture3" },
				"north": { "uv": [ 11, 14, 5, 12 ], "texture": "#texture3" },
				"south": { "uv": [ 5, 2, 11, 4 ], "texture": "#texture3" },
				"west": { "uv": [ 2, 13.5, 4, 16 ], "texture": "#texture3", "rotation": 90 },
				"east": { "uv": [ 12, 13.5, 14, 16 ], "texture": "#texture3", "rotation": 270 }
			}
		},
		{
			"__comment": "Box46",
			"from": [ 6, 9.5, 7.25 ],
			"to": [ 10.0175, 10, 8.75 ],
			"faces": {
				"down": { "uv": [ 4, 13.5, 12.035, 16 ], "texture": "#texture3" },
				"up": { "uv": [ 12, 16, 3.964998, 13.5 ], "texture": "#texture3" },
				"north": { "uv": [ 12.035, 12, 4, 11 ], "texture": "#texture3" },
				"south": { "uv": [ 4, 4, 12.035, 5 ], "texture": "#texture3" },
				"west": { "uv": [ 4, 13.5, 5, 16 ], "texture": "#texture3", "rotation": 90 },
				"east": { "uv": [ 11, 13.5, 12, 16 ], "texture": "#texture3", "rotation": 270 }
			}
		},
		{
			"__comment": "Box46",
			"from": [ 3, 9, 7.25 ],
			"to": [ 13.00001, 9.5, 8.75 ],
			"faces": {
				"down": { "uv": [ 0, 13.5, 16, 16 ], "texture": "#texture3" },
				"up": { "uv": [ 16, 16, 0, 13.5 ], "texture": "#texture3" },
				"north": { "uv": [ 16, 11, 0, 10 ], "texture": "#texture3" },
				"south": { "uv": [ 0, 5, 16, 6 ], "texture": "#texture3" },
				"west": { "uv": [ 5, 13.5, 6, 16 ], "texture": "#texture3", "rotation": 90 },
				"east": { "uv": [ 10, 13.5, 11, 16 ], "texture": "#texture3", "rotation": 270 }
			}
		},
		{
			"__comment": "Box46",
			"from": [ 3.5, 8.5, 7.25 ],
			"to": [ 12.50001, 9, 8.75 ],
			"faces": {
				"down": { "uv": [ 0, 13.5, 16, 16 ], "texture": "#texture3" },
				"up": { "uv": [ 16, 16, 0, 13.5 ], "texture": "#texture3" },
				"north": { "uv": [ 16, 10, 0, 9 ], "texture": "#texture3" },
				"south": { "uv": [ 0, 6, 16, 7 ], "texture": "#texture3" },
				"west": { "uv": [ 6, 13.5, 7, 16 ], "texture": "#texture3", "rotation": 90 },
				"east": { "uv": [ 9, 13.5, 10, 16 ], "texture": "#texture3", "rotation": 270 }
			}
		},
		{
			"__comment": "Box46",
			"from": [ 4.5, 7.5, 7.25 ],
			"to": [ 11.49999, 8, 8.75 ],
			"faces": {
				"down": { "uv": [ 1, 13.5, 14.99999, 16 ], "texture": "#texture3" },
				"up": { "uv": [ 15, 16, 1.000012, 13.5 ], "texture": "#texture3" },
				"north": { "uv": [ 14.99999, 8, 1, 7 ], "texture": "#texture3" },
				"south": { "uv": [ 1, 8, 14.99999, 9 ], "texture": "#texture3" },
				"west": { "uv": [ 8, 13.5, 9, 16 ], "texture": "#texture3", "rotation": 90 },
				"east": { "uv": [ 7, 13.5, 8, 16 ], "texture": "#texture3", "rotation": 270 }
			}
		},
		{
			"__comment": "Box46",
			"from": [ 4, 8, 7.25 ],
			"to": [ 11.99999, 8.5, 8.75 ],
			"faces": {
				"down": { "uv": [ 0, 13.5, 15.99999, 16 ], "texture": "#texture3" },
				"up": { "uv": [ 16, 16, 0.000012398, 13.5 ], "texture": "#texture3" },
				"north": { "uv": [ 15.99999, 9, 0, 8 ], "texture": "#texture3" },
				"south": { "uv": [ 0, 7, 15.99999, 8 ], "texture": "#texture3" },
				"west": { "uv": [ 7, 13.5, 8, 16 ], "texture": "#texture3", "rotation": 90 },
				"east": { "uv": [ 8, 13.5, 9, 16 ], "texture": "#texture3", "rotation": 270 }
			}
		},
		{
			"__comment": "Box46",
			"from": [ 5, 7, 7.25 ],
			"to": [ 10.99999, 7.5, 8.75 ],
			"faces": {
				"down": { "uv": [ 2, 13.5, 13.99999, 16 ], "texture": "#texture3" },
				"up": { "uv": [ 14, 16, 2.000012, 13.5 ], "texture": "#texture3" },
				"north": { "uv": [ 13.99999, 7, 2, 6 ], "texture": "#texture3" },
				"south": { "uv": [ 2, 9, 13.99999, 10 ], "texture": "#texture3" },
				"west": { "uv": [ 9, 13.5, 10, 16 ], "texture": "#texture3", "rotation": 90 },
				"east": { "uv": [ 6, 13.5, 7, 16 ], "texture": "#texture3", "rotation": 270 }
			}
		},
		{
			"__comment": "Box46",
			"from": [ 5.5, 6, 7.25 ],
			"to": [ 10.49999, 7, 8.75 ],
			"faces": {
				"down": { "uv": [ 3, 13.5, 12.99999, 16 ], "texture": "#texture3" },
				"up": { "uv": [ 13, 16, 3.000012, 13.5 ], "texture": "#texture3" },
				"north": { "uv": [ 12.99999, 6, 3, 4 ], "texture": "#texture3" },
				"south": { "uv": [ 3, 10, 12.99999, 12 ], "texture": "#texture3" },
				"west": { "uv": [ 10, 13.5, 12, 16 ], "texture": "#texture3", "rotation": 90 },
				"east": { "uv": [ 4, 13.5, 6, 16 ], "texture": "#texture3", "rotation": 270 }
			}
		},
		{
			"__comment": "Box46",
			"from": [ 5, 5, 7.25 ],
			"to": [ 10.99999, 6, 8.75 ],
			"faces": {
				"down": { "uv": [ 2, 13.5, 13.99999, 16 ], "texture": "#texture3" },
				"up": { "uv": [ 14, 16, 2.000012, 13.5 ], "texture": "#texture3" },
				"north": { "uv": [ 13.99999, 4, 2, 2 ], "texture": "#texture3" },
				"south": { "uv": [ 2, 12, 13.99999, 14 ], "texture": "#texture3" },
				"west": { "uv": [ 12, 13.5, 14, 16 ], "texture": "#texture3", "rotation": 90 },
				"east": { "uv": [ 2, 13.5, 4, 16 ], "texture": "#texture3", "rotation": 270 }
			}
		},
		{
			"__comment": "Box46",
			"from": [ 4.5, 4, 7.25 ],
			"to": [ 7, 5, 8.75 ],
			"faces": {
				"down": { "uv": [ 1, 13.5, 6, 16 ], "texture": "#texture3" },
				"up": { "uv": [ 15, 16, 10, 13.5 ], "texture": "#texture3" },
				"north": { "uv": [ 6, 2, 1, 0 ], "texture": "#texture3" },
				"south": { "uv": [ 1, 14, 6, 16 ], "texture": "#texture3" },
				"west": { "uv": [ 14, 13.5, 16, 16 ], "texture": "#texture3", "rotation": 90 },
				"east": { "uv": [ 0, 13.5, 2, 16 ], "texture": "#texture3", "rotation": 270 }
			}
		},
		{
			"__comment": "Box46",
			"from": [ 4, 3.5, 7.25 ],
			"to": [ 6.017501, 4, 8.75 ],
			"faces": {
				"down": { "uv": [ 0, 13.5, 4.035002, 16 ], "texture": "#texture3" },
				"up": { "uv": [ 16, 16, 11.965, 13.5 ], "texture": "#texture3" },
				"north": { "uv": [ 4.035002, 16, 0, 15 ], "texture": "#texture3" },
				"south": { "uv": [ 0, 0, 4.035002, 1 ], "texture": "#texture3" },
				"west": { "uv": [ 0, 13.5, 1, 16 ], "texture": "#texture3", "rotation": 90 },
				"east": { "uv": [ 15, 13.5, 16, 16 ], "texture": "#texture3", "rotation": 270 }
			}
		},
		{
			"__comment": "Box46",
			"from": [ 4, 3, 7.25 ],
			"to": [ 5, 3.5, 8.75 ],
			"faces": {
				"down": { "uv": [ 0, 13.5, 2, 16 ], "texture": "#texture3" },
				"up": { "uv": [ 16, 16, 14, 13.5 ], "texture": "#texture3" },
				"north": { "uv": [ 2, 15, 0, 14 ], "texture": "#texture3" },
				"south": { "uv": [ 0, 1, 2, 2 ], "texture": "#texture3" },
				"west": { "uv": [ 1, 13.5, 2, 16 ], "texture": "#texture3", "rotation": 90 },
				"east": { "uv": [ 14, 13.5, 15, 16 ], "texture": "#texture3", "rotation": 270 }
			}
		},
		{
			"__comment": "Box46",
			"from": [ 10, 3.5, 7.25 ],
			"to": [ 12.0175, 4, 8.75 ],
			"faces": {
				"down": { "uv": [ 12, 13.5, 16, 16 ], "texture": "#texture3" },
				"up": { "uv": [ 4, 16, 0, 13.5 ], "texture": "#texture3" },
				"north": { "uv": [ 16, 16, 12, 15 ], "texture": "#texture3" },
				"south": { "uv": [ 12, 0, 16, 1 ], "texture": "#texture3" },
				"west": { "uv": [ 0, 13.5, 1, 16 ], "texture": "#texture3", "rotation": 90 },
				"east": { "uv": [ 15, 13.5, 16, 16 ], "texture": "#texture3", "rotation": 270 }
			}
		},
		{
			"__comment": "Box46",
			"from": [ 11, 3, 7.25 ],
			"to": [ 12, 3.5, 8.75 ],
			"faces": {
				"down": { "uv": [ 14, 13.5, 16, 16 ], "texture": "#texture3" },
				"up": { "uv": [ 2, 16, 0, 13.5 ], "texture": "#texture3" },
				"north": { "uv": [ 16, 15, 14, 14 ], "texture": "#texture3" },
				"south": { "uv": [ 14, 1, 16, 2 ], "texture": "#texture3" },
				"west": { "uv": [ 1, 13.5, 2, 16 ], "texture": "#texture3", "rotation": 90 },
				"east": { "uv": [ 14, 13.5, 15, 16 ], "texture": "#texture3", "rotation": 270 }
			}
		},
		{
			"__comment": "Box46",
			"from": [ 9, 4, 7.25 ],
			"to": [ 11.5, 5, 8.75 ],
			"faces": {
				"down": { "uv": [ 10, 13.5, 15, 16 ], "texture": "#texture3" },
				"up": { "uv": [ 6, 16, 1, 13.5 ], "texture": "#texture3" },
				"north": { "uv": [ 15, 2, 10, 0 ], "texture": "#texture3" },
				"south": { "uv": [ 10, 14, 15, 16 ], "texture": "#texture3" },
				"west": { "uv": [ 14, 13.5, 16, 16 ], "texture": "#texture3", "rotation": 90 },
				"east": { "uv": [ 0, 13.5, 2, 16 ], "texture": "#texture3", "rotation": 270 }
			}
		},
		{
			"__comment": "Box46",
			"from": [ 7, 4.5, 7.25 ],
			"to": [ 9, 5, 8.75 ],
			"faces": {
				"down": { "uv": [ 6, 13.5, 10, 16 ], "texture": "#texture3" },
				"up": { "uv": [ 10, 16, 6, 13.5 ], "texture": "#texture3" },
				"north": { "uv": [ 10, 2, 6, 1 ], "texture": "#texture3" },
				"south": { "uv": [ 6, 14, 10, 15 ], "texture": "#texture3" },
				"west": { "uv": [ 14, 13.5, 15, 16 ], "texture": "#texture3", "rotation": 90 },
				"east": { "uv": [ 1, 13.5, 2, 16 ], "texture": "#texture3", "rotation": 270 }
			}
		},
		{
			"__comment": "Box86",
			"from": [ 6.5, 7.5, 8.75 ],
			"to": [ 7.25, 9.25, 9 ],
			"faces": {
				"down": { "uv": [ 4.5, 13, 6, 13.5 ], "texture": "#texture1" },
				"up": { "uv": [ 11.5, 13.5, 10, 13 ], "texture": "#texture1" },
				"north": { "uv": [ 6, 10.5, 4.5, 7 ], "texture": "#texture1" },
				"south": { "uv": [ 4.5, 5.5, 6, 9 ], "texture": "#texture1" },
				"west": { "uv": [ 5.5, 13, 9, 13.5 ], "texture": "#texture1", "rotation": 90 },
				"east": { "uv": [ 7, 13, 10.5, 13.5 ], "texture": "#texture1", "rotation": 270 }
			}
		},
		{
			"__comment": "Box86",
			"from": [ 7.25, 7.75, 8.75 ],
			"to": [ 7.5, 9, 9 ],
			"faces": {
				"down": { "uv": [ 6, 13, 6.5, 13.5 ], "texture": "#texture1" },
				"up": { "uv": [ 10, 13.5, 9.5, 13 ], "texture": "#texture1" },
				"north": { "uv": [ 6.5, 10.5, 6, 8 ], "texture": "#texture1" },
				"south": { "uv": [ 6, 5.5, 6.5, 8 ], "texture": "#texture1" },
				"west": { "uv": [ 5.5, 13, 8, 13.5 ], "texture": "#texture1", "rotation": 90 },
				"east": { "uv": [ 8, 13, 10.5, 13.5 ], "texture": "#texture1", "rotation": 270 }
			}
		},
		{
			"__comment": "Box86",
			"from": [ 6.25, 7.75, 8.75 ],
			"to": [ 6.5, 9, 9 ],
			"faces": {
				"down": { "uv": [ 4, 13, 4.5, 13.5 ], "texture": "#texture1" },
				"up": { "uv": [ 12, 13.5, 11.5, 13 ], "texture": "#texture1" },
				"north": { "uv": [ 4.5, 10.5, 4, 8 ], "texture": "#texture1" },
				"south": { "uv": [ 4, 5.5, 4.5, 8 ], "texture": "#texture1" },
				"west": { "uv": [ 5.5, 13, 8, 13.5 ], "texture": "#texture1", "rotation": 90 },
				"east": { "uv": [ 8, 13, 10.5, 13.5 ], "texture": "#texture1", "rotation": 270 }
			}
		},
		{
			"__comment": "Box86",
			"from": [ 8.5, 7.75, 8.75 ],
			"to": [ 8.75, 9, 9 ],
			"faces": {
				"down": { "uv": [ 9.5, 13, 10, 13.5 ], "texture": "#texture1" },
				"up": { "uv": [ 6.5, 13.5, 6, 13 ], "texture": "#texture1" },
				"north": { "uv": [ 10, 10.5, 9.5, 8 ], "texture": "#texture1" },
				"south": { "uv": [ 9.5, 5.5, 10, 8 ], "texture": "#texture1" },
				"west": { "uv": [ 5.5, 13, 8, 13.5 ], "texture": "#texture1", "rotation": 90 },
				"east": { "uv": [ 8, 13, 10.5, 13.5 ], "texture": "#texture1", "rotation": 270 }
			}
		},
		{
			"__comment": "Box86",
			"from": [ 8.75, 7.5, 8.75 ],
			"to": [ 9.5, 9.25, 9 ],
			"faces": {
				"down": { "uv": [ 10, 13, 11.5, 13.5 ], "texture": "#texture1" },
				"up": { "uv": [ 6, 13.5, 4.5, 13 ], "texture": "#texture1" },
				"north": { "uv": [ 11.5, 11, 10, 7.5 ], "texture": "#texture1" },
				"south": { "uv": [ 10, 5, 11.5, 8.5 ], "texture": "#texture1" },
				"west": { "uv": [ 5, 13, 8.5, 13.5 ], "texture": "#texture1", "rotation": 90 },
				"east": { "uv": [ 7.5, 13, 11, 13.5 ], "texture": "#texture1", "rotation": 270 }
			}
		},
		{
			"__comment": "Box86",
			"from": [ 9.5, 7.75, 8.75 ],
			"to": [ 9.75, 9, 9 ],
			"faces": {
				"down": { "uv": [ 11.5, 13, 12, 13.5 ], "texture": "#texture1" },
				"up": { "uv": [ 4.5, 13.5, 4, 13 ], "texture": "#texture1" },
				"north": { "uv": [ 12, 10.5, 11.5, 8 ], "texture": "#texture1" },
				"south": { "uv": [ 11.5, 5.5, 12, 8 ], "texture": "#texture1" },
				"west": { "uv": [ 5.5, 13, 8, 13.5 ], "texture": "#texture1", "rotation": 90 },
				"east": { "uv": [ 8, 13, 10.5, 13.5 ], "texture": "#texture1", "rotation": 270 }
			}
		},
		{
			"__comment": "Box92",
			"from": [ 6.625, 8.125, 8.75 ],
			"to": [ 7.125, 8.625, 9.25 ],
			"faces": {
				"down": { "uv": [ 4.75, 12.5, 5.75, 13.5 ], "texture": "#texture2" },
				"up": { "uv": [ 11.25, 13.5, 10.25, 12.5 ], "texture": "#texture2" },
				"north": { "uv": [ 5.75, 8.75, 4.75, 7.75 ], "texture": "#texture2" },
				"south": { "uv": [ 4.75, 7.25, 5.75, 8.25 ], "texture": "#texture2" },
				"west": { "uv": [ 7.25, 12.5, 8.25, 13.5 ], "texture": "#texture2", "rotation": 90 },
				"east": { "uv": [ 7.75, 12.5, 8.75, 13.5 ], "texture": "#texture2", "rotation": 270 }
			}
		},
		{
			"__comment": "Box92",
			"from": [ 6.75, 8, 8.75 ],
			"to": [ 7, 8.75, 9.25 ],
			"faces": {
				"down": { "uv": [ 5, 12.5, 5.5, 13.5 ], "texture": "#texture2" },
				"up": { "uv": [ 11, 13.5, 10.5, 12.5 ], "texture": "#texture2" },
				"north": { "uv": [ 5.5, 9.5, 5, 8 ], "texture": "#texture2" },
				"south": { "uv": [ 5, 6.5, 5.5, 8 ], "texture": "#texture2" },
				"west": { "uv": [ 6.5, 12.5, 8, 13.5 ], "texture": "#texture2", "rotation": 90 },
				"east": { "uv": [ 8, 12.5, 9.5, 13.5 ], "texture": "#texture2", "rotation": 270 }
			}
		},
		{
			"__comment": "Box92",
			"from": [ 9, 8, 8.75 ],
			"to": [ 9.25, 8.75, 9.25 ],
			"faces": {
				"down": { "uv": [ 10.5, 12.5, 11, 13.5 ], "texture": "#texture2" },
				"up": { "uv": [ 5.5, 13.5, 5, 12.5 ], "texture": "#texture2" },
				"north": { "uv": [ 11, 9, 10.5, 7.5 ], "texture": "#texture2" },
				"south": { "uv": [ 10.5, 7, 11, 8.5 ], "texture": "#texture2" },
				"west": { "uv": [ 7, 12.5, 8.5, 13.5 ], "texture": "#texture2", "rotation": 90 },
				"east": { "uv": [ 7.5, 12.5, 9, 13.5 ], "texture": "#texture2", "rotation": 270 }
			}
		},
		{
			"__comment": "Box92",
			"from": [ 8.875, 8.125, 8.75 ],
			"to": [ 9.375, 8.625, 9.25 ],
			"faces": {
				"down": { "uv": [ 10.25, 12.5, 11.25, 13.5 ], "texture": "#texture2" },
				"up": { "uv": [ 5.75, 13.5, 4.75, 12.5 ], "texture": "#texture2" },
				"north": { "uv": [ 11.25, 8.75, 10.25, 7.75 ], "texture": "#texture2" },
				"south": { "uv": [ 10.25, 7.25, 11.25, 8.25 ], "texture": "#texture2" },
				"west": { "uv": [ 7.25, 12.5, 8.25, 13.5 ], "texture": "#texture2", "rotation": 90 },
				"east": { "uv": [ 7.75, 12.5, 8.75, 13.5 ], "texture": "#texture2", "rotation": 270 }
			}
		},
		{
			"__comment": "Box96",
			"from": [ 7.25, 5.5, 8.5 ],
			"to": [ 8.75, 6.25, 9 ],
			"faces": {
				"down": { "uv": [ 6.5, 13, 9.5, 14 ], "texture": "#texture2" },
				"up": { "uv": [ 9.5, 14, 6.5, 13 ], "texture": "#texture2" },
				"north": { "uv": [ 9.5, 4.5, 6.5, 3 ], "texture": "#texture2" },
				"south": { "uv": [ 6.5, 11.5, 9.5, 13 ], "texture": "#texture2" },
				"west": { "uv": [ 11.5, 13, 13, 14 ], "texture": "#texture2", "rotation": 90 },
				"east": { "uv": [ 3, 13, 4.5, 14 ], "texture": "#texture2", "rotation": 270 }
			}
		},
		{
			"__comment": "Box96",
			"from": [ 6.5, 5.75, 8.5 ],
			"to": [ 7.25, 6.5, 9 ],
			"faces": {
				"down": { "uv": [ 5, 13, 6.5, 14 ], "texture": "#texture2" },
				"up": { "uv": [ 11, 14, 9.5, 13 ], "texture": "#texture2" },
				"north": { "uv": [ 6.5, 5, 5, 3.5 ], "texture": "#texture2" },
				"south": { "uv": [ 5, 11, 6.5, 12.5 ], "texture": "#texture2" },
				"west": { "uv": [ 11, 13, 12.5, 14 ], "texture": "#texture2", "rotation": 90 },
				"east": { "uv": [ 3.5, 13, 5, 14 ], "texture": "#texture2", "rotation": 270 }
			}
		},
		{
			"__comment": "Box96",
			"from": [ 8.75, 5.75, 8.5 ],
			"to": [ 9.5, 6.5, 9 ],
			"faces": {
				"down": { "uv": [ 9.5, 13, 11, 14 ], "texture": "#texture2" },
				"up": { "uv": [ 6.5, 14, 5, 13 ], "texture": "#texture2" },
				"north": { "uv": [ 11, 5, 9.5, 3.5 ], "texture": "#texture2" },
				"south": { "uv": [ 9.5, 11, 11, 12.5 ], "texture": "#texture2" },
				"west": { "uv": [ 11, 13, 12.5, 14 ], "texture": "#texture2", "rotation": 90 },
				"east": { "uv": [ 3.5, 13, 5, 14 ], "texture": "#texture2", "rotation": 270 }
			}
		},
		{
			"__comment": "Box96",
			"from": [ 9.5, 6, 8.5 ],
			"to": [ 9.75, 6.75, 9 ],
			"faces": {
				"down": { "uv": [ 11, 13, 11.5, 14 ], "texture": "#texture2" },
				"up": { "uv": [ 5, 14, 4.5, 13 ], "texture": "#texture2" },
				"north": { "uv": [ 11.5, 5.5, 11, 4 ], "texture": "#texture2" },
				"south": { "uv": [ 11, 10.5, 11.5, 12 ], "texture": "#texture2" },
				"west": { "uv": [ 10.5, 13, 12, 14 ], "texture": "#texture2", "rotation": 90 },
				"east": { "uv": [ 4, 13, 5.5, 14 ], "texture": "#texture2", "rotation": 270 }
			}
		},
		{
			"__comment": "Box96",
			"from": [ 6.25, 6, 8.5 ],
			"to": [ 6.5, 6.75, 9 ],
			"faces": {
				"down": { "uv": [ 4.5, 13, 5, 14 ], "texture": "#texture2" },
				"up": { "uv": [ 11.5, 14, 11, 13 ], "texture": "#texture2" },
				"north": { "uv": [ 5, 5.5, 4.5, 4 ], "texture": "#texture2" },
				"south": { "uv": [ 4.5, 10.5, 5, 12 ], "texture": "#texture2" },
				"west": { "uv": [ 10.5, 13, 12, 14 ], "texture": "#texture2", "rotation": 90 },
				"east": { "uv": [ 4, 13, 5.5, 14 ], "texture": "#texture2", "rotation": 270 }
			}
		}
	],
	"display": {
		"gui": {
			"rotation":  [ 30, -27, 0 ],
			"scale":  [ 0.625, 0.625, 0.625 ]
		}
	}
}
