{
	"credit": "Made with Blockbench",
	"textures": {
		"0": "block/anvil",
		"1": "block/sea_lantern",
		"particle": "block/anvil"
	},
	"elements": [
		{
			"from": [4.9096, -12.4952, 4.9096],
			"to": [11.0904, -11.2984, 11.0904],
			"rotation": {"angle": 0, "axis": "y", "origin": [10.3936, -12.4952, 4.4096]},
			"faces": {
				"north": {"uv": [0, 0, 9.5, 3.5], "texture": "#0"},
				"east": {"uv": [0, 0, 9.5, 3.5], "texture": "#0"},
				"south": {"uv": [0, 0, 9.5, 3.5], "texture": "#0"},
				"west": {"uv": [0, 0, 9.5, 3.5], "texture": "#0"},
				"up": {"uv": [0, 0, 9.5, 6], "texture": "#0"},
				"down": {"uv": [0, 0, 9.5, 6], "texture": "#0"}
			}
		},
		{
			"from": [5.508, -11.2984, 5.508],
			"to": [10.492, -7.8144, 10.492],
			"rotation": {"angle": 0, "axis": "y", "origin": [10.3936, -12.4952, 4.4096]},
			"faces": {
				"north": {"uv": [0, 0, 9, 5.5], "texture": "#0"},
				"east": {"uv": [0, 0, 9, 5.5], "texture": "#0"},
				"south": {"uv": [0, 0, 9, 5.5], "texture": "#0"},
				"west": {"uv": [0, 0, 9, 5.5], "texture": "#0"},
				"up": {"uv": [0, 0, 9, 5.5], "texture": "#0"},
				"down": {"uv": [0, 0, 9, 5.5], "texture": "#0"}
			}
		},
		{
			"from": [6.4548, -7.8144, 5.8564],
			"to": [9.5452, -6.6176, 10.1436],
			"rotation": {"angle": 0, "axis": "y", "origin": [10.3936, -12.4952, 4.4096]},
			"faces": {
				"north": {"uv": [0, 0, 8, 3.5], "texture": "#0"},
				"east": {"uv": [0, 0, 8.5, 3.5], "texture": "#0"},
				"south": {"uv": [0, 0, 8, 3.5], "texture": "#0"},
				"west": {"uv": [0, 0, 8.5, 3.5], "texture": "#0"},
				"up": {"uv": [0, 0, 8, 5], "texture": "#0"},
				"down": {"uv": [0, 0, 8, 5], "texture": "#0"}
			}
		},
		{
			"from": [5.8564, -7.8144, 6.2048],
			"to": [6.4548, -6.6176, 9.7952],
			"rotation": {"angle": 0, "axis": "y", "origin": [10.3936, -12.4952, 4.4096]},
			"faces": {
				"north": {"uv": [0, 0, 6.75, 3.5], "texture": "#0"},
				"east": {"uv": [0, 0, 8, 3.5], "texture": "#0"},
				"south": {"uv": [0, 0, 6.75, 3.5], "texture": "#0"},
				"west": {"uv": [0, 0, 8, 3.5], "texture": "#0"},
				"up": {"uv": [0, 0, 6.75, 4.5], "texture": "#0"},
				"down": {"uv": [0, 0, 6.75, 4.5], "texture": "#0"}
			}
		},
		{
			"from": [9.5452, -7.8144, 6.2048],
			"to": [10.1436, -6.6176, 9.7952],
			"rotation": {"angle": 0, "axis": "y", "origin": [10.3936, -12.4952, 4.4096]},
			"faces": {
				"north": {"uv": [0, 0, 6.75, 3.5], "texture": "#0"},
				"east": {"uv": [0, 0, 8, 3.5], "texture": "#0"},
				"south": {"uv": [0, 0, 6.75, 3.5], "texture": "#0"},
				"west": {"uv": [0, 0, 8, 3.5], "texture": "#0"},
				"up": {"uv": [0, 0, 6.75, 4.5], "texture": "#0"},
				"down": {"uv": [0, 0, 6.75, 4.5], "texture": "#0"}
			}
		},
		{
			"from": [6.8032, -7.8144, 6.8032],
			"to": [9.1968, 9.728, 9.1968],
			"rotation": {"angle": 0, "axis": "y", "origin": [10.3936, -12.4952, 4.4096]},
			"faces": {
				"north": {"uv": [0, 0, 7.5, 12], "texture": "#0"},
				"east": {"uv": [0, 0, 7.5, 12], "texture": "#0"},
				"south": {"uv": [0, 0, 7.5, 12], "texture": "#0"},
				"west": {"uv": [0, 0, 7.5, 12], "texture": "#0"},
				"up": {"uv": [0, 0, 7.5, 4], "texture": "#0"},
				"down": {"uv": [0, 0, 7.5, 4], "texture": "#0"}
			}
		},
		{
			"from": [7.4016, 9.228, 7.4016],
			"to": [8.5984, 12.8184, 8.5984],
			"rotation": {"angle": 0, "axis": "y", "origin": [10.3936, -12.4952, 4.4096]},
			"faces": {
				"north": {"uv": [0, 0, 7, 4.5], "texture": "#0"},
				"east": {"uv": [0, 0, 7, 4.5], "texture": "#0"},
				"south": {"uv": [0, 0, 7, 4.5], "texture": "#0"},
				"west": {"uv": [0, 0, 7, 4.5], "texture": "#0"},
				"up": {"uv": [0, 0, 7, 3.5], "texture": "#0"},
				"down": {"uv": [0, 0, 7, 3.5], "texture": "#0"}
			}
		},
		{
			"from": [6.8032, 10.4248, 6.8032],
			"to": [9.1968, 11.6216, 9.1968],
			"rotation": {"angle": 0, "axis": "y", "origin": [10.3936, -12.4952, 4.4096]},
			"faces": {
				"north": {"uv": [0, 0, 7.5, 3.5], "texture": "#0"},
				"east": {"uv": [0, 0, 7.5, 3.5], "texture": "#0"},
				"south": {"uv": [0, 0, 7.5, 3.5], "texture": "#0"},
				"west": {"uv": [0, 0, 7.5, 3.5], "texture": "#0"},
				"up": {"uv": [0, 0, 7.5, 4], "texture": "#0"},
				"down": {"uv": [0, 0, 7.5, 4], "texture": "#0"}
			}
		},
		{
			"from": [5.9548, 12.8184, 6.5532],
			"to": [10.0452, 14.0152, 9.4468],
			"rotation": {"angle": 0, "axis": "y", "origin": [10.3936, -12.4952, 4.4096]},
			"faces": {
				"north": {"uv": [0, 0, 8, 3.5], "texture": "#0"},
				"east": {"uv": [0, 0, 7.5, 3.5], "texture": "#0"},
				"south": {"uv": [0, 0, 8, 3.5], "texture": "#0"},
				"west": {"uv": [0, 0, 7.5, 3.5], "texture": "#0"},
				"up": {"uv": [0, 0, 8, 4], "texture": "#0"},
				"down": {"uv": [0, 0, 8, 4], "texture": "#0"}
			}
		},
		{
			"from": [9.4468, 14.0152, 5.9548],
			"to": [10.0452, 19.4008, 6.5532],
			"rotation": {"angle": 0, "axis": "y", "origin": [10.3936, -12.4952, 4.4096]},
			"faces": {
				"north": {"uv": [0, 0, 6.75, 5.25], "texture": "#0"},
				"east": {"uv": [0, 0, 6.75, 5.25], "texture": "#0"},
				"south": {"uv": [0, 0, 6.75, 5.25], "texture": "#0"},
				"west": {"uv": [0, 0, 6.75, 5.25], "texture": "#0"},
				"up": {"uv": [0, 0, 6.75, 3.25], "texture": "#0"},
				"down": {"uv": [0, 0, 6.75, 3.25], "texture": "#0"}
			}
		},
		{
			"from": [9.4468, 14.0152, 7.7008],
			"to": [10.0452, 19.4008, 8.2992],
			"rotation": {"angle": 0, "axis": "y", "origin": [10.3936, -12.4952, 4.4096]},
			"faces": {
				"north": {"uv": [0, 0, 6.75, 5.25], "texture": "#0"},
				"east": {"uv": [0, 0, 6.75, 5.25], "texture": "#0"},
				"south": {"uv": [0, 0, 6.75, 5.25], "texture": "#0"},
				"west": {"uv": [0, 0, 6.75, 5.25], "texture": "#0"},
				"up": {"uv": [0, 0, 6.75, 3.25], "texture": "#0"},
				"down": {"uv": [0, 0, 6.75, 3.25], "texture": "#0"}
			}
		},
		{
			"from": [5.9548, 14.0152, 5.9548],
			"to": [6.5532, 19.4008, 6.5532],
			"rotation": {"angle": 0, "axis": "y", "origin": [10.3936, -12.4952, 4.4096]},
			"faces": {
				"north": {"uv": [0, 0, 6.75, 5.25], "texture": "#0"},
				"east": {"uv": [0, 0, 6.75, 5.25], "texture": "#0"},
				"south": {"uv": [0, 0, 6.75, 5.25], "texture": "#0"},
				"west": {"uv": [0, 0, 6.75, 5.25], "texture": "#0"},
				"up": {"uv": [0, 0, 6.75, 3.25], "texture": "#0"},
				"down": {"uv": [0, 0, 6.75, 3.25], "texture": "#0"}
			}
		},
		{
			"from": [7.7008, 14.0152, 5.9548],
			"to": [8.2992, 19.4008, 6.5532],
			"rotation": {"angle": 0, "axis": "y", "origin": [10.3936, -12.4952, 4.4096]},
			"faces": {
				"north": {"uv": [0, 0, 6.75, 5.25], "texture": "#0"},
				"east": {"uv": [0, 0, 6.75, 5.25], "texture": "#0"},
				"south": {"uv": [0, 0, 6.75, 5.25], "texture": "#0"},
				"west": {"uv": [0, 0, 6.75, 5.25], "texture": "#0"},
				"up": {"uv": [0, 0, 6.75, 3.25], "texture": "#0"},
				"down": {"uv": [0, 0, 6.75, 3.25], "texture": "#0"}
			}
		},
		{
			"from": [5.9548, 14.0152, 9.4468],
			"to": [6.5532, 19.4008, 10.0452],
			"rotation": {"angle": 0, "axis": "y", "origin": [10.3936, -12.4952, 4.4096]},
			"faces": {
				"north": {"uv": [0, 0, 6.75, 5.25], "texture": "#0"},
				"east": {"uv": [0, 0, 6.75, 5.25], "texture": "#0"},
				"south": {"uv": [0, 0, 6.75, 5.25], "texture": "#0"},
				"west": {"uv": [0, 0, 6.75, 5.25], "texture": "#0"},
				"up": {"uv": [0, 0, 6.75, 3.25], "texture": "#0"},
				"down": {"uv": [0, 0, 6.75, 3.25], "texture": "#0"}
			}
		},
		{
			"from": [5.9548, 14.0152, 7.7008],
			"to": [6.5532, 19.4008, 8.2992],
			"rotation": {"angle": 0, "axis": "y", "origin": [10.3936, -12.4952, 4.4096]},
			"faces": {
				"north": {"uv": [0, 0, 6.75, 5.25], "texture": "#0"},
				"east": {"uv": [0, 0, 6.75, 5.25], "texture": "#0"},
				"south": {"uv": [0, 0, 6.75, 5.25], "texture": "#0"},
				"west": {"uv": [0, 0, 6.75, 5.25], "texture": "#0"},
				"up": {"uv": [0, 0, 6.75, 3.25], "texture": "#0"},
				"down": {"uv": [0, 0, 6.75, 3.25], "texture": "#0"}
			}
		},
		{
			"from": [9.4468, 14.0152, 9.4468],
			"to": [10.0452, 19.4008, 10.0452],
			"rotation": {"angle": 0, "axis": "y", "origin": [10.3936, -12.4952, 4.4096]},
			"faces": {
				"north": {"uv": [0, 0, 6.75, 5.25], "texture": "#0"},
				"east": {"uv": [0, 0, 6.75, 5.25], "texture": "#0"},
				"south": {"uv": [0, 0, 6.75, 5.25], "texture": "#0"},
				"west": {"uv": [0, 0, 6.75, 5.25], "texture": "#0"},
				"up": {"uv": [0, 0, 6.75, 3.25], "texture": "#0"},
				"down": {"uv": [0, 0, 6.75, 3.25], "texture": "#0"}
			}
		},
		{
			"from": [7.7008, 14.0152, 9.4468],
			"to": [8.2992, 19.4008, 10.0452],
			"rotation": {"angle": 0, "axis": "y", "origin": [10.3936, -12.4952, 4.4096]},
			"faces": {
				"north": {"uv": [0, 0, 6.75, 5.25], "texture": "#0"},
				"east": {"uv": [0, 0, 6.75, 5.25], "texture": "#0"},
				"south": {"uv": [0, 0, 6.75, 5.25], "texture": "#0"},
				"west": {"uv": [0, 0, 6.75, 5.25], "texture": "#0"},
				"up": {"uv": [0, 0, 6.75, 3.25], "texture": "#0"},
				"down": {"uv": [0, 0, 6.75, 3.25], "texture": "#0"}
			}
		},
		{
			"from": [6.5532, 14.0152, 5.3564],
			"to": [9.4468, 14.6136, 10.6436],
			"rotation": {"angle": 0, "axis": "y", "origin": [10.3936, -12.4952, 4.4096]},
			"faces": {
				"north": {"uv": [0, 0, 7.5, 3.25], "texture": "#0"},
				"east": {"uv": [0, 0, 8.5, 3.25], "texture": "#0"},
				"south": {"uv": [0, 0, 7.5, 3.25], "texture": "#0"},
				"west": {"uv": [0, 0, 8.5, 3.25], "texture": "#0"},
				"up": {"uv": [0, 0, 7.5, 5], "texture": "#0"},
				"down": {"uv": [0, 0, 7.5, 5], "texture": "#0"}
			}
		},
		{
			"from": [5.3564, 14.0152, 6.5532],
			"to": [10.6436, 14.6136, 9.4468],
			"rotation": {"angle": 0, "axis": "y", "origin": [10.3936, -12.4952, 4.4096]},
			"faces": {
				"north": {"uv": [0, 0, 8.5, 3.25], "texture": "#0"},
				"east": {"uv": [0, 0, 7.5, 3.25], "texture": "#0"},
				"south": {"uv": [0, 0, 8.5, 3.25], "texture": "#0"},
				"west": {"uv": [0, 0, 7.5, 3.25], "texture": "#0"},
				"up": {"uv": [0, 0, 8.5, 4], "texture": "#0"},
				"down": {"uv": [0, 0, 8.5, 4], "texture": "#0"}
			}
		},
		{
			"from": [5.3564, 18.8024, 6.5532],
			"to": [10.6436, 19.4008, 9.4468],
			"rotation": {"angle": 0, "axis": "y", "origin": [10.3936, -12.4952, 4.4096]},
			"faces": {
				"north": {"uv": [0, 0, 8.5, 3.25], "texture": "#0"},
				"east": {"uv": [0, 0, 7.5, 3.25], "texture": "#0"},
				"south": {"uv": [0, 0, 8.5, 3.25], "texture": "#0"},
				"west": {"uv": [0, 0, 7.5, 3.25], "texture": "#0"},
				"up": {"uv": [0, 0, 8.5, 4], "texture": "#0"},
				"down": {"uv": [0, 0, 8.5, 4], "texture": "#0"}
			}
		},
		{
			"from": [6.5532, 18.8024, 5.3564],
			"to": [9.4468, 19.4008, 10.6436],
			"rotation": {"angle": 0, "axis": "y", "origin": [10.3936, -12.4952, 4.4096]},
			"faces": {
				"north": {"uv": [0, 0, 7.5, 3.25], "texture": "#0"},
				"east": {"uv": [0, 0, 8.5, 3.25], "texture": "#0"},
				"south": {"uv": [0, 0, 7.5, 3.25], "texture": "#0"},
				"west": {"uv": [0, 0, 8.5, 3.25], "texture": "#0"},
				"up": {"uv": [0, 0, 7.5, 5], "texture": "#0"},
				"down": {"uv": [0, 0, 7.5, 5], "texture": "#0"}
			}
		},
		{
			"from": [6.5532, 14.6136, 6.5532],
			"to": [9.4468, 19.4008, 9.4468],
			"rotation": {"angle": 0, "axis": "y", "origin": [10.3936, -12.4952, 4.4096]},
			"faces": {
				"north": {"uv": [2, 2, 14, 14], "texture": "#1"},
				"east": {"uv": [2, 2, 14, 14], "texture": "#1"},
				"south": {"uv": [2, 2, 14, 14], "texture": "#1"},
				"west": {"uv": [2, 2, 14, 14], "texture": "#1"},
				"up": {"uv": [2, 2, 14, 13.5], "texture": "#1"},
				"down": {"uv": [2, 2, 14, 14], "texture": "#1"}
			}
		},
		{
			"from": [6.8032, 12.8184, 5.9548],
			"to": [9.1968, 14.0152, 6.5532],
			"rotation": {"angle": 0, "axis": "y", "origin": [10.3936, -12.4952, 4.4096]},
			"faces": {
				"north": {"uv": [0, 0, 7.5, 3.5], "texture": "#0"},
				"east": {"uv": [0, 0, 6.75, 3.5], "texture": "#0"},
				"south": {"uv": [0, 0, 7.5, 3.5], "texture": "#0"},
				"west": {"uv": [0, 0, 6.75, 3.5], "texture": "#0"},
				"up": {"uv": [0, 0, 7.5, 3.25], "texture": "#0"},
				"down": {"uv": [0, 0, 7.5, 3.25], "texture": "#0"}
			}
		},
		{
			"from": [6.5532, 18.8024, 5.9548],
			"to": [9.4468, 19.9992, 10.0452],
			"rotation": {"angle": 0, "axis": "y", "origin": [10.3936, -12.4952, 4.4096]},
			"faces": {
				"north": {"uv": [0, 0, 7.5, 3.5], "texture": "#0"},
				"east": {"uv": [0, 0, 8, 3.5], "texture": "#0"},
				"south": {"uv": [0, 0, 7.5, 3.5], "texture": "#0"},
				"west": {"uv": [0, 0, 8, 3.5], "texture": "#0"},
				"up": {"uv": [0, 0, 7.5, 4.5], "texture": "#0"},
				"down": {"uv": [0, 0, 7.5, 4.5], "texture": "#0"}
			}
		},
		{
			"from": [5.9548, 18.8024, 6.5532],
			"to": [10.0452, 19.9992, 9.4468],
			"rotation": {"angle": 0, "axis": "y", "origin": [10.3936, -12.4952, 4.4096]},
			"faces": {
				"north": {"uv": [0, 0, 8, 3.5], "texture": "#0"},
				"east": {"uv": [0, 0, 7.5, 3.5], "texture": "#0"},
				"south": {"uv": [0, 0, 8, 3.5], "texture": "#0"},
				"west": {"uv": [0, 0, 7.5, 3.5], "texture": "#0"},
				"up": {"uv": [0, 0, 8, 4], "texture": "#0"},
				"down": {"uv": [0, 0, 8, 4], "texture": "#0"}
			}
		},
		{
			"from": [6.8032, 19.9992, 6.8032],
			"to": [9.1968, 20.5976, 9.1968],
			"rotation": {"angle": 0, "axis": "y", "origin": [10.3936, -12.4952, 4.4096]},
			"faces": {
				"north": {"uv": [0, 0, 7.5, 3.25], "texture": "#0"},
				"east": {"uv": [0, 0, 7.5, 3.25], "texture": "#0"},
				"south": {"uv": [0, 0, 7.5, 3.25], "texture": "#0"},
				"west": {"uv": [0, 0, 7.5, 3.25], "texture": "#0"},
				"up": {"uv": [0, 0, 7.5, 4], "texture": "#0"},
				"down": {"uv": [0, 0, 7.5, 4], "texture": "#0"}
			}
		},
		{
			"from": [7.8504, 19.9992, 7.8504],
			"to": [8.1496, 21.7944, 8.1496],
			"rotation": {"angle": 0, "axis": "y", "origin": [10.3936, -12.4952, 4.4096]},
			"faces": {
				"north": {"uv": [0, 0, 6.625, 3.75], "texture": "#0"},
				"east": {"uv": [0, 0, 6.625, 3.75], "texture": "#0"},
				"south": {"uv": [0, 0, 6.625, 3.75], "texture": "#0"},
				"west": {"uv": [0, 0, 6.625, 3.75], "texture": "#0"},
				"up": {"uv": [0, 0, 6.625, 3.125], "texture": "#0"},
				"down": {"uv": [0, 0, 6.625, 3.125], "texture": "#0"}
			}
		},
		{
			"from": [6.8032, 12.8184, 9.4468],
			"to": [9.1968, 14.0152, 10.0452],
			"rotation": {"angle": 0, "axis": "y", "origin": [10.3936, -12.4952, 4.4096]},
			"faces": {
				"north": {"uv": [0, 0, 7.5, 3.5], "texture": "#0"},
				"east": {"uv": [0, 0, 6.75, 3.5], "texture": "#0"},
				"south": {"uv": [0, 0, 7.5, 3.5], "texture": "#0"},
				"west": {"uv": [0, 0, 6.75, 3.5], "texture": "#0"},
				"up": {"uv": [0, 0, 7.5, 3.25], "texture": "#0"},
				"down": {"uv": [0, 0, 7.5, 3.25], "texture": "#0"}
			}
		},
		{
			"from": [6.2048, 0.4568, 6.8032],
			"to": [9.7952, 1.6536, 9.1968],
			"rotation": {"angle": 0, "axis": "y", "origin": [10.3936, -12.4952, 4.4096]},
			"faces": {
				"north": {"uv": [0, 0, 8, 3.5], "texture": "#0"},
				"east": {"uv": [0, 0, 7.5, 3.5], "texture": "#0"},
				"south": {"uv": [0, 0, 8, 3.5], "texture": "#0"},
				"west": {"uv": [0, 0, 7.5, 3.5], "texture": "#0"},
				"up": {"uv": [0, 0, 8, 4], "texture": "#0"},
				"down": {"uv": [0, 0, 8, 4], "texture": "#0"}
			}
		},
		{
			"from": [6.8032, 0.4568, 6.2048],
			"to": [9.1968, 1.6536, 6.8032],
			"rotation": {"angle": 0, "axis": "y", "origin": [10.3936, -12.4952, 4.4096]},
			"faces": {
				"north": {"uv": [0, 0, 7.5, 3.5], "texture": "#0"},
				"east": {"uv": [0, 0, 6.75, 3.5], "texture": "#0"},
				"south": {"uv": [0, 0, 7.5, 3.5], "texture": "#0"},
				"west": {"uv": [0, 0, 6.75, 3.5], "texture": "#0"},
				"up": {"uv": [0, 0, 7.5, 3.25], "texture": "#0"},
				"down": {"uv": [0, 0, 7.5, 3.25], "texture": "#0"}
			}
		},
		{
			"from": [6.8032, 0.4568, 9.1968],
			"to": [9.1968, 1.6536, 9.7952],
			"rotation": {"angle": 0, "axis": "y", "origin": [10.3936, -12.4952, 4.4096]},
			"faces": {
				"north": {"uv": [0, 0, 7.5, 3.5], "texture": "#0"},
				"east": {"uv": [0, 0, 6.75, 3.5], "texture": "#0"},
				"south": {"uv": [0, 0, 7.5, 3.5], "texture": "#0"},
				"west": {"uv": [0, 0, 6.75, 3.5], "texture": "#0"},
				"up": {"uv": [0, 0, 7.5, 3.25], "texture": "#0"},
				"down": {"uv": [0, 0, 7.5, 3.25], "texture": "#0"}
			}
		}
	],
	"display": {
		"head": {
			"translation": [0, -15.25, 0],
			"scale": [3.5, 3.5, 3.5]
		}
	}
}