{
	"credit": "Made with Blockbench",
	"textures": {
		"0": "block/anvil",
		"1": "block/sea_lantern",
		"2": "block/stripped_spruce_log",
		"particle": "block/anvil"
	},
	"elements": [
		{
			"from": [4.9096, -12.4952, 4.9096],
			"to": [11.0904, -11.2984, 11.0904],
			"rotation": {"angle": 0, "axis": "y", "origin": [10.3936, -12.4952, 4.4096]},
			"faces": {
				"north": {"uv": [0, 0, 9.5, 3.5], "texture": "#0"},
				"east": {"uv": [0, 0, 9.5, 3.5], "texture": "#0"},
				"south": {"uv": [0, 0, 9.5, 3.5], "texture": "#0"},
				"west": {"uv": [0, 0, 9.5, 3.5], "texture": "#0"},
				"up": {"uv": [0, 0, 9.5, 6], "texture": "#0"},
				"down": {"uv": [0, 0, 9.5, 6], "texture": "#0"}
			}
		},
		{
			"from": [5.508, -11.2984, 5.508],
			"to": [10.492, -7.8144, 10.492],
			"rotation": {"angle": 0, "axis": "y", "origin": [10.3936, -12.4952, 4.4096]},
			"faces": {
				"north": {"uv": [0, 0, 9, 5.5], "texture": "#0"},
				"east": {"uv": [0, 0, 9, 5.5], "texture": "#0"},
				"south": {"uv": [0, 0, 9, 5.5], "texture": "#0"},
				"west": {"uv": [0, 0, 9, 5.5], "texture": "#0"},
				"up": {"uv": [0, 0, 9, 5.5], "texture": "#0"},
				"down": {"uv": [0, 0, 9, 5.5], "texture": "#0"}
			}
		},
		{
			"from": [6.4548, -7.8144, 5.8564],
			"to": [9.5452, -6.6176, 10.1436],
			"rotation": {"angle": 0, "axis": "y", "origin": [10.3936, -12.4952, 4.4096]},
			"faces": {
				"north": {"uv": [0, 0, 8, 3.5], "texture": "#0"},
				"east": {"uv": [0, 0, 8.5, 3.5], "texture": "#0"},
				"south": {"uv": [0, 0, 8, 3.5], "texture": "#0"},
				"west": {"uv": [0, 0, 8.5, 3.5], "texture": "#0"},
				"up": {"uv": [0, 0, 8, 5], "texture": "#0"},
				"down": {"uv": [0, 0, 8, 5], "texture": "#0"}
			}
		},
		{
			"from": [5.8564, -7.8144, 6.2048],
			"to": [6.4548, -6.6176, 9.7952],
			"rotation": {"angle": 0, "axis": "y", "origin": [10.3936, -12.4952, 4.4096]},
			"faces": {
				"north": {"uv": [0, 0, 6.75, 3.5], "texture": "#0"},
				"east": {"uv": [0, 0, 8, 3.5], "texture": "#0"},
				"south": {"uv": [0, 0, 6.75, 3.5], "texture": "#0"},
				"west": {"uv": [0, 0, 8, 3.5], "texture": "#0"},
				"up": {"uv": [0, 0, 6.75, 4.5], "texture": "#0"},
				"down": {"uv": [0, 0, 6.75, 4.5], "texture": "#0"}
			}
		},
		{
			"from": [9.5452, -7.8144, 6.2048],
			"to": [10.1436, -6.6176, 9.7952],
			"rotation": {"angle": 0, "axis": "y", "origin": [10.3936, -12.4952, 4.4096]},
			"faces": {
				"north": {"uv": [0, 0, 6.75, 3.5], "texture": "#0"},
				"east": {"uv": [0, 0, 8, 3.5], "texture": "#0"},
				"south": {"uv": [0, 0, 6.75, 3.5], "texture": "#0"},
				"west": {"uv": [0, 0, 8, 3.5], "texture": "#0"},
				"up": {"uv": [0, 0, 6.75, 4.5], "texture": "#0"},
				"down": {"uv": [0, 0, 6.75, 4.5], "texture": "#0"}
			}
		},
		{
			"from": [6.8032, -7.8144, 6.8032],
			"to": [9.1968, 10.728, 9.1968],
			"rotation": {"angle": 0, "axis": "y", "origin": [10.3936, -12.4952, 4.4096]},
			"faces": {
				"north": {"uv": [0, 0, 7.5, 12], "texture": "#2"},
				"east": {"uv": [0, 0, 7.5, 12], "texture": "#2"},
				"south": {"uv": [0, 0, 7.5, 12], "texture": "#2"},
				"west": {"uv": [0, 0, 7.5, 12], "texture": "#2"},
				"up": {"uv": [0, 0, 7.5, 4], "texture": "#2"},
				"down": {"uv": [0, 0, 7.5, 4], "texture": "#2"}
			}
		},
		{
			"from": [7.4016, 10.728, 7.4016],
			"to": [8.5984, 14.8184, 8.5984],
			"rotation": {"angle": 0, "axis": "y", "origin": [10.3936, -12.4952, 4.4096]},
			"faces": {
				"north": {"uv": [0, 0, 7, 4.5], "texture": "#2"},
				"east": {"uv": [0, 0, 7, 4.5], "texture": "#2"},
				"south": {"uv": [0, 0, 7, 4.5], "texture": "#2"},
				"west": {"uv": [0, 0, 7, 4.5], "texture": "#2"},
				"up": {"uv": [0, 0, 7, 3.5], "texture": "#2"},
				"down": {"uv": [0, 0, 7, 3.5], "texture": "#2"}
			}
		},
		{
			"from": [6.8032, 12.4248, 6.8032],
			"to": [9.1968, 13.6216, 9.1968],
			"rotation": {"angle": 0, "axis": "y", "origin": [10.3936, -12.4952, 4.4096]},
			"faces": {
				"north": {"uv": [0, 0, 7.5, 3.5], "texture": "#0"},
				"east": {"uv": [0, 0, 7.5, 3.5], "texture": "#0"},
				"south": {"uv": [0, 0, 7.5, 3.5], "texture": "#0"},
				"west": {"uv": [0, 0, 7.5, 3.5], "texture": "#0"},
				"up": {"uv": [0, 0, 7.5, 4], "texture": "#0"},
				"down": {"uv": [0, 0, 7.5, 4], "texture": "#0"}
			}
		},
		{
			"from": [3.8032, 12.6748, 7.64695],
			"to": [12.1968, 13.3716, 8.35305],
			"rotation": {"angle": 0, "axis": "y", "origin": [10.3936, -12.4952, 4.4096]},
			"faces": {
				"north": {"uv": [0, 0, 7.5, 3.5], "texture": "#0"},
				"east": {"uv": [0, 0, 7.5, 3.5], "texture": "#0"},
				"south": {"uv": [0, 0, 7.5, 3.5], "texture": "#0"},
				"west": {"uv": [0, 0, 7.5, 3.5], "texture": "#0"},
				"up": {"uv": [0, 0, 7.5, 4], "texture": "#0"},
				"down": {"uv": [0, 0, 7.5, 4], "texture": "#0"}
			}
		},
		{
			"from": [7.6064, 12.6748, 3.85045],
			"to": [8.3125, 13.3716, 12.24405],
			"rotation": {"angle": 0, "axis": "y", "origin": [7.8936, 11.5048, 7.9096]},
			"faces": {
				"north": {"uv": [0, 0, 7.5, 3.5], "texture": "#0"},
				"east": {"uv": [0, 0, 7.5, 3.5], "texture": "#0"},
				"south": {"uv": [0, 0, 7.5, 3.5], "texture": "#0"},
				"west": {"uv": [0, 0, 7.5, 3.5], "texture": "#0"},
				"up": {"uv": [0, 0, 7.5, 4], "rotation": 90, "texture": "#0"},
				"down": {"uv": [0, 0, 7.5, 4], "rotation": 270, "texture": "#0"}
			}
		},
		{
			"from": [5.9548, 14.8184, 6.5532],
			"to": [10.0452, 16.0152, 9.4468],
			"rotation": {"angle": 0, "axis": "y", "origin": [10.3936, -12.4952, 4.4096]},
			"faces": {
				"north": {"uv": [0, 0, 8, 3.5], "texture": "#0"},
				"east": {"uv": [0, 0, 7.5, 3.5], "texture": "#0"},
				"south": {"uv": [0, 0, 8, 3.5], "texture": "#0"},
				"west": {"uv": [0, 0, 7.5, 3.5], "texture": "#0"},
				"up": {"uv": [0, 0, 8, 4], "texture": "#0"},
				"down": {"uv": [0, 0, 8, 4], "texture": "#0"}
			}
		},
		{
			"from": [9.4468, 16.0152, 5.9548],
			"to": [10.0452, 21.4008, 6.5532],
			"rotation": {"angle": 0, "axis": "y", "origin": [10.3936, -12.4952, 4.4096]},
			"faces": {
				"north": {"uv": [0, 0, 6.75, 5.25], "texture": "#0"},
				"east": {"uv": [0, 0, 6.75, 5.25], "texture": "#0"},
				"south": {"uv": [0, 0, 6.75, 5.25], "texture": "#0"},
				"west": {"uv": [0, 0, 6.75, 5.25], "texture": "#0"},
				"up": {"uv": [0, 0, 6.75, 3.25], "texture": "#0"},
				"down": {"uv": [0, 0, 6.75, 3.25], "texture": "#0"}
			}
		},
		{
			"from": [9.4468, 16.0152, 7.7008],
			"to": [10.0452, 21.4008, 8.2992],
			"rotation": {"angle": 0, "axis": "y", "origin": [10.3936, -12.4952, 4.4096]},
			"faces": {
				"north": {"uv": [0, 0, 6.75, 5.25], "texture": "#0"},
				"east": {"uv": [0, 0, 6.75, 5.25], "texture": "#0"},
				"south": {"uv": [0, 0, 6.75, 5.25], "texture": "#0"},
				"west": {"uv": [0, 0, 6.75, 5.25], "texture": "#0"},
				"up": {"uv": [0, 0, 6.75, 3.25], "texture": "#0"},
				"down": {"uv": [0, 0, 6.75, 3.25], "texture": "#0"}
			}
		},
		{
			"from": [5.9548, 16.0152, 5.9548],
			"to": [6.5532, 21.4008, 6.5532],
			"rotation": {"angle": 0, "axis": "y", "origin": [10.3936, -12.4952, 4.4096]},
			"faces": {
				"north": {"uv": [0, 0, 6.75, 5.25], "texture": "#0"},
				"east": {"uv": [0, 0, 6.75, 5.25], "texture": "#0"},
				"south": {"uv": [0, 0, 6.75, 5.25], "texture": "#0"},
				"west": {"uv": [0, 0, 6.75, 5.25], "texture": "#0"},
				"up": {"uv": [0, 0, 6.75, 3.25], "texture": "#0"},
				"down": {"uv": [0, 0, 6.75, 3.25], "texture": "#0"}
			}
		},
		{
			"from": [7.7008, 16.0152, 5.9548],
			"to": [8.2992, 21.4008, 6.5532],
			"rotation": {"angle": 0, "axis": "y", "origin": [10.3936, -12.4952, 4.4096]},
			"faces": {
				"north": {"uv": [0, 0, 6.75, 5.25], "texture": "#0"},
				"east": {"uv": [0, 0, 6.75, 5.25], "texture": "#0"},
				"south": {"uv": [0, 0, 6.75, 5.25], "texture": "#0"},
				"west": {"uv": [0, 0, 6.75, 5.25], "texture": "#0"},
				"up": {"uv": [0, 0, 6.75, 3.25], "texture": "#0"},
				"down": {"uv": [0, 0, 6.75, 3.25], "texture": "#0"}
			}
		},
		{
			"from": [5.9548, 16.0152, 9.4468],
			"to": [6.5532, 21.4008, 10.0452],
			"rotation": {"angle": 0, "axis": "y", "origin": [10.3936, -12.4952, 4.4096]},
			"faces": {
				"north": {"uv": [0, 0, 6.75, 5.25], "texture": "#0"},
				"east": {"uv": [0, 0, 6.75, 5.25], "texture": "#0"},
				"south": {"uv": [0, 0, 6.75, 5.25], "texture": "#0"},
				"west": {"uv": [0, 0, 6.75, 5.25], "texture": "#0"},
				"up": {"uv": [0, 0, 6.75, 3.25], "texture": "#0"},
				"down": {"uv": [0, 0, 6.75, 3.25], "texture": "#0"}
			}
		},
		{
			"from": [5.9548, 16.0152, 7.7008],
			"to": [6.5532, 21.4008, 8.2992],
			"rotation": {"angle": 0, "axis": "y", "origin": [10.3936, -12.4952, 4.4096]},
			"faces": {
				"north": {"uv": [0, 0, 6.75, 5.25], "texture": "#0"},
				"east": {"uv": [0, 0, 6.75, 5.25], "texture": "#0"},
				"south": {"uv": [0, 0, 6.75, 5.25], "texture": "#0"},
				"west": {"uv": [0, 0, 6.75, 5.25], "texture": "#0"},
				"up": {"uv": [0, 0, 6.75, 3.25], "texture": "#0"},
				"down": {"uv": [0, 0, 6.75, 3.25], "texture": "#0"}
			}
		},
		{
			"from": [9.4468, 16.0152, 9.4468],
			"to": [10.0452, 21.4008, 10.0452],
			"rotation": {"angle": 0, "axis": "y", "origin": [10.3936, -12.4952, 4.4096]},
			"faces": {
				"north": {"uv": [0, 0, 6.75, 5.25], "texture": "#0"},
				"east": {"uv": [0, 0, 6.75, 5.25], "texture": "#0"},
				"south": {"uv": [0, 0, 6.75, 5.25], "texture": "#0"},
				"west": {"uv": [0, 0, 6.75, 5.25], "texture": "#0"},
				"up": {"uv": [0, 0, 6.75, 3.25], "texture": "#0"},
				"down": {"uv": [0, 0, 6.75, 3.25], "texture": "#0"}
			}
		},
		{
			"from": [7.7008, 16.0152, 9.4468],
			"to": [8.2992, 21.4008, 10.0452],
			"rotation": {"angle": 0, "axis": "y", "origin": [10.3936, -12.4952, 4.4096]},
			"faces": {
				"north": {"uv": [0, 0, 6.75, 5.25], "texture": "#0"},
				"east": {"uv": [0, 0, 6.75, 5.25], "texture": "#0"},
				"south": {"uv": [0, 0, 6.75, 5.25], "texture": "#0"},
				"west": {"uv": [0, 0, 6.75, 5.25], "texture": "#0"},
				"up": {"uv": [0, 0, 6.75, 3.25], "texture": "#0"},
				"down": {"uv": [0, 0, 6.75, 3.25], "texture": "#0"}
			}
		},
		{
			"from": [6.5532, 16.0152, 5.3564],
			"to": [9.4468, 16.6136, 10.6436],
			"rotation": {"angle": 0, "axis": "y", "origin": [10.3936, -12.4952, 4.4096]},
			"faces": {
				"north": {"uv": [0, 0, 7.5, 3.25], "texture": "#0"},
				"east": {"uv": [0, 0, 8.5, 3.25], "texture": "#0"},
				"south": {"uv": [0, 0, 7.5, 3.25], "texture": "#0"},
				"west": {"uv": [0, 0, 8.5, 3.25], "texture": "#0"},
				"up": {"uv": [0, 0, 7.5, 5], "texture": "#0"},
				"down": {"uv": [0, 0, 7.5, 5], "texture": "#0"}
			}
		},
		{
			"from": [5.3564, 16.0152, 6.5532],
			"to": [10.6436, 16.6136, 9.4468],
			"rotation": {"angle": 0, "axis": "y", "origin": [10.3936, -12.4952, 4.4096]},
			"faces": {
				"north": {"uv": [0, 0, 8.5, 3.25], "texture": "#0"},
				"east": {"uv": [0, 0, 7.5, 3.25], "texture": "#0"},
				"south": {"uv": [0, 0, 8.5, 3.25], "texture": "#0"},
				"west": {"uv": [0, 0, 7.5, 3.25], "texture": "#0"},
				"up": {"uv": [0, 0, 8.5, 4], "texture": "#0"},
				"down": {"uv": [0, 0, 8.5, 4], "texture": "#0"}
			}
		},
		{
			"from": [5.3564, 20.8024, 6.5532],
			"to": [10.6436, 21.4008, 9.4468],
			"rotation": {"angle": 0, "axis": "y", "origin": [10.3936, -12.4952, 4.4096]},
			"faces": {
				"north": {"uv": [0, 0, 8.5, 3.25], "texture": "#0"},
				"east": {"uv": [0, 0, 7.5, 3.25], "texture": "#0"},
				"south": {"uv": [0, 0, 8.5, 3.25], "texture": "#0"},
				"west": {"uv": [0, 0, 7.5, 3.25], "texture": "#0"},
				"up": {"uv": [0, 0, 8.5, 4], "texture": "#0"},
				"down": {"uv": [0, 0, 8.5, 4], "texture": "#0"}
			}
		},
		{
			"from": [6.5532, 20.8024, 5.3564],
			"to": [9.4468, 21.4008, 10.6436],
			"rotation": {"angle": 0, "axis": "y", "origin": [10.3936, -12.4952, 4.4096]},
			"faces": {
				"north": {"uv": [0, 0, 7.5, 3.25], "texture": "#0"},
				"east": {"uv": [0, 0, 8.5, 3.25], "texture": "#0"},
				"south": {"uv": [0, 0, 7.5, 3.25], "texture": "#0"},
				"west": {"uv": [0, 0, 8.5, 3.25], "texture": "#0"},
				"up": {"uv": [0, 0, 7.5, 5], "texture": "#0"},
				"down": {"uv": [0, 0, 7.5, 5], "texture": "#0"}
			}
		},
		{
			"from": [6.5532, 16.6136, 6.5532],
			"to": [9.4468, 21.4008, 9.4468],
			"rotation": {"angle": 0, "axis": "y", "origin": [10.3936, -12.4952, 4.4096]},
			"faces": {
				"north": {"uv": [2, 2, 14, 14], "texture": "#1"},
				"east": {"uv": [2, 2, 14, 14], "texture": "#1"},
				"south": {"uv": [2, 2, 14, 14], "texture": "#1"},
				"west": {"uv": [2, 2, 14, 14], "texture": "#1"},
				"up": {"uv": [2, 2, 14, 13.5], "texture": "#1"},
				"down": {"uv": [2, 2, 14, 14], "texture": "#1"}
			}
		},
		{
			"from": [6.8032, 14.8184, 5.9548],
			"to": [9.1968, 16.0152, 6.5532],
			"rotation": {"angle": 0, "axis": "y", "origin": [10.3936, -12.4952, 4.4096]},
			"faces": {
				"north": {"uv": [0, 0, 7.5, 3.5], "texture": "#0"},
				"east": {"uv": [0, 0, 6.75, 3.5], "texture": "#0"},
				"south": {"uv": [0, 0, 7.5, 3.5], "texture": "#0"},
				"west": {"uv": [0, 0, 6.75, 3.5], "texture": "#0"},
				"up": {"uv": [0, 0, 7.5, 3.25], "texture": "#0"},
				"down": {"uv": [0, 0, 7.5, 3.25], "texture": "#0"}
			}
		},
		{
			"from": [6.5532, 20.8024, 5.9548],
			"to": [9.4468, 21.9992, 10.0452],
			"rotation": {"angle": 0, "axis": "y", "origin": [10.3936, -12.4952, 4.4096]},
			"faces": {
				"north": {"uv": [0, 0, 7.5, 3.5], "texture": "#0"},
				"east": {"uv": [0, 0, 8, 3.5], "texture": "#0"},
				"south": {"uv": [0, 0, 7.5, 3.5], "texture": "#0"},
				"west": {"uv": [0, 0, 8, 3.5], "texture": "#0"},
				"up": {"uv": [0, 0, 7.5, 4.5], "texture": "#0"},
				"down": {"uv": [0, 0, 7.5, 4.5], "texture": "#0"}
			}
		},
		{
			"from": [5.9548, 20.8024, 6.5532],
			"to": [10.0452, 21.9992, 9.4468],
			"rotation": {"angle": 0, "axis": "y", "origin": [10.3936, -12.4952, 4.4096]},
			"faces": {
				"north": {"uv": [0, 0, 8, 3.5], "texture": "#0"},
				"east": {"uv": [0, 0, 7.5, 3.5], "texture": "#0"},
				"south": {"uv": [0, 0, 8, 3.5], "texture": "#0"},
				"west": {"uv": [0, 0, 7.5, 3.5], "texture": "#0"},
				"up": {"uv": [0, 0, 8, 4], "texture": "#0"},
				"down": {"uv": [0, 0, 8, 4], "texture": "#0"}
			}
		},
		{
			"from": [6.8032, 21.9992, 6.8032],
			"to": [9.1968, 22.5976, 9.1968],
			"rotation": {"angle": 0, "axis": "y", "origin": [10.3936, -12.4952, 4.4096]},
			"faces": {
				"north": {"uv": [0, 0, 7.5, 3.25], "texture": "#0"},
				"east": {"uv": [0, 0, 7.5, 3.25], "texture": "#0"},
				"south": {"uv": [0, 0, 7.5, 3.25], "texture": "#0"},
				"west": {"uv": [0, 0, 7.5, 3.25], "texture": "#0"},
				"up": {"uv": [0, 0, 7.5, 4], "texture": "#0"},
				"down": {"uv": [0, 0, 7.5, 4], "texture": "#0"}
			}
		},
		{
			"from": [7.8504, 21.9992, 7.8504],
			"to": [8.1496, 23.7944, 8.1496],
			"rotation": {"angle": 0, "axis": "y", "origin": [10.3936, -12.4952, 4.4096]},
			"faces": {
				"north": {"uv": [0, 0, 6.625, 3.75], "texture": "#0"},
				"east": {"uv": [0, 0, 6.625, 3.75], "texture": "#0"},
				"south": {"uv": [0, 0, 6.625, 3.75], "texture": "#0"},
				"west": {"uv": [0, 0, 6.625, 3.75], "texture": "#0"},
				"up": {"uv": [0, 0, 6.625, 3.125], "texture": "#0"},
				"down": {"uv": [0, 0, 6.625, 3.125], "texture": "#0"}
			}
		},
		{
			"from": [6.8032, 14.8184, 9.4468],
			"to": [9.1968, 16.0152, 10.0452],
			"rotation": {"angle": 0, "axis": "y", "origin": [10.3936, -12.4952, 4.4096]},
			"faces": {
				"north": {"uv": [0, 0, 7.5, 3.5], "texture": "#0"},
				"east": {"uv": [0, 0, 6.75, 3.5], "texture": "#0"},
				"south": {"uv": [0, 0, 7.5, 3.5], "texture": "#0"},
				"west": {"uv": [0, 0, 6.75, 3.5], "texture": "#0"},
				"up": {"uv": [0, 0, 7.5, 3.25], "texture": "#0"},
				"down": {"uv": [0, 0, 7.5, 3.25], "texture": "#0"}
			}
		},
		{
			"from": [6.2048, 0.4568, 6.8032],
			"to": [9.7952, 1.6536, 9.1968],
			"rotation": {"angle": 0, "axis": "y", "origin": [10.3936, -12.4952, 4.4096]},
			"faces": {
				"north": {"uv": [0, 0, 8, 3.5], "texture": "#0"},
				"east": {"uv": [0, 0, 7.5, 3.5], "texture": "#0"},
				"south": {"uv": [0, 0, 8, 3.5], "texture": "#0"},
				"west": {"uv": [0, 0, 7.5, 3.5], "texture": "#0"},
				"up": {"uv": [0, 0, 8, 4], "texture": "#0"},
				"down": {"uv": [0, 0, 8, 4], "texture": "#0"}
			}
		},
		{
			"from": [6.8032, 0.4568, 6.2048],
			"to": [9.1968, 1.6536, 6.8032],
			"rotation": {"angle": 0, "axis": "y", "origin": [10.3936, -12.4952, 4.4096]},
			"faces": {
				"north": {"uv": [0, 0, 7.5, 3.5], "texture": "#0"},
				"east": {"uv": [0, 0, 6.75, 3.5], "texture": "#0"},
				"south": {"uv": [0, 0, 7.5, 3.5], "texture": "#0"},
				"west": {"uv": [0, 0, 6.75, 3.5], "texture": "#0"},
				"up": {"uv": [0, 0, 7.5, 3.25], "texture": "#0"},
				"down": {"uv": [0, 0, 7.5, 3.25], "texture": "#0"}
			}
		},
		{
			"from": [6.8032, 0.4568, 9.1968],
			"to": [9.1968, 1.6536, 9.7952],
			"rotation": {"angle": 0, "axis": "y", "origin": [10.3936, -12.4952, 4.4096]},
			"faces": {
				"north": {"uv": [0, 0, 7.5, 3.5], "texture": "#0"},
				"east": {"uv": [0, 0, 6.75, 3.5], "texture": "#0"},
				"south": {"uv": [0, 0, 7.5, 3.5], "texture": "#0"},
				"west": {"uv": [0, 0, 6.75, 3.5], "texture": "#0"},
				"up": {"uv": [0, 0, 7.5, 3.25], "texture": "#0"},
				"down": {"uv": [0, 0, 7.5, 3.25], "texture": "#0"}
			}
		}
	],
	"display": {
		"head": {
			"translation": [0, -15.25, 0],
			"scale": [3.5, 3.5, 3.5]
		}
	}
}