{
	"credit": "Made with Blockbench",
	"textures": {
		"2": "block/brown_wool",
		"3": "block/gold_block",
		"4": "block/blast_furnace_top",
		"particle": "block/anvil"
	},
	"elements": [
		{
			"from": [5, 8, 8],
			"to": [8, 9, 10.25],
			"rotation": {"angle": 22.5, "axis": "x", "origin": [0, 0, 0]},
			"faces": {
				"north": {"uv": [0, 0, 16, 16], "rotation": 180, "texture": "#2"},
				"east": {"uv": [0, 0, 16, 16], "rotation": 90, "texture": "#2"},
				"south": {"uv": [0, 0, 16, 16], "texture": "#2"},
				"west": {"uv": [0, 0, 16, 16], "rotation": 270, "texture": "#2"},
				"up": {"uv": [0, 0, 16, 16], "texture": "#2"},
				"down": {"uv": [0, 0, 16, 16], "rotation": 180, "texture": "#2"}
			}
		},
		{
			"from": [5, 7, 6],
			"to": [8, 8, 10],
			"rotation": {"angle": 22.5, "axis": "x", "origin": [0, 0, 0]},
			"faces": {
				"north": {"uv": [0, 0, 16, 16], "rotation": 180, "texture": "#2"},
				"east": {"uv": [0, 0, 16, 16], "rotation": 90, "texture": "#2"},
				"south": {"uv": [0, 0, 16, 16], "texture": "#2"},
				"west": {"uv": [0, 0, 16, 16], "rotation": 270, "texture": "#2"},
				"up": {"uv": [0, 0, 16, 16], "texture": "#2"},
				"down": {"uv": [0, 0, 16, 16], "rotation": 180, "texture": "#2"}
			}
		},
		{
			"from": [5, 10.2, 6.1],
			"to": [8, 11.2, 8.1],
			"rotation": {"angle": 45, "axis": "x", "origin": [0, 0, 0]},
			"faces": {
				"north": {"uv": [0, 0, 16, 16], "rotation": 180, "texture": "#2"},
				"east": {"uv": [0, 0, 16, 16], "rotation": 90, "texture": "#2"},
				"south": {"uv": [0, 0, 16, 16], "texture": "#2"},
				"west": {"uv": [0, 0, 16, 16], "rotation": 270, "texture": "#2"},
				"up": {"uv": [0, 0, 16, 16], "texture": "#2"},
				"down": {"uv": [0, 0, 16, 16], "rotation": 180, "texture": "#2"}
			}
		},
		{
			"from": [5, 11.02906, 6.07386],
			"to": [8, 12.27906, 8.57386],
			"rotation": {"angle": 45, "axis": "x", "origin": [0, 0.07906, -0.02614]},
			"faces": {
				"north": {"uv": [0, 0, 16, 16], "rotation": 180, "texture": "#2"},
				"east": {"uv": [0, 0, 16, 16], "rotation": 90, "texture": "#2"},
				"south": {"uv": [0, 0, 16, 16], "texture": "#2"},
				"west": {"uv": [0, 0, 16, 16], "rotation": 270, "texture": "#2"},
				"up": {"uv": [0, 0, 16, 16], "texture": "#2"},
				"down": {"uv": [0, 0, 16, 16], "rotation": 180, "texture": "#2"}
			}
		},
		{
			"from": [5, -0.1, 12.65],
			"to": [8, 2.2, 13.65],
			"faces": {
				"north": {"uv": [0, 0, 16, 16], "texture": "#2"},
				"east": {"uv": [0, 0, 16, 16], "texture": "#2"},
				"south": {"uv": [0, 0, 16, 16], "texture": "#2"},
				"west": {"uv": [0, 0, 16, 16], "texture": "#2"},
				"up": {"uv": [0, 0, 16, 16], "texture": "#2"},
				"down": {"uv": [0, 0, 16, 16], "texture": "#2"}
			}
		},
		{
			"from": [5, 0.07464, 13.43168],
			"to": [8, 2.62464, 14.68168],
			"rotation": {"angle": 0, "axis": "y", "origin": [0, 0.42464, 0.03168]},
			"faces": {
				"north": {"uv": [0, 0, 16, 16], "texture": "#2"},
				"east": {"uv": [0, 0, 16, 16], "texture": "#2"},
				"south": {"uv": [0, 0, 16, 16], "texture": "#2"},
				"west": {"uv": [0, 0, 16, 16], "texture": "#2"},
				"up": {"uv": [0, 0, 16, 16], "texture": "#2"},
				"down": {"uv": [0, 0, 16, 16], "texture": "#2"}
			}
		},
		{
			"from": [6, -1.5, 10.67],
			"to": [7, 0.5, 11.17],
			"rotation": {"angle": -22.5, "axis": "x", "origin": [0, 0, 0]},
			"faces": {
				"north": {"uv": [0, 0, 16, 16], "texture": "#4"},
				"east": {"uv": [0, 0, 16, 16], "texture": "#4"},
				"south": {"uv": [0, 0, 16, 16], "texture": "#4"},
				"west": {"uv": [0, 0, 16, 16], "texture": "#4"},
				"up": {"uv": [0, 0, 16, 16], "texture": "#4"},
				"down": {"uv": [0, 0, 16, 16], "texture": "#4"}
			}
		},
		{
			"from": [6, 4, -1],
			"to": [7, 5, 10],
			"faces": {
				"north": {"uv": [13, 13, 16, 16], "texture": "#4"},
				"east": {"uv": [0, 13, 5, 16], "texture": "#4"},
				"south": {"uv": [0, 16, 3, 13], "texture": "#4"},
				"west": {"uv": [0, 16, 5, 13], "texture": "#4"},
				"up": {"uv": [0, 0, 3, 16], "texture": "#4"},
				"down": {"uv": [0, 16, 3, 0], "texture": "#4"}
			}
		},
		{
			"from": [6, 6, -1],
			"to": [7, 7, 12],
			"faces": {
				"north": {"uv": [13, 13, 16, 16], "texture": "#4"},
				"east": {"uv": [0, 13, 5, 16], "texture": "#4"},
				"south": {"uv": [0, 16, 3, 13], "texture": "#4"},
				"west": {"uv": [0, 16, 5, 13], "texture": "#4"},
				"up": {"uv": [0, 0, 3, 16], "texture": "#4"},
				"down": {"uv": [0, 16, 3, 0], "texture": "#4"}
			}
		},
		{
			"from": [6, 2, 11],
			"to": [7, 3, 12],
			"rotation": {"angle": -22.5, "axis": "x", "origin": [0, 0, 0]},
			"faces": {
				"north": {"uv": [13, 13, 16, 16], "texture": "#4"},
				"east": {"uv": [0, 13, 5, 16], "texture": "#4"},
				"south": {"uv": [0, 16, 3, 13], "texture": "#4"},
				"west": {"uv": [0, 16, 5, 13], "texture": "#4"},
				"up": {"uv": [0, 0, 3, 16], "texture": "#4"},
				"down": {"uv": [0, 16, 3, 0], "texture": "#4"}
			}
		},
		{
			"from": [6.01953, 1, 13],
			"to": [6.99219, 2, 14],
			"rotation": {"angle": -22.5, "axis": "x", "origin": [0, 0, 0]},
			"faces": {
				"north": {"uv": [13, 13, 16, 16], "texture": "#4"},
				"east": {"uv": [0, 13, 5, 16], "texture": "#4"},
				"south": {"uv": [0, 16, 3, 13], "texture": "#4"},
				"west": {"uv": [0, 16, 5, 13], "texture": "#4"},
				"up": {"uv": [0, 0, 3, 16], "texture": "#4"},
				"down": {"uv": [0, 16, 3, 0], "texture": "#4"}
			}
		},
		{
			"from": [6, -4.4, 13.3],
			"to": [7, -3.4, 14.3],
			"rotation": {"angle": -45, "axis": "x", "origin": [0, 0, 0]},
			"faces": {
				"north": {"uv": [13, 13, 16, 16], "texture": "#4"},
				"east": {"uv": [0, 13, 5, 16], "texture": "#4"},
				"south": {"uv": [0, 16, 3, 13], "texture": "#4"},
				"west": {"uv": [0, 16, 5, 13], "texture": "#4"},
				"up": {"uv": [0, 0, 3, 16], "texture": "#4"},
				"down": {"uv": [0, 16, 3, 0], "texture": "#4"}
			}
		},
		{
			"from": [6.01953, 11.5, 8.5],
			"to": [6.99219, 12.5, 9.5],
			"rotation": {"angle": 22.5, "axis": "x", "origin": [0, 0, 0]},
			"faces": {
				"north": {"uv": [13, 13, 16, 16], "rotation": 180, "texture": "#4"},
				"east": {"uv": [0, 13, 5, 16], "rotation": 90, "texture": "#4"},
				"south": {"uv": [0, 16, 3, 13], "texture": "#4"},
				"west": {"uv": [0, 16, 5, 13], "rotation": 270, "texture": "#4"},
				"up": {"uv": [0, 0, 3, 16], "texture": "#4"},
				"down": {"uv": [0, 16, 3, 0], "rotation": 180, "texture": "#4"}
			}
		},
		{
			"from": [5, 5, -1],
			"to": [6, 6, 10],
			"faces": {
				"north": {"uv": [13, 13, 16, 16], "texture": "#4"},
				"east": {"uv": [0, 13, 5, 16], "texture": "#4"},
				"south": {"uv": [0, 16, 3, 13], "texture": "#4"},
				"west": {"uv": [0, 16, 5, 13], "texture": "#4"},
				"up": {"uv": [0, 0, 3, 16], "texture": "#4"},
				"down": {"uv": [0, 16, 3, 0], "texture": "#4"}
			}
		},
		{
			"from": [7, 5, -1],
			"to": [8, 6, 10],
			"faces": {
				"north": {"uv": [13, 13, 16, 16], "texture": "#4"},
				"east": {"uv": [0, 13, 5, 16], "texture": "#4"},
				"south": {"uv": [0, 16, 3, 13], "texture": "#4"},
				"west": {"uv": [0, 16, 5, 13], "texture": "#4"},
				"up": {"uv": [0, 0, 3, 16], "texture": "#4"},
				"down": {"uv": [0, 16, 3, 0], "texture": "#4"}
			}
		},
		{
			"from": [12.9519, 1.73439, -1],
			"to": [13.7019, 3.13439, 10],
			"rotation": {"angle": 45, "axis": "z", "origin": [5.7019, -3.01561, 0]},
			"faces": {
				"north": {"uv": [13, 13, 16, 16], "texture": "#4"},
				"east": {"uv": [0, 13, 5, 16], "texture": "#4"},
				"south": {"uv": [0, 16, 3, 13], "texture": "#4"},
				"west": {"uv": [0, 16, 5, 13], "texture": "#4"},
				"up": {"uv": [0, 0, 3, 16], "texture": "#4"},
				"down": {"uv": [0, 16, 3, 0], "texture": "#4"}
			}
		},
		{
			"from": [8.86561, 11.9519, -1],
			"to": [10.26561, 12.7019, 10],
			"rotation": {"angle": 45, "axis": "z", "origin": [15.01561, 4.7019, 0]},
			"faces": {
				"north": {"uv": [13, 13, 16, 16], "rotation": 90, "texture": "#4"},
				"east": {"uv": [0, 16, 3, 0], "rotation": 270, "texture": "#4"},
				"south": {"uv": [0, 16, 3, 13], "rotation": 270, "texture": "#4"},
				"west": {"uv": [0, 0, 3, 16], "rotation": 270, "texture": "#4"},
				"up": {"uv": [0, 13, 5, 16], "rotation": 270, "texture": "#4"},
				"down": {"uv": [0, 16, 5, 13], "rotation": 270, "texture": "#4"}
			}
		},
		{
			"from": [-0.7019, 7.86561, -1],
			"to": [0.0481, 9.26561, 10],
			"rotation": {"angle": 45, "axis": "z", "origin": [7.2981, 14.01561, 0]},
			"faces": {
				"north": {"uv": [13, 13, 16, 16], "rotation": 180, "texture": "#4"},
				"east": {"uv": [0, 16, 5, 13], "rotation": 180, "texture": "#4"},
				"south": {"uv": [0, 16, 3, 13], "rotation": 180, "texture": "#4"},
				"west": {"uv": [0, 13, 5, 16], "rotation": 180, "texture": "#4"},
				"up": {"uv": [0, 16, 3, 0], "rotation": 180, "texture": "#4"},
				"down": {"uv": [0, 0, 3, 16], "rotation": 180, "texture": "#4"}
			}
		},
		{
			"from": [2.73439, -1.7019, -1],
			"to": [4.13439, -0.9519, 10],
			"rotation": {"angle": 45, "axis": "z", "origin": [-2.01561, 6.2981, 0]},
			"faces": {
				"north": {"uv": [13, 13, 16, 16], "rotation": 270, "texture": "#4"},
				"east": {"uv": [0, 0, 3, 16], "rotation": 90, "texture": "#4"},
				"south": {"uv": [0, 16, 3, 13], "rotation": 90, "texture": "#4"},
				"west": {"uv": [0, 16, 3, 0], "rotation": 90, "texture": "#4"},
				"up": {"uv": [0, 16, 5, 13], "rotation": 90, "texture": "#4"},
				"down": {"uv": [0, 13, 5, 16], "rotation": 90, "texture": "#4"}
			}
		},
		{
			"from": [3.5, 8, 9],
			"to": [5, 9, 11],
			"rotation": {"angle": -22.5, "axis": "z", "origin": [0, 0, 0]},
			"faces": {
				"north": {"uv": [13, 13, 16, 16], "texture": "#4"},
				"east": {"uv": [0, 13, 5, 16], "texture": "#4"},
				"south": {"uv": [0, 16, 3, 13], "texture": "#4"},
				"west": {"uv": [0, 16, 5, 13], "texture": "#4"},
				"up": {"uv": [0, 0, 3, 16], "texture": "#4"},
				"down": {"uv": [0, 16, 3, 0], "texture": "#4"}
			}
		},
		{
			"from": [7, 3, 9],
			"to": [8.5, 4, 11],
			"rotation": {"angle": 22.5, "axis": "z", "origin": [0, 0, 0]},
			"faces": {
				"north": {"uv": [13, 13, 16, 16], "texture": "#4"},
				"east": {"uv": [0, 13, 5, 16], "texture": "#4"},
				"south": {"uv": [0, 16, 3, 13], "texture": "#4"},
				"west": {"uv": [0, 16, 5, 13], "texture": "#4"},
				"up": {"uv": [0, 0, 3, 16], "texture": "#4"},
				"down": {"uv": [0, 16, 3, 0], "texture": "#4"}
			}
		},
		{
			"from": [5.02344, 0, 10],
			"to": [7.99609, 1.5, 13],
			"rotation": {"angle": -22.5, "axis": "x", "origin": [0, 0, 0]},
			"faces": {
				"north": {"uv": [13, 13, 16, 16], "texture": "#4"},
				"east": {"uv": [0, 13, 5, 16], "texture": "#4"},
				"south": {"uv": [0, 16, 3, 13], "texture": "#4"},
				"west": {"uv": [0, 16, 5, 13], "texture": "#4"},
				"up": {"uv": [0, 0, 3, 16], "texture": "#4"},
				"down": {"uv": [0, 16, 3, 0], "texture": "#4"}
			}
		},
		{
			"from": [7.87244, 0.49462, 3],
			"to": [8.42244, 1.29462, 9],
			"rotation": {"angle": 45, "axis": "z", "origin": [0.27244, 0.49462, -4]},
			"faces": {
				"north": {"uv": [13, 13, 16, 16], "texture": "#3"},
				"east": {"uv": [0, 13, 5, 16], "texture": "#3"},
				"south": {"uv": [0, 16, 3, 13], "texture": "#3"},
				"west": {"uv": [0, 16, 5, 13], "texture": "#3"},
				"up": {"uv": [0, 0, 3, 16], "texture": "#3"},
				"down": {"uv": [0, 16, 3, 0], "texture": "#3"}
			}
		},
		{
			"from": [7.87244, -2.00538, 3],
			"to": [8.42244, -1.20538, 9],
			"rotation": {"angle": 45, "axis": "z", "origin": [0.27244, 0.49462, -4]},
			"faces": {
				"north": {"uv": [13, 13, 16, 16], "texture": "#3"},
				"east": {"uv": [0, 13, 5, 16], "texture": "#3"},
				"south": {"uv": [0, 16, 3, 13], "texture": "#3"},
				"west": {"uv": [0, 16, 5, 13], "texture": "#3"},
				"up": {"uv": [0, 0, 3, 16], "texture": "#3"},
				"down": {"uv": [0, 16, 3, 0], "texture": "#3"}
			}
		},
		{
			"from": [0.8518, 15.49982, 3],
			"to": [1.4018, 16.29982, 9],
			"rotation": {"angle": -45, "axis": "z", "origin": [-7.2482, 3.49982, -8]},
			"faces": {
				"north": {"uv": [13, 13, 16, 16], "texture": "#3"},
				"east": {"uv": [0, 13, 5, 16], "texture": "#3"},
				"south": {"uv": [0, 16, 3, 13], "texture": "#3"},
				"west": {"uv": [0, 16, 5, 13], "texture": "#3"},
				"up": {"uv": [0, 0, 3, 16], "texture": "#3"},
				"down": {"uv": [0, 16, 3, 0], "texture": "#3"}
			}
		},
		{
			"from": [0.8518, 12.99982, 3],
			"to": [1.4018, 13.79982, 9],
			"rotation": {"angle": -45, "axis": "z", "origin": [-7.2482, 3.49982, -8]},
			"faces": {
				"north": {"uv": [13, 13, 16, 16], "texture": "#3"},
				"east": {"uv": [0, 13, 5, 16], "texture": "#3"},
				"south": {"uv": [0, 16, 3, 13], "texture": "#3"},
				"west": {"uv": [0, 16, 5, 13], "texture": "#3"},
				"up": {"uv": [0, 0, 3, 16], "texture": "#3"},
				"down": {"uv": [0, 16, 3, 0], "texture": "#3"}
			}
		},
		{
			"from": [4.85, 6, 9.5],
			"to": [5.15, 6.3, 10.5],
			"faces": {
				"north": {"uv": [13, 13, 16, 16], "texture": "#3"},
				"east": {"uv": [0, 13, 5, 16], "texture": "#3"},
				"south": {"uv": [0, 16, 3, 13], "texture": "#3"},
				"west": {"uv": [0, 16, 5, 13], "texture": "#3"},
				"up": {"uv": [0, 0, 3, 16], "texture": "#3"},
				"down": {"uv": [0, 16, 3, 0], "texture": "#3"}
			}
		},
		{
			"from": [7.85, 5, 10],
			"to": [8.15, 5.3, 11],
			"faces": {
				"north": {"uv": [13, 13, 16, 16], "texture": "#3"},
				"east": {"uv": [0, 13, 5, 16], "texture": "#3"},
				"south": {"uv": [0, 16, 3, 13], "texture": "#3"},
				"west": {"uv": [0, 16, 5, 13], "texture": "#3"},
				"up": {"uv": [0, 0, 3, 16], "texture": "#3"},
				"down": {"uv": [0, 16, 3, 0], "texture": "#3"}
			}
		},
		{
			"from": [7.85, 5.5, 9.75],
			"to": [8.15, 5.8, 10.75],
			"faces": {
				"north": {"uv": [13, 13, 16, 16], "texture": "#3"},
				"east": {"uv": [0, 13, 5, 16], "texture": "#3"},
				"south": {"uv": [0, 16, 3, 13], "texture": "#3"},
				"west": {"uv": [0, 16, 5, 13], "texture": "#3"},
				"up": {"uv": [0, 0, 3, 16], "texture": "#3"},
				"down": {"uv": [0, 16, 3, 0], "texture": "#3"}
			}
		},
		{
			"from": [7.85, 6, 9.5],
			"to": [8.15, 6.3, 10.5],
			"faces": {
				"north": {"uv": [13, 13, 16, 16], "texture": "#3"},
				"east": {"uv": [0, 13, 5, 16], "texture": "#3"},
				"south": {"uv": [0, 16, 3, 13], "texture": "#3"},
				"west": {"uv": [0, 16, 5, 13], "texture": "#3"},
				"up": {"uv": [0, 0, 3, 16], "texture": "#3"},
				"down": {"uv": [0, 16, 3, 0], "texture": "#3"}
			}
		},
		{
			"from": [4.85, 5.5, 9.75],
			"to": [5.15, 5.8, 10.75],
			"faces": {
				"north": {"uv": [13, 13, 16, 16], "texture": "#3"},
				"east": {"uv": [0, 13, 5, 16], "texture": "#3"},
				"south": {"uv": [0, 16, 3, 13], "texture": "#3"},
				"west": {"uv": [0, 16, 5, 13], "texture": "#3"},
				"up": {"uv": [0, 0, 3, 16], "texture": "#3"},
				"down": {"uv": [0, 16, 3, 0], "texture": "#3"}
			}
		},
		{
			"from": [4.85, 5, 10],
			"to": [5.15, 5.3, 11],
			"faces": {
				"north": {"uv": [13, 13, 16, 16], "texture": "#3"},
				"east": {"uv": [0, 13, 5, 16], "texture": "#3"},
				"south": {"uv": [0, 16, 3, 13], "texture": "#3"},
				"west": {"uv": [0, 16, 5, 13], "texture": "#3"},
				"up": {"uv": [0, 0, 3, 16], "texture": "#3"},
				"down": {"uv": [0, 16, 3, 0], "texture": "#3"}
			}
		},
		{
			"from": [6.35, 7, -1],
			"to": [6.65, 7.3, 0],
			"faces": {
				"north": {"uv": [13, 13, 16, 16], "texture": "#3"},
				"east": {"uv": [0, 13, 5, 16], "texture": "#3"},
				"south": {"uv": [0, 16, 3, 13], "texture": "#3"},
				"west": {"uv": [0, 16, 5, 13], "texture": "#3"},
				"up": {"uv": [0, 0, 3, 16], "texture": "#3"},
				"down": {"uv": [0, 16, 3, 0], "texture": "#3"}
			}
		},
		{
			"from": [6, 1.5, 11.35],
			"to": [7, 2, 12.35],
			"faces": {
				"north": {"uv": [0, 0, 16, 16], "rotation": 180, "texture": "#3"},
				"east": {"uv": [0, 0, 16, 16], "rotation": 90, "texture": "#3"},
				"south": {"uv": [0, 0, 16, 16], "texture": "#3"},
				"west": {"uv": [0, 0, 16, 16], "rotation": 270, "texture": "#3"},
				"up": {"uv": [0, 0, 16, 16], "texture": "#3"},
				"down": {"uv": [0, 0, 16, 16], "rotation": 180, "texture": "#3"}
			}
		},
		{
			"from": [6, 5.76, 8.9],
			"to": [7, 6.26, 9.9],
			"rotation": {"angle": 22.5, "axis": "x", "origin": [0, 0, 0]},
			"faces": {
				"north": {"uv": [0, 0, 16, 16], "rotation": 180, "texture": "#3"},
				"east": {"uv": [0, 0, 16, 16], "rotation": 90, "texture": "#3"},
				"south": {"uv": [0, 0, 16, 16], "texture": "#3"},
				"west": {"uv": [0, 0, 16, 16], "rotation": 270, "texture": "#3"},
				"up": {"uv": [0, 0, 16, 16], "texture": "#3"},
				"down": {"uv": [0, 0, 16, 16], "rotation": 180, "texture": "#3"}
			}
		},
		{
			"from": [6, -3.35, 12],
			"to": [7, -2.85, 13],
			"rotation": {"angle": -22.5, "axis": "x", "origin": [0, 0, 0]},
			"faces": {
				"north": {"uv": [0, 0, 16, 16], "rotation": 180, "texture": "#3"},
				"east": {"uv": [0, 0, 16, 16], "rotation": 90, "texture": "#3"},
				"south": {"uv": [0, 0, 16, 16], "texture": "#3"},
				"west": {"uv": [0, 0, 16, 16], "rotation": 270, "texture": "#3"},
				"up": {"uv": [0, 0, 16, 16], "texture": "#3"},
				"down": {"uv": [0, 0, 16, 16], "rotation": 180, "texture": "#3"}
			}
		},
		{
			"from": [6, -1.5, 9.67],
			"to": [7, 0.5, 10.17],
			"rotation": {"angle": -22.5, "axis": "x", "origin": [0, 0, 0]},
			"faces": {
				"north": {"uv": [0, 0, 16, 16], "texture": "#3"},
				"east": {"uv": [0, 0, 16, 16], "texture": "#3"},
				"south": {"uv": [0, 0, 16, 16], "texture": "#3"},
				"west": {"uv": [0, 0, 16, 16], "texture": "#3"},
				"up": {"uv": [0, 0, 16, 16], "texture": "#3"},
				"down": {"uv": [0, 0, 16, 16], "texture": "#3"}
			}
		},
		{
			"from": [6, 5.76, 7.9],
			"to": [7, 6.26, 8.9],
			"rotation": {"angle": 22.5, "axis": "x", "origin": [0, 0, 0]},
			"faces": {
				"north": {"uv": [0, 0, 16, 16], "rotation": 180, "texture": "#3"},
				"east": {"uv": [0, 0, 16, 16], "rotation": 90, "texture": "#3"},
				"south": {"uv": [0, 0, 16, 16], "texture": "#3"},
				"west": {"uv": [0, 0, 16, 16], "rotation": 270, "texture": "#3"},
				"up": {"uv": [0, 0, 16, 16], "texture": "#3"},
				"down": {"uv": [0, 0, 16, 16], "rotation": 180, "texture": "#3"}
			}
		}
	],
	"display": {
		"thirdperson_righthand": {
			"translation": [0.75, 3, -0.25],
			"scale": [0.5, 0.5, 0.5]
		},
		"thirdperson_lefthand": {
			"translation": [-0.75, 2.75, 0],
			"scale": [0.5, 0.5, 0.5]
		},
		"firstperson_righthand": {
			"translation": [-3.5, 4, 0]
		},
		"firstperson_lefthand": {
			"translation": [-3.5, 4, 0]
		},
		"ground": {
			"translation": [0, 4.25, 0]
		},
		"gui": {
			"rotation": [139.68, 46.79, -118.08],
			"translation": [2, 4, 0]
		},
		"head": {
			"translation": [1.5, 0, 0]
		},
		"fixed": {
			"rotation": [0, 90, 0],
			"translation": [1.5, 4, -2.5]
		}
	},
	"groups": [
		{
			"name": "Handle",
			"origin": [0, 0, 0],
			"color": 0,
			"children": [0, 1, 2, 3, 4, 5]
		},
		{
			"name": "Glock",
			"origin": [0, 0, 0],
			"color": 0,
			"children": [6, 7, 8, 9, 10, 11, 12, 13, 14, 15, 16, 17, 18, 19, 20, 21]
		},
		{
			"name": "Gold",
			"origin": [0, 0, 0],
			"color": 0,
			"children": [22, 23, 24, 25, 26, 27, 28, 29, 30, 31, 32, 33, 34, 35, 36, 37]
		}
	]
}