{
	"credit": "Made with Blockbench",
	"texture_size": [64, 64],
	"textures": {
		"0": "block/brown_terracotta",
		"1": "block/gold_block",
		"particle": "block/brown_terracotta"
	},
	"elements": [
		{
			"from": [5, 7, 6],
			"to": [8, 8, 10],
			"rotation": {"angle": 22.5, "axis": "x", "origin": [0, 0, 0]},
			"faces": {
				"north": {"uv": [0, 0, 16, 16], "rotation": 180, "texture": "#0"},
				"east": {"uv": [0, 0, 16, 16], "rotation": 90, "texture": "#0"},
				"south": {"uv": [0, 0, 16, 16], "texture": "#0"},
				"west": {"uv": [0, 0, 16, 16], "rotation": 270, "texture": "#0"},
				"up": {"uv": [0, 0, 16, 16], "texture": "#0"},
				"down": {"uv": [0, 0, 16, 16], "rotation": 180, "texture": "#0"}
			}
		},
		{
			"from": [6, 5.76, 7.9],
			"to": [7, 6.26, 8.9],
			"rotation": {"angle": 22.5, "axis": "x", "origin": [0, 0, 0]},
			"faces": {
				"north": {"uv": [0, 0, 16, 16], "rotation": 180, "texture": "#0"},
				"east": {"uv": [0, 0, 16, 16], "rotation": 90, "texture": "#0"},
				"south": {"uv": [0, 0, 16, 16], "texture": "#0"},
				"west": {"uv": [0, 0, 16, 16], "rotation": 270, "texture": "#0"},
				"up": {"uv": [0, 0, 16, 16], "texture": "#0"},
				"down": {"uv": [0, 0, 16, 16], "rotation": 180, "texture": "#0"}
			}
		},
		{
			"from": [6, -1.5, 9.67],
			"to": [7, 0.5, 10.17],
			"rotation": {"angle": -22.5, "axis": "x", "origin": [0, 0, 0]},
			"faces": {
				"north": {"uv": [0, 0, 16, 16], "texture": "#0"},
				"east": {"uv": [0, 0, 16, 16], "texture": "#0"},
				"south": {"uv": [0, 0, 16, 16], "texture": "#0"},
				"west": {"uv": [0, 0, 16, 16], "texture": "#0"},
				"up": {"uv": [0, 0, 16, 16], "texture": "#0"},
				"down": {"uv": [0, 0, 16, 16], "texture": "#0"}
			}
		},
		{
			"from": [6, -1.5, 10.67],
			"to": [7, 0.5, 11.17],
			"rotation": {"angle": -22.5, "axis": "x", "origin": [0, 0, 0]},
			"faces": {
				"north": {"uv": [1, 9, 2, 11], "texture": "#1"},
				"east": {"uv": [1, 9, 2, 11], "texture": "#1"},
				"south": {"uv": [1, 9, 2, 11], "texture": "#1"},
				"west": {"uv": [1, 9, 2, 11], "texture": "#1"},
				"up": {"uv": [1, 9, 2, 11], "texture": "#1"},
				"down": {"uv": [1, 9, 2, 11], "texture": "#1"}
			}
		},
		{
			"from": [5, 10.2, 6.1],
			"to": [8, 11.2, 8.1],
			"rotation": {"angle": 45, "axis": "x", "origin": [0, 0, 0]},
			"faces": {
				"north": {"uv": [0, 0, 16, 16], "rotation": 180, "texture": "#0"},
				"east": {"uv": [0, 0, 16, 16], "rotation": 90, "texture": "#0"},
				"south": {"uv": [0, 0, 16, 16], "texture": "#0"},
				"west": {"uv": [0, 0, 16, 16], "rotation": 270, "texture": "#0"},
				"up": {"uv": [0, 0, 16, 16], "texture": "#0"},
				"down": {"uv": [0, 0, 16, 16], "rotation": 180, "texture": "#0"}
			}
		},
		{
			"from": [6, 5.76, 8.9],
			"to": [7, 6.26, 9.9],
			"rotation": {"angle": 22.5, "axis": "x", "origin": [0, 0, 0]},
			"faces": {
				"north": {"uv": [0, 0, 16, 16], "rotation": 180, "texture": "#0"},
				"east": {"uv": [0, 0, 16, 16], "rotation": 90, "texture": "#0"},
				"south": {"uv": [0, 0, 16, 16], "texture": "#0"},
				"west": {"uv": [0, 0, 16, 16], "rotation": 270, "texture": "#0"},
				"up": {"uv": [0, 0, 16, 16], "texture": "#0"},
				"down": {"uv": [0, 0, 16, 16], "rotation": 180, "texture": "#0"}
			}
		},
		{
			"from": [6, 1.5, 11.35],
			"to": [7, 2, 12.35],
			"faces": {
				"north": {"uv": [0, 0, 16, 16], "rotation": 180, "texture": "#0"},
				"east": {"uv": [0, 0, 16, 16], "rotation": 90, "texture": "#0"},
				"south": {"uv": [0, 0, 16, 16], "texture": "#0"},
				"west": {"uv": [0, 0, 16, 16], "rotation": 270, "texture": "#0"},
				"up": {"uv": [0, 0, 16, 16], "texture": "#0"},
				"down": {"uv": [0, 0, 16, 16], "rotation": 180, "texture": "#0"}
			}
		},
		{
			"from": [6, -3.35, 12],
			"to": [7, -2.85, 13],
			"rotation": {"angle": -22.5, "axis": "x", "origin": [0, 0, 0]},
			"faces": {
				"north": {"uv": [0, 0, 16, 16], "rotation": 180, "texture": "#0"},
				"east": {"uv": [0, 0, 16, 16], "rotation": 90, "texture": "#0"},
				"south": {"uv": [0, 0, 16, 16], "texture": "#0"},
				"west": {"uv": [0, 0, 16, 16], "rotation": 270, "texture": "#0"},
				"up": {"uv": [0, 0, 16, 16], "texture": "#0"},
				"down": {"uv": [0, 0, 16, 16], "rotation": 180, "texture": "#0"}
			}
		},
		{
			"from": [5, -0.1, 12.65],
			"to": [8, 2.2, 13.65],
			"faces": {
				"north": {"uv": [0, 0, 16, 16], "texture": "#0"},
				"east": {"uv": [0, 0, 16, 16], "texture": "#0"},
				"south": {"uv": [0, 0, 16, 16], "texture": "#0"},
				"west": {"uv": [0, 0, 16, 16], "texture": "#0"},
				"up": {"uv": [0, 0, 16, 16], "texture": "#0"},
				"down": {"uv": [0, 0, 16, 16], "texture": "#0"}
			}
		},
		{
			"from": [6, 4, -1],
			"to": [7, 5, 10],
			"faces": {
				"north": {"uv": [13, 13, 16, 16], "texture": "#1"},
				"east": {"uv": [0, 13, 5, 16], "texture": "#1"},
				"south": {"uv": [0, 16, 3, 13], "texture": "#1"},
				"west": {"uv": [0, 16, 5, 13], "texture": "#1"},
				"up": {"uv": [0, 0, 3, 16], "texture": "#1"},
				"down": {"uv": [0, 16, 3, 0], "texture": "#1"}
			}
		},
		{
			"from": [6, 6, -1],
			"to": [7, 7, 11.87109],
			"faces": {
				"north": {"uv": [13, 13, 16, 16], "texture": "#1"},
				"east": {"uv": [0, 13, 5, 16], "texture": "#1"},
				"south": {"uv": [0, 16, 3, 13], "texture": "#1"},
				"west": {"uv": [0, 16, 5, 13], "texture": "#1"},
				"up": {"uv": [0, 0, 3, 16], "texture": "#1"},
				"down": {"uv": [0, 16, 3, 0], "texture": "#1"}
			}
		},
		{
			"from": [6.35, 7, -1],
			"to": [6.65, 7.3, 0],
			"faces": {
				"north": {"uv": [13, 13, 16, 16], "texture": "#1"},
				"east": {"uv": [0, 13, 5, 16], "texture": "#1"},
				"south": {"uv": [0, 16, 3, 13], "texture": "#1"},
				"west": {"uv": [0, 16, 5, 13], "texture": "#1"},
				"up": {"uv": [0, 0, 3, 16], "texture": "#1"},
				"down": {"uv": [0, 16, 3, 0], "texture": "#1"}
			}
		},
		{
			"from": [6.00391, 2, 11],
			"to": [6.99219, 3, 12],
			"rotation": {"angle": -22.5, "axis": "x", "origin": [0, 0, 0]},
			"faces": {
				"north": {"uv": [13, 13, 16, 16], "texture": "#1"},
				"east": {"uv": [0, 13, 5, 16], "texture": "#1"},
				"south": {"uv": [0, 16, 3, 13], "texture": "#1"},
				"west": {"uv": [0, 16, 5, 13], "texture": "#1"},
				"up": {"uv": [0, 0, 3, 16], "texture": "#1"},
				"down": {"uv": [0, 16, 3, 0], "texture": "#1"}
			}
		},
		{
			"from": [6.00781, 1, 13],
			"to": [6.99219, 2, 14],
			"rotation": {"angle": -22.5, "axis": "x", "origin": [0, 0, 0]},
			"faces": {
				"north": {"uv": [13, 13, 16, 16], "texture": "#1"},
				"east": {"uv": [0, 13, 5, 16], "texture": "#1"},
				"south": {"uv": [0, 16, 3, 13], "texture": "#1"},
				"west": {"uv": [0, 16, 5, 13], "texture": "#1"},
				"up": {"uv": [0, 0, 3, 16], "texture": "#1"},
				"down": {"uv": [0, 16, 3, 0], "texture": "#1"}
			}
		},
		{
			"from": [6, -4.4, 13.3],
			"to": [7, -3.4, 14.3],
			"rotation": {"angle": -45, "axis": "x", "origin": [0, 0, 0]},
			"faces": {
				"north": {"uv": [13, 13, 16, 16], "texture": "#1"},
				"east": {"uv": [0, 13, 5, 16], "texture": "#1"},
				"south": {"uv": [0, 16, 3, 13], "texture": "#1"},
				"west": {"uv": [0, 16, 5, 13], "texture": "#1"},
				"up": {"uv": [0, 0, 3, 16], "texture": "#1"},
				"down": {"uv": [0, 16, 3, 0], "texture": "#1"}
			}
		},
		{
			"from": [6.00391, 11.5, 8.5],
			"to": [6.99609, 12.5, 9.5],
			"rotation": {"angle": 22.5, "axis": "x", "origin": [0, 0, 0]},
			"faces": {
				"north": {"uv": [13, 13, 16, 16], "rotation": 180, "texture": "#1"},
				"east": {"uv": [0, 13, 5, 16], "rotation": 90, "texture": "#1"},
				"south": {"uv": [0, 16, 3, 13], "texture": "#1"},
				"west": {"uv": [0, 16, 5, 13], "rotation": 270, "texture": "#1"},
				"up": {"uv": [0, 0, 3, 16], "texture": "#1"},
				"down": {"uv": [0, 16, 3, 0], "rotation": 180, "texture": "#1"}
			}
		},
		{
			"from": [5, 5, -1],
			"to": [6, 6, 10],
			"faces": {
				"north": {"uv": [13, 13, 16, 16], "texture": "#1"},
				"east": {"uv": [0, 13, 5, 16], "texture": "#1"},
				"south": {"uv": [0, 16, 3, 13], "texture": "#1"},
				"west": {"uv": [0, 16, 5, 13], "texture": "#1"},
				"up": {"uv": [0, 0, 3, 16], "texture": "#1"},
				"down": {"uv": [0, 16, 3, 0], "texture": "#1"}
			}
		},
		{
			"from": [7, 5, -1],
			"to": [8, 6, 10],
			"faces": {
				"north": {"uv": [13, 13, 16, 16], "texture": "#1"},
				"east": {"uv": [0, 13, 5, 16], "texture": "#1"},
				"south": {"uv": [0, 16, 3, 13], "texture": "#1"},
				"west": {"uv": [0, 16, 5, 13], "texture": "#1"},
				"up": {"uv": [0, 0, 3, 16], "texture": "#1"},
				"down": {"uv": [0, 16, 3, 0], "texture": "#1"}
			}
		},
		{
			"from": [3.5, 8, 9],
			"to": [5, 9, 11],
			"rotation": {"angle": -22.5, "axis": "z", "origin": [0, 0, 0]},
			"faces": {
				"north": {"uv": [13, 13, 16, 16], "texture": "#1"},
				"east": {"uv": [0, 13, 5, 16], "texture": "#1"},
				"south": {"uv": [0, 16, 3, 13], "texture": "#1"},
				"west": {"uv": [0, 16, 5, 13], "texture": "#1"},
				"up": {"uv": [0, 0, 3, 16], "texture": "#1"},
				"down": {"uv": [0, 16, 3, 0], "texture": "#1"}
			}
		},
		{
			"from": [7, 3, 9],
			"to": [8.5, 4, 11],
			"rotation": {"angle": 22.5, "axis": "z", "origin": [0, 0, 0]},
			"faces": {
				"north": {"uv": [13, 13, 16, 16], "texture": "#1"},
				"east": {"uv": [0, 13, 5, 16], "texture": "#1"},
				"south": {"uv": [0, 16, 3, 13], "texture": "#1"},
				"west": {"uv": [0, 16, 5, 13], "texture": "#1"},
				"up": {"uv": [0, 0, 3, 16], "texture": "#1"},
				"down": {"uv": [0, 16, 3, 0], "texture": "#1"}
			}
		},
		{
			"from": [5.00391, 0, 10],
			"to": [7.99609, 1.5, 13],
			"rotation": {"angle": -22.5, "axis": "x", "origin": [0, 0, 0]},
			"faces": {
				"north": {"uv": [13, 13, 16, 16], "texture": "#1"},
				"east": {"uv": [0, 13, 5, 16], "texture": "#1"},
				"south": {"uv": [0, 16, 3, 13], "texture": "#1"},
				"west": {"uv": [0, 16, 5, 13], "texture": "#1"},
				"up": {"uv": [0, 0, 3, 16], "texture": "#1"},
				"down": {"uv": [0, 16, 3, 0], "texture": "#1"}
			}
		}
	],
	"display": {
		"thirdperson_righthand": {
			"translation": [0.75, 3, -0.25],
			"scale": [0.5, 0.5, 0.5]
		},
		"thirdperson_lefthand": {
			"translation": [-0.75, 2.75, 0],
			"scale": [0.5, 0.5, 0.5]
		},
		"firstperson_righthand": {
			"translation": [-3.5, 4, 0]
		},
		"firstperson_lefthand": {
			"translation": [-3.5, 4, 0]
		},
		"ground": {
			"translation": [0, 4.25, 0]
		},
		"gui": {
			"rotation": [144.86, 37.37, -130.77],
			"translation": [1.75, 3.75, 0]
		},
		"head": {
			"translation": [1.5, 0, 0]
		},
		"fixed": {
			"rotation": [0, 90, 0],
			"translation": [1.5, 4, -2.5]
		}
	},
	"groups": [
		{
			"name": "Handle",
			"origin": [0, 0, 0],
			"color": 0,
			"children": [0, 1, 2, 3, 4, 5, 6, 7, 8]
		},
		{
			"name": "Glock",
			"origin": [0, 0, 0],
			"color": 0,
			"children": [9, 10, 11, 12, 13, 14, 15, 16, 17, 18, 19, 20]
		}
	]
}