{
	"credit": "Made with Blockbench",
	"textures": {
		"0": "block/bell_side",
		"1": "block/hopper_outside",
		"particle": "block/bell_side"
	},
	"elements": [
		{
			"from": [8.34375, 5, 8.34375],
			"to": [9.34375, 7, 9.34375],
			"rotation": {"angle": 22.5, "axis": "y", "origin": [8.75, 7.5, 8.75]},
			"faces": {
				"north": {"uv": [1, 0, 7, 7], "texture": "#0"},
				"east": {"uv": [1, 0, 7, 7], "texture": "#0"},
				"south": {"uv": [1, 0, 7, 7], "texture": "#0"},
				"west": {"uv": [1, 0, 7, 7], "texture": "#0"},
				"up": {"uv": [1, 0, 6.5, 7], "texture": "#0"},
				"down": {"uv": [1, 0, 7, 7], "texture": "#0"}
			}
		},
		{
			"from": [8.40625, 7, 8.40625],
			"to": [9.28125, 7.5, 9.28125],
			"rotation": {"angle": 22.5, "axis": "y", "origin": [8.75, 7.5, 8.75]},
			"faces": {
				"north": {"uv": [4, 3.5, 10.375, 9], "texture": "#1"},
				"east": {"uv": [4, 3.5, 10.375, 9], "texture": "#1"},
				"south": {"uv": [4, 3.5, 10.375, 9], "texture": "#1"},
				"west": {"uv": [4, 3.5, 10.375, 9.5], "texture": "#1"},
				"up": {"uv": [4, 3.5, 10.375, 9.375], "texture": "#1"},
				"down": {"uv": [4, 3.5, 10.375, 9.375], "texture": "#1"}
			}
		},
		{
			"from": [8.5, 7.5, 8.5],
			"to": [9.1875, 8, 9.1875],
			"rotation": {"angle": 22.5, "axis": "y", "origin": [8.75, 7.5, 8.75]},
			"faces": {
				"north": {"uv": [4, 3.5, 10.1875, 9], "texture": "#1"},
				"east": {"uv": [4, 3.5, 10.1875, 9], "texture": "#1"},
				"south": {"uv": [4, 3.5, 10.1875, 9], "texture": "#1"},
				"west": {"uv": [4, 3.5, 10.1875, 9.5], "texture": "#1"},
				"up": {"uv": [4, 3.5, 10.1875, 9.1875], "texture": "#1"},
				"down": {"uv": [4, 3.5, 10.1875, 9.1875], "texture": "#1"}
			}
		},
		{
			"from": [8.40625, 4.71875, 8.40625],
			"to": [9.28125, 5, 9.28125],
			"rotation": {"angle": 22.5, "axis": "y", "origin": [8.75, 7.5, 8.75]},
			"faces": {
				"north": {"uv": [4, 3.5, 10.375, 8.78125], "texture": "#1"},
				"east": {"uv": [4, 3.5, 10.375, 8.78125], "texture": "#1"},
				"south": {"uv": [4, 3.5, 10.375, 8.78125], "texture": "#1"},
				"west": {"uv": [4, 3.5, 10.375, 9.28125], "texture": "#1"},
				"up": {"uv": [4, 3.5, 10.375, 9.375], "texture": "#1"},
				"down": {"uv": [4, 3.5, 10.375, 9.375], "texture": "#1"}
			}
		},
		{
			"from": [9.4375, 5, 8.34375],
			"to": [10.4375, 7, 9.34375],
			"rotation": {"angle": 22.5, "axis": "y", "origin": [8.75, 7.5, 8.75]},
			"faces": {
				"north": {"uv": [1, 0, 7, 7], "texture": "#0"},
				"east": {"uv": [1, 0, 7, 7], "texture": "#0"},
				"south": {"uv": [1, 0, 7, 7], "texture": "#0"},
				"west": {"uv": [1, 0, 7, 7], "texture": "#0"},
				"up": {"uv": [1, 0, 6.5, 7], "texture": "#0"},
				"down": {"uv": [1, 0, 7, 7], "texture": "#0"}
			}
		},
		{
			"from": [9.5, 7, 8.40625],
			"to": [10.375, 7.5, 9.28125],
			"rotation": {"angle": 22.5, "axis": "y", "origin": [8.75, 7.5, 8.75]},
			"faces": {
				"north": {"uv": [4, 3.5, 10.375, 9], "texture": "#1"},
				"east": {"uv": [4, 3.5, 10.375, 9], "texture": "#1"},
				"south": {"uv": [4, 3.5, 10.375, 9], "texture": "#1"},
				"west": {"uv": [4, 3.5, 10.375, 9.5], "texture": "#1"},
				"up": {"uv": [4, 3.5, 10.375, 9.375], "texture": "#1"},
				"down": {"uv": [4, 3.5, 10.375, 9.375], "texture": "#1"}
			}
		},
		{
			"from": [9.59375, 7.5, 8.5],
			"to": [10.28125, 8, 9.1875],
			"rotation": {"angle": 22.5, "axis": "y", "origin": [8.75, 7.5, 8.75]},
			"faces": {
				"north": {"uv": [4, 3.5, 10.1875, 9], "texture": "#1"},
				"east": {"uv": [4, 3.5, 10.1875, 9], "texture": "#1"},
				"south": {"uv": [4, 3.5, 10.1875, 9], "texture": "#1"},
				"west": {"uv": [4, 3.5, 10.1875, 9.5], "texture": "#1"},
				"up": {"uv": [4, 3.5, 10.1875, 9.1875], "texture": "#1"},
				"down": {"uv": [4, 3.5, 10.1875, 9.1875], "texture": "#1"}
			}
		},
		{
			"from": [9.5, 4.71875, 8.40625],
			"to": [10.375, 5, 9.28125],
			"rotation": {"angle": 22.5, "axis": "y", "origin": [8.75, 7.5, 8.75]},
			"faces": {
				"north": {"uv": [4, 3.5, 10.375, 8.78125], "texture": "#1"},
				"east": {"uv": [4, 3.5, 10.375, 8.78125], "texture": "#1"},
				"south": {"uv": [4, 3.5, 10.375, 8.78125], "texture": "#1"},
				"west": {"uv": [4, 3.5, 10.375, 9.28125], "texture": "#1"},
				"up": {"uv": [4, 3.5, 10.375, 9.375], "texture": "#1"},
				"down": {"uv": [4, 3.5, 10.375, 9.375], "texture": "#1"}
			}
		},
		{
			"from": [8.89453, 5, 7.25],
			"to": [9.89453, 7, 8.25],
			"rotation": {"angle": 22.5, "axis": "y", "origin": [8.75, 7.5, 8.75]},
			"faces": {
				"north": {"uv": [1, 0, 7, 7], "texture": "#0"},
				"east": {"uv": [1, 0, 7, 7], "texture": "#0"},
				"south": {"uv": [1, 0, 7, 7], "texture": "#0"},
				"west": {"uv": [1, 0, 7, 7], "texture": "#0"},
				"up": {"uv": [1, 0, 6.5, 7], "texture": "#0"},
				"down": {"uv": [1, 0, 7, 7], "texture": "#0"}
			}
		},
		{
			"from": [8.95703, 7, 7.3125],
			"to": [9.83203, 7.5, 8.1875],
			"rotation": {"angle": 22.5, "axis": "y", "origin": [8.75, 7.5, 8.75]},
			"faces": {
				"north": {"uv": [4, 3.5, 10.375, 9], "texture": "#1"},
				"east": {"uv": [4, 3.5, 10.375, 9], "texture": "#1"},
				"south": {"uv": [4, 3.5, 10.375, 9], "texture": "#1"},
				"west": {"uv": [4, 3.5, 10.375, 9.5], "texture": "#1"},
				"up": {"uv": [4, 3.5, 10.375, 9.375], "texture": "#1"},
				"down": {"uv": [4, 3.5, 10.375, 9.375], "texture": "#1"}
			}
		},
		{
			"from": [9.05078, 7.5, 7.40625],
			"to": [9.73828, 8, 8.09375],
			"rotation": {"angle": 22.5, "axis": "y", "origin": [8.75, 7.5, 8.75]},
			"faces": {
				"north": {"uv": [4, 3.5, 10.1875, 9], "texture": "#1"},
				"east": {"uv": [4, 3.5, 10.1875, 9], "texture": "#1"},
				"south": {"uv": [4, 3.5, 10.1875, 9], "texture": "#1"},
				"west": {"uv": [4, 3.5, 10.1875, 9.5], "texture": "#1"},
				"up": {"uv": [4, 3.5, 10.1875, 9.1875], "texture": "#1"},
				"down": {"uv": [4, 3.5, 10.1875, 9.1875], "texture": "#1"}
			}
		},
		{
			"from": [8.95703, 4.71875, 7.3125],
			"to": [9.83203, 5, 8.1875],
			"rotation": {"angle": 22.5, "axis": "y", "origin": [8.75, 7.5, 8.75]},
			"faces": {
				"north": {"uv": [4, 3.5, 10.375, 8.78125], "texture": "#1"},
				"east": {"uv": [4, 3.5, 10.375, 8.78125], "texture": "#1"},
				"south": {"uv": [4, 3.5, 10.375, 8.78125], "texture": "#1"},
				"west": {"uv": [4, 3.5, 10.375, 9.28125], "texture": "#1"},
				"up": {"uv": [4, 3.5, 10.375, 9.375], "texture": "#1"},
				"down": {"uv": [4, 3.5, 10.375, 9.375], "texture": "#1"}
			}
		}
	],
	"display": {
		"thirdperson_righthand": {
			"translation": [-1.25, 3, 1.5]
		},
		"thirdperson_lefthand": {
			"translation": [1.25, 3, 1.5]
		},
		"firstperson_righthand": {
			"translation": [-0.25, 4.75, 0],
			"scale": [2, 2, 2]
		},
		"firstperson_lefthand": {
			"translation": [4, 5.25, 0],
			"scale": [2, 2, 2]
		},
		"gui": {
			"rotation": [21, 27.75, 0],
			"translation": [-4, 4.5, 0],
			"scale": [3, 3, 3]
		}
	},
	"groups": [
		{
			"name": "group",
			"origin": [8.75, 7.5, 8.75],
			"color": 0,
			"children": [0, 1, 2, 3]
		},
		{
			"name": "group",
			"origin": [8.75, 7.5, 8.75],
			"color": 0,
			"children": [4, 5, 6, 7]
		},
		{
			"name": "group",
			"origin": [8.75, 7.5, 8.75],
			"color": 0,
			"children": [8, 9, 10, 11]
		}
	]
}