{
	"credit": "Made with Blockbench",
	"textures": {
		"0": "block/anvil",
		"1": "block/stripped_spruce_log",
		"2": "block/gray_concrete",
		"3": "block/basalt_top",
		"particle": "block/anvil"
	},
	"elements": [
		{
			"from": [1, 10, -6.5],
			"to": [2, 11, 18.5],
			"faces": {
				"north": {"uv": [0, 0, 1, 1], "texture": "#0"},
				"east": {"uv": [0, 0, 16, 1], "texture": "#0"},
				"south": {"uv": [0, 0, 1, 1], "texture": "#0"},
				"west": {"uv": [0, 0, 16, 1], "texture": "#0"},
				"up": {"uv": [0, 0, 1, 16], "texture": "#0"},
				"down": {"uv": [0, 0, 1, 16], "texture": "#0"}
			}
		},
		{
			"from": [1, 10, -6.5],
			"to": [2, 11, 18.5],
			"faces": {
				"north": {"uv": [0, 0, 1, 1], "texture": "#0"},
				"east": {"uv": [0, 0, 16, 1], "texture": "#0"},
				"south": {"uv": [0, 0, 1, 1], "texture": "#0"},
				"west": {"uv": [0, 0, 16, 1], "texture": "#0"},
				"up": {"uv": [0, 0, 1, 16], "texture": "#0"},
				"down": {"uv": [0, 0, 1, 16], "texture": "#0"}
			}
		},
		{
			"from": [1.1875, 9.375, -6.5],
			"to": [1.8125, 10, 18.5],
			"faces": {
				"north": {"uv": [0, 0, 0.625, 0.625], "texture": "#2"},
				"east": {"uv": [0, 0, 16, 0.625], "texture": "#2"},
				"south": {"uv": [0, 0, 0.625, 0.625], "texture": "#2"},
				"west": {"uv": [0, 0, 16, 0.625], "texture": "#2"},
				"up": {"uv": [0, 0, 0.625, 16], "texture": "#2"},
				"down": {"uv": [0, 0, 0.625, 16], "texture": "#2"}
			}
		},
		{
			"from": [1.15625, 9.34375, -5],
			"to": [1.84375, 10.03125, -4],
			"faces": {
				"north": {"uv": [0, 0, 0.6875, 0.6875], "texture": "#1"},
				"east": {"uv": [0, 0, 1, 0.6875], "texture": "#1"},
				"south": {"uv": [0, 0, 0.6875, 0.6875], "texture": "#1"},
				"west": {"uv": [0, 0, 1, 0.6875], "texture": "#1"},
				"up": {"uv": [0, 0, 0.6875, 1], "texture": "#1"},
				"down": {"uv": [0, 0, 0.6875, 1], "texture": "#1"}
			}
		},
		{
			"from": [1.15625, 9.34375, 0],
			"to": [1.84375, 10.03125, 1],
			"faces": {
				"north": {"uv": [0, 0, 0.6875, 0.6875], "texture": "#1"},
				"east": {"uv": [0, 0, 1, 0.6875], "texture": "#1"},
				"south": {"uv": [0, 0, 0.6875, 0.6875], "texture": "#1"},
				"west": {"uv": [0, 0, 1, 0.6875], "texture": "#1"},
				"up": {"uv": [0, 0, 0.6875, 1], "texture": "#1"},
				"down": {"uv": [0, 0, 0.6875, 1], "texture": "#1"}
			}
		},
		{
			"from": [1.4375, 11, 12.625],
			"to": [1.5625, 11.28125, 14.125],
			"rotation": {"angle": 0, "axis": "y", "origin": [0, 0, 1.125]},
			"faces": {
				"north": {"uv": [0, 0, 0.125, 0.28125], "texture": "#0"},
				"east": {"uv": [0, 0, 1.5, 0.28125], "texture": "#0"},
				"south": {"uv": [0, 0, 0.125, 0.28125], "texture": "#0"},
				"west": {"uv": [0, 0, 1.5, 0.28125], "texture": "#0"},
				"up": {"uv": [0, 0, 0.125, 1.5], "texture": "#0"},
				"down": {"uv": [0, 0, 0.125, 1.5], "texture": "#0"}
			}
		},
		{
			"from": [1.4375, 11, -5.875],
			"to": [1.5625, 11.28125, -5.375],
			"rotation": {"angle": 0, "axis": "y", "origin": [0, 0, 1.125]},
			"faces": {
				"north": {"uv": [0, 0, 0.125, 0.28125], "texture": "#0"},
				"east": {"uv": [0, 0, 0.5, 0.28125], "texture": "#0"},
				"south": {"uv": [0, 0, 0.125, 0.28125], "texture": "#0"},
				"west": {"uv": [0, 0, 0.5, 0.28125], "texture": "#0"},
				"up": {"uv": [0, 0, 0.125, 0.5], "texture": "#0"},
				"down": {"uv": [0, 0, 0.125, 0.5], "texture": "#0"}
			}
		},
		{
			"from": [0.9375, 10, 15.125],
			"to": [2.0625, 11.25, 16.625],
			"rotation": {"angle": 0, "axis": "y", "origin": [0, 0, 1.125]},
			"faces": {
				"north": {"uv": [0, 0, 1.125, 1.25], "texture": "#0"},
				"east": {"uv": [0, 0, 1.5, 1.25], "texture": "#0"},
				"south": {"uv": [0, 0, 1.125, 1.25], "texture": "#0"},
				"west": {"uv": [0, 0, 1.5, 1.25], "texture": "#0"},
				"up": {"uv": [0, 0, 1.125, 1.5], "texture": "#0"},
				"down": {"uv": [0, 0, 1.125, 1.5], "texture": "#0"}
			}
		},
		{
			"from": [1.1875, 10, 16.625],
			"to": [1.8125, 11.125, 17.625],
			"rotation": {"angle": 0, "axis": "y", "origin": [0, 0, 1.125]},
			"faces": {
				"north": {"uv": [0, 0, 0.625, 1.125], "texture": "#0"},
				"east": {"uv": [0, 0, 1, 1.125], "texture": "#0"},
				"south": {"uv": [0, 0, 0.625, 1.125], "texture": "#0"},
				"west": {"uv": [0, 0, 1, 1.125], "texture": "#0"},
				"up": {"uv": [0, 0, 0.625, 1], "texture": "#0"},
				"down": {"uv": [0, 0, 0.625, 1], "texture": "#0"}
			}
		},
		{
			"from": [1.1875, 11, 17.125],
			"to": [1.8125, 11.125, 18.625],
			"rotation": {"angle": -22.5, "axis": "x", "origin": [0, 11, 17.625]},
			"faces": {
				"north": {"uv": [0, 0, 0.625, 0.125], "texture": "#0"},
				"east": {"uv": [0, 0, 1.5, 0.125], "texture": "#0"},
				"south": {"uv": [0, 0, 0.625, 0.125], "texture": "#0"},
				"west": {"uv": [0, 0, 1.5, 0.125], "texture": "#0"},
				"up": {"uv": [0, 0, 0.625, 1.5], "texture": "#0"},
				"down": {"uv": [0, 0, 0.625, 1.5], "texture": "#0"}
			}
		},
		{
			"from": [1.1875, 11.375, 18.4375],
			"to": [1.8125, 11.84375, 18.5625],
			"rotation": {"angle": 0, "axis": "x", "origin": [0, 11, 17.625]},
			"faces": {
				"north": {"uv": [0, 0, 0.625, 0.46875], "rotation": 180, "texture": "#0"},
				"east": {"uv": [0, 0, 0.46875, 0.125], "rotation": 90, "texture": "#0"},
				"south": {"uv": [0, 0, 0.625, 0.46875], "texture": "#0"},
				"west": {"uv": [0, 0, 0.46875, 0.125], "rotation": 270, "texture": "#0"},
				"up": {"uv": [0, 0, 0.625, 0.125], "texture": "#0"},
				"down": {"uv": [0, 0, 0.625, 0.125], "rotation": 180, "texture": "#0"}
			}
		},
		{
			"from": [1.34375, 8.875, 16.1875],
			"to": [1.65625, 9.59375, 16.3125],
			"rotation": {"angle": 0, "axis": "x", "origin": [0, 11, 17.625]},
			"faces": {
				"north": {"uv": [0, 0, 0.3125, 0.71875], "rotation": 180, "texture": "#0"},
				"east": {"uv": [0, 0, 0.71875, 0.125], "rotation": 90, "texture": "#0"},
				"south": {"uv": [0, 0, 0.3125, 0.71875], "texture": "#0"},
				"west": {"uv": [0, 0, 0.71875, 0.125], "rotation": 270, "texture": "#0"},
				"up": {"uv": [0, 0, 0.3125, 0.125], "texture": "#0"},
				"down": {"uv": [0, 0, 0.3125, 0.125], "rotation": 180, "texture": "#0"}
			}
		},
		{
			"from": [1.34375, 8.48438, 18.10938],
			"to": [1.65625, 8.60938, 18.57813],
			"rotation": {"angle": 45, "axis": "x", "origin": [0, 11, 17.625]},
			"faces": {
				"north": {"uv": [0, 0, 0.3125, 0.125], "rotation": 180, "texture": "#0"},
				"east": {"uv": [0, 0, 0.46875, 0.125], "rotation": 180, "texture": "#0"},
				"south": {"uv": [0, 0, 0.3125, 0.125], "rotation": 180, "texture": "#0"},
				"west": {"uv": [0, 0, 0.46875, 0.125], "rotation": 180, "texture": "#0"},
				"up": {"uv": [0, 0, 0.3125, 0.46875], "texture": "#0"},
				"down": {"uv": [0, 0, 0.3125, 0.46875], "texture": "#0"}
			}
		},
		{
			"from": [1.34375, 9.16406, 19.13281],
			"to": [1.65625, 9.63281, 19.25781],
			"rotation": {"angle": 45, "axis": "x", "origin": [0, 11, 17.625]},
			"faces": {
				"north": {"uv": [0, 0, 0.3125, 0.46875], "rotation": 180, "texture": "#0"},
				"east": {"uv": [0, 0, 0.46875, 0.125], "rotation": 90, "texture": "#0"},
				"south": {"uv": [0, 0, 0.3125, 0.46875], "texture": "#0"},
				"west": {"uv": [0, 0, 0.46875, 0.125], "rotation": 270, "texture": "#0"},
				"up": {"uv": [0, 0, 0.3125, 0.125], "texture": "#0"},
				"down": {"uv": [0, 0, 0.3125, 0.125], "rotation": 180, "texture": "#0"}
			}
		},
		{
			"from": [1.34375, 8.54297, 16.51563],
			"to": [1.65625, 8.66797, 17.48047],
			"rotation": {"angle": 0, "axis": "x", "origin": [0, 11, 17.625]},
			"faces": {
				"north": {"uv": [0, 0, 0.3125, 0.125], "texture": "#0"},
				"east": {"uv": [0, 0, 0.96484, 0.125], "texture": "#0"},
				"south": {"uv": [0, 0, 0.3125, 0.125], "texture": "#0"},
				"west": {"uv": [0, 0, 0.96484, 0.125], "texture": "#0"},
				"up": {"uv": [0, 0, 0.3125, 0.96484], "texture": "#0"},
				"down": {"uv": [0, 0, 0.3125, 0.96484], "texture": "#0"}
			}
		},
		{
			"from": [1.34375, 8.875, 17.6875],
			"to": [1.65625, 9.59375, 17.8125],
			"rotation": {"angle": 0, "axis": "x", "origin": [0, 11, 17.625]},
			"faces": {
				"north": {"uv": [0, 0, 0.3125, 0.71875], "rotation": 180, "texture": "#0"},
				"east": {"uv": [0, 0, 0.71875, 0.125], "rotation": 90, "texture": "#0"},
				"south": {"uv": [0, 0, 0.3125, 0.71875], "texture": "#0"},
				"west": {"uv": [0, 0, 0.71875, 0.125], "rotation": 270, "texture": "#0"},
				"up": {"uv": [0, 0, 0.3125, 0.125], "texture": "#0"},
				"down": {"uv": [0, 0, 0.3125, 0.125], "rotation": 180, "texture": "#0"}
			}
		},
		{
			"from": [1.46875, 8.875, 17.21875],
			"to": [1.5625, 9.5, 17.34375],
			"rotation": {"angle": -22.5, "axis": "x", "origin": [0, 9, 17.125]},
			"faces": {
				"north": {"uv": [0, 0, 0.09375, 0.625], "rotation": 180, "texture": "#0"},
				"east": {"uv": [0, 0, 0.625, 0.125], "rotation": 90, "texture": "#0"},
				"south": {"uv": [0, 0, 0.09375, 0.625], "texture": "#0"},
				"west": {"uv": [0, 0, 0.625, 0.125], "rotation": 270, "texture": "#0"},
				"up": {"uv": [0, 0, 0.09375, 0.125], "texture": "#0"},
				"down": {"uv": [0, 0, 0.09375, 0.125], "rotation": 180, "texture": "#0"}
			}
		},
		{
			"from": [0.75, 9.25, 4.5],
			"to": [2.25, 10.5, 18.5],
			"faces": {
				"north": {"uv": [0, 0, 1.5, 1.25], "texture": "#1"},
				"east": {"uv": [0, 0, 14, 1.25], "texture": "#1"},
				"south": {"uv": [0, 0, 1.5, 1.25], "texture": "#1"},
				"west": {"uv": [0, 0, 14, 1.25], "texture": "#1"},
				"up": {"uv": [0, 0, 1.5, 14], "texture": "#1"},
				"down": {"uv": [0, 0, 1.5, 14], "texture": "#1"}
			}
		},
		{
			"from": [0.71875, 9.3125, 14.53125],
			"to": [2.3125, 10.0625, 17.75],
			"faces": {
				"north": {"uv": [0, 0, 1.59375, 0.75], "texture": "#3"},
				"east": {"uv": [0, 0, 3.21875, 0.75], "texture": "#3"},
				"south": {"uv": [0, 0, 1.59375, 0.75], "texture": "#3"},
				"west": {"uv": [0, 0, 3.21875, 0.75], "texture": "#3"},
				"up": {"uv": [0, 0, 1.59375, 3.21875], "texture": "#3"},
				"down": {"uv": [0, 0, 1.59375, 3.21875], "texture": "#3"}
			}
		},
		{
			"from": [0.71875, 10.0625, 15.53125],
			"to": [2.3125, 10.4375, 17.75],
			"faces": {
				"north": {"uv": [0, 0, 1.59375, 0.375], "texture": "#3"},
				"east": {"uv": [0, 0, 2.21875, 0.375], "texture": "#3"},
				"south": {"uv": [0, 0, 1.59375, 0.375], "texture": "#3"},
				"west": {"uv": [0, 0, 2.21875, 0.375], "texture": "#3"},
				"up": {"uv": [0, 0, 1.59375, 2.21875], "texture": "#3"},
				"down": {"uv": [0, 0, 1.59375, 2.21875], "texture": "#3"}
			}
		},
		{
			"from": [0.75, 7.625, 24.5],
			"to": [2.25, 10.625, 26.5],
			"rotation": {"angle": 0, "axis": "y", "origin": [0, 0.6875, -5.5]},
			"faces": {
				"north": {"uv": [1.5, 1.5, 3, 4.5], "texture": "#1"},
				"east": {"uv": [1.5, 1.5, 3.5, 4.5], "texture": "#1"},
				"south": {"uv": [1.5, 1.5, 3, 4.5], "texture": "#1"},
				"west": {"uv": [1.5, 1.5, 3.5, 4.5], "texture": "#1"},
				"up": {"uv": [1.5, 1.5, 3, 3.5], "texture": "#1"},
				"down": {"uv": [1.5, 1.5, 3, 3.5], "texture": "#1"}
			}
		},
		{
			"from": [0.75, 8.1875, 20.75],
			"to": [2.25, 10.03125, 22],
			"rotation": {"angle": 0, "axis": "y", "origin": [0, 0.6875, -5.5]},
			"faces": {
				"north": {"uv": [0, 0, 1.5, 1.84375], "texture": "#1"},
				"east": {"uv": [0, 0, 1.25, 1.84375], "texture": "#1"},
				"south": {"uv": [0, 0, 1.5, 1.84375], "texture": "#1"},
				"west": {"uv": [0, 0, 1.25, 1.84375], "texture": "#1"},
				"up": {"uv": [0, 0, 1.5, 1.25], "texture": "#1"},
				"down": {"uv": [0, 0, 1.5, 1.25], "texture": "#1"}
			}
		},
		{
			"from": [0.75, 8, 22],
			"to": [2.25, 10.21875, 22.5],
			"rotation": {"angle": 0, "axis": "y", "origin": [0, 0.6875, -5.5]},
			"faces": {
				"north": {"uv": [1.5, 1.5, 3, 3.71875], "texture": "#1"},
				"east": {"uv": [1.5, 1.5, 2, 3.71875], "texture": "#1"},
				"south": {"uv": [1.5, 1.5, 3, 3.71875], "texture": "#1"},
				"west": {"uv": [1.5, 1.5, 2, 3.71875], "texture": "#1"},
				"up": {"uv": [1.5, 1.5, 3, 2], "texture": "#1"},
				"down": {"uv": [1.5, 1.5, 3, 2], "texture": "#1"}
			}
		},
		{
			"from": [0.75, 7.84375, 22.5],
			"to": [2.25, 10.375, 23],
			"rotation": {"angle": 0, "axis": "y", "origin": [0, 0.6875, -5.5]},
			"faces": {
				"north": {"uv": [1, 1, 2.5, 3.53125], "texture": "#1"},
				"east": {"uv": [1, 1, 1.5, 3.53125], "texture": "#1"},
				"south": {"uv": [1, 1, 2.5, 3.53125], "texture": "#1"},
				"west": {"uv": [1, 1, 1.5, 3.53125], "texture": "#1"},
				"up": {"uv": [1, 1, 2.5, 1.5], "texture": "#1"},
				"down": {"uv": [1, 1, 2.5, 1.5], "texture": "#1"}
			}
		},
		{
			"from": [0.75, 7.75, 23],
			"to": [2.25, 10.46875, 23.875],
			"rotation": {"angle": 0, "axis": "y", "origin": [0, 0.6875, -5.5]},
			"faces": {
				"north": {"uv": [0.5, 1.5, 3.5, 4.21875], "texture": "#1"},
				"east": {"uv": [0.5, 1.5, 2.875, 4.21875], "texture": "#1"},
				"south": {"uv": [0.5, 1.5, 3.5, 4.21875], "texture": "#1"},
				"west": {"uv": [0.5, 1.5, 2.875, 4.21875], "texture": "#1"},
				"up": {"uv": [0.5, 1.5, 3.5, 2.375], "texture": "#1"},
				"down": {"uv": [0.5, 1.5, 3.5, 2.375], "texture": "#1"}
			}
		},
		{
			"from": [0.75, 7.6875, 23.875],
			"to": [2.25, 10.5625, 24.75],
			"rotation": {"angle": 0, "axis": "y", "origin": [0, 0.6875, -5.5]},
			"faces": {
				"north": {"uv": [0, 0, 3, 2.875], "texture": "#1"},
				"east": {"uv": [0, 0, 2.375, 2.875], "texture": "#1"},
				"south": {"uv": [0, 0, 3, 2.875], "texture": "#1"},
				"west": {"uv": [0, 0, 2.375, 2.875], "texture": "#1"},
				"up": {"uv": [0, 0, 3, 0.875], "texture": "#1"},
				"down": {"uv": [0, 0, 3, 0.875], "texture": "#1"}
			}
		},
		{
			"from": [0.75, 8.44531, 17.92969],
			"to": [2.25, 9.57031, 20.92969],
			"rotation": {"angle": 22.5, "axis": "x", "origin": [0, 8.6875, 20.5]},
			"faces": {
				"north": {"uv": [0, 0, 1.5, 1.125], "texture": "#1"},
				"east": {"uv": [0, 0, 3, 1.125], "texture": "#1"},
				"south": {"uv": [0, 0, 1.5, 1.125], "texture": "#1"},
				"west": {"uv": [0, 0, 3, 1.125], "texture": "#1"},
				"up": {"uv": [0, 0, 1.5, 3], "texture": "#1"},
				"down": {"uv": [0, 0, 1.5, 3], "texture": "#1"}
			}
		}
	],
	"display": {
		"thirdperson_righthand": {
			"rotation": [66.5, 0, 0],
			"translation": [2.5, 10.75, 6.25],
			"scale": [0.7, 0.7, 0.7]
		},
		"thirdperson_lefthand": {
			"rotation": [67.5, 0, 0],
			"translation": [-6.5, 10.75, 6.25],
			"scale": [0.7, 0.7, 0.7]
		},
		"firstperson_righthand": {
			"translation": [-1.75, 4.75, 0]
		},
		"firstperson_lefthand": {
			"translation": [-14.5, 4.75, 0]
		},
		"gui": {
			"rotation": [-158.16, 18.09, -177.65],
			"translation": [-7, -1.5, 0]
		},
		"head": {
			"translation": [6.5, 0.25, 0]
		}
	}
}