{
	"credit": "Made with Blockbench",
	"textures": {
		"0": "item/custom/americanflagtexture",
		"particle": "item/custom/americanflagtexture"
	},
	"elements": [
		{
			"from": [13, 0, 1],
			"to": [14, 6, 2],
			"rotation": {"angle": 0, "axis": "y", "origin": [12, 0, 0]},
			"faces": {
				"north": {"uv": [0, 8, 1, 14], "texture": "#0"},
				"east": {"uv": [8, 0, 9, 6], "texture": "#0"},
				"south": {"uv": [1, 8, 2, 14], "texture": "#0"},
				"west": {"uv": [2, 8, 3, 14], "texture": "#0"},
				"up": {"uv": [11, 5, 10, 4], "texture": "#0"},
				"down": {"uv": [11, 5, 10, 6], "texture": "#0"}
			}
		},
		{
			"from": [13.1, 6, 6.2],
			"to": [14.1, 10, 7.8],
			"rotation": {"angle": 0, "axis": "y", "origin": [12.1, 6, 6]},
			"faces": {
				"north": {"uv": [8, 6, 9, 10], "texture": "#0"},
				"east": {"uv": [6, 0, 8, 4], "texture": "#0"},
				"south": {"uv": [7, 8, 8, 12], "texture": "#0"},
				"west": {"uv": [6, 4, 8, 8], "texture": "#0"},
				"up": {"uv": [11, 2, 10, 0], "texture": "#0"},
				"down": {"uv": [11, 2, 10, 4], "texture": "#0"}
			}
		},
		{
			"from": [13, 6, 1],
			"to": [14, 10, 3.5],
			"rotation": {"angle": 0, "axis": "y", "origin": [12, 6, 0]},
			"faces": {
				"north": {"uv": [3, 8, 4, 12], "texture": "#0"},
				"east": {"uv": [0, 0, 3, 4], "texture": "#0"},
				"south": {"uv": [4, 8, 5, 12], "texture": "#0"},
				"west": {"uv": [3, 0, 6, 4], "texture": "#0"},
				"up": {"uv": [10, 3, 9, 0], "texture": "#0"},
				"down": {"uv": [10, 3, 9, 6], "texture": "#0"}
			}
		},
		{
			"from": [12.8, 6, 3.5],
			"to": [13.8, 10, 6.2],
			"rotation": {"angle": 0, "axis": "y", "origin": [11.8, 6, 3]},
			"faces": {
				"north": {"uv": [5, 8, 6, 12], "texture": "#0"},
				"east": {"uv": [0, 4, 3, 8], "texture": "#0"},
				"south": {"uv": [6, 8, 7, 12], "texture": "#0"},
				"west": {"uv": [3, 4, 6, 8], "texture": "#0"},
				"up": {"uv": [10, 9, 9, 6], "texture": "#0"},
				"down": {"uv": [10, 9, 9, 12], "texture": "#0"}
			}
		}
	],
	"display": {
		"thirdperson_righthand": {
			"rotation": [0, 180, 0],
			"translation": [5.5, 6.75, -5.25]
		},
		"thirdperson_lefthand": {
			"rotation": [0, -180, 0],
			"translation": [-5.5, 6.75, -5.25]
		},
		"firstperson_righthand": {
			"rotation": [0, 180, 0],
			"translation": [9, 7.25, -6]
		},
		"firstperson_lefthand": {
			"rotation": [0, 180, 0],
			"translation": [-2.25, 7.25, -6]
		},
		"ground": {
			"rotation": [0, 0, 90],
			"translation": [-2.25, -8.25, 4.5]
		},
		"gui": {
			"rotation": [0, 90, 0],
			"translation": [6, 4.5, 8.75],
			"scale": [1.5, 1.5, 1.5]
		},
		"head": {
			"rotation": [0, 90, 0],
			"translation": [9.75, 14, 8.25],
			"scale": [1.5, 1.5, 1.5]
		},
		"fixed": {
			"rotation": [0, 90, 0],
			"translation": [6, 4.25, 8.75],
			"scale": [1.5, 1.5, 1.5]
		}
	},
	"groups": [
		0,
		{
			"name": "group",
			"origin": [-0.2, 6, 3],
			"color": 0,
			"nbt": "{}",
			"children": [1, 2, 3]
		}
	]
}
