{
	"credit": "Made with Blockbench",
	"texture_size": [32, 32],
	"textures": {
		"0": "item/custom/atatgun",
		"particle": "item/custom/atatgun"
	},
	"elements": [
		{
			"from": [0.41379, 0.13793, 0.13793],
			"to": [2, 5.86207, 5.86207],
			"faces": {
				"north": {"uv": [5.5, 0, 6.5, 2.75], "texture": "#0"},
				"east": {"uv": [0, 0, 2.75, 2.75], "texture": "#0"},
				"south": {"uv": [0, 6, 1, 8.75], "texture": "#0"},
				"west": {"uv": [0, 3, 2.75, 5.75], "texture": "#0"},
				"up": {"uv": [2, 8.75, 1, 6], "texture": "#0"},
				"down": {"uv": [3, 6, 2, 8.75], "texture": "#0"}
			}
		},
		{
			"from": [-0.35172, 0.55172, 0.55172],
			"to": [1.64828, 5.55172, 5.55172],
			"rotation": {"angle": 0, "axis": "y", "origin": [-0.35172, 0.55172, 0.55172]},
			"faces": {
				"north": {"uv": [6.5, 0, 7.5, 2.5], "texture": "#0"},
				"east": {"uv": [3, 0, 5.5, 2.5], "texture": "#0"},
				"south": {"uv": [6.5, 2.5, 7.5, 5], "texture": "#0"},
				"west": {"uv": [3, 2.5, 5.5, 5], "texture": "#0"},
				"up": {"uv": [4, 9.5, 3, 7], "texture": "#0"},
				"down": {"uv": [5, 7, 4, 9.5], "texture": "#0"}
			}
		},
		{
			"from": [-0.90345, 1.24138, 1.10345],
			"to": [1.09655, 4.96552, 4.82759],
			"rotation": {"angle": 0, "axis": "y", "origin": [-0.90345, 1.24138, 1.10345]},
			"faces": {
				"north": {"uv": [5.5, 3, 6.5, 4.75], "texture": "#0"},
				"east": {"uv": [3, 5, 4.75, 6.75], "texture": "#0"},
				"south": {"uv": [5, 7, 6, 8.75], "texture": "#0"},
				"west": {"uv": [5, 5, 6.75, 6.75], "texture": "#0"},
				"up": {"uv": [8, 6.75, 7, 5], "texture": "#0"},
				"down": {"uv": [7, 7, 6, 8.75], "texture": "#0"}
			}
		},
		{
			"from": [-0.53793, 2.34483, -1.24138],
			"to": [1.04828, 3.93103, 2],
			"rotation": {"angle": 0, "axis": "y", "origin": [-0.4, 2.48276, 0]},
			"faces": {
				"north": {"uv": [0, 9, 0.75, 9.75], "texture": "#0"},
				"east": {"uv": [7.5, 3.5, 9, 4.25], "texture": "#0"},
				"south": {"uv": [9, 0.5, 9.75, 1.25], "texture": "#0"},
				"west": {"uv": [7.5, 7.5, 9, 8.25], "texture": "#0"},
				"up": {"uv": [8.75, 2, 8, 0.5], "texture": "#0"},
				"down": {"uv": [8.75, 2, 8, 3.5], "texture": "#0"}
			}
		},
		{
			"from": [-0.4, 2.48276, -2.75862],
			"to": [0.91034, 3.7931, -0.89655],
			"rotation": {"angle": 0, "axis": "y", "origin": [-0.4, 2.48276, -1.93103]},
			"faces": {
				"north": {"uv": [1, 9, 1.75, 9.75], "texture": "#0"},
				"east": {"uv": [8, 4.5, 9, 5.25], "texture": "#0"},
				"south": {"uv": [9, 1.5, 9.75, 2.25], "texture": "#0"},
				"west": {"uv": [8, 5.5, 9, 6.25], "texture": "#0"},
				"up": {"uv": [8.25, 9.5, 7.5, 8.5], "texture": "#0"},
				"down": {"uv": [9.25, 8.5, 8.5, 9.5], "texture": "#0"}
			}
		},
		{
			"from": [-0.26207, 2.62069, -11.58621],
			"to": [0.87241, 3.75519, -10.96552],
			"rotation": {"angle": 0, "axis": "y", "origin": [-0.4, 2.58276, -12]},
			"faces": {
				"north": {"uv": [8.5, 6.5, 9, 7], "texture": "#0"},
				"east": {"uv": [2.5, 9, 2.75, 9.5], "texture": "#0"},
				"south": {"uv": [2, 9, 2.5, 9.5], "texture": "#0"},
				"west": {"uv": [9, 2.5, 9.25, 3], "texture": "#0"},
				"up": {"uv": [9.5, 3.25, 9, 3], "texture": "#0"},
				"down": {"uv": [9.5, 3.5, 9, 3.75], "texture": "#0"}
			}
		},
		{
			"from": [-0.12414, 2.89655, -11.86207],
			"to": [0.63448, 3.57933, -11.24138],
			"rotation": {"angle": 0, "axis": "y", "origin": [-0.4, 2.58276, -12.27586]},
			"faces": {
				"north": {"uv": [9, 4, 9.5, 4.25], "texture": "#0"},
				"east": {"uv": [5.5, 9, 5.75, 9.25], "texture": "#0"},
				"south": {"uv": [9, 4.5, 9.5, 4.75], "texture": "#0"},
				"west": {"uv": [9, 5.5, 9.25, 5.75], "texture": "#0"},
				"up": {"uv": [5.5, 9.25, 5, 9], "texture": "#0"},
				"down": {"uv": [9.5, 5, 9, 5.25], "texture": "#0"}
			}
		},
		{
			"from": [0.56552, 2.52069, -11.48621],
			"to": [1.32414, 3.27931, -2.58966],
			"rotation": {"angle": 45, "axis": "z", "origin": [0.28966, 2.24483, -3.62414]},
			"faces": {
				"north": {"uv": [7.5, 4.5, 8, 5], "texture": "#0"},
				"east": {"uv": [7, 7, 10, 7.5], "texture": "#0"},
				"south": {"uv": [8, 6.5, 8.5, 7], "texture": "#0"},
				"west": {"uv": [7.5, 0, 10.5, 0.5], "texture": "#0"},
				"up": {"uv": [8, 3.5, 7.5, 0.5], "texture": "#0"},
				"down": {"uv": [7.5, 7.5, 7, 10.5], "texture": "#0"}
			}
		}
	],
	"display": {
		"thirdperson_righthand": {
			"rotation": [90, 0, 0],
			"translation": [14.5, -16, 32],
			"scale": [3, 3, 3]
		},
		"head": {
			"translation": [0, 4.5, 3.5],
			"scale": [4, 4, 4]
		}
	}
}
