{
	"credit": "Made with Blockbench",
	"texture_size": [64, 64],
	"textures": {
		"0": "item/custom/awingrotr",
		"particle": "item/custom/awingrotr"
	},
	"elements": [
		{
			"from": [-0.13793, 1.41724, -1.24138],
			"to": [1.9, 1.9, 7.65517],
			"rotation": {"angle": 0, "axis": "y", "origin": [0.3, -0.1, 0]},
			"faces": {
				"north": {"uv": [6.75, 5.5, 7.25, 5.625], "texture": "#0"},
				"east": {"uv": [5.75, 4.75, 8, 4.875], "texture": "#0"},
				"south": {"uv": [7, 0, 7.5, 0.125], "texture": "#0"},
				"west": {"uv": [6, 1, 8.25, 1.125], "texture": "#0"},
				"up": {"uv": [0.5, 6, 0, 3.75], "texture": "#0"},
				"down": {"uv": [1, 3.75, 0.5, 6], "texture": "#0"}
			}
		},
		{
			"from": [-2.61034, 1.31724, 0.57241],
			"to": [1.98966, 2, 8.48276],
			"rotation": {"angle": 0, "axis": "y", "origin": [0.1, 0, 8]},
			"faces": {
				"north": {"uv": [6.25, 2.5, 7.375, 2.6875], "texture": "#0"},
				"east": {"uv": [4.25, 5, 6.25, 5.1875], "texture": "#0"},
				"south": {"uv": [6.25, 2.75, 7.375, 2.9375], "texture": "#0"},
				"west": {"uv": [4.25, 5.25, 6.25, 5.4375], "texture": "#0"},
				"up": {"uv": [1.125, 2, 0, 0], "texture": "#0"},
				"down": {"uv": [2.375, 0, 1.25, 2], "texture": "#0"}
			}
		},
		{
			"from": [-3.67241, 1.07931, 5.82414],
			"to": [3.05172, 2.2, 9.68276],
			"rotation": {"angle": 0, "axis": "y", "origin": [0, 0, 12]},
			"faces": {
				"north": {"uv": [4.5, 0, 6.1875, 0.3125], "texture": "#0"},
				"east": {"uv": [5.75, 4.25, 6.6875, 4.5625], "texture": "#0"},
				"south": {"uv": [4.5, 0.5, 6.1875, 0.8125], "texture": "#0"},
				"west": {"uv": [5.5, 5.75, 6.4375, 6.0625], "texture": "#0"},
				"up": {"uv": [4.1875, 3.4375, 2.5, 2.5], "texture": "#0"},
				"down": {"uv": [4.1875, 3.5, 2.5, 4.4375], "texture": "#0"}
			}
		},
		{
			"from": [-2.91034, 1.27931, 2.92759],
			"to": [2.28966, 2.1, 9.58621],
			"rotation": {"angle": 0, "axis": "y", "origin": [0.1, 0, 9.10345]},
			"faces": {
				"north": {"uv": [5.5, 5.5, 6.75, 5.75], "texture": "#0"},
				"east": {"uv": [4.5, 2, 6.1875, 2.25], "texture": "#0"},
				"south": {"uv": [5.75, 4, 7, 4.25], "texture": "#0"},
				"west": {"uv": [4.5, 2.25, 6.1875, 2.5], "texture": "#0"},
				"up": {"uv": [1.25, 3.6875, 0, 2], "texture": "#0"},
				"down": {"uv": [2.5, 2, 1.25, 3.6875], "texture": "#0"}
			}
		},
		{
			"from": [-4.16207, 0.97931, 7.32759],
			"to": [3.57931, 2.3, 11.64138],
			"rotation": {"angle": 0, "axis": "y", "origin": [0, 0, 9.9]},
			"faces": {
				"north": {"uv": [4.25, 2.5, 6.1875, 2.875], "texture": "#0"},
				"east": {"uv": [2.5, 4.5, 3.5625, 4.875], "texture": "#0"},
				"south": {"uv": [4.25, 3, 6.1875, 3.375], "texture": "#0"},
				"west": {"uv": [4.75, 3.5, 5.8125, 3.875], "texture": "#0"},
				"up": {"uv": [4.4375, 1.0625, 2.5, 0], "texture": "#0"},
				"down": {"uv": [4.4375, 1.25, 2.5, 2.3125], "texture": "#0"}
			}
		},
		{
			"from": [-2.82414, 2.46897, 11.16897],
			"to": [-2.64138, 4.30345, 14.08621],
			"rotation": {"angle": 0, "axis": "y", "origin": [-5.88276, 0.5, 9.46552]},
			"faces": {
				"north": {"uv": [7.25, 7, 7.3125, 7.375], "texture": "#0"},
				"east": {"uv": [3, 5, 3.75, 5.375], "texture": "#0"},
				"south": {"uv": [0, 7.5, 0.0625, 7.875], "texture": "#0"},
				"west": {"uv": [0, 6, 0.75, 6.375], "texture": "#0"},
				"up": {"uv": [1.3125, 8, 1.25, 7.25], "texture": "#0"},
				"down": {"uv": [1.5625, 7.25, 1.5, 8], "texture": "#0"}
			}
		},
		{
			"from": [-2.62414, 0.26897, 10.66897],
			"to": [-2.44138, 1.00345, 14.08621],
			"rotation": {"angle": 0, "axis": "y", "origin": [-5.68276, -2.4, 9.46552]},
			"faces": {
				"north": {"uv": [4.5, 7.75, 4.5625, 7.9375], "texture": "#0"},
				"east": {"uv": [6, 6.25, 6.875, 6.4375], "texture": "#0"},
				"south": {"uv": [7.75, 4.5, 7.8125, 4.6875], "texture": "#0"},
				"west": {"uv": [0, 6.5, 0.875, 6.6875], "texture": "#0"},
				"up": {"uv": [5.8125, 7.875, 5.75, 7], "texture": "#0"},
				"down": {"uv": [6.0625, 7, 6, 7.875], "texture": "#0"}
			}
		},
		{
			"from": [-2.76552, 0.83793, 10.20345],
			"to": [-2.58276, 3.41379, 11.18966],
			"rotation": {"angle": 0, "axis": "y", "origin": [-5.82414, 0.5, 6.56897]},
			"faces": {
				"north": {"uv": [2.25, 7.25, 2.3125, 7.875], "texture": "#0"},
				"east": {"uv": [1, 6.5, 1.25, 7.125], "texture": "#0"},
				"south": {"uv": [2.5, 7.25, 2.5625, 7.875], "texture": "#0"},
				"west": {"uv": [1.25, 6.5, 1.5, 7.125], "texture": "#0"},
				"up": {"uv": [4.3125, 7.75, 4.25, 7.5], "texture": "#0"},
				"down": {"uv": [7.5625, 4.25, 7.5, 4.5], "texture": "#0"}
			}
		},
		{
			"from": [1.67586, 2.46897, 11.16897],
			"to": [1.85862, 4.30345, 14.08621],
			"rotation": {"angle": 0, "axis": "y", "origin": [-1.38276, 0.5, 9.46552]},
			"faces": {
				"north": {"uv": [7.25, 7, 7.3125, 7.375], "texture": "#0"},
				"east": {"uv": [3, 5, 3.75, 5.375], "texture": "#0"},
				"south": {"uv": [0, 7.5, 0.0625, 7.875], "texture": "#0"},
				"west": {"uv": [0, 6, 0.75, 6.375], "texture": "#0"},
				"up": {"uv": [1.3125, 8, 1.25, 7.25], "texture": "#0"},
				"down": {"uv": [1.5625, 7.25, 1.5, 8], "texture": "#0"}
			}
		},
		{
			"from": [1.73448, 0.83793, 10.20345],
			"to": [1.91724, 3.41379, 11.18966],
			"rotation": {"angle": 0, "axis": "y", "origin": [-1.32414, 0.5, 6.56897]},
			"faces": {
				"north": {"uv": [2.25, 7.25, 2.3125, 7.875], "texture": "#0"},
				"east": {"uv": [1, 6.5, 1.25, 7.125], "texture": "#0"},
				"south": {"uv": [2.5, 7.25, 2.5625, 7.875], "texture": "#0"},
				"west": {"uv": [1.25, 6.5, 1.5, 7.125], "texture": "#0"},
				"up": {"uv": [4.3125, 7.75, 4.25, 7.5], "texture": "#0"},
				"down": {"uv": [7.5625, 4.25, 7.5, 4.5], "texture": "#0"}
			}
		},
		{
			"from": [1.87586, 0.26897, 10.66897],
			"to": [2.05862, 1.00345, 14.08621],
			"rotation": {"angle": 0, "axis": "y", "origin": [-1.18276, -2.4, 9.46552]},
			"faces": {
				"north": {"uv": [4.5, 7.75, 4.5625, 7.9375], "texture": "#0"},
				"east": {"uv": [6, 6.25, 6.875, 6.4375], "texture": "#0"},
				"south": {"uv": [7.75, 4.5, 7.8125, 4.6875], "texture": "#0"},
				"west": {"uv": [0, 6.5, 0.875, 6.6875], "texture": "#0"},
				"up": {"uv": [5.8125, 7.875, 5.75, 7], "texture": "#0"},
				"down": {"uv": [6.0625, 7, 6, 7.875], "texture": "#0"}
			}
		},
		{
			"from": [-2.56552, 0.53448, 8.91379],
			"to": [-2.38276, 1.52069, 11.28966],
			"rotation": {"angle": 0, "axis": "y", "origin": [-5.62414, -3.1, 11.62759]},
			"faces": {
				"north": {"uv": [4.5, 7.5, 4.5625, 7.75], "texture": "#0"},
				"east": {"uv": [2.5, 6.5, 3.125, 6.75], "texture": "#0"},
				"south": {"uv": [7.5, 4.5, 7.5625, 4.75], "texture": "#0"},
				"west": {"uv": [3.75, 6.5, 4.375, 6.75], "texture": "#0"},
				"up": {"uv": [2.8125, 7.875, 2.75, 7.25], "texture": "#0"},
				"down": {"uv": [3.0625, 7.25, 3, 7.875], "texture": "#0"}
			}
		},
		{
			"from": [1.83448, 0.53448, 8.91379],
			"to": [2.01724, 1.52069, 11.28966],
			"rotation": {"angle": 0, "axis": "y", "origin": [-1.22414, -3.1, 11.62759]},
			"faces": {
				"north": {"uv": [4.5, 7.5, 4.5625, 7.75], "texture": "#0"},
				"east": {"uv": [2.5, 6.5, 3.125, 6.75], "texture": "#0"},
				"south": {"uv": [7.5, 4.5, 7.5625, 4.75], "texture": "#0"},
				"west": {"uv": [3.75, 6.5, 4.375, 6.75], "texture": "#0"},
				"up": {"uv": [2.8125, 7.875, 2.75, 7.25], "texture": "#0"},
				"down": {"uv": [3.0625, 7.25, 3, 7.875], "texture": "#0"}
			}
		},
		{
			"from": [-2.59655, 1.41724, -1.24138],
			"to": [-0.45862, 1.9, 7.65517],
			"rotation": {"angle": 0, "axis": "y", "origin": [-2.75862, -0.1, 0]},
			"faces": {
				"north": {"uv": [7, 0.25, 7.5, 0.375], "texture": "#0"},
				"east": {"uv": [6, 1.25, 8.25, 1.375], "texture": "#0"},
				"south": {"uv": [7, 0.5, 7.5, 0.625], "texture": "#0"},
				"west": {"uv": [6, 1.5, 8.25, 1.625], "texture": "#0"},
				"up": {"uv": [1.5, 6, 1, 3.75], "texture": "#0"},
				"down": {"uv": [2, 3.75, 1.5, 6], "texture": "#0"}
			}
		},
		{
			"from": [-1.16552, 1.50345, 6.63793],
			"to": [0.43448, 3.20345, 11.28276],
			"rotation": {"angle": 0, "axis": "y", "origin": [-1.36552, 1.10345, 10.11034]},
			"faces": {
				"north": {"uv": [1.5, 6.75, 1.875, 7.125], "texture": "#0"},
				"east": {"uv": [3, 5.5, 4, 5.875], "texture": "#0"},
				"south": {"uv": [6.75, 1.75, 7.125, 2.125], "texture": "#0"},
				"west": {"uv": [4, 5.5, 5, 5.875], "texture": "#0"},
				"up": {"uv": [2.375, 6.25, 2, 5.25], "texture": "#0"},
				"down": {"uv": [5.375, 5.5, 5, 6.5], "texture": "#0"}
			}
		},
		{
			"from": [-0.96552, 1.50345, 5.97241],
			"to": [0.23448, 2.90345, 7.45517],
			"rotation": {"angle": 0, "axis": "y", "origin": [-1.36552, 1.10345, 9.28276]},
			"faces": {
				"north": {"uv": [6.5, 6.75, 6.8125, 7.0625], "texture": "#0"},
				"east": {"uv": [0.5, 7, 0.6875, 7.3125], "texture": "#0"},
				"south": {"uv": [0, 7, 0.3125, 7.3125], "texture": "#0"},
				"west": {"uv": [5.5, 7, 5.6875, 7.3125], "texture": "#0"},
				"up": {"uv": [7.3125, 0.9375, 7, 0.75], "texture": "#0"},
				"down": {"uv": [7.3125, 4, 7, 4.1875], "texture": "#0"}
			}
		},
		{
			"from": [-1.36552, 1.04138, 7.36207],
			"to": [0.63448, 2.58966, 11.79655],
			"rotation": {"angle": 0, "axis": "y", "origin": [-1.36552, 1.10345, 11.76552]},
			"faces": {
				"north": {"uv": [6.25, 5, 6.75, 5.375], "texture": "#0"},
				"east": {"uv": [4.5, 1, 5.8125, 1.375], "texture": "#0"},
				"south": {"uv": [5.5, 6.25, 6, 6.625], "texture": "#0"},
				"west": {"uv": [4.5, 1.5, 5.8125, 1.875], "texture": "#0"},
				"up": {"uv": [2.5, 5.0625, 2, 3.75], "texture": "#0"},
				"down": {"uv": [4.75, 3.5, 4.25, 4.8125], "texture": "#0"}
			}
		},
		{
			"from": [-1.26552, 1.04138, 5.86207],
			"to": [0.53448, 2.48966, 10.29655],
			"rotation": {"angle": 0, "axis": "y", "origin": [-1.36552, 1.10345, 10.26552]},
			"faces": {
				"north": {"uv": [6.25, 5, 6.75, 5.375], "texture": "#0"},
				"east": {"uv": [4.5, 1, 5.8125, 1.375], "texture": "#0"},
				"south": {"uv": [5.5, 6.25, 6, 6.625], "texture": "#0"},
				"west": {"uv": [4.5, 1.5, 5.8125, 1.875], "texture": "#0"},
				"up": {"uv": [2.5, 5.0625, 2, 3.75], "texture": "#0"},
				"down": {"uv": [4.75, 3.5, 4.25, 4.8125], "texture": "#0"}
			}
		},
		{
			"from": [-1.26552, 1.50345, 8.17931],
			"to": [0.53448, 3.44138, 11.69655],
			"rotation": {"angle": 0, "axis": "y", "origin": [-1.36552, 1.10345, 11.76552]},
			"faces": {
				"north": {"uv": [2, 6.25, 2.4375, 6.6875], "texture": "#0"},
				"east": {"uv": [4.75, 4, 5.625, 4.4375], "texture": "#0"},
				"south": {"uv": [6.25, 3, 6.6875, 3.4375], "texture": "#0"},
				"west": {"uv": [4.75, 4.5, 5.625, 4.9375], "texture": "#0"},
				"up": {"uv": [4.1875, 5.375, 3.75, 4.5], "texture": "#0"},
				"down": {"uv": [2.9375, 5, 2.5, 5.875], "texture": "#0"}
			}
		},
		{
			"from": [-3.58621, 2.48966, 13.7931],
			"to": [-1.98621, 2.48966, 14.12069],
			"rotation": {"angle": 0, "axis": "z", "origin": [-3.78621, 2.68966, 10.85862]},
			"faces": {
				"north": {"uv": [2, 6.75, 2.375, 7.125], "rotation": 270, "texture": "#0"},
				"east": {"uv": [7.125, 7.3125, 6.75, 7.25], "rotation": 90, "texture": "#0"},
				"south": {"uv": [2.5, 6.75, 2.875, 7.125], "rotation": 90, "texture": "#0"},
				"west": {"uv": [7.625, 6.75, 7.25, 6.8125], "rotation": 90, "texture": "#0"},
				"up": {"uv": [6.5, 7.25, 6.5625, 7.625], "rotation": 90, "texture": "#0"},
				"down": {"uv": [7.25, 6.25, 7.3125, 6.625], "rotation": 90, "texture": "#0"}
			}
		},
		{
			"from": [-1.98621, 0.88966, 13.7931],
			"to": [-1.98621, 2.48966, 14.12069],
			"rotation": {"angle": 0, "axis": "z", "origin": [-1.78621, 2.68966, 10.85862]},
			"faces": {
				"north": {"uv": [2, 6.75, 2.375, 7.125], "rotation": 180, "texture": "#0"},
				"east": {"uv": [6.5, 7.25, 6.5625, 7.625], "rotation": 180, "texture": "#0"},
				"south": {"uv": [2.5, 6.75, 2.875, 7.125], "rotation": 180, "texture": "#0"},
				"west": {"uv": [7.25, 6.25, 7.3125, 6.625], "rotation": 180, "texture": "#0"},
				"up": {"uv": [7.625, 6.75, 7.25, 6.8125], "rotation": 180, "texture": "#0"},
				"down": {"uv": [7.125, 7.3125, 6.75, 7.25], "rotation": 180, "texture": "#0"}
			}
		},
		{
			"from": [-3.58621, 0.88966, 13.7931],
			"to": [-1.98621, 0.88966, 14.12069],
			"rotation": {"angle": 0, "axis": "z", "origin": [-1.78621, 0.68966, 10.85862]},
			"faces": {
				"north": {"uv": [2, 6.75, 2.375, 7.125], "rotation": 90, "texture": "#0"},
				"east": {"uv": [7.625, 6.75, 7.25, 6.8125], "rotation": 270, "texture": "#0"},
				"south": {"uv": [2.5, 6.75, 2.875, 7.125], "rotation": 270, "texture": "#0"},
				"west": {"uv": [7.125, 7.3125, 6.75, 7.25], "rotation": 270, "texture": "#0"},
				"up": {"uv": [7.25, 6.25, 7.3125, 6.625], "rotation": 270, "texture": "#0"},
				"down": {"uv": [6.5, 7.25, 6.5625, 7.625], "rotation": 270, "texture": "#0"}
			}
		},
		{
			"from": [-3.58621, 0.88966, 13.7931],
			"to": [-3.58621, 2.48966, 14.12069],
			"rotation": {"angle": 0, "axis": "y", "origin": [-3.78621, 0.68966, 10.85862]},
			"faces": {
				"north": {"uv": [2, 6.75, 2.375, 7.125], "texture": "#0"},
				"east": {"uv": [7.25, 6.25, 7.3125, 6.625], "texture": "#0"},
				"south": {"uv": [2.5, 6.75, 2.875, 7.125], "texture": "#0"},
				"west": {"uv": [6.5, 7.25, 6.5625, 7.625], "texture": "#0"},
				"up": {"uv": [7.125, 7.3125, 6.75, 7.25], "texture": "#0"},
				"down": {"uv": [7.625, 6.75, 7.25, 6.8125], "texture": "#0"}
			}
		},
		{
			"from": [-3.58621, 0.88966, 10.48276],
			"to": [-1.98621, 2.48966, 13.54483],
			"rotation": {"angle": 0, "axis": "y", "origin": [-3.78621, 0.68966, 10.48276]},
			"faces": {
				"north": {"uv": [3, 6.75, 3.375, 7.125], "texture": "#0"},
				"east": {"uv": [0.75, 6, 1.5, 6.375], "texture": "#0"},
				"south": {"uv": [6.75, 3, 7.125, 3.375], "texture": "#0"},
				"west": {"uv": [2.5, 6, 3.25, 6.375], "texture": "#0"},
				"up": {"uv": [1.875, 6.75, 1.5, 6], "texture": "#0"},
				"down": {"uv": [3.625, 6, 3.25, 6.75], "texture": "#0"}
			}
		},
		{
			"from": [1.11379, 0.88966, 13.7931],
			"to": [1.11379, 2.48966, 14.12069],
			"rotation": {"angle": 0, "axis": "y", "origin": [0.91379, 0.68966, 10.85862]},
			"faces": {
				"north": {"uv": [2, 6.75, 2.375, 7.125], "texture": "#0"},
				"east": {"uv": [7.25, 6.25, 7.3125, 6.625], "texture": "#0"},
				"south": {"uv": [2.5, 6.75, 2.875, 7.125], "texture": "#0"},
				"west": {"uv": [6.5, 7.25, 6.5625, 7.625], "texture": "#0"},
				"up": {"uv": [7.125, 7.3125, 6.75, 7.25], "texture": "#0"},
				"down": {"uv": [7.625, 6.75, 7.25, 6.8125], "texture": "#0"}
			}
		},
		{
			"from": [1.11379, 0.88966, 10.48276],
			"to": [2.71379, 2.48966, 13.54483],
			"rotation": {"angle": 0, "axis": "y", "origin": [0.91379, 0.68966, 10.48276]},
			"faces": {
				"north": {"uv": [3, 6.75, 3.375, 7.125], "texture": "#0"},
				"east": {"uv": [0.75, 6, 1.5, 6.375], "texture": "#0"},
				"south": {"uv": [6.75, 3, 7.125, 3.375], "texture": "#0"},
				"west": {"uv": [2.5, 6, 3.25, 6.375], "texture": "#0"},
				"up": {"uv": [1.875, 6.75, 1.5, 6], "texture": "#0"},
				"down": {"uv": [3.625, 6, 3.25, 6.75], "texture": "#0"}
			}
		},
		{
			"from": [1.11379, 2.48966, 13.7931],
			"to": [2.71379, 2.48966, 14.12069],
			"rotation": {"angle": 0, "axis": "z", "origin": [0.91379, 2.68966, 10.85862]},
			"faces": {
				"north": {"uv": [2, 6.75, 2.375, 7.125], "rotation": 270, "texture": "#0"},
				"east": {"uv": [7.125, 7.3125, 6.75, 7.25], "rotation": 90, "texture": "#0"},
				"south": {"uv": [2.5, 6.75, 2.875, 7.125], "rotation": 90, "texture": "#0"},
				"west": {"uv": [7.625, 6.75, 7.25, 6.8125], "rotation": 90, "texture": "#0"},
				"up": {"uv": [6.5, 7.25, 6.5625, 7.625], "rotation": 90, "texture": "#0"},
				"down": {"uv": [7.25, 6.25, 7.3125, 6.625], "rotation": 90, "texture": "#0"}
			}
		},
		{
			"from": [2.71379, 0.88966, 13.7931],
			"to": [2.71379, 2.48966, 14.12069],
			"rotation": {"angle": 0, "axis": "z", "origin": [2.91379, 2.68966, 10.85862]},
			"faces": {
				"north": {"uv": [2, 6.75, 2.375, 7.125], "rotation": 180, "texture": "#0"},
				"east": {"uv": [6.5, 7.25, 6.5625, 7.625], "rotation": 180, "texture": "#0"},
				"south": {"uv": [2.5, 6.75, 2.875, 7.125], "rotation": 180, "texture": "#0"},
				"west": {"uv": [7.25, 6.25, 7.3125, 6.625], "rotation": 180, "texture": "#0"},
				"up": {"uv": [7.625, 6.75, 7.25, 6.8125], "rotation": 180, "texture": "#0"},
				"down": {"uv": [7.125, 7.3125, 6.75, 7.25], "rotation": 180, "texture": "#0"}
			}
		},
		{
			"from": [1.11379, 0.88966, 13.7931],
			"to": [2.71379, 0.88966, 14.12069],
			"rotation": {"angle": 0, "axis": "z", "origin": [2.91379, 0.68966, 10.85862]},
			"faces": {
				"north": {"uv": [2, 6.75, 2.375, 7.125], "rotation": 90, "texture": "#0"},
				"east": {"uv": [7.625, 6.75, 7.25, 6.8125], "rotation": 270, "texture": "#0"},
				"south": {"uv": [2.5, 6.75, 2.875, 7.125], "rotation": 270, "texture": "#0"},
				"west": {"uv": [7.125, 7.3125, 6.75, 7.25], "rotation": 270, "texture": "#0"},
				"up": {"uv": [7.25, 6.25, 7.3125, 6.625], "rotation": 270, "texture": "#0"},
				"down": {"uv": [6.5, 7.25, 6.5625, 7.625], "rotation": 270, "texture": "#0"}
			}
		},
		{
			"from": [3.43448, 1.44138, 9.7931],
			"to": [4.46897, 1.92414, 10.27586],
			"rotation": {"angle": 0, "axis": "y", "origin": [3.43448, 0.06207, 9.65517]},
			"faces": {
				"north": {"uv": [4, 7.25, 4.25, 7.375], "texture": "#0"},
				"east": {"uv": [7.5, 5.25, 7.625, 5.375], "texture": "#0"},
				"south": {"uv": [4.25, 7.25, 4.5, 7.375], "texture": "#0"},
				"west": {"uv": [5.5, 7.5, 5.625, 7.625], "texture": "#0"},
				"up": {"uv": [7.5, 4.375, 7.25, 4.25], "texture": "#0"},
				"down": {"uv": [7.5, 4.5, 7.25, 4.625], "texture": "#0"}
			}
		},
		{
			"from": [-4.76552, 1.44138, 9.7931],
			"to": [-3.73103, 1.92414, 10.27586],
			"rotation": {"angle": 0, "axis": "y", "origin": [-4.76552, 0.06207, 9.65517]},
			"faces": {
				"north": {"uv": [4, 7.25, 4.25, 7.375], "texture": "#0"},
				"east": {"uv": [7.5, 5.25, 7.625, 5.375], "texture": "#0"},
				"south": {"uv": [4.25, 7.25, 4.5, 7.375], "texture": "#0"},
				"west": {"uv": [5.5, 7.5, 5.625, 7.625], "texture": "#0"},
				"up": {"uv": [7.5, 4.375, 7.25, 4.25], "texture": "#0"},
				"down": {"uv": [7.5, 4.5, 7.25, 4.625], "texture": "#0"}
			}
		},
		{
			"from": [-5.27931, 1.34138, 8.3931],
			"to": [-4.59655, 2.02414, 10.97586],
			"rotation": {"angle": 0, "axis": "y", "origin": [-5.73103, 0.06207, 9.65517]},
			"faces": {
				"north": {"uv": [6, 1.75, 6.1875, 1.9375], "texture": "#0"},
				"east": {"uv": [6.75, 2.25, 7.375, 2.4375], "texture": "#0"},
				"south": {"uv": [7.25, 1.75, 7.4375, 1.9375], "texture": "#0"},
				"west": {"uv": [6.75, 5, 7.375, 5.1875], "texture": "#0"},
				"up": {"uv": [0.9375, 7.375, 0.75, 6.75], "texture": "#0"},
				"down": {"uv": [4.6875, 6.75, 4.5, 7.375], "texture": "#0"}
			}
		},
		{
			"from": [-5.17931, 1.44138, 8.0931],
			"to": [-4.69655, 1.92414, 8.47586],
			"rotation": {"angle": 0, "axis": "y", "origin": [-5.73103, 0.06207, 7.15517]},
			"faces": {
				"north": {"uv": [7.5, 5.5, 7.625, 5.625], "texture": "#0"},
				"east": {"uv": [7.5, 5.75, 7.625, 5.875], "texture": "#0"},
				"south": {"uv": [7.5, 6, 7.625, 6.125], "texture": "#0"},
				"west": {"uv": [6.25, 7.5, 6.375, 7.625], "texture": "#0"},
				"up": {"uv": [7.625, 6.375, 7.5, 6.25], "texture": "#0"},
				"down": {"uv": [7.625, 6.5, 7.5, 6.625], "texture": "#0"}
			}
		},
		{
			"from": [-5.07931, 1.54138, 10.71379],
			"to": [-4.79655, 1.82414, 11.67241],
			"rotation": {"angle": 0, "axis": "y", "origin": [-5.73103, 0.06207, 9.77586]},
			"faces": {
				"north": {"uv": [7.75, 5.25, 7.8125, 5.3125], "texture": "#0"},
				"east": {"uv": [6.75, 7.5, 7, 7.5625], "texture": "#0"},
				"south": {"uv": [5.5, 7.75, 5.5625, 7.8125], "texture": "#0"},
				"west": {"uv": [7, 7.5, 7.25, 7.5625], "texture": "#0"},
				"up": {"uv": [7.5625, 7.25, 7.5, 7], "texture": "#0"},
				"down": {"uv": [7.3125, 7.5, 7.25, 7.75], "texture": "#0"}
			}
		},
		{
			"from": [-5.07931, 1.54138, 6.72759],
			"to": [-4.79655, 1.82414, 8.07586],
			"rotation": {"angle": 0, "axis": "y", "origin": [-5.73103, 0.06207, 6.75517]},
			"faces": {
				"north": {"uv": [7.75, 5, 7.8125, 5.0625], "texture": "#0"},
				"east": {"uv": [7.5, 2.25, 7.8125, 2.3125], "texture": "#0"},
				"south": {"uv": [5.25, 7.75, 5.3125, 7.8125], "texture": "#0"},
				"west": {"uv": [7.5, 2.5, 7.8125, 2.5625], "texture": "#0"},
				"up": {"uv": [0.8125, 7.8125, 0.75, 7.5], "texture": "#0"},
				"down": {"uv": [7.5625, 2.75, 7.5, 3.0625], "texture": "#0"}
			}
		},
		{
			"from": [4.02069, 1.34138, 8.3931],
			"to": [4.70345, 2.02414, 10.97586],
			"rotation": {"angle": 0, "axis": "y", "origin": [3.56897, 0.06207, 9.65517]},
			"faces": {
				"north": {"uv": [6, 1.75, 6.1875, 1.9375], "texture": "#0"},
				"east": {"uv": [6.75, 2.25, 7.375, 2.4375], "texture": "#0"},
				"south": {"uv": [7.25, 1.75, 7.4375, 1.9375], "texture": "#0"},
				"west": {"uv": [6.75, 5, 7.375, 5.1875], "texture": "#0"},
				"up": {"uv": [0.9375, 7.375, 0.75, 6.75], "texture": "#0"},
				"down": {"uv": [4.6875, 6.75, 4.5, 7.375], "texture": "#0"}
			}
		},
		{
			"from": [4.22069, 1.54138, 10.71379],
			"to": [4.50345, 1.82414, 11.67241],
			"rotation": {"angle": 0, "axis": "y", "origin": [3.56897, 0.06207, 9.77586]},
			"faces": {
				"north": {"uv": [7.75, 5.25, 7.8125, 5.3125], "texture": "#0"},
				"east": {"uv": [6.75, 7.5, 7, 7.5625], "texture": "#0"},
				"south": {"uv": [5.5, 7.75, 5.5625, 7.8125], "texture": "#0"},
				"west": {"uv": [7, 7.5, 7.25, 7.5625], "texture": "#0"},
				"up": {"uv": [7.5625, 7.25, 7.5, 7], "texture": "#0"},
				"down": {"uv": [7.3125, 7.5, 7.25, 7.75], "texture": "#0"}
			}
		},
		{
			"from": [4.12069, 1.44138, 8.0931],
			"to": [4.60345, 1.92414, 8.47586],
			"rotation": {"angle": 0, "axis": "y", "origin": [3.56897, 0.06207, 7.15517]},
			"faces": {
				"north": {"uv": [7.5, 5.5, 7.625, 5.625], "texture": "#0"},
				"east": {"uv": [7.5, 5.75, 7.625, 5.875], "texture": "#0"},
				"south": {"uv": [7.5, 6, 7.625, 6.125], "texture": "#0"},
				"west": {"uv": [6.25, 7.5, 6.375, 7.625], "texture": "#0"},
				"up": {"uv": [7.625, 6.375, 7.5, 6.25], "texture": "#0"},
				"down": {"uv": [7.625, 6.5, 7.5, 6.625], "texture": "#0"}
			}
		},
		{
			"from": [4.22069, 1.54138, 6.72759],
			"to": [4.50345, 1.82414, 8.07586],
			"rotation": {"angle": 0, "axis": "y", "origin": [3.56897, 0.06207, 6.75517]},
			"faces": {
				"north": {"uv": [7.75, 5, 7.8125, 5.0625], "texture": "#0"},
				"east": {"uv": [7.5, 2.25, 7.8125, 2.3125], "texture": "#0"},
				"south": {"uv": [5.25, 7.75, 5.3125, 7.8125], "texture": "#0"},
				"west": {"uv": [7.5, 2.5, 7.8125, 2.5625], "texture": "#0"},
				"up": {"uv": [0.8125, 7.8125, 0.75, 7.5], "texture": "#0"},
				"down": {"uv": [7.5625, 2.75, 7.5, 3.0625], "texture": "#0"}
			}
		}
	],
	"display": {
		"thirdperson_righthand": {
			"translation": [6.5, 6.5, 0],
			"scale": [0.8, 0.8, 0.8]
		},
		"thirdperson_lefthand": {
			"translation": [-6.75, 5.75, 0],
			"scale": [0.8, 0.8, 0.8]
		},
		"firstperson_righthand": {
			"translation": [7.75, 10.25, 0]
		},
		"firstperson_lefthand": {
			"translation": [-9.5, 10.5, 0]
		},
		"ground": {
			"translation": [8, 3.5, 2]
		},
		"gui": {
			"rotation": [90, 0, 0],
			"translation": [7, -1, 0],
			"scale": [0.8, 0.8, 0.8]
		},
		"head": {
			"translation": [8, 15, 0]
		},
		"fixed": {
			"rotation": [-90, 0, 0],
			"translation": [10.25, 1.75, -10.75],
			"scale": [1.31, 1.31, 1.31]
		}
	}
}
