{
	"credit": "Made with Blockbench",
	"textures": {
		"0": "item/custom/bekchair1new",
		"2": "item/custom/bekchair2",
		"particle": "item/custom/bekchair1new"
	},
	"elements": [
		{
			"from": [4.76207, 10.89655, 6.4],
			"to": [11.45172, 21.13793, 9.5931],
			"rotation": {"angle": 0, "axis": "y", "origin": [9.03793, 11.58621, 5.8]},
			"faces": {
				"north": {"uv": [0, 0, 1.75, 2.75], "texture": "#0"},
				"east": {"uv": [6, 3.5, 7, 6.25], "texture": "#0"},
				"south": {"uv": [1.75, 0, 3.5, 2.75], "texture": "#0"},
				"west": {"uv": [6, 6.25, 7, 9], "texture": "#0"},
				"up": {"uv": [8.75, 4.5, 7, 3.5], "texture": "#0"},
				"down": {"uv": [8.75, 4.5, 7, 5.5], "texture": "#0"}
			}
		},
		{
			"from": [2.04483, 10.48276, 9.78966],
			"to": [4.73448, 13.17241, 18.32069],
			"rotation": {"angle": 45, "axis": "x", "origin": [9.63103, 17.93103, 19.14828]},
			"faces": {
				"north": {"uv": [11.5, 0.75, 12.25, 1.5], "texture": "#0"},
				"east": {"uv": [9, 0, 11, 0.75], "texture": "#0"},
				"south": {"uv": [11.5, 1.5, 12.25, 2.25], "texture": "#0"},
				"west": {"uv": [9, 0.75, 11, 1.5], "texture": "#0"},
				"up": {"uv": [6.75, 11, 6, 9], "texture": "#0"},
				"down": {"uv": [7.5, 9, 6.75, 11], "texture": "#0"}
			}
		},
		{
			"from": [11.44483, 10.48276, 9.78966],
			"to": [14.13448, 13.17241, 18.32069],
			"rotation": {"angle": 45, "axis": "x", "origin": [19.03103, 17.93103, 19.14828]},
			"faces": {
				"north": {"uv": [11.5, 0.75, 12.25, 1.5], "texture": "#0"},
				"east": {"uv": [9, 0, 11, 0.75], "texture": "#0"},
				"south": {"uv": [11.5, 1.5, 12.25, 2.25], "texture": "#0"},
				"west": {"uv": [9, 0.75, 11, 1.5], "texture": "#0"},
				"up": {"uv": [6.75, 11, 6, 9], "texture": "#0"},
				"down": {"uv": [7.5, 9, 6.75, 11], "texture": "#0"}
			}
		},
		{
			"from": [8.28621, 2.94138, 6.71724],
			"to": [11.38966, 11.56207, 9.4069],
			"rotation": {"angle": 0, "axis": "z", "origin": [9.07586, 11.58621, 1.2]},
			"faces": {
				"north": {"uv": [1, 7.25, 1.75, 9.5], "texture": "#0"},
				"east": {"uv": [1.75, 7.25, 2.5, 9.5], "texture": "#0"},
				"south": {"uv": [2.5, 7.25, 3.25, 9.5], "texture": "#0"},
				"west": {"uv": [3.25, 7.25, 4, 9.5], "texture": "#0"},
				"up": {"uv": [11.75, 7.5, 11, 6.75], "texture": "#0"},
				"down": {"uv": [8.75, 11, 8, 11.75], "texture": "#0"}
			}
		},
		{
			"from": [13.9, 16.9, 9.6],
			"to": [16.3, 16.9, 13.8],
			"rotation": {"angle": 45, "axis": "x", "origin": [13.9, 15, 10.8]},
			"faces": {
				"north": {"uv": [0, 0, 3, 0], "texture": "#2"},
				"east": {"uv": [0, 0, 7, 0], "texture": "#2"},
				"south": {"uv": [0, 0, 3, 0], "texture": "#2"},
				"west": {"uv": [0, 0, 7, 0], "texture": "#2"},
				"up": {"uv": [3, 7, 0, 0], "texture": "#2"},
				"down": {"uv": [7, 0, 4, 7], "texture": "#2"}
			}
		},
		{
			"from": [-0.1, 16.9, 9.6],
			"to": [2.3, 16.9, 14.5],
			"rotation": {"angle": 45, "axis": "x", "origin": [13.9, 15, 10.8]},
			"faces": {
				"north": {"uv": [0, 0, 3, 0], "texture": "#2"},
				"east": {"uv": [0, 0, 7, 0], "texture": "#2"},
				"south": {"uv": [0, 0, 3, 0], "texture": "#2"},
				"west": {"uv": [0, 0, 7, 0], "texture": "#2"},
				"up": {"uv": [3, 15, 0, 8], "texture": "#2"},
				"down": {"uv": [11, 0, 8, 7], "texture": "#2"}
			}
		},
		{
			"from": [4.84828, 2.80345, 6.88276],
			"to": [7.95172, 11.56207, 9.57241],
			"rotation": {"angle": 0, "axis": "y", "origin": [9.77586, 11.58621, 0.4]},
			"faces": {
				"north": {"uv": [4, 7.25, 4.75, 9.5], "texture": "#0"},
				"east": {"uv": [4.75, 7.25, 5.5, 9.5], "texture": "#0"},
				"south": {"uv": [7.5, 0, 8.25, 2.25], "texture": "#0"},
				"west": {"uv": [7.5, 5.5, 8.25, 7.75], "texture": "#0"},
				"up": {"uv": [2.5, 12, 1.75, 11.25], "texture": "#0"},
				"down": {"uv": [3.25, 11.25, 2.5, 12], "texture": "#0"}
			}
		}
	],
	"display": {
		"thirdperson_righthand": {
			"rotation": [90, 0, 0],
			"translation": [-6, -2, 1],
			"scale": [1.54, 1.54, 1.54]
		},
		"head": {
			"translation": [0, 20.5, 0]
		}
	},
	"groups": [
		0,
		{
			"name": "group",
			"origin": [0, 0, 0],
			"color": 0,
			"children": [1, 2, 3, 4, 5]
		},
		{
			"name": "group",
			"origin": [8, 8, 8],
			"color": 0,
			"children": [6]
		}
	]
}
