{
	"credit": "Made with Blockbench",
	"texture_size": [32, 32],
	"textures": {
		"1": "item/custom/blastermarkrotr2-2",
		"2": "item/custom/blastermarkrotr2-1",
		"particle": "item/custom/blastermarkrotr2-1"
	},
	"elements": [
		{
			"from": [-11.44828, 11.58621, 0],
			"to": [7.93103, 21.17241, 0],
			"rotation": {"angle": 0, "axis": "y", "origin": [0, 11.58621, 0]},
			"faces": {
				"north": {"uv": [0, 0, 9.5, 5], "texture": "#2"},
				"east": {"uv": [0, 0, 0, 5], "texture": "#2"},
				"south": {"uv": [0, 5, 9.5, 10], "texture": "#2"},
				"west": {"uv": [0, 0, 0, 5], "texture": "#2"},
				"up": {"uv": [9.5, 0, 0, 0], "texture": "#2"},
				"down": {"uv": [9.5, 0, 0, 0], "texture": "#2"}
			}
		},
		{
			"from": [-9.34828, 11.78276, 1.44138],
			"to": [-3.07241, 14.58621, 1.44138],
			"rotation": {"angle": 22.5, "axis": "x", "origin": [-8.86552, 17.89655, 1.44138]},
			"faces": {
				"north": {"uv": [0, 0, 8, 4], "rotation": 180, "texture": "#1"},
				"east": {"uv": [0, 0, 0, 4], "rotation": 180, "texture": "#1"},
				"south": {"uv": [0, 4, 8, 8], "rotation": 180, "texture": "#1"},
				"west": {"uv": [0, 0, 0, 4], "rotation": 180, "texture": "#1"},
				"up": {"uv": [8, 0, 0, 0], "rotation": 180, "texture": "#1"},
				"down": {"uv": [8, 0, 0, 0], "rotation": 180, "texture": "#1"}
			}
		},
		{
			"from": [1.02414, 17.60345, 1.26207],
			"to": [5.0931, 20.43103, 1.26207],
			"rotation": {"angle": -22.5, "axis": "x", "origin": [5.43793, 14.7069, 1.26207]},
			"faces": {
				"north": {"uv": [0, 0, 8, 4], "texture": "#1"},
				"east": {"uv": [0, 0, 0, 4], "texture": "#1"},
				"south": {"uv": [0, 4, 8, 8], "texture": "#1"},
				"west": {"uv": [0, 0, 0, 4], "texture": "#1"},
				"up": {"uv": [8, 0, 0, 0], "texture": "#1"},
				"down": {"uv": [8, 0, 0, 0], "texture": "#1"}
			}
		},
		{
			"from": [-4.28621, 14.08966, 1.24138],
			"to": [-1.45862, 18.15862, 1.24138],
			"rotation": {"angle": -22.5, "axis": "y", "origin": [1.43793, 18.50345, 1.24138]},
			"faces": {
				"north": {"uv": [0, 0, 8, 4], "rotation": 90, "texture": "#1"},
				"east": {"uv": [8, 0, 0, 0], "rotation": 270, "texture": "#1"},
				"south": {"uv": [0, 4, 8, 8], "rotation": 270, "texture": "#1"},
				"west": {"uv": [8, 0, 0, 0], "rotation": 270, "texture": "#1"},
				"up": {"uv": [0, 0, 0, 4], "rotation": 270, "texture": "#1"},
				"down": {"uv": [0, 0, 0, 4], "rotation": 270, "texture": "#1"}
			}
		},
		{
			"from": [-11.18276, 14.36552, 2.48276],
			"to": [-6.42414, 18.02069, 2.48276],
			"rotation": {"angle": -45, "axis": "y", "origin": [-3.52759, 19.1931, 2.48276]},
			"faces": {
				"north": {"uv": [0, 0, 8, 4], "rotation": 90, "texture": "#1"},
				"east": {"uv": [8, 0, 0, 0], "rotation": 270, "texture": "#1"},
				"south": {"uv": [0, 4, 8, 8], "rotation": 270, "texture": "#1"},
				"west": {"uv": [8, 0, 0, 0], "rotation": 270, "texture": "#1"},
				"up": {"uv": [0, 0, 0, 4], "rotation": 270, "texture": "#1"},
				"down": {"uv": [0, 0, 0, 4], "rotation": 270, "texture": "#1"}
			}
		}
	],
	"display": {
		"thirdperson_righthand": {
			"translation": [9.5, -7.25, 7.25]
		},
		"thirdperson_lefthand": {
			"translation": [-8.25, -8.25, 7]
		},
		"firstperson_righthand": {
			"rotation": [-1, 180, -2],
			"translation": [-7, 0.5, 0],
			"scale": [0.61, 0.57, 0.59]
		},
		"firstperson_lefthand": {
			"rotation": [0, 180, -2],
			"translation": [2.75, 2, 0],
			"scale": [0.42, 0.44, 0.52]
		},
		"head": {
			"translation": [16.75, -13.5, 0],
			"scale": [1.77, 1.74, 1.77]
		},
		"fixed": {
			"translation": [8, -7, 7.5]
		}
	}
}
