{
	"credit": "Made with Blockbench",
	"texture_size": [64, 64],
	"textures": {
		"0": "item/custom/chronosouterring",
		"particle": "item/custom/chronosouterring"
	},
	"elements": [
		{
			"from": [5.42586, 14.76207, 7.2069],
			"to": [10.49483, 15.79655, 8.70345],
			"rotation": {"angle": 0, "axis": "x", "origin": [-7.36724, 13.79655, 7.5069]},
			"faces": {
				"north": {"uv": [3.25, 1, 4.5, 1.25], "texture": "#0"},
				"east": {"uv": [7, 5.75, 7.375, 6], "texture": "#0"},
				"south": {"uv": [1.25, 3.25, 2.5, 3.5], "texture": "#0"},
				"west": {"uv": [6, 7, 6.375, 7.25], "texture": "#0"},
				"up": {"uv": [1.75, 2.375, 0.5, 2], "texture": "#0"},
				"down": {"uv": [3.25, 1.5, 2, 1.875], "texture": "#0"}
			}
		},
		{
			"from": [5.42586, -0.73793, 7.2069],
			"to": [10.49483, 0.29655, 8.70345],
			"rotation": {"angle": 0, "axis": "z", "origin": [-7.36724, -1.70345, 7.5069]},
			"faces": {
				"north": {"uv": [3.25, 1.25, 4.5, 1.5], "texture": "#0"},
				"east": {"uv": [2.5, 7.25, 2.875, 7.5], "texture": "#0"},
				"south": {"uv": [3.25, 1.5, 4.5, 1.75], "texture": "#0"},
				"west": {"uv": [7.25, 2.5, 7.625, 2.75], "texture": "#0"},
				"up": {"uv": [1.75, 2.875, 0.5, 2.5], "texture": "#0"},
				"down": {"uv": [4, 2, 2.75, 2.375], "texture": "#0"}
			}
		},
		{
			"from": [15.36035, 4.99655, 7.2069],
			"to": [16.39483, 10.06552, 8.70345],
			"rotation": {"angle": 0, "axis": "z", "origin": [17.36035, -7.79655, 7.5069]},
			"faces": {
				"north": {"uv": [2.5, 3.25, 2.75, 4.5], "texture": "#0"},
				"east": {"uv": [1.75, 2, 2.125, 3.25], "texture": "#0"},
				"south": {"uv": [3.25, 2.5, 3.5, 3.75], "texture": "#0"},
				"west": {"uv": [2.25, 2, 2.625, 3.25], "texture": "#0"},
				"up": {"uv": [1, 7.625, 0.75, 7.25], "texture": "#0"},
				"down": {"uv": [1.75, 7.25, 1.5, 7.625], "texture": "#0"}
			}
		},
		{
			"from": [-0.53965, 4.79655, 7.5069],
			"to": [0.89483, 10.26552, 8.40345],
			"rotation": {"angle": 0, "axis": "z", "origin": [1.66035, -7.79655, 7.5069]},
			"faces": {
				"north": {"uv": [0, 0, 0.375, 1.375], "texture": "#0"},
				"east": {"uv": [3, 0, 3.25, 1.375], "texture": "#0"},
				"south": {"uv": [0.5, 0, 0.875, 1.375], "texture": "#0"},
				"west": {"uv": [0.5, 3, 0.75, 4.375], "texture": "#0"},
				"up": {"uv": [7.625, 1.5, 7.25, 1.25], "texture": "#0"},
				"down": {"uv": [2.375, 7.25, 2, 7.5], "texture": "#0"}
			}
		},
		{
			"from": [5.25, -0.96207, 7.5069],
			"to": [10.71897, 0.47241, 8.40345],
			"rotation": {"angle": 0, "axis": "z", "origin": [-7.3431, -1.72759, 7.5069]},
			"faces": {
				"north": {"uv": [1.5, 0, 2.875, 0.375], "texture": "#0"},
				"east": {"uv": [2.25, 7.5, 2.5, 7.875], "texture": "#0"},
				"south": {"uv": [0.5, 1.5, 1.875, 1.875], "texture": "#0"},
				"west": {"uv": [2.5, 7.5, 2.75, 7.875], "texture": "#0"},
				"up": {"uv": [4.625, 0.25, 3.25, 0], "texture": "#0"},
				"down": {"uv": [4.625, 0.25, 3.25, 0.5], "texture": "#0"}
			}
		},
		{
			"from": [5.25, 14.58621, 7.5069],
			"to": [10.71897, 16.02069, 8.40345],
			"rotation": {"angle": 0, "axis": "x", "origin": [-7.3431, 13.82069, 7.5069]},
			"faces": {
				"north": {"uv": [1.5, 0.5, 2.875, 0.875], "texture": "#0"},
				"east": {"uv": [7.75, 1, 8, 1.375], "texture": "#0"},
				"south": {"uv": [1.5, 1, 2.875, 1.375], "texture": "#0"},
				"west": {"uv": [1.5, 7.75, 1.75, 8.125], "texture": "#0"},
				"up": {"uv": [4.625, 0.75, 3.25, 0.5], "texture": "#0"},
				"down": {"uv": [4.625, 0.75, 3.25, 1], "texture": "#0"}
			}
		},
		{
			"from": [15.16035, 4.79655, 7.46207],
			"to": [16.59483, 10.26552, 8.35862],
			"rotation": {"angle": 0, "axis": "z", "origin": [17.36035, -7.79655, 7.46207]},
			"faces": {
				"north": {"uv": [1, 0, 1.375, 1.375], "texture": "#0"},
				"east": {"uv": [0.75, 3, 1, 4.375], "texture": "#0"},
				"south": {"uv": [0, 1.5, 0.375, 2.875], "texture": "#0"},
				"west": {"uv": [1, 3, 1.25, 4.375], "texture": "#0"},
				"up": {"uv": [3.875, 7.5, 3.5, 7.25], "texture": "#0"},
				"down": {"uv": [7.625, 4.25, 7.25, 4.5], "texture": "#0"}
			}
		},
		{
			"from": [-0.33965, 4.99655, 7.2069],
			"to": [0.69483, 10.06552, 8.70345],
			"rotation": {"angle": 0, "axis": "z", "origin": [1.66035, -7.79655, 7.5069]},
			"faces": {
				"north": {"uv": [1.25, 3.5, 1.5, 4.75], "texture": "#0"},
				"east": {"uv": [2.75, 2.5, 3.125, 3.75], "texture": "#0"},
				"south": {"uv": [1.5, 3.5, 1.75, 4.75], "texture": "#0"},
				"west": {"uv": [0, 3, 0.375, 4.25], "texture": "#0"},
				"up": {"uv": [3.25, 7.625, 3, 7.25], "texture": "#0"},
				"down": {"uv": [3.5, 7.25, 3.25, 7.625], "texture": "#0"}
			}
		},
		{
			"from": [10.38793, 0.15518, 7.2069],
			"to": [12.25, 1.18966, 8.70345],
			"rotation": {"angle": 0, "axis": "z", "origin": [-3.40517, -0.81034, 7.5069]},
			"faces": {
				"north": {"uv": [1.25, 3, 1.6875, 3.25], "texture": "#0"},
				"east": {"uv": [7, 1.5, 7.375, 1.75], "texture": "#0"},
				"south": {"uv": [6.25, 2.25, 6.6875, 2.5], "texture": "#0"},
				"west": {"uv": [7, 1.75, 7.375, 2], "texture": "#0"},
				"up": {"uv": [5.6875, 3.875, 5.25, 3.5], "texture": "#0"},
				"down": {"uv": [5.6875, 4, 5.25, 4.375], "texture": "#0"}
			}
		},
		{
			"from": [10.38793, 13.85518, 7.2069],
			"to": [12.25, 14.88966, 8.70345],
			"rotation": {"angle": 0, "axis": "x", "origin": [-3.40517, 12.88966, 7.5069]},
			"faces": {
				"north": {"uv": [2.25, 6.75, 2.6875, 7], "texture": "#0"},
				"east": {"uv": [5.5, 7, 5.875, 7.25], "texture": "#0"},
				"south": {"uv": [6.75, 2.5, 7.1875, 2.75], "texture": "#0"},
				"west": {"uv": [7, 5.5, 7.375, 5.75], "texture": "#0"},
				"up": {"uv": [3.4375, 5.875, 3, 5.5], "texture": "#0"},
				"down": {"uv": [3.9375, 5.5, 3.5, 5.875], "texture": "#0"}
			}
		},
		{
			"from": [3.33621, 13.68276, 7.47586],
			"to": [5.65, 15.08966, 8.37241],
			"rotation": {"angle": 0, "axis": "x", "origin": [-10.20517, 12.88966, 7.47586]},
			"faces": {
				"north": {"uv": [1.75, 3.5, 2.3125, 3.875], "texture": "#0"},
				"east": {"uv": [7, 6, 7.25, 6.375], "texture": "#0"},
				"south": {"uv": [3.5, 2.5, 4.0625, 2.875], "texture": "#0"},
				"west": {"uv": [6.5, 7, 6.75, 7.375], "texture": "#0"},
				"up": {"uv": [3.8125, 2, 3.25, 1.75], "texture": "#0"},
				"down": {"uv": [1.0625, 5.75, 0.5, 6], "texture": "#0"}
			}
		},
		{
			"from": [10.13621, 13.68276, 7.5069],
			"to": [12.45, 15.08966, 8.40345],
			"rotation": {"angle": 0, "axis": "x", "origin": [-3.40517, 12.88966, 7.5069]},
			"faces": {
				"north": {"uv": [3.75, 4.5, 4.3125, 4.875], "texture": "#0"},
				"east": {"uv": [7.75, 1.5, 8, 1.875], "texture": "#0"},
				"south": {"uv": [4.5, 4.5, 5.0625, 4.875], "texture": "#0"},
				"west": {"uv": [7.75, 2, 8, 2.375], "texture": "#0"},
				"up": {"uv": [6.5625, 4.5, 6, 4.25], "texture": "#0"},
				"down": {"uv": [6.8125, 0.5, 6.25, 0.75], "texture": "#0"}
			}
		},
		{
			"from": [10.13621, -0.01724, 7.5069],
			"to": [12.45, 1.38966, 8.40345],
			"rotation": {"angle": 0, "axis": "z", "origin": [-3.40517, -0.81034, 7.5069]},
			"faces": {
				"north": {"uv": [3, 4.5, 3.5625, 4.875], "texture": "#0"},
				"east": {"uv": [2, 7.5, 2.25, 7.875], "texture": "#0"},
				"south": {"uv": [4.5, 3, 5.0625, 3.375], "texture": "#0"},
				"west": {"uv": [7.5, 2, 7.75, 2.375], "texture": "#0"},
				"up": {"uv": [3.0625, 6.25, 2.5, 6], "texture": "#0"},
				"down": {"uv": [6.5625, 2.5, 6, 2.75], "texture": "#0"}
			}
		},
		{
			"from": [3.33621, -0.01724, 7.5069],
			"to": [5.65, 1.38966, 8.40345],
			"rotation": {"angle": 0, "axis": "z", "origin": [-10.20517, -0.81034, 7.5069]},
			"faces": {
				"north": {"uv": [4.25, 2.5, 4.8125, 2.875], "texture": "#0"},
				"east": {"uv": [7.5, 1.5, 7.75, 1.875], "texture": "#0"},
				"south": {"uv": [2.25, 4.5, 2.8125, 4.875], "texture": "#0"},
				"west": {"uv": [1.75, 7.5, 2, 7.875], "texture": "#0"},
				"up": {"uv": [6.3125, 4.75, 5.75, 4.5], "texture": "#0"},
				"down": {"uv": [6.3125, 4.75, 5.75, 5], "texture": "#0"}
			}
		},
		{
			"from": [3.58793, 13.85518, 7.2069],
			"to": [5.45, 14.88966, 8.70345],
			"rotation": {"angle": 0, "axis": "x", "origin": [-10.20517, 12.88966, 7.5069]},
			"faces": {
				"north": {"uv": [6.75, 4.25, 7.1875, 4.5], "texture": "#0"},
				"east": {"uv": [7.5, 0.5, 7.875, 0.75], "texture": "#0"},
				"south": {"uv": [7, 0.5, 7.4375, 0.75], "texture": "#0"},
				"west": {"uv": [1, 7.5, 1.375, 7.75], "texture": "#0"},
				"up": {"uv": [5.9375, 5.875, 5.5, 5.5], "texture": "#0"},
				"down": {"uv": [6.1875, 0, 5.75, 0.375], "texture": "#0"}
			}
		},
		{
			"from": [14.46724, 3.2, 7.2069],
			"to": [15.50172, 5.06207, 8.70345],
			"rotation": {"angle": 0, "axis": "z", "origin": [16.46724, -10.5931, 7.5069]},
			"faces": {
				"north": {"uv": [2.25, 4, 2.5, 4.4375], "texture": "#0"},
				"east": {"uv": [5.5, 1, 5.875, 1.4375], "texture": "#0"},
				"south": {"uv": [1.75, 6.5, 2, 6.9375], "texture": "#0"},
				"west": {"uv": [5.5, 1.5, 5.875, 1.9375], "texture": "#0"},
				"up": {"uv": [2, 7.375, 1.75, 7], "texture": "#0"},
				"down": {"uv": [4.25, 7, 4, 7.375], "texture": "#0"}
			}
		},
		{
			"from": [0.42586, 10, 7.2069],
			"to": [1.46034, 11.86207, 8.70345],
			"rotation": {"angle": 0, "axis": "y", "origin": [2.42586, -3.7931, 7.5069]},
			"faces": {
				"north": {"uv": [2.75, 6.75, 3, 7.1875], "texture": "#0"},
				"east": {"uv": [4, 5.5, 4.375, 5.9375], "texture": "#0"},
				"south": {"uv": [6.75, 6, 7, 6.4375], "texture": "#0"},
				"west": {"uv": [4.5, 5.5, 4.875, 5.9375], "texture": "#0"},
				"up": {"uv": [7.25, 6.875, 7, 6.5], "texture": "#0"},
				"down": {"uv": [7, 7, 6.75, 7.375], "texture": "#0"}
			}
		},
		{
			"from": [0.22586, 9.8, 7.5069],
			"to": [1.66034, 12.06207, 8.40345],
			"rotation": {"angle": 0, "axis": "x", "origin": [2.42586, -3.7931, 7.5069]},
			"faces": {
				"north": {"uv": [3.5, 3, 3.875, 3.5625], "texture": "#0"},
				"east": {"uv": [1.75, 5.75, 2, 6.3125], "texture": "#0"},
				"south": {"uv": [2.75, 3.75, 3.125, 4.3125], "texture": "#0"},
				"west": {"uv": [5.75, 3, 6, 3.5625], "texture": "#0"},
				"up": {"uv": [7.625, 4.75, 7.25, 4.5], "texture": "#0"},
				"down": {"uv": [7.625, 4.75, 7.25, 5], "texture": "#0"}
			}
		},
		{
			"from": [14.45345, 10, 7.21035],
			"to": [15.48793, 11.86207, 8.7069],
			"rotation": {"angle": 0, "axis": "y", "origin": [13.48793, -3.7931, 8.4069]},
			"faces": {
				"north": {"uv": [6.75, 6, 7, 6.4375], "texture": "#0"},
				"east": {"uv": [4.5, 5.5, 4.875, 5.9375], "texture": "#0"},
				"south": {"uv": [2.75, 6.75, 3, 7.1875], "texture": "#0"},
				"west": {"uv": [4, 5.5, 4.375, 5.9375], "texture": "#0"},
				"up": {"uv": [7.25, 6.875, 7, 6.5], "rotation": 180, "texture": "#0"},
				"down": {"uv": [7, 7, 6.75, 7.375], "rotation": 180, "texture": "#0"}
			}
		},
		{
			"from": [14.25345, 9.8, 7.51035],
			"to": [15.68793, 12.06207, 8.4069],
			"rotation": {"angle": 0, "axis": "y", "origin": [13.48793, -3.7931, 8.4069]},
			"faces": {
				"north": {"uv": [2.75, 3.75, 3.125, 4.3125], "texture": "#0"},
				"east": {"uv": [5.75, 3, 6, 3.5625], "texture": "#0"},
				"south": {"uv": [3.5, 3, 3.875, 3.5625], "texture": "#0"},
				"west": {"uv": [1.75, 5.75, 2, 6.3125], "texture": "#0"},
				"up": {"uv": [7.625, 4.75, 7.25, 4.5], "rotation": 180, "texture": "#0"},
				"down": {"uv": [7.625, 4.75, 7.25, 5], "rotation": 180, "texture": "#0"}
			}
		},
		{
			"from": [14.26724, 3, 7.5069],
			"to": [15.70172, 5.26207, 8.40345],
			"rotation": {"angle": 0, "axis": "z", "origin": [16.46724, -10.5931, 7.5069]},
			"faces": {
				"north": {"uv": [4.5, 1, 4.875, 1.5625], "texture": "#0"},
				"east": {"uv": [2, 6, 2.25, 6.5625], "texture": "#0"},
				"south": {"uv": [4.5, 1.75, 4.875, 2.3125], "texture": "#0"},
				"west": {"uv": [2.25, 6, 2.5, 6.5625], "texture": "#0"},
				"up": {"uv": [7.875, 0.25, 7.5, 0], "texture": "#0"},
				"down": {"uv": [7.875, 0.25, 7.5, 0.5], "texture": "#0"}
			}
		},
		{
			"from": [0.32586, 3, 7.51379],
			"to": [1.76034, 5.26207, 8.41034],
			"rotation": {"angle": 0, "axis": "y", "origin": [2.52586, -10.5931, 7.51379]},
			"faces": {
				"north": {"uv": [4, 3, 4.375, 3.5625], "texture": "#0"},
				"east": {"uv": [0.75, 6, 1, 6.5625], "texture": "#0"},
				"south": {"uv": [0, 4.25, 0.375, 4.8125], "texture": "#0"},
				"west": {"uv": [1, 6, 1.25, 6.5625], "texture": "#0"},
				"up": {"uv": [7.625, 6.75, 7.25, 6.5], "texture": "#0"},
				"down": {"uv": [7.625, 6.75, 7.25, 7], "texture": "#0"}
			}
		},
		{
			"from": [0.51897, 3.2, 7.2069],
			"to": [1.55345, 5.06207, 8.70345],
			"rotation": {"angle": 0, "axis": "z", "origin": [2.51897, -10.5931, 7.5069]},
			"faces": {
				"north": {"uv": [1.5, 6.75, 1.75, 7.1875], "texture": "#0"},
				"east": {"uv": [2, 5.5, 2.375, 5.9375], "texture": "#0"},
				"south": {"uv": [6.75, 1.5, 7, 1.9375], "texture": "#0"},
				"west": {"uv": [5.5, 2, 5.875, 2.4375], "texture": "#0"},
				"up": {"uv": [4.5, 7.375, 4.25, 7], "texture": "#0"},
				"down": {"uv": [4.75, 7, 4.5, 7.375], "texture": "#0"}
			}
		},
		{
			"from": [3.58793, 0.15518, 7.2069],
			"to": [5.45, 1.18966, 8.70345],
			"rotation": {"angle": 0, "axis": "z", "origin": [-10.20517, -0.81034, 7.5069]},
			"faces": {
				"north": {"uv": [1, 6.75, 1.4375, 7], "texture": "#0"},
				"east": {"uv": [7, 2, 7.375, 2.25], "texture": "#0"},
				"south": {"uv": [6.75, 1.25, 7.1875, 1.5], "texture": "#0"},
				"west": {"uv": [2.25, 7, 2.625, 7.25], "texture": "#0"},
				"up": {"uv": [5.6875, 4.875, 5.25, 4.5], "texture": "#0"},
				"down": {"uv": [0.4375, 5.5, 0, 5.875], "texture": "#0"}
			}
		},
		{
			"from": [2.72241, 1.18276, 7.2069],
			"to": [3.89483, 2.21724, 8.70345],
			"rotation": {"angle": 0, "axis": "z", "origin": [-11.76034, 0.21724, 7.5069]},
			"faces": {
				"north": {"uv": [3.5, 7.75, 3.8125, 8], "texture": "#0"},
				"east": {"uv": [7, 2.25, 7.375, 2.5], "texture": "#0"},
				"south": {"uv": [7.75, 3.5, 8.0625, 3.75], "texture": "#0"},
				"west": {"uv": [7, 2.75, 7.375, 3], "texture": "#0"},
				"up": {"uv": [6.8125, 3.625, 6.5, 3.25], "texture": "#0"},
				"down": {"uv": [3.8125, 6.5, 3.5, 6.875], "texture": "#0"}
			}
		},
		{
			"from": [12.22241, 1.18276, 7.2069],
			"to": [13.39483, 2.21724, 8.70345],
			"rotation": {"angle": 0, "axis": "z", "origin": [-2.26034, 0.21724, 7.5069]},
			"faces": {
				"north": {"uv": [7.75, 4.25, 8.0625, 4.5], "texture": "#0"},
				"east": {"uv": [3, 7, 3.375, 7.25], "texture": "#0"},
				"south": {"uv": [4.5, 7.75, 4.8125, 8], "texture": "#0"},
				"west": {"uv": [7, 3, 7.375, 3.25], "texture": "#0"},
				"up": {"uv": [6.8125, 4.125, 6.5, 3.75], "texture": "#0"},
				"down": {"uv": [4.3125, 6.5, 4, 6.875], "texture": "#0"}
			}
		},
		{
			"from": [12.22241, 12.88276, 7.2069],
			"to": [13.39483, 13.91724, 8.70345],
			"rotation": {"angle": 0, "axis": "x", "origin": [-2.26034, 11.91724, 7.5069]},
			"faces": {
				"north": {"uv": [7.75, 6, 8.0625, 6.25], "texture": "#0"},
				"east": {"uv": [7, 5, 7.375, 5.25], "texture": "#0"},
				"south": {"uv": [7.75, 6.25, 8.0625, 6.5], "texture": "#0"},
				"west": {"uv": [7, 5.25, 7.375, 5.5], "texture": "#0"},
				"up": {"uv": [6.3125, 6.875, 6, 6.5], "texture": "#0"},
				"down": {"uv": [6.8125, 6.5, 6.5, 6.875], "texture": "#0"}
			}
		},
		{
			"from": [2.30517, 12.68276, 7.5069],
			"to": [3.87759, 14.11724, 8.40345],
			"rotation": {"angle": 0, "axis": "x", "origin": [-11.97759, 11.91724, 7.5069]},
			"faces": {
				"north": {"uv": [5.75, 0.5, 6.125, 0.875], "texture": "#0"},
				"east": {"uv": [7.25, 0, 7.5, 0.375], "texture": "#0"},
				"south": {"uv": [1.25, 5.75, 1.625, 6.125], "texture": "#0"},
				"west": {"uv": [0.5, 7.25, 0.75, 7.625], "texture": "#0"},
				"up": {"uv": [7.625, 1, 7.25, 0.75], "texture": "#0"},
				"down": {"uv": [7.625, 1, 7.25, 1.25], "texture": "#0"}
			}
		},
		{
			"from": [1.10517, 11.68276, 7.5069],
			"to": [2.67759, 13.11724, 8.40345],
			"rotation": {"angle": 0, "axis": "x", "origin": [-13.17759, 10.91724, 7.5069]},
			"faces": {
				"north": {"uv": [6, 2.75, 6.375, 3.125], "texture": "#0"},
				"east": {"uv": [2.75, 7.5, 3, 7.875], "texture": "#0"},
				"south": {"uv": [3.25, 6, 3.625, 6.375], "texture": "#0"},
				"west": {"uv": [7.5, 3.25, 7.75, 3.625], "texture": "#0"},
				"up": {"uv": [3.875, 7.75, 3.5, 7.5], "texture": "#0"},
				"down": {"uv": [7.875, 3.75, 7.5, 4], "texture": "#0"}
			}
		},
		{
			"from": [13.10517, 11.68276, 7.5069],
			"to": [14.67759, 13.11724, 8.40345],
			"rotation": {"angle": 0, "axis": "x", "origin": [-1.17759, 10.91724, 7.5069]},
			"faces": {
				"north": {"uv": [6, 3.25, 6.375, 3.625], "texture": "#0"},
				"east": {"uv": [4, 7.5, 4.25, 7.875], "texture": "#0"},
				"south": {"uv": [3.75, 6, 4.125, 6.375], "texture": "#0"},
				"west": {"uv": [4.25, 7.5, 4.5, 7.875], "texture": "#0"},
				"up": {"uv": [7.875, 4.25, 7.5, 4], "texture": "#0"},
				"down": {"uv": [4.875, 7.5, 4.5, 7.75], "texture": "#0"}
			}
		},
		{
			"from": [12.00517, 12.68276, 7.5069],
			"to": [13.57759, 14.11724, 8.40345],
			"rotation": {"angle": 0, "axis": "x", "origin": [-2.27759, 11.91724, 7.5069]},
			"faces": {
				"north": {"uv": [6.25, 0.75, 6.625, 1.125], "texture": "#0"},
				"east": {"uv": [3, 7.75, 3.25, 8.125], "texture": "#0"},
				"south": {"uv": [1.25, 6.25, 1.625, 6.625], "texture": "#0"},
				"west": {"uv": [3.25, 7.75, 3.5, 8.125], "texture": "#0"},
				"up": {"uv": [8.125, 2.75, 7.75, 2.5], "texture": "#0"},
				"down": {"uv": [8.125, 3.25, 7.75, 3.5], "texture": "#0"}
			}
		},
		{
			"from": [12.00517, 0.98276, 7.5069],
			"to": [13.57759, 2.41724, 8.40345],
			"rotation": {"angle": 0, "axis": "y", "origin": [-2.27759, 0.21724, 7.5069]},
			"faces": {
				"north": {"uv": [6, 3.75, 6.375, 4.125], "texture": "#0"},
				"east": {"uv": [7.5, 5, 7.75, 5.375], "texture": "#0"},
				"south": {"uv": [4.25, 6, 4.625, 6.375], "texture": "#0"},
				"west": {"uv": [5.5, 7.5, 5.75, 7.875], "texture": "#0"},
				"up": {"uv": [7.875, 5.75, 7.5, 5.5], "texture": "#0"},
				"down": {"uv": [6.125, 7.5, 5.75, 7.75], "texture": "#0"}
			}
		},
		{
			"from": [13.10517, 1.98276, 7.54483],
			"to": [14.67759, 3.41724, 8.44138],
			"rotation": {"angle": 0, "axis": "y", "origin": [-1.17759, 1.21724, 7.54483]},
			"faces": {
				"north": {"uv": [4.75, 6, 5.125, 6.375], "texture": "#0"},
				"east": {"uv": [6.25, 7.5, 6.5, 7.875], "texture": "#0"},
				"south": {"uv": [6, 5, 6.375, 5.375], "texture": "#0"},
				"west": {"uv": [6.5, 7.5, 6.75, 7.875], "texture": "#0"},
				"up": {"uv": [7.875, 6, 7.5, 5.75], "texture": "#0"},
				"down": {"uv": [7.125, 7.5, 6.75, 7.75], "texture": "#0"}
			}
		},
		{
			"from": [1.30517, 1.98276, 7.52069],
			"to": [2.87759, 3.41724, 8.41724],
			"rotation": {"angle": 0, "axis": "y", "origin": [-12.97759, 1.21724, 7.52069]},
			"faces": {
				"north": {"uv": [5.25, 6, 5.625, 6.375], "texture": "#0"},
				"east": {"uv": [7.5, 7, 7.75, 7.375], "texture": "#0"},
				"south": {"uv": [6, 5.5, 6.375, 5.875], "texture": "#0"},
				"west": {"uv": [7.25, 7.5, 7.5, 7.875], "texture": "#0"},
				"up": {"uv": [7.875, 7.75, 7.5, 7.5], "texture": "#0"},
				"down": {"uv": [0.375, 7.75, 0, 8], "texture": "#0"}
			}
		},
		{
			"from": [2.50517, 0.98276, 7.5069],
			"to": [4.07759, 2.41724, 8.40345],
			"rotation": {"angle": 0, "axis": "y", "origin": [-11.77759, 0.21724, 7.5069]},
			"faces": {
				"north": {"uv": [5.75, 6, 6.125, 6.375], "texture": "#0"},
				"east": {"uv": [0.5, 7.75, 0.75, 8.125], "texture": "#0"},
				"south": {"uv": [6.25, 0, 6.625, 0.375], "texture": "#0"},
				"west": {"uv": [0.75, 7.75, 1, 8.125], "texture": "#0"},
				"up": {"uv": [8.125, 1, 7.75, 0.75], "texture": "#0"},
				"down": {"uv": [1.375, 7.75, 1, 8], "texture": "#0"}
			}
		},
		{
			"from": [2.50517, 12.88276, 7.2069],
			"to": [3.67759, 13.91724, 8.70345],
			"rotation": {"angle": 0, "axis": "x", "origin": [-11.97759, 11.91724, 7.5069]},
			"faces": {
				"north": {"uv": [7.75, 6.75, 8.0625, 7], "texture": "#0"},
				"east": {"uv": [7.5, 2.75, 7.875, 3], "texture": "#0"},
				"south": {"uv": [7.75, 7, 8.0625, 7.25], "texture": "#0"},
				"west": {"uv": [7.5, 3, 7.875, 3.25], "texture": "#0"},
				"up": {"uv": [0.8125, 7.125, 0.5, 6.75], "texture": "#0"},
				"down": {"uv": [7.0625, 0.75, 6.75, 1.125], "texture": "#0"}
			}
		},
		{
			"from": [13.31207, 2.21035, 7.2069],
			"to": [14.48448, 3.24483, 8.70345],
			"rotation": {"angle": 0, "axis": "z", "origin": [-1.17069, 1.24483, 7.5069]},
			"faces": {
				"north": {"uv": [7.75, 4.5, 8.0625, 4.75], "texture": "#0"},
				"east": {"uv": [7, 3.25, 7.375, 3.5], "texture": "#0"},
				"south": {"uv": [7.75, 4.75, 8.0625, 5], "texture": "#0"},
				"west": {"uv": [3.5, 7, 3.875, 7.25], "texture": "#0"},
				"up": {"uv": [4.8125, 6.875, 4.5, 6.5], "texture": "#0"},
				"down": {"uv": [6.8125, 4.5, 6.5, 4.875], "texture": "#0"}
			}
		},
		{
			"from": [13.31207, 11.83793, 7.2069],
			"to": [14.48448, 12.87241, 8.70345],
			"rotation": {"angle": 0, "axis": "x", "origin": [-1.17069, 10.87241, 7.5069]},
			"faces": {
				"north": {"uv": [7.75, 5.25, 8.0625, 5.5], "texture": "#0"},
				"east": {"uv": [7, 4, 7.375, 4.25], "texture": "#0"},
				"south": {"uv": [5.75, 7.75, 6.0625, 8], "texture": "#0"},
				"west": {"uv": [5, 7, 5.375, 7.25], "texture": "#0"},
				"up": {"uv": [5.8125, 6.875, 5.5, 6.5], "texture": "#0"},
				"down": {"uv": [6.8125, 5.5, 6.5, 5.875], "texture": "#0"}
			}
		},
		{
			"from": [1.33965, 11.83793, 7.2069],
			"to": [2.51207, 12.87241, 8.70345],
			"rotation": {"angle": 0, "axis": "x", "origin": [-13.1431, 10.87241, 7.5069]},
			"faces": {
				"north": {"uv": [7.75, 6.5, 8.0625, 6.75], "texture": "#0"},
				"east": {"uv": [7, 7, 7.375, 7.25], "texture": "#0"},
				"south": {"uv": [6.75, 7.75, 7.0625, 8], "texture": "#0"},
				"west": {"uv": [0, 7.25, 0.375, 7.5], "texture": "#0"},
				"up": {"uv": [0.3125, 7.125, 0, 6.75], "texture": "#0"},
				"down": {"uv": [7.0625, 0, 6.75, 0.375], "texture": "#0"}
			}
		},
		{
			"from": [1.5569, 2.21035, 7.2069],
			"to": [2.72931, 3.24483, 8.70345],
			"rotation": {"angle": 0, "axis": "z", "origin": [-12.92586, 1.24483, 7.5069]},
			"faces": {
				"north": {"uv": [5, 7.75, 5.3125, 8], "texture": "#0"},
				"east": {"uv": [7, 3.5, 7.375, 3.75], "texture": "#0"},
				"south": {"uv": [7.75, 5, 8.0625, 5.25], "texture": "#0"},
				"west": {"uv": [7, 3.75, 7.375, 4], "texture": "#0"},
				"up": {"uv": [5.3125, 6.875, 5, 6.5], "texture": "#0"},
				"down": {"uv": [6.8125, 5, 6.5, 5.375], "texture": "#0"}
			}
		},
		{
			"from": [-0.77759, 6.72069, 7.0069],
			"to": [1.02241, 8.52069, 8.8069],
			"rotation": {"angle": 0, "axis": "y", "origin": [-0.87759, 6.62069, 7.0069]},
			"faces": {
				"north": {"uv": [4.75, 0, 5.1875, 0.4375], "texture": "#0"},
				"east": {"uv": [4.75, 0.5, 5.1875, 0.9375], "texture": "#0"},
				"south": {"uv": [1, 4.75, 1.4375, 5.1875], "texture": "#0"},
				"west": {"uv": [1.5, 4.75, 1.9375, 5.1875], "texture": "#0"},
				"up": {"uv": [5.1875, 3.9375, 4.75, 3.5], "texture": "#0"},
				"down": {"uv": [5.1875, 4, 4.75, 4.4375], "texture": "#0"}
			}
		},
		{
			"from": [15.02241, 6.72069, 7.0069],
			"to": [16.82241, 8.52069, 8.8069],
			"rotation": {"angle": 0, "axis": "y", "origin": [14.92241, 6.62069, 7.0069]},
			"faces": {
				"north": {"uv": [0, 5, 0.4375, 5.4375], "texture": "#0"},
				"east": {"uv": [5, 1, 5.4375, 1.4375], "texture": "#0"},
				"south": {"uv": [5, 1.5, 5.4375, 1.9375], "texture": "#0"},
				"west": {"uv": [2, 5, 2.4375, 5.4375], "texture": "#0"},
				"up": {"uv": [5.4375, 2.4375, 5, 2], "texture": "#0"},
				"down": {"uv": [2.9375, 5, 2.5, 5.4375], "texture": "#0"}
			}
		},
		{
			"from": [7.02241, -1.17931, 7.0069],
			"to": [8.82241, 0.62069, 8.8069],
			"rotation": {"angle": 0, "axis": "y", "origin": [6.92241, -1.27931, 7.0069]},
			"faces": {
				"north": {"uv": [5, 2.5, 5.4375, 2.9375], "texture": "#0"},
				"east": {"uv": [3, 5, 3.4375, 5.4375], "texture": "#0"},
				"south": {"uv": [3.5, 5, 3.9375, 5.4375], "texture": "#0"},
				"west": {"uv": [4, 5, 4.4375, 5.4375], "texture": "#0"},
				"up": {"uv": [4.9375, 5.4375, 4.5, 5], "texture": "#0"},
				"down": {"uv": [5.4375, 5, 5, 5.4375], "texture": "#0"}
			}
		},
		{
			"from": [7.22241, -1.04828, 9.72759],
			"to": [8.72241, 0.45172, 11.22759],
			"rotation": {"angle": 0, "axis": "y", "origin": [6.82241, -1.34828, 9.62759]},
			"faces": {
				"north": {"uv": [6.25, 1.25, 6.625, 1.625], "texture": "#0"},
				"east": {"uv": [6.25, 1.75, 6.625, 2.125], "texture": "#0"},
				"south": {"uv": [2.5, 6.25, 2.875, 6.625], "texture": "#0"},
				"west": {"uv": [6.25, 6, 6.625, 6.375], "texture": "#0"},
				"up": {"uv": [6.875, 3.125, 6.5, 2.75], "texture": "#0"},
				"down": {"uv": [3.375, 6.5, 3, 6.875], "texture": "#0"}
			}
		},
		{
			"from": [7.62241, -0.57931, 8.66897],
			"to": [8.12241, -0.07931, 9.86897],
			"rotation": {"angle": 0, "axis": "y", "origin": [6.92241, -1.27931, 8.66897]},
			"faces": {
				"north": {"uv": [1, 4.5, 1.125, 4.625], "texture": "#0"},
				"east": {"uv": [7.75, 7.25, 8.0625, 7.375], "texture": "#0"},
				"south": {"uv": [4.5, 3.5, 4.625, 3.625], "texture": "#0"},
				"west": {"uv": [7.5, 7.75, 7.8125, 7.875], "texture": "#0"},
				"up": {"uv": [0.125, 8.3125, 0, 8], "texture": "#0"},
				"down": {"uv": [8.125, 0, 8, 0.3125], "texture": "#0"}
			}
		},
		{
			"from": [7.02241, 14.4069, 7.0069],
			"to": [8.82241, 16.2069, 8.8069],
			"rotation": {"angle": 0, "axis": "x", "origin": [6.92241, 14.3069, 7.0069]},
			"faces": {
				"north": {"uv": [5.25, 0, 5.6875, 0.4375], "texture": "#0"},
				"east": {"uv": [0.5, 5.25, 0.9375, 5.6875], "texture": "#0"},
				"south": {"uv": [5.25, 0.5, 5.6875, 0.9375], "texture": "#0"},
				"west": {"uv": [1, 5.25, 1.4375, 5.6875], "texture": "#0"},
				"up": {"uv": [1.9375, 5.6875, 1.5, 5.25], "texture": "#0"},
				"down": {"uv": [5.6875, 3, 5.25, 3.4375], "texture": "#0"}
			}
		},
		{
			"from": [10.48793, 6.68966, 14.28276],
			"to": [12.35, 8.18621, 15.31724],
			"rotation": {"angle": 0, "axis": "x", "origin": [-3.30517, 6.98966, 16.28276]},
			"faces": {
				"north": {"uv": [5.6875, 3.875, 5.25, 3.5], "rotation": 180, "texture": "#0"},
				"east": {"uv": [7, 1.5, 7.375, 1.75], "rotation": 90, "texture": "#0"},
				"south": {"uv": [5.6875, 4, 5.25, 4.375], "texture": "#0"},
				"west": {"uv": [7, 1.75, 7.375, 2], "rotation": 270, "texture": "#0"},
				"up": {"uv": [6.25, 2.25, 6.6875, 2.5], "texture": "#0"},
				"down": {"uv": [1.25, 3, 1.6875, 3.25], "rotation": 180, "texture": "#0"}
			}
		},
		{
			"from": [3.68793, 6.68966, 14.28276],
			"to": [5.55, 8.18621, 15.31724],
			"rotation": {"angle": 0, "axis": "x", "origin": [-10.10517, 6.98966, 16.28276]},
			"faces": {
				"north": {"uv": [5.6875, 4.875, 5.25, 4.5], "rotation": 180, "texture": "#0"},
				"east": {"uv": [7, 2, 7.375, 2.25], "rotation": 90, "texture": "#0"},
				"south": {"uv": [0.4375, 5.5, 0, 5.875], "texture": "#0"},
				"west": {"uv": [2.25, 7, 2.625, 7.25], "rotation": 270, "texture": "#0"},
				"up": {"uv": [6.75, 1.25, 7.1875, 1.5], "texture": "#0"},
				"down": {"uv": [1, 6.75, 1.4375, 7], "rotation": 180, "texture": "#0"}
			}
		},
		{
			"from": [2.72241, 6.71724, 13.28276],
			"to": [3.89483, 8.21379, 14.31724],
			"rotation": {"angle": 0, "axis": "x", "origin": [-11.76034, 7.01724, 15.28276]},
			"faces": {
				"north": {"uv": [6.8125, 3.625, 6.5, 3.25], "rotation": 180, "texture": "#0"},
				"east": {"uv": [7, 2.25, 7.375, 2.5], "rotation": 90, "texture": "#0"},
				"south": {"uv": [3.8125, 6.5, 3.5, 6.875], "texture": "#0"},
				"west": {"uv": [7, 2.75, 7.375, 3], "rotation": 270, "texture": "#0"},
				"up": {"uv": [7.75, 3.5, 8.0625, 3.75], "texture": "#0"},
				"down": {"uv": [3.5, 7.75, 3.8125, 8], "rotation": 180, "texture": "#0"}
			}
		},
		{
			"from": [12.22241, 6.71724, 13.28276],
			"to": [13.39483, 8.21379, 14.31724],
			"rotation": {"angle": 0, "axis": "x", "origin": [-2.26034, 7.01724, 15.28276]},
			"faces": {
				"north": {"uv": [6.8125, 4.125, 6.5, 3.75], "rotation": 180, "texture": "#0"},
				"east": {"uv": [3, 7, 3.375, 7.25], "rotation": 90, "texture": "#0"},
				"south": {"uv": [4.3125, 6.5, 4, 6.875], "texture": "#0"},
				"west": {"uv": [7, 3, 7.375, 3.25], "rotation": 270, "texture": "#0"},
				"up": {"uv": [4.5, 7.75, 4.8125, 8], "texture": "#0"},
				"down": {"uv": [7.75, 4.25, 8.0625, 4.5], "rotation": 180, "texture": "#0"}
			}
		},
		{
			"from": [13.31207, 6.74483, 12.28276],
			"to": [14.48448, 8.24138, 13.31724],
			"rotation": {"angle": 0, "axis": "x", "origin": [-1.17069, 7.04483, 14.28276]},
			"faces": {
				"north": {"uv": [4.8125, 6.875, 4.5, 6.5], "rotation": 180, "texture": "#0"},
				"east": {"uv": [7, 3.25, 7.375, 3.5], "rotation": 90, "texture": "#0"},
				"south": {"uv": [6.8125, 4.5, 6.5, 4.875], "texture": "#0"},
				"west": {"uv": [3.5, 7, 3.875, 7.25], "rotation": 270, "texture": "#0"},
				"up": {"uv": [7.75, 4.75, 8.0625, 5], "texture": "#0"},
				"down": {"uv": [7.75, 4.5, 8.0625, 4.75], "rotation": 180, "texture": "#0"}
			}
		},
		{
			"from": [1.5569, 6.74483, 12.28276],
			"to": [2.72931, 8.24138, 13.31724],
			"rotation": {"angle": 0, "axis": "x", "origin": [-12.92586, 7.04483, 14.28276]},
			"faces": {
				"north": {"uv": [5.3125, 6.875, 5, 6.5], "rotation": 180, "texture": "#0"},
				"east": {"uv": [7, 3.5, 7.375, 3.75], "rotation": 90, "texture": "#0"},
				"south": {"uv": [6.8125, 5, 6.5, 5.375], "texture": "#0"},
				"west": {"uv": [7, 3.75, 7.375, 4], "rotation": 270, "texture": "#0"},
				"up": {"uv": [7.75, 5, 8.0625, 5.25], "texture": "#0"},
				"down": {"uv": [5, 7.75, 5.3125, 8], "rotation": 180, "texture": "#0"}
			}
		},
		{
			"from": [14.46724, 6.7069, 10.42759],
			"to": [15.50172, 8.20345, 12.28966],
			"rotation": {"angle": 0, "axis": "x", "origin": [16.46724, 7.0069, 26.08276]},
			"faces": {
				"north": {"uv": [2, 7.375, 1.75, 7], "rotation": 180, "texture": "#0"},
				"east": {"uv": [5.5, 1, 5.875, 1.4375], "rotation": 90, "texture": "#0"},
				"south": {"uv": [4.25, 7, 4, 7.375], "texture": "#0"},
				"west": {"uv": [5.5, 1.5, 5.875, 1.9375], "rotation": 270, "texture": "#0"},
				"up": {"uv": [1.75, 6.5, 2, 6.9375], "texture": "#0"},
				"down": {"uv": [2.25, 4, 2.5, 4.4375], "rotation": 180, "texture": "#0"}
			}
		},
		{
			"from": [0.51897, 6.7069, 10.42759],
			"to": [1.55345, 8.20345, 12.28966],
			"rotation": {"angle": 0, "axis": "x", "origin": [2.51897, 7.0069, 26.08276]},
			"faces": {
				"north": {"uv": [4.5, 7.375, 4.25, 7], "rotation": 180, "texture": "#0"},
				"east": {"uv": [2, 5.5, 2.375, 5.9375], "rotation": 90, "texture": "#0"},
				"south": {"uv": [4.75, 7, 4.5, 7.375], "texture": "#0"},
				"west": {"uv": [5.5, 2, 5.875, 2.4375], "rotation": 270, "texture": "#0"},
				"up": {"uv": [6.75, 1.5, 7, 1.9375], "texture": "#0"},
				"down": {"uv": [1.5, 6.75, 1.75, 7.1875], "rotation": 180, "texture": "#0"}
			}
		},
		{
			"from": [13.41207, 6.67241, 2.68276],
			"to": [14.58448, 8.16896, 3.71724],
			"rotation": {"angle": 0, "axis": "x", "origin": [-1.07069, 6.97241, 4.68276]},
			"faces": {
				"north": {"uv": [5.8125, 6.875, 5.5, 6.5], "rotation": 180, "texture": "#0"},
				"east": {"uv": [7, 4, 7.375, 4.25], "rotation": 90, "texture": "#0"},
				"south": {"uv": [6.8125, 5.5, 6.5, 5.875], "texture": "#0"},
				"west": {"uv": [5, 7, 5.375, 7.25], "rotation": 270, "texture": "#0"},
				"up": {"uv": [5.75, 7.75, 6.0625, 8], "texture": "#0"},
				"down": {"uv": [7.75, 5.25, 8.0625, 5.5], "rotation": 180, "texture": "#0"}
			}
		},
		{
			"from": [12.32241, 6.71724, 1.68276],
			"to": [13.49483, 8.21379, 2.71724],
			"rotation": {"angle": 0, "axis": "x", "origin": [-2.16034, 7.01724, 3.68276]},
			"faces": {
				"north": {"uv": [6.3125, 6.875, 6, 6.5], "rotation": 180, "texture": "#0"},
				"east": {"uv": [7, 5, 7.375, 5.25], "rotation": 90, "texture": "#0"},
				"south": {"uv": [6.8125, 6.5, 6.5, 6.875], "texture": "#0"},
				"west": {"uv": [7, 5.25, 7.375, 5.5], "rotation": 270, "texture": "#0"},
				"up": {"uv": [7.75, 6.25, 8.0625, 6.5], "texture": "#0"},
				"down": {"uv": [7.75, 6, 8.0625, 6.25], "rotation": 180, "texture": "#0"}
			}
		},
		{
			"from": [10.48793, 6.68966, 0.68276],
			"to": [12.35, 8.18621, 1.71724],
			"rotation": {"angle": 0, "axis": "x", "origin": [-3.30517, 6.98966, 2.68276]},
			"faces": {
				"north": {"uv": [3.4375, 5.875, 3, 5.5], "rotation": 180, "texture": "#0"},
				"east": {"uv": [5.5, 7, 5.875, 7.25], "rotation": 90, "texture": "#0"},
				"south": {"uv": [3.9375, 5.5, 3.5, 5.875], "texture": "#0"},
				"west": {"uv": [7, 5.5, 7.375, 5.75], "rotation": 270, "texture": "#0"},
				"up": {"uv": [6.75, 2.5, 7.1875, 2.75], "texture": "#0"},
				"down": {"uv": [2.25, 6.75, 2.6875, 7], "rotation": 180, "texture": "#0"}
			}
		},
		{
			"from": [5.52586, 6.69655, -0.31724],
			"to": [10.59483, 8.1931, 0.71724],
			"rotation": {"angle": 0, "axis": "x", "origin": [-7.26724, 6.99655, 1.68276]},
			"faces": {
				"north": {"uv": [1.75, 2.375, 0.5, 2], "rotation": 180, "texture": "#0"},
				"east": {"uv": [7, 5.75, 7.375, 6], "rotation": 90, "texture": "#0"},
				"south": {"uv": [3.25, 1.5, 2, 1.875], "texture": "#0"},
				"west": {"uv": [6, 7, 6.375, 7.25], "rotation": 270, "texture": "#0"},
				"up": {"uv": [1.25, 3.25, 2.5, 3.5], "texture": "#0"},
				"down": {"uv": [3.25, 1, 4.5, 1.25], "rotation": 180, "texture": "#0"}
			}
		},
		{
			"from": [3.43621, 6.98966, 0.45173],
			"to": [5.75, 7.88621, 1.85862],
			"rotation": {"angle": 0, "axis": "x", "origin": [-10.10517, 6.98966, 2.65173]},
			"faces": {
				"north": {"uv": [3.8125, 2, 3.25, 1.75], "rotation": 180, "texture": "#0"},
				"east": {"uv": [7, 6, 7.25, 6.375], "rotation": 90, "texture": "#0"},
				"south": {"uv": [1.0625, 5.75, 0.5, 6], "texture": "#0"},
				"west": {"uv": [6.5, 7, 6.75, 7.375], "rotation": 270, "texture": "#0"},
				"up": {"uv": [3.5, 2.5, 4.0625, 2.875], "texture": "#0"},
				"down": {"uv": [1.75, 3.5, 2.3125, 3.875], "rotation": 180, "texture": "#0"}
			}
		},
		{
			"from": [1.43965, 6.67241, 2.68276],
			"to": [2.61207, 8.16896, 3.71724],
			"rotation": {"angle": 0, "axis": "x", "origin": [-13.0431, 6.97241, 4.68276]},
			"faces": {
				"north": {"uv": [0.3125, 7.125, 0, 6.75], "rotation": 180, "texture": "#0"},
				"east": {"uv": [7, 7, 7.375, 7.25], "rotation": 90, "texture": "#0"},
				"south": {"uv": [7.0625, 0, 6.75, 0.375], "texture": "#0"},
				"west": {"uv": [0, 7.25, 0.375, 7.5], "rotation": 270, "texture": "#0"},
				"up": {"uv": [6.75, 7.75, 7.0625, 8], "texture": "#0"},
				"down": {"uv": [7.75, 6.5, 8.0625, 6.75], "rotation": 180, "texture": "#0"}
			}
		},
		{
			"from": [2.40517, 7.01724, 1.48276],
			"to": [3.97759, 7.91379, 2.91724],
			"rotation": {"angle": 0, "axis": "x", "origin": [-11.87759, 7.01724, 3.68276]},
			"faces": {
				"north": {"uv": [7.625, 1, 7.25, 0.75], "rotation": 180, "texture": "#0"},
				"east": {"uv": [7.25, 0, 7.5, 0.375], "rotation": 90, "texture": "#0"},
				"south": {"uv": [7.625, 1, 7.25, 1.25], "texture": "#0"},
				"west": {"uv": [0.5, 7.25, 0.75, 7.625], "rotation": 270, "texture": "#0"},
				"up": {"uv": [1.25, 5.75, 1.625, 6.125], "texture": "#0"},
				"down": {"uv": [5.75, 0.5, 6.125, 0.875], "rotation": 180, "texture": "#0"}
			}
		},
		{
			"from": [15.26035, 6.70345, 5.42069],
			"to": [16.29483, 8.2, 10.48966],
			"rotation": {"angle": 0, "axis": "x", "origin": [17.26035, 7.00345, 23.28276]},
			"faces": {
				"north": {"uv": [1, 7.625, 0.75, 7.25], "rotation": 180, "texture": "#0"},
				"east": {"uv": [1.75, 2, 2.125, 3.25], "rotation": 90, "texture": "#0"},
				"south": {"uv": [1.75, 7.25, 1.5, 7.625], "texture": "#0"},
				"west": {"uv": [2.25, 2, 2.625, 3.25], "rotation": 270, "texture": "#0"},
				"up": {"uv": [3.25, 2.5, 3.5, 3.75], "texture": "#0"},
				"down": {"uv": [2.5, 3.25, 2.75, 4.5], "rotation": 180, "texture": "#0"}
			}
		},
		{
			"from": [-0.63965, 7.00345, 5.22069],
			"to": [0.79483, 7.9, 10.68966],
			"rotation": {"angle": 0, "axis": "x", "origin": [1.56035, 7.00345, 23.28276]},
			"faces": {
				"north": {"uv": [7.625, 1.5, 7.25, 1.25], "rotation": 180, "texture": "#0"},
				"east": {"uv": [3, 0, 3.25, 1.375], "rotation": 90, "texture": "#0"},
				"south": {"uv": [2.375, 7.25, 2, 7.5], "texture": "#0"},
				"west": {"uv": [0.5, 3, 0.75, 4.375], "rotation": 270, "texture": "#0"},
				"up": {"uv": [0.5, 0, 0.875, 1.375], "texture": "#0"},
				"down": {"uv": [0, 0, 0.375, 1.375], "rotation": 180, "texture": "#0"}
			}
		},
		{
			"from": [5.52586, 6.69655, 15.28276],
			"to": [10.59483, 8.1931, 16.31724],
			"rotation": {"angle": 0, "axis": "x", "origin": [-7.26724, 6.99655, 17.28276]},
			"faces": {
				"north": {"uv": [1.75, 2.875, 0.5, 2.5], "rotation": 180, "texture": "#0"},
				"east": {"uv": [2.5, 7.25, 2.875, 7.5], "rotation": 90, "texture": "#0"},
				"south": {"uv": [4, 2, 2.75, 2.375], "texture": "#0"},
				"west": {"uv": [7.25, 2.5, 7.625, 2.75], "rotation": 270, "texture": "#0"},
				"up": {"uv": [3.25, 1.5, 4.5, 1.75], "texture": "#0"},
				"down": {"uv": [3.25, 1.25, 4.5, 1.5], "rotation": 180, "texture": "#0"}
			}
		},
		{
			"from": [-0.43965, 6.70345, 5.42069],
			"to": [0.59483, 8.2, 10.48966],
			"rotation": {"angle": 0, "axis": "x", "origin": [1.56035, 7.00345, 23.28276]},
			"faces": {
				"north": {"uv": [3.25, 7.625, 3, 7.25], "rotation": 180, "texture": "#0"},
				"east": {"uv": [2.75, 2.5, 3.125, 3.75], "rotation": 90, "texture": "#0"},
				"south": {"uv": [3.5, 7.25, 3.25, 7.625], "texture": "#0"},
				"west": {"uv": [0, 3, 0.375, 4.25], "rotation": 270, "texture": "#0"},
				"up": {"uv": [1.5, 3.5, 1.75, 4.75], "texture": "#0"},
				"down": {"uv": [1.25, 3.5, 1.5, 4.75], "rotation": 180, "texture": "#0"}
			}
		},
		{
			"from": [15.06035, 7.00345, 5.17586],
			"to": [16.49483, 7.9, 10.64483],
			"rotation": {"angle": 0, "axis": "x", "origin": [17.26035, 7.00345, 23.23793]},
			"faces": {
				"north": {"uv": [3.875, 7.5, 3.5, 7.25], "rotation": 180, "texture": "#0"},
				"east": {"uv": [0.75, 3, 1, 4.375], "rotation": 90, "texture": "#0"},
				"south": {"uv": [7.625, 4.25, 7.25, 4.5], "texture": "#0"},
				"west": {"uv": [1, 3, 1.25, 4.375], "rotation": 270, "texture": "#0"},
				"up": {"uv": [0, 1.5, 0.375, 2.875], "texture": "#0"},
				"down": {"uv": [1, 0, 1.375, 1.375], "rotation": 180, "texture": "#0"}
			}
		},
		{
			"from": [0.32586, 6.99655, 3.48276],
			"to": [1.76034, 7.8931, 5.74483],
			"rotation": {"angle": 0, "axis": "x", "origin": [2.52586, 6.99655, 19.33793]},
			"faces": {
				"north": {"uv": [7.625, 4.75, 7.25, 4.5], "rotation": 180, "texture": "#0"},
				"east": {"uv": [1.75, 5.75, 2, 6.3125], "rotation": 90, "texture": "#0"},
				"south": {"uv": [7.625, 4.75, 7.25, 5], "texture": "#0"},
				"west": {"uv": [5.75, 3, 6, 3.5625], "rotation": 270, "texture": "#0"},
				"up": {"uv": [2.75, 3.75, 3.125, 4.3125], "texture": "#0"},
				"down": {"uv": [3.5, 3, 3.875, 3.5625], "rotation": 180, "texture": "#0"}
			}
		},
		{
			"from": [0.32586, 7.0069, 10.23448],
			"to": [1.76034, 7.90345, 12.49655],
			"rotation": {"angle": 0, "axis": "x", "origin": [2.52586, 7.0069, 26.08966]},
			"faces": {
				"north": {"uv": [7.625, 6.75, 7.25, 6.5], "rotation": 180, "texture": "#0"},
				"east": {"uv": [0.75, 6, 1, 6.5625], "rotation": 90, "texture": "#0"},
				"south": {"uv": [7.625, 6.75, 7.25, 7], "texture": "#0"},
				"west": {"uv": [1, 6, 1.25, 6.5625], "rotation": 270, "texture": "#0"},
				"up": {"uv": [0, 4.25, 0.375, 4.8125], "texture": "#0"},
				"down": {"uv": [4, 3, 4.375, 3.5625], "rotation": 180, "texture": "#0"}
			}
		},
		{
			"from": [14.26724, 7.0069, 10.22759],
			"to": [15.70172, 7.90345, 12.48966],
			"rotation": {"angle": 0, "axis": "x", "origin": [16.46724, 7.0069, 26.08276]},
			"faces": {
				"north": {"uv": [7.875, 0.25, 7.5, 0], "rotation": 180, "texture": "#0"},
				"east": {"uv": [2, 6, 2.25, 6.5625], "rotation": 90, "texture": "#0"},
				"south": {"uv": [7.875, 0.25, 7.5, 0.5], "texture": "#0"},
				"west": {"uv": [2.25, 6, 2.5, 6.5625], "rotation": 270, "texture": "#0"},
				"up": {"uv": [4.5, 1.75, 4.875, 2.3125], "texture": "#0"},
				"down": {"uv": [4.5, 1, 4.875, 1.5625], "rotation": 180, "texture": "#0"}
			}
		},
		{
			"from": [3.68793, 6.68966, 0.68276],
			"to": [5.55, 8.18621, 1.71724],
			"rotation": {"angle": 0, "axis": "x", "origin": [-10.10517, 6.98966, 2.68276]},
			"faces": {
				"north": {"uv": [5.9375, 5.875, 5.5, 5.5], "rotation": 180, "texture": "#0"},
				"east": {"uv": [7.5, 0.5, 7.875, 0.75], "rotation": 90, "texture": "#0"},
				"south": {"uv": [6.1875, 0, 5.75, 0.375], "texture": "#0"},
				"west": {"uv": [1, 7.5, 1.375, 7.75], "rotation": 270, "texture": "#0"},
				"up": {"uv": [7, 0.5, 7.4375, 0.75], "texture": "#0"},
				"down": {"uv": [6.75, 4.25, 7.1875, 4.5], "rotation": 180, "texture": "#0"}
			}
		},
		{
			"from": [3.43621, 6.98966, 14.08276],
			"to": [5.75, 7.88621, 15.48965],
			"rotation": {"angle": 0, "axis": "x", "origin": [-10.10517, 6.98966, 16.28276]},
			"faces": {
				"north": {"uv": [6.3125, 4.75, 5.75, 4.5], "rotation": 180, "texture": "#0"},
				"east": {"uv": [7.5, 1.5, 7.75, 1.875], "rotation": 90, "texture": "#0"},
				"south": {"uv": [6.3125, 4.75, 5.75, 5], "texture": "#0"},
				"west": {"uv": [1.75, 7.5, 2, 7.875], "rotation": 270, "texture": "#0"},
				"up": {"uv": [2.25, 4.5, 2.8125, 4.875], "texture": "#0"},
				"down": {"uv": [4.25, 2.5, 4.8125, 2.875], "rotation": 180, "texture": "#0"}
			}
		},
		{
			"from": [10.23621, 6.98966, 14.08276],
			"to": [12.55, 7.88621, 15.48965],
			"rotation": {"angle": 0, "axis": "x", "origin": [-3.30517, 6.98966, 16.28276]},
			"faces": {
				"north": {"uv": [3.0625, 6.25, 2.5, 6], "rotation": 180, "texture": "#0"},
				"east": {"uv": [2, 7.5, 2.25, 7.875], "rotation": 90, "texture": "#0"},
				"south": {"uv": [6.5625, 2.5, 6, 2.75], "texture": "#0"},
				"west": {"uv": [7.5, 2, 7.75, 2.375], "rotation": 270, "texture": "#0"},
				"up": {"uv": [4.5, 3, 5.0625, 3.375], "texture": "#0"},
				"down": {"uv": [3, 4.5, 3.5625, 4.875], "rotation": 180, "texture": "#0"}
			}
		},
		{
			"from": [5.35, 6.97241, 15.08276],
			"to": [10.81897, 7.86896, 16.51724],
			"rotation": {"angle": 0, "axis": "x", "origin": [-7.2431, 6.97241, 17.28276]},
			"faces": {
				"north": {"uv": [4.625, 0.25, 3.25, 0], "rotation": 180, "texture": "#0"},
				"east": {"uv": [2.25, 7.5, 2.5, 7.875], "rotation": 90, "texture": "#0"},
				"south": {"uv": [4.625, 0.25, 3.25, 0.5], "texture": "#0"},
				"west": {"uv": [2.5, 7.5, 2.75, 7.875], "rotation": 270, "texture": "#0"},
				"up": {"uv": [0.5, 1.5, 1.875, 1.875], "texture": "#0"},
				"down": {"uv": [1.5, 0, 2.875, 0.375], "rotation": 180, "texture": "#0"}
			}
		},
		{
			"from": [2.60517, 6.71724, 1.68276],
			"to": [3.77759, 8.21379, 2.71724],
			"rotation": {"angle": 0, "axis": "x", "origin": [-11.87759, 7.01724, 3.68276]},
			"faces": {
				"north": {"uv": [0.8125, 7.125, 0.5, 6.75], "rotation": 180, "texture": "#0"},
				"east": {"uv": [7.5, 2.75, 7.875, 3], "rotation": 90, "texture": "#0"},
				"south": {"uv": [7.0625, 0.75, 6.75, 1.125], "texture": "#0"},
				"west": {"uv": [7.5, 3, 7.875, 3.25], "rotation": 270, "texture": "#0"},
				"up": {"uv": [7.75, 7, 8.0625, 7.25], "texture": "#0"},
				"down": {"uv": [7.75, 6.75, 8.0625, 7], "rotation": 180, "texture": "#0"}
			}
		},
		{
			"from": [1.20517, 7.01724, 2.48276],
			"to": [2.77759, 7.91379, 3.91724],
			"rotation": {"angle": 0, "axis": "x", "origin": [-13.07759, 7.01724, 4.68276]},
			"faces": {
				"north": {"uv": [3.875, 7.75, 3.5, 7.5], "rotation": 180, "texture": "#0"},
				"east": {"uv": [2.75, 7.5, 3, 7.875], "rotation": 90, "texture": "#0"},
				"south": {"uv": [7.875, 3.75, 7.5, 4], "texture": "#0"},
				"west": {"uv": [7.5, 3.25, 7.75, 3.625], "rotation": 270, "texture": "#0"},
				"up": {"uv": [3.25, 6, 3.625, 6.375], "texture": "#0"},
				"down": {"uv": [6, 2.75, 6.375, 3.125], "rotation": 180, "texture": "#0"}
			}
		},
		{
			"from": [13.20517, 7.01724, 2.48276],
			"to": [14.77759, 7.91379, 3.91724],
			"rotation": {"angle": 0, "axis": "x", "origin": [-1.07759, 7.01724, 4.68276]},
			"faces": {
				"north": {"uv": [7.875, 4.25, 7.5, 4], "rotation": 180, "texture": "#0"},
				"east": {"uv": [4, 7.5, 4.25, 7.875], "rotation": 90, "texture": "#0"},
				"south": {"uv": [4.875, 7.5, 4.5, 7.75], "texture": "#0"},
				"west": {"uv": [4.25, 7.5, 4.5, 7.875], "rotation": 270, "texture": "#0"},
				"up": {"uv": [3.75, 6, 4.125, 6.375], "texture": "#0"},
				"down": {"uv": [6, 3.25, 6.375, 3.625], "rotation": 180, "texture": "#0"}
			}
		},
		{
			"from": [12.00517, 7.01724, 13.08276],
			"to": [13.57759, 7.91379, 14.51724],
			"rotation": {"angle": 0, "axis": "x", "origin": [-2.27759, 7.01724, 15.28276]},
			"faces": {
				"north": {"uv": [7.875, 5.75, 7.5, 5.5], "rotation": 180, "texture": "#0"},
				"east": {"uv": [7.5, 5, 7.75, 5.375], "rotation": 90, "texture": "#0"},
				"south": {"uv": [6.125, 7.5, 5.75, 7.75], "texture": "#0"},
				"west": {"uv": [5.5, 7.5, 5.75, 7.875], "rotation": 270, "texture": "#0"},
				"up": {"uv": [4.25, 6, 4.625, 6.375], "texture": "#0"},
				"down": {"uv": [6, 3.75, 6.375, 4.125], "rotation": 180, "texture": "#0"}
			}
		},
		{
			"from": [13.10517, 7.01724, 12.12069],
			"to": [14.67759, 7.91379, 13.55517],
			"rotation": {"angle": 0, "axis": "x", "origin": [-1.17759, 7.01724, 14.32069]},
			"faces": {
				"north": {"uv": [7.875, 6, 7.5, 5.75], "rotation": 180, "texture": "#0"},
				"east": {"uv": [6.25, 7.5, 6.5, 7.875], "rotation": 90, "texture": "#0"},
				"south": {"uv": [7.125, 7.5, 6.75, 7.75], "texture": "#0"},
				"west": {"uv": [6.5, 7.5, 6.75, 7.875], "rotation": 270, "texture": "#0"},
				"up": {"uv": [6, 5, 6.375, 5.375], "texture": "#0"},
				"down": {"uv": [4.75, 6, 5.125, 6.375], "rotation": 180, "texture": "#0"}
			}
		},
		{
			"from": [1.30517, 7.01724, 12.09655],
			"to": [2.87759, 7.91379, 13.53103],
			"rotation": {"angle": 0, "axis": "x", "origin": [-12.97759, 7.01724, 14.29655]},
			"faces": {
				"north": {"uv": [7.875, 7.75, 7.5, 7.5], "rotation": 180, "texture": "#0"},
				"east": {"uv": [7.5, 7, 7.75, 7.375], "rotation": 90, "texture": "#0"},
				"south": {"uv": [0.375, 7.75, 0, 8], "texture": "#0"},
				"west": {"uv": [7.25, 7.5, 7.5, 7.875], "rotation": 270, "texture": "#0"},
				"up": {"uv": [6, 5.5, 6.375, 5.875], "texture": "#0"},
				"down": {"uv": [5.25, 6, 5.625, 6.375], "rotation": 180, "texture": "#0"}
			}
		},
		{
			"from": [2.50517, 7.01724, 13.08276],
			"to": [4.07759, 7.91379, 14.51724],
			"rotation": {"angle": 0, "axis": "x", "origin": [-11.77759, 7.01724, 15.28276]},
			"faces": {
				"north": {"uv": [8.125, 1, 7.75, 0.75], "rotation": 180, "texture": "#0"},
				"east": {"uv": [0.5, 7.75, 0.75, 8.125], "rotation": 90, "texture": "#0"},
				"south": {"uv": [1.375, 7.75, 1, 8], "texture": "#0"},
				"west": {"uv": [0.75, 7.75, 1, 8.125], "rotation": 270, "texture": "#0"},
				"up": {"uv": [6.25, 0, 6.625, 0.375], "texture": "#0"},
				"down": {"uv": [5.75, 6, 6.125, 6.375], "rotation": 180, "texture": "#0"}
			}
		},
		{
			"from": [5.35, 7.02069, -0.51724],
			"to": [10.81897, 7.91724, 0.91724],
			"rotation": {"angle": 0, "axis": "x", "origin": [-7.2431, 7.02069, 1.68276]},
			"faces": {
				"north": {"uv": [4.625, 0.75, 3.25, 0.5], "rotation": 180, "texture": "#0"},
				"east": {"uv": [7.75, 1, 8, 1.375], "rotation": 90, "texture": "#0"},
				"south": {"uv": [4.625, 0.75, 3.25, 1], "texture": "#0"},
				"west": {"uv": [1.5, 7.75, 1.75, 8.125], "rotation": 270, "texture": "#0"},
				"up": {"uv": [1.5, 1, 2.875, 1.375], "texture": "#0"},
				"down": {"uv": [1.5, 0.5, 2.875, 0.875], "rotation": 180, "texture": "#0"}
			}
		},
		{
			"from": [10.23621, 6.98966, 0.48276],
			"to": [12.55, 7.88621, 1.88965],
			"rotation": {"angle": 0, "axis": "x", "origin": [-3.30517, 6.98966, 2.68276]},
			"faces": {
				"north": {"uv": [6.5625, 4.5, 6, 4.25], "rotation": 180, "texture": "#0"},
				"east": {"uv": [7.75, 1.5, 8, 1.875], "rotation": 90, "texture": "#0"},
				"south": {"uv": [6.8125, 0.5, 6.25, 0.75], "texture": "#0"},
				"west": {"uv": [7.75, 2, 8, 2.375], "rotation": 270, "texture": "#0"},
				"up": {"uv": [4.5, 4.5, 5.0625, 4.875], "texture": "#0"},
				"down": {"uv": [3.75, 4.5, 4.3125, 4.875], "rotation": 180, "texture": "#0"}
			}
		},
		{
			"from": [12.10517, 7.01724, 1.48276],
			"to": [13.67759, 7.91379, 2.91724],
			"rotation": {"angle": 0, "axis": "x", "origin": [-2.17759, 7.01724, 3.68276]},
			"faces": {
				"north": {"uv": [8.125, 2.75, 7.75, 2.5], "rotation": 180, "texture": "#0"},
				"east": {"uv": [3, 7.75, 3.25, 8.125], "rotation": 90, "texture": "#0"},
				"south": {"uv": [8.125, 3.25, 7.75, 3.5], "texture": "#0"},
				"west": {"uv": [3.25, 7.75, 3.5, 8.125], "rotation": 270, "texture": "#0"},
				"up": {"uv": [1.25, 6.25, 1.625, 6.625], "texture": "#0"},
				"down": {"uv": [6.25, 0.75, 6.625, 1.125], "rotation": 180, "texture": "#0"}
			}
		},
		{
			"from": [14.35345, 7, 3.48276],
			"to": [15.78793, 7.89655, 5.74483],
			"rotation": {"angle": 0, "axis": "x", "origin": [13.58793, 7.89655, 19.33793]},
			"faces": {
				"north": {"uv": [7.625, 4.75, 7.25, 4.5], "texture": "#0"},
				"east": {"uv": [5.75, 3, 6, 3.5625], "rotation": 90, "texture": "#0"},
				"south": {"uv": [7.625, 4.75, 7.25, 5], "rotation": 180, "texture": "#0"},
				"west": {"uv": [1.75, 5.75, 2, 6.3125], "rotation": 270, "texture": "#0"},
				"up": {"uv": [3.5, 3, 3.875, 3.5625], "texture": "#0"},
				"down": {"uv": [2.75, 3.75, 3.125, 4.3125], "rotation": 180, "texture": "#0"}
			}
		},
		{
			"from": [14.55345, 6.7, 3.68276],
			"to": [15.58793, 8.19655, 5.54483],
			"rotation": {"angle": 0, "axis": "x", "origin": [13.58793, 7.89655, 19.33793]},
			"faces": {
				"north": {"uv": [7.25, 6.875, 7, 6.5], "texture": "#0"},
				"east": {"uv": [4.5, 5.5, 4.875, 5.9375], "rotation": 90, "texture": "#0"},
				"south": {"uv": [7, 7, 6.75, 7.375], "rotation": 180, "texture": "#0"},
				"west": {"uv": [4, 5.5, 4.375, 5.9375], "rotation": 270, "texture": "#0"},
				"up": {"uv": [2.75, 6.75, 3, 7.1875], "texture": "#0"},
				"down": {"uv": [6.75, 6, 7, 6.4375], "rotation": 180, "texture": "#0"}
			}
		},
		{
			"from": [0.52586, 6.69655, 3.68276],
			"to": [1.56034, 8.1931, 5.54483],
			"rotation": {"angle": 0, "axis": "x", "origin": [2.52586, 6.99655, 19.33793]},
			"faces": {
				"north": {"uv": [7.25, 6.875, 7, 6.5], "rotation": 180, "texture": "#0"},
				"east": {"uv": [4, 5.5, 4.375, 5.9375], "rotation": 90, "texture": "#0"},
				"south": {"uv": [7, 7, 6.75, 7.375], "texture": "#0"},
				"west": {"uv": [4.5, 5.5, 4.875, 5.9375], "rotation": 270, "texture": "#0"},
				"up": {"uv": [6.75, 6, 7, 6.4375], "texture": "#0"},
				"down": {"uv": [2.75, 6.75, 3, 7.1875], "rotation": 180, "texture": "#0"}
			}
		}
	],
	"display": {
		"gui": {
			"rotation": [18, 63, 0],
			"translation": [0, 0.25, 0],
			"scale": [0.82, 0.82, 0.82]
		}
	}
}
