{
	"credit": "Made with Blockbench",
	"texture_size": [64, 64],
	"textures": {
		"1": "item/custom/chronosinnerring",
		"2": "item/custom/chronosinnerring2",
		"particle": "item/custom/chronosinnerring"
	},
	"elements": [
		{
			"from": [6.46897, 4.98275, 6.89311],
			"to": [9.45172, 10.72413, 10.01379],
			"rotation": {"angle": 0, "axis": "y", "origin": [5.77931, 6.5, 6.20345]},
			"faces": {
				"north": {"uv": [5, 4, 5.75, 5.4375], "texture": "#1"},
				"east": {"uv": [5.5, 0, 6.25, 1.4375], "texture": "#1"},
				"south": {"uv": [3.75, 5.5, 4.5, 6.9375], "texture": "#1"},
				"west": {"uv": [4.5, 5.5, 5.25, 6.9375], "texture": "#1"},
				"up": {"uv": [6.5, 4.5, 5.75, 3.75], "texture": "#1"},
				"down": {"uv": [6.5, 4.5, 5.75, 5.25], "texture": "#1"}
			}
		},
		{
			"from": [6.46897, 6.41379, 5.51379],
			"to": [9.45172, 9.53448, 11.53104],
			"rotation": {"angle": 0, "axis": "y", "origin": [5.77931, 10.22413, 7.16897]},
			"faces": {
				"north": {"uv": [0, 6, 0.75, 6.75], "texture": "#1"},
				"east": {"uv": [4.25, 2.5, 5.75, 3.25], "texture": "#1"},
				"south": {"uv": [0.75, 6, 1.5, 6.75], "texture": "#1"},
				"west": {"uv": [4.25, 3.25, 5.75, 4], "texture": "#1"},
				"up": {"uv": [5, 5.5, 4.25, 4], "texture": "#1"},
				"down": {"uv": [3.75, 5, 3, 6.5], "texture": "#1"}
			}
		},
		{
			"from": [5.08965, 6.41379, 6.94483],
			"to": [10.83103, 9.53448, 9.92759],
			"rotation": {"angle": 0, "axis": "y", "origin": [6.6069, 10.22413, 10.61724]},
			"faces": {
				"north": {"uv": [5.5, 1.5, 6.9375, 2.25], "texture": "#1"},
				"east": {"uv": [1.5, 6, 2.25, 6.75], "texture": "#1"},
				"south": {"uv": [5.25, 5.5, 6.6875, 6.25], "texture": "#1"},
				"west": {"uv": [2.25, 6, 3, 6.75], "texture": "#1"},
				"up": {"uv": [7.1875, 3, 5.75, 2.25], "texture": "#1"},
				"down": {"uv": [7.1875, 3, 5.75, 3.75], "texture": "#1"}
			}
		},
		{
			"from": [5.77931, 5.67241, 6.20345],
			"to": [10.27931, 10.17241, 10.70345],
			"rotation": {"angle": 0, "axis": "y", "origin": [5.77931, 5.67241, 6.20345]},
			"faces": {
				"north": {"uv": [3, 0, 4.125, 1.125], "texture": "#1"},
				"east": {"uv": [3, 1.25, 4.125, 2.375], "texture": "#1"},
				"south": {"uv": [3, 2.5, 4.125, 3.625], "texture": "#1"},
				"west": {"uv": [3, 3.75, 4.125, 4.875], "texture": "#1"},
				"up": {"uv": [5.375, 1.125, 4.25, 0], "texture": "#1"},
				"down": {"uv": [5.375, 1.25, 4.25, 2.375], "texture": "#1"}
			}
		},
		{
			"from": [7.77931, 1.69655, 8.03793],
			"to": [8.27931, 14.19655, 8.53793],
			"rotation": {"angle": 0, "axis": "y", "origin": [5.77931, 8.45517, 6.03793]},
			"faces": {
				"north": {"uv": [5.25, 6.25, 5.375, 9.375], "texture": "#1"},
				"east": {"uv": [5.5, 6.25, 5.625, 9.375], "texture": "#1"},
				"south": {"uv": [5.75, 6.25, 5.875, 9.375], "texture": "#1"},
				"west": {"uv": [6, 6.25, 6.125, 9.375], "texture": "#1"},
				"up": {"uv": [7.875, 2.375, 7.75, 2.25], "texture": "#1"},
				"down": {"uv": [2.625, 7.75, 2.5, 7.875], "texture": "#1"}
			}
		},
		{
			"from": [2.12069, 2.22413, 8.30345],
			"to": [14.44819, 14.25168, 8.30345],
			"rotation": {"angle": 0, "axis": "y", "origin": [7.37241, 10.82413, 8.30345]},
			"faces": {
				"north": {"uv": [0, 0, 2.9375, 2.9375], "texture": "#1"},
				"east": {"uv": [0, 0, 0, 2.9375], "texture": "#1"},
				"south": {"uv": [0, 3, 2.9375, 5.9375], "texture": "#1"},
				"west": {"uv": [0, 0, 0, 2.9375], "texture": "#1"},
				"up": {"uv": [2.9375, 0, 0, 0], "texture": "#1"},
				"down": {"uv": [0, 0, 2.9375, 0], "texture": "#1"}
			}
		},
		{
			"from": [2.10004, 8.02758, 1.92077],
			"to": [14.12759, 8.02758, 14.24827],
			"rotation": {"angle": 0, "axis": "z", "origin": [5.52759, 8.02758, 9.19655]},
			"faces": {
				"north": {"uv": [0, 0, 0, 2.9375], "rotation": 90, "texture": "#2"},
				"east": {"uv": [0, 0, 2.9375, 0], "texture": "#2"},
				"south": {"uv": [0, 0, 0, 2.9375], "rotation": 270, "texture": "#2"},
				"west": {"uv": [2.9375, 0, 0, 0], "rotation": 180, "texture": "#2"},
				"up": {"uv": [0, 3, 2.9375, 5.9375], "rotation": 270, "texture": "#2"},
				"down": {"uv": [0, 0, 2.9375, 2.9375], "rotation": 270, "texture": "#2"}
			}
		},
		{
			"from": [2.76556, 9.95862, 1.92077],
			"to": [14.7931, 9.95862, 14.24827],
			"rotation": {"angle": -45, "axis": "z", "origin": [6.1931, 9.95862, 9.19655]},
			"faces": {
				"north": {"uv": [0, 0, 0, 2.9375], "rotation": 90, "texture": "#2"},
				"east": {"uv": [0, 0, 2.9375, 0], "texture": "#2"},
				"south": {"uv": [0, 0, 0, 2.9375], "rotation": 270, "texture": "#2"},
				"west": {"uv": [2.9375, 0, 0, 0], "rotation": 180, "texture": "#2"},
				"up": {"uv": [0, 3, 2.9375, 5.9375], "rotation": 270, "texture": "#2"},
				"down": {"uv": [0, 0, 2.9375, 2.9375], "rotation": 270, "texture": "#2"}
			}
		},
		{
			"from": [2.70004, 5.52758, 1.92077],
			"to": [14.72759, 5.52758, 14.24827],
			"rotation": {"angle": 45, "axis": "z", "origin": [5.82759, 5.52758, 9.19655]},
			"faces": {
				"north": {"uv": [0, 0, 0, 2.9375], "rotation": 90, "texture": "#2"},
				"east": {"uv": [0, 0, 2.9375, 0], "texture": "#2"},
				"south": {"uv": [0, 0, 0, 2.9375], "rotation": 270, "texture": "#2"},
				"west": {"uv": [2.9375, 0, 0, 0], "rotation": 180, "texture": "#2"},
				"up": {"uv": [0, 3, 2.9375, 5.9375], "rotation": 270, "texture": "#2"},
				"down": {"uv": [0, 0, 2.9375, 2.9375], "rotation": 270, "texture": "#2"}
			}
		},
		{
			"from": [14.42069, 5.76551, 7.93103],
			"to": [15.17931, 10.21379, 8.55172],
			"rotation": {"angle": 0, "axis": "z", "origin": [14.42069, 9.42069, 7.24138]},
			"faces": {
				"north": {"uv": [6.25, 0, 6.4375, 1.125], "texture": "#1"},
				"east": {"uv": [3.25, 6.5, 3.375, 7.625], "texture": "#1"},
				"south": {"uv": [6.25, 6.25, 6.4375, 7.375], "texture": "#1"},
				"west": {"uv": [3.5, 6.5, 3.625, 7.625], "texture": "#1"},
				"up": {"uv": [7.6875, 2.875, 7.5, 2.75], "texture": "#1"},
				"down": {"uv": [7.6875, 3, 7.5, 3.125], "texture": "#1"}
			}
		},
		{
			"from": [0.82069, 5.76551, 7.93103],
			"to": [1.57931, 10.21379, 8.55172],
			"rotation": {"angle": 0, "axis": "z", "origin": [0.82069, 9.42069, 7.24138]},
			"faces": {
				"north": {"uv": [6.5, 0, 6.6875, 1.125], "texture": "#1"},
				"east": {"uv": [6.5, 6.25, 6.625, 7.375], "texture": "#1"},
				"south": {"uv": [3, 6.5, 3.1875, 7.625], "texture": "#1"},
				"west": {"uv": [0, 6.75, 0.125, 7.875], "texture": "#1"},
				"up": {"uv": [7.6875, 7.375, 7.5, 7.25], "texture": "#1"},
				"down": {"uv": [7.6875, 7.5, 7.5, 7.625], "texture": "#1"}
			}
		},
		{
			"from": [5.72759, 14.02069, 7.93103],
			"to": [10.17586, 14.77931, 8.55172],
			"rotation": {"angle": 0, "axis": "y", "origin": [6.52069, 14.02069, 7.24138]},
			"faces": {
				"north": {"uv": [5.75, 5.25, 6.875, 5.4375], "texture": "#1"},
				"east": {"uv": [7.5, 7, 7.625, 7.1875], "texture": "#1"},
				"south": {"uv": [6.25, 1.25, 7.375, 1.4375], "texture": "#1"},
				"west": {"uv": [7.25, 7.5, 7.375, 7.6875], "texture": "#1"},
				"up": {"uv": [7.625, 4.375, 6.5, 4.25], "texture": "#1"},
				"down": {"uv": [7.625, 4.5, 6.5, 4.625], "texture": "#1"}
			}
		},
		{
			"from": [5.72759, 1.22069, 7.93103],
			"to": [10.17586, 1.97931, 8.55172],
			"rotation": {"angle": 0, "axis": "y", "origin": [6.52069, 1.22069, 7.24138]},
			"faces": {
				"north": {"uv": [6.5, 3.75, 7.625, 3.9375], "texture": "#1"},
				"east": {"uv": [7.75, 2, 7.875, 2.1875], "texture": "#1"},
				"south": {"uv": [6.5, 4, 7.625, 4.1875], "texture": "#1"},
				"west": {"uv": [2.25, 7.75, 2.375, 7.9375], "texture": "#1"},
				"up": {"uv": [7.625, 4.875, 6.5, 4.75], "texture": "#1"},
				"down": {"uv": [7.625, 5, 6.5, 5.125], "texture": "#1"}
			}
		},
		{
			"from": [10.14483, 13.33103, 7.93103],
			"to": [12.0069, 14.08965, 8.55172],
			"rotation": {"angle": 0, "axis": "y", "origin": [11.93793, 13.33103, 7.24138]},
			"faces": {
				"north": {"uv": [6.75, 1, 7.1875, 1.1875], "texture": "#1"},
				"east": {"uv": [7.5, 3.25, 7.625, 3.4375], "texture": "#1"},
				"south": {"uv": [1.75, 6.75, 2.1875, 6.9375], "texture": "#1"},
				"west": {"uv": [7.5, 3.5, 7.625, 3.6875], "texture": "#1"},
				"up": {"uv": [7.4375, 5.375, 7, 5.25], "texture": "#1"},
				"down": {"uv": [7.4375, 5.75, 7, 5.875], "texture": "#1"}
			}
		},
		{
			"from": [3.94483, 13.33103, 7.93103],
			"to": [5.8069, 14.08965, 8.55172],
			"rotation": {"angle": 0, "axis": "y", "origin": [5.73793, 13.33103, 7.24138]},
			"faces": {
				"north": {"uv": [2.25, 6.75, 2.6875, 6.9375], "texture": "#1"},
				"east": {"uv": [4.75, 7.5, 4.875, 7.6875], "texture": "#1"},
				"south": {"uv": [6.75, 5.5, 7.1875, 5.6875], "texture": "#1"},
				"west": {"uv": [5, 7.5, 5.125, 7.6875], "texture": "#1"},
				"up": {"uv": [7.4375, 6.125, 7, 6], "texture": "#1"},
				"down": {"uv": [7.4375, 6.25, 7, 6.375], "texture": "#1"}
			}
		},
		{
			"from": [10.14483, 1.83103, 7.93103],
			"to": [12.0069, 2.58965, 8.55172],
			"rotation": {"angle": 0, "axis": "y", "origin": [11.93793, 1.83103, 7.24138]},
			"faces": {
				"north": {"uv": [4.25, 7, 4.6875, 7.1875], "texture": "#1"},
				"east": {"uv": [7.75, 1.75, 7.875, 1.9375], "texture": "#1"},
				"south": {"uv": [4.75, 7, 5.1875, 7.1875], "texture": "#1"},
				"west": {"uv": [2, 7.75, 2.125, 7.9375], "texture": "#1"},
				"up": {"uv": [7.6875, 1.625, 7.25, 1.5], "texture": "#1"},
				"down": {"uv": [7.6875, 1.75, 7.25, 1.875], "texture": "#1"}
			}
		},
		{
			"from": [3.94483, 1.83103, 7.93103],
			"to": [5.8069, 2.58965, 8.55172],
			"rotation": {"angle": 0, "axis": "y", "origin": [5.73793, 1.83103, 7.24138]},
			"faces": {
				"north": {"uv": [7, 2, 7.4375, 2.1875], "texture": "#1"},
				"east": {"uv": [7.75, 1.5, 7.875, 1.6875], "texture": "#1"},
				"south": {"uv": [3.75, 7, 4.1875, 7.1875], "texture": "#1"},
				"west": {"uv": [1.75, 7.75, 1.875, 7.9375], "texture": "#1"},
				"up": {"uv": [1.4375, 7.375, 1, 7.25], "texture": "#1"},
				"down": {"uv": [7.6875, 1, 7.25, 1.125], "texture": "#1"}
			}
		},
		{
			"from": [7.72586, 2.4931, 6.96207],
			"to": [8.22586, 2.9931, 8.16207],
			"rotation": {"angle": 0, "axis": "y", "origin": [8.92586, 1.7931, 8.16207]},
			"faces": {
				"north": {"uv": [7.75, 2.5, 7.875, 2.625], "texture": "#1"},
				"east": {"uv": [7.25, 6.5, 7.5625, 6.625], "texture": "#1"},
				"south": {"uv": [2.75, 7.75, 2.875, 7.875], "texture": "#1"},
				"west": {"uv": [7.25, 6.75, 7.5625, 6.875], "texture": "#1"},
				"up": {"uv": [6.875, 7.5625, 6.75, 7.25], "texture": "#1"},
				"down": {"uv": [7.375, 7, 7.25, 7.3125], "texture": "#1"}
			}
		},
		{
			"from": [7.20172, 2.02413, 5.72759],
			"to": [8.70172, 3.52413, 7.22759],
			"rotation": {"angle": 0, "axis": "y", "origin": [9.10172, 1.72413, 7.32759]},
			"faces": {
				"north": {"uv": [3.75, 5, 4.125, 5.375], "texture": "#1"},
				"east": {"uv": [6.75, 0, 7.125, 0.375], "texture": "#1"},
				"south": {"uv": [0.25, 6.75, 0.625, 7.125], "texture": "#1"},
				"west": {"uv": [6.75, 0.5, 7.125, 0.875], "texture": "#1"},
				"up": {"uv": [1.125, 7.125, 0.75, 6.75], "texture": "#1"},
				"down": {"uv": [1.625, 6.75, 1.25, 7.125], "texture": "#1"}
			}
		},
		{
			"from": [11.97586, 12.63103, 7.93103],
			"to": [12.87241, 13.38965, 8.55172],
			"rotation": {"angle": 0, "axis": "y", "origin": [13.76897, 12.63103, 7.24138]},
			"faces": {
				"north": {"uv": [5.5, 2.25, 5.75, 2.4375], "texture": "#1"},
				"east": {"uv": [3.75, 7.5, 3.875, 7.6875], "texture": "#1"},
				"south": {"uv": [1.5, 7.25, 1.75, 7.4375], "texture": "#1"},
				"west": {"uv": [4, 7.5, 4.125, 7.6875], "texture": "#1"},
				"up": {"uv": [7.75, 0.125, 7.5, 0], "texture": "#1"},
				"down": {"uv": [7.75, 0.25, 7.5, 0.375], "texture": "#1"}
			}
		},
		{
			"from": [3.07586, 12.63103, 7.93103],
			"to": [3.97241, 13.38965, 8.55172],
			"rotation": {"angle": 0, "axis": "y", "origin": [4.86897, 12.63103, 7.24138]},
			"faces": {
				"north": {"uv": [2.75, 7.25, 3, 7.4375], "texture": "#1"},
				"east": {"uv": [7.5, 5.25, 7.625, 5.4375], "texture": "#1"},
				"south": {"uv": [7.25, 2.75, 7.5, 2.9375], "texture": "#1"},
				"west": {"uv": [7.5, 5.5, 7.625, 5.6875], "texture": "#1"},
				"up": {"uv": [1.25, 7.625, 1, 7.5], "texture": "#1"},
				"down": {"uv": [1.5, 7.5, 1.25, 7.625], "texture": "#1"}
			}
		},
		{
			"from": [3.07586, 2.53103, 7.93103],
			"to": [3.97241, 3.28965, 8.55172],
			"rotation": {"angle": 0, "axis": "y", "origin": [4.86897, 2.53103, 7.24138]},
			"faces": {
				"north": {"uv": [5, 7.25, 5.25, 7.4375], "texture": "#1"},
				"east": {"uv": [7.75, 1.25, 7.875, 1.4375], "texture": "#1"},
				"south": {"uv": [7.25, 5.5, 7.5, 5.6875], "texture": "#1"},
				"west": {"uv": [1.5, 7.75, 1.625, 7.9375], "texture": "#1"},
				"up": {"uv": [7.75, 2.625, 7.5, 2.5], "texture": "#1"},
				"down": {"uv": [3, 7.5, 2.75, 7.625], "texture": "#1"}
			}
		},
		{
			"from": [11.97586, 2.53103, 7.93103],
			"to": [12.87241, 3.28965, 8.55172],
			"rotation": {"angle": 0, "axis": "y", "origin": [13.76897, 2.53103, 7.24138]},
			"faces": {
				"north": {"uv": [4.5, 7.25, 4.75, 7.4375], "texture": "#1"},
				"east": {"uv": [7.75, 1, 7.875, 1.1875], "texture": "#1"},
				"south": {"uv": [4.75, 7.25, 5, 7.4375], "texture": "#1"},
				"west": {"uv": [1.25, 7.75, 1.375, 7.9375], "texture": "#1"},
				"up": {"uv": [7.75, 2.375, 7.5, 2.25], "texture": "#1"},
				"down": {"uv": [2.75, 7.5, 2.5, 7.625], "texture": "#1"}
			}
		},
		{
			"from": [12.87586, 11.93103, 7.93103],
			"to": [13.77241, 12.68965, 8.55172],
			"rotation": {"angle": 0, "axis": "y", "origin": [14.66897, 11.93103, 7.24138]},
			"faces": {
				"north": {"uv": [7.25, 2.25, 7.5, 2.4375], "texture": "#1"},
				"east": {"uv": [4.25, 7.5, 4.375, 7.6875], "texture": "#1"},
				"south": {"uv": [7.25, 2.5, 7.5, 2.6875], "texture": "#1"},
				"west": {"uv": [4.5, 7.5, 4.625, 7.6875], "texture": "#1"},
				"up": {"uv": [7.75, 0.625, 7.5, 0.5], "texture": "#1"},
				"down": {"uv": [7.75, 0.75, 7.5, 0.875], "texture": "#1"}
			}
		},
		{
			"from": [2.17586, 11.93103, 7.93103],
			"to": [3.07241, 12.68965, 8.55172],
			"rotation": {"angle": 0, "axis": "y", "origin": [3.96897, 11.93103, 7.24138]},
			"faces": {
				"north": {"uv": [7.25, 3, 7.5, 3.1875], "texture": "#1"},
				"east": {"uv": [6.25, 7.5, 6.375, 7.6875], "texture": "#1"},
				"south": {"uv": [7.25, 3.25, 7.5, 3.4375], "texture": "#1"},
				"west": {"uv": [7.5, 6.25, 7.625, 6.4375], "texture": "#1"},
				"up": {"uv": [7.75, 1.375, 7.5, 1.25], "texture": "#1"},
				"down": {"uv": [1.75, 7.5, 1.5, 7.625], "texture": "#1"}
			}
		},
		{
			"from": [12.87586, 3.23103, 7.93103],
			"to": [13.77241, 3.98965, 8.55172],
			"rotation": {"angle": 0, "axis": "y", "origin": [14.66897, 3.23103, 7.24138]},
			"faces": {
				"north": {"uv": [4, 7.25, 4.25, 7.4375], "texture": "#1"},
				"east": {"uv": [7.75, 0.75, 7.875, 0.9375], "texture": "#1"},
				"south": {"uv": [4.25, 7.25, 4.5, 7.4375], "texture": "#1"},
				"west": {"uv": [1, 7.75, 1.125, 7.9375], "texture": "#1"},
				"up": {"uv": [7.75, 2.125, 7.5, 2], "texture": "#1"},
				"down": {"uv": [2.5, 7.5, 2.25, 7.625], "texture": "#1"}
			}
		},
		{
			"from": [2.17586, 3.23103, 7.93103],
			"to": [3.07241, 3.98965, 8.55172],
			"rotation": {"angle": 0, "axis": "y", "origin": [3.96897, 3.23103, 7.24138]},
			"faces": {
				"north": {"uv": [7.25, 3.5, 7.5, 3.6875], "texture": "#1"},
				"east": {"uv": [7.75, 0.5, 7.875, 0.6875], "texture": "#1"},
				"south": {"uv": [3.75, 7.25, 4, 7.4375], "texture": "#1"},
				"west": {"uv": [0.75, 7.75, 0.875, 7.9375], "texture": "#1"},
				"up": {"uv": [2, 7.625, 1.75, 7.5], "texture": "#1"},
				"down": {"uv": [2.25, 7.5, 2, 7.625], "texture": "#1"}
			}
		},
		{
			"from": [13.7069, 10.13793, 7.93103],
			"to": [14.46552, 12, 8.55172],
			"rotation": {"angle": 0, "axis": "z", "origin": [14.46552, 11.93103, 7.24138]},
			"faces": {
				"north": {"uv": [2.75, 6.75, 2.9375, 7.1875], "texture": "#1"},
				"east": {"uv": [2.5, 7, 2.625, 7.4375], "texture": "#1"},
				"south": {"uv": [6.75, 5.75, 6.9375, 6.1875], "texture": "#1"},
				"west": {"uv": [7, 6.5, 7.125, 6.9375], "texture": "#1"},
				"up": {"uv": [7.6875, 5.875, 7.5, 5.75], "texture": "#1"},
				"down": {"uv": [7.6875, 6, 7.5, 6.125], "texture": "#1"}
			}
		},
		{
			"from": [1.5069, 10.13793, 7.93103],
			"to": [2.26552, 12, 8.55172],
			"rotation": {"angle": 0, "axis": "z", "origin": [2.26552, 11.93103, 7.24138]},
			"faces": {
				"north": {"uv": [6.75, 6.25, 6.9375, 6.6875], "texture": "#1"},
				"east": {"uv": [7, 7, 7.125, 7.4375], "texture": "#1"},
				"south": {"uv": [6.75, 6.75, 6.9375, 7.1875], "texture": "#1"},
				"west": {"uv": [7.25, 0, 7.375, 0.4375], "texture": "#1"},
				"up": {"uv": [6.6875, 7.625, 6.5, 7.5], "texture": "#1"},
				"down": {"uv": [7.1875, 7.5, 7, 7.625], "texture": "#1"}
			}
		},
		{
			"from": [1.5069, 3.93793, 7.93103],
			"to": [2.26552, 5.8, 8.55172],
			"rotation": {"angle": 0, "axis": "z", "origin": [2.26552, 5.73103, 7.24138]},
			"faces": {
				"north": {"uv": [2, 7, 2.1875, 7.4375], "texture": "#1"},
				"east": {"uv": [7.25, 0.5, 7.375, 0.9375], "texture": "#1"},
				"south": {"uv": [2.25, 7, 2.4375, 7.4375], "texture": "#1"},
				"west": {"uv": [0.75, 7.25, 0.875, 7.6875], "texture": "#1"},
				"up": {"uv": [7.9375, 0.375, 7.75, 0.25], "texture": "#1"},
				"down": {"uv": [0.6875, 7.75, 0.5, 7.875], "texture": "#1"}
			}
		},
		{
			"from": [13.7069, 3.93793, 7.93103],
			"to": [14.46552, 5.8, 8.55172],
			"rotation": {"angle": 0, "axis": "z", "origin": [14.46552, 5.73103, 7.24138]},
			"faces": {
				"north": {"uv": [7, 1.5, 7.1875, 1.9375], "texture": "#1"},
				"east": {"uv": [0.25, 7.25, 0.375, 7.6875], "texture": "#1"},
				"south": {"uv": [1.75, 7, 1.9375, 7.4375], "texture": "#1"},
				"west": {"uv": [0.5, 7.25, 0.625, 7.6875], "texture": "#1"},
				"up": {"uv": [7.9375, 0.125, 7.75, 0], "texture": "#1"},
				"down": {"uv": [0.4375, 7.75, 0.25, 7.875], "texture": "#1"}
			}
		}
	],
	"display": {
		"thirdperson_righthand": {
			"translation": [0, 4.25, -2.5]
		},
		"thirdperson_lefthand": {
			"translation": [0, 3.75, -2.5]
		},
		"firstperson_righthand": {
			"translation": [0, 8.75, 0]
		},
		"firstperson_lefthand": {
			"translation": [0, 8.5, 0]
		},
		"ground": {
			"translation": [0, 9, 0]
		},
		"gui": {
			"rotation": [0, 180, 0],
			"translation": [0, 6.5, 0]
		},
		"fixed": {
			"translation": [0, 6.25, 0]
		}
	}
}
