{
	"credit": "Made with Blockbench",
	"textures": {
		"2": "item/custom/totentranceplaque3cj",
		"3": "item/custom/totentranceplaquecjnew2",
		"5": "item/custom/totentranceplaquecj1"
	},
	"elements": [
		{
			"from": [0, 6, 7],
			"to": [16, 16, 9],
			"rotation": {"angle": 0, "axis": "y", "origin": [0, 6, 7]},
			"faces": {
				"north": {"uv": [0, 5, 4, 7.5], "texture": "#2"},
				"east": {"uv": [8, 6.5, 8.5, 9], "texture": "#2"},
				"south": {"uv": [4, 5, 8, 7.5], "texture": "#2"},
				"west": {"uv": [7.5, 8, 8, 10.5], "texture": "#2"},
				"up": {"uv": [12, 4, 8, 3.5], "texture": "#2"},
				"down": {"uv": [12, 4, 8, 4.5], "texture": "#2"}
			}
		},
		{
			"from": [1, 16, 7],
			"to": [15, 17, 9],
			"rotation": {"angle": 0, "axis": "y", "origin": [0, 16, 7]},
			"faces": {
				"north": {"uv": [2.5, 8.75, 6, 9], "texture": "#2"},
				"east": {"uv": [5.5, 9.5, 6, 9.75], "texture": "#2"},
				"south": {"uv": [8.5, 8.75, 12, 9], "texture": "#2"},
				"west": {"uv": [8, 9.5, 8.5, 9.75], "texture": "#2"},
				"up": {"uv": [11.5, 5.5, 8, 5], "texture": "#2"},
				"down": {"uv": [11.5, 5.5, 8, 6], "texture": "#2"}
			}
		},
		{
			"from": [9.1934, 15.8066, 7.1],
			"to": [10.5934, 16.8066, 8.9],
			"rotation": {"angle": 45, "axis": "z", "origin": [5.8, 5.4, 7]},
			"faces": {
				"north": {"uv": [9.75, 9.5, 10.125, 9.75], "texture": "#2"},
				"east": {"uv": [7, 9.75, 7.4375, 10], "texture": "#2"},
				"south": {"uv": [9.75, 9.75, 10.125, 10], "texture": "#2"},
				"west": {"uv": [8, 9.75, 8.4375, 10], "texture": "#2"},
				"up": {"uv": [1.875, 9.9375, 1.5, 9.5], "texture": "#2"},
				"down": {"uv": [2.375, 9.5, 2, 9.9375], "texture": "#2"}
			}
		},
		{
			"from": [5.4066, 15.8066, 7.1],
			"to": [6.8066, 16.8066, 8.9],
			"rotation": {"angle": -45, "axis": "z", "origin": [10.2, 5.4, 7]},
			"faces": {
				"north": {"uv": [0, 10, 0.375, 10.25], "texture": "#2"},
				"east": {"uv": [9.75, 9, 10.1875, 9.25], "texture": "#2"},
				"south": {"uv": [0.5, 10, 0.875, 10.25], "texture": "#2"},
				"west": {"uv": [9.75, 9.25, 10.1875, 9.5], "texture": "#2"},
				"up": {"uv": [2.875, 9.9375, 2.5, 9.5], "texture": "#2"},
				"down": {"uv": [3.375, 9.5, 3, 9.9375], "texture": "#2"}
			}
		},
		{
			"from": [-1.5, 6, 7.2],
			"to": [0.5, 8, 8.8],
			"rotation": {"angle": -22.5, "axis": "z", "origin": [-1.5, 6, 7]},
			"faces": {
				"north": {"uv": [7, 8.75, 7.5, 9.25], "texture": "#2"},
				"east": {"uv": [1.5, 9, 1.875, 9.5], "texture": "#2"},
				"south": {"uv": [0, 9, 0.5, 9.5], "texture": "#2"},
				"west": {"uv": [2, 9, 2.375, 9.5], "texture": "#2"},
				"up": {"uv": [3, 9.375, 2.5, 9], "texture": "#2"},
				"down": {"uv": [3.5, 9, 3, 9.375], "texture": "#2"}
			}
		},
		{
			"from": [-1, 6.8, 7.3],
			"to": [0.5, 8.8, 8.9],
			"rotation": {"angle": 22.5, "axis": "z", "origin": [-1.5, 8, 7.1]},
			"faces": {
				"north": {"uv": [5.5, 9, 5.875, 9.5], "texture": "#2"},
				"east": {"uv": [8, 9, 8.375, 9.5], "texture": "#2"},
				"south": {"uv": [8.5, 9, 8.875, 9.5], "texture": "#2"},
				"west": {"uv": [9, 9, 9.375, 9.5], "texture": "#2"},
				"up": {"uv": [4.875, 9.875, 4.5, 9.5], "texture": "#2"},
				"down": {"uv": [5.375, 9.5, 5, 9.875], "texture": "#2"}
			}
		},
		{
			"from": [15.5, 6.8, 7.3],
			"to": [17, 8.8, 8.9],
			"rotation": {"angle": -22.5, "axis": "z", "origin": [17.5, 8, 7.1]},
			"faces": {
				"north": {"uv": [3.5, 9, 3.875, 9.5], "texture": "#2"},
				"east": {"uv": [4, 9, 4.375, 9.5], "texture": "#2"},
				"south": {"uv": [4.5, 9, 4.875, 9.5], "texture": "#2"},
				"west": {"uv": [5, 9, 5.375, 9.5], "texture": "#2"},
				"up": {"uv": [3.875, 9.875, 3.5, 9.5], "texture": "#2"},
				"down": {"uv": [4.375, 9.5, 4, 9.875], "texture": "#2"}
			}
		},
		{
			"from": [15.5, 6, 7.2],
			"to": [17.5, 8, 8.8],
			"rotation": {"angle": 22.5, "axis": "z", "origin": [17.5, 6, 7]},
			"faces": {
				"north": {"uv": [0.5, 9, 1, 9.5], "texture": "#2"},
				"east": {"uv": [7, 9.25, 7.375, 9.75], "texture": "#2"},
				"south": {"uv": [1, 9, 1.5, 9.5], "texture": "#2"},
				"west": {"uv": [0, 9.5, 0.375, 10], "texture": "#2"},
				"up": {"uv": [1, 9.875, 0.5, 9.5], "texture": "#2"},
				"down": {"uv": [1.5, 9.5, 1, 9.875], "texture": "#2"}
			}
		},
		{
			"from": [-3, 6, 0],
			"to": [19, 8, 1],
			"faces": {
				"north": {"uv": [5.5, 4.5, 11, 5], "texture": "#2"},
				"east": {"uv": [9.25, 9.5, 9.5, 10], "texture": "#2"},
				"south": {"uv": [2.5, 7.5, 8, 8], "texture": "#2"},
				"west": {"uv": [9.5, 9.5, 9.75, 10], "texture": "#2"},
				"up": {"uv": [13.5, 6.25, 8, 6], "texture": "#2"},
				"down": {"uv": [13.5, 6.25, 8, 6.5], "texture": "#2"}
			}
		},
		{
			"from": [-2, 6, 9],
			"to": [18, 8, 10],
			"faces": {
				"north": {"uv": [2.5, 8, 7.5, 8.5], "texture": "#2"},
				"east": {"uv": [5.5, 9.75, 5.75, 10.25], "texture": "#2"},
				"south": {"uv": [8, 3, 13, 3.5], "texture": "#2"},
				"west": {"uv": [5.75, 9.75, 6, 10.25], "texture": "#2"},
				"up": {"uv": [7.5, 8.75, 2.5, 8.5], "texture": "#2"},
				"down": {"uv": [13.5, 6.5, 8.5, 6.75], "texture": "#2"}
			}
		},
		{
			"from": [-3, 6, 1],
			"to": [-2, 8, 10],
			"faces": {
				"north": {"uv": [9, 9.5, 9.25, 10], "texture": "#2"},
				"east": {"uv": [8.5, 7.75, 10.75, 8.25], "texture": "#2"},
				"south": {"uv": [9.5, 9, 9.75, 9.5], "texture": "#2"},
				"west": {"uv": [8.5, 8.25, 10.75, 8.75], "texture": "#2"},
				"up": {"uv": [6.75, 11, 6.5, 8.75], "texture": "#2"},
				"down": {"uv": [7, 8.75, 6.75, 11], "texture": "#2"}
			}
		},
		{
			"from": [18, 6, 1],
			"to": [19, 8, 10],
			"rotation": {"angle": 0, "axis": "y", "origin": [16, 0, 0]},
			"faces": {
				"north": {"uv": [8.5, 9.5, 8.75, 10], "texture": "#2"},
				"east": {"uv": [8.5, 6.75, 10.75, 7.25], "texture": "#2"},
				"south": {"uv": [8.75, 9.5, 9, 10], "texture": "#2"},
				"west": {"uv": [8.5, 7.25, 10.75, 7.75], "texture": "#2"},
				"up": {"uv": [6.25, 11, 6, 8.75], "texture": "#2"},
				"down": {"uv": [6.5, 8.75, 6.25, 11], "texture": "#2"}
			}
		},
		{
			"from": [-3, 0, 0],
			"to": [19, 6, 10],
			"rotation": {"angle": 0, "axis": "y", "origin": [9, 0, 0]},
			"faces": {
				"north": {"uv": [5.5, 0, 11, 1.5], "texture": "#2"},
				"east": {"uv": [5.5, 3, 8, 4.5], "texture": "#2"},
				"south": {"uv": [5.5, 1.5, 11, 3], "texture": "#2"},
				"west": {"uv": [0, 7.5, 2.5, 9], "texture": "#2"},
				"up": {"uv": [5.5, 2.5, 0, 0], "texture": "#2"},
				"down": {"uv": [5.5, 2.5, 0, 5], "texture": "#2"}
			}
		},
		{
			"from": [2, 17, 7],
			"to": [14, 23, 7],
			"faces": {
				"north": {"uv": [0, 0, 6, 3], "texture": "#3"},
				"east": {"uv": [6, 0.5, 6.5, 3.5], "texture": "#3"},
				"south": {"uv": [0, 3, 6, 6], "texture": "#3"},
				"west": {"uv": [6, 3.5, 6.5, 6.5], "texture": "#3"},
				"up": {"uv": [6, 6.5, 0, 6], "texture": "#3"},
				"down": {"uv": [12, 0, 6, 0.5], "texture": "#3"}
			}
		},
		{
			"from": [5.5, 16.7, 6.9],
			"to": [10.5, 21.7, 6.9],
			"faces": {
				"north": {"uv": [0, 0, 5, 5], "texture": "#5"},
				"east": {"uv": [5, 0, 6, 5], "texture": "#5"},
				"south": {"uv": [0, 5, 5, 10], "texture": "#5"},
				"west": {"uv": [5, 5, 6, 10], "texture": "#5"},
				"up": {"uv": [11, 1, 6, 0], "texture": "#5"},
				"down": {"uv": [11, 1, 6, 2], "texture": "#5"}
			}
		}
	],
	"groups": [
		{
			"name": "group",
			"origin": [9, 0, 0],
			"color": 0,
			"children": [0, 1, 2, 3, 4, 5, 6, 7, 8, 9, 10, 11, 12]
		},
		{
			"name": "group",
			"origin": [0, 0, 0],
			"color": 0,
			"children": [13, 14]
		}
	]
}
