{
	"credit": "Made with Blockbench",
	"texture_size": [32, 32],
	"textures": {
		"1": "item/custom/cokedroid"
	},
	"elements": [
		{
			"from": [5, 0, 4],
			"to": [11, 9, 10],
			"rotation": {"angle": 0, "axis": "y", "origin": [7, 0, 8]},
			"faces": {
				"north": {"uv": [0, 0, 3, 4.5], "texture": "#1"},
				"east": {"uv": [3, 0, 6, 4.5], "texture": "#1"},
				"south": {"uv": [0, 4.5, 3, 9], "texture": "#1"},
				"west": {"uv": [3, 4.5, 6, 9], "texture": "#1"},
				"up": {"uv": [9, 3, 6, 0], "texture": "#1"},
				"down": {"uv": [9, 3, 6, 6], "texture": "#1"}
			}
		},
		{
			"from": [3.6, 0, 6],
			"to": [5, 7, 8],
			"rotation": {"angle": 0, "axis": "y", "origin": [0.8, 0, 7]},
			"faces": {
				"north": {"uv": [9, 0, 9.75, 3.5], "texture": "#1"},
				"east": {"uv": [6, 6, 7, 9.5], "texture": "#1"},
				"south": {"uv": [1, 9, 1.75, 12.5], "texture": "#1"},
				"west": {"uv": [7, 6, 8, 9.5], "texture": "#1"},
				"up": {"uv": [9.75, 4.5, 9, 3.5], "texture": "#1"},
				"down": {"uv": [4.75, 9, 4, 10], "texture": "#1"}
			}
		},
		{
			"from": [11, 0, 6],
			"to": [12.4, 7, 8],
			"rotation": {"angle": 0, "axis": "y", "origin": [8.2, 0, 7]},
			"faces": {
				"north": {"uv": [2, 9, 2.75, 12.5], "texture": "#1"},
				"east": {"uv": [8, 6, 9, 9.5], "texture": "#1"},
				"south": {"uv": [3, 9, 3.75, 12.5], "texture": "#1"},
				"west": {"uv": [0, 9, 1, 12.5], "texture": "#1"},
				"up": {"uv": [9.75, 5.5, 9, 4.5], "texture": "#1"},
				"down": {"uv": [5.75, 9, 5, 10], "texture": "#1"}
			}
		}
	]
}
