{
	"credit": "Made with Blockbench",
	"texture_size": [32, 32],
	"textures": {
		"0": "item/custom/cokestandpa1",
		"1": "item/custom/cokestandpa2",
		"particle": "item/custom/cokestandpa1"
	},
	"elements": [
		{
			"from": [0, 0, 0],
			"to": [16, 13, 0],
			"faces": {
				"north": {"uv": [0, 0, 8, 6.5], "texture": "#0"},
				"east": {"uv": [0, 0, 0, 6.5], "texture": "#0"},
				"south": {"uv": [0, 6.5, 8, 13], "texture": "#0"},
				"west": {"uv": [0, 0, 0, 6.5], "texture": "#0"},
				"up": {"uv": [8, 0, 0, 0], "texture": "#0"},
				"down": {"uv": [8, 0, 0, 0], "texture": "#0"}
			}
		},
		{
			"from": [0, 0, 0],
			"to": [0, 13, 16],
			"rotation": {"angle": 0, "axis": "y", "origin": [0, 0, 16]},
			"faces": {
				"north": {"uv": [0, 0, 0, 6.5], "texture": "#0"},
				"east": {"uv": [8, 0, 16, 6.5], "texture": "#0"},
				"south": {"uv": [0, 0, 0, 6.5], "texture": "#0"},
				"west": {"uv": [8, 6.5, 16, 13], "texture": "#0"},
				"up": {"uv": [0, 8, 0, 0], "texture": "#0"},
				"down": {"uv": [0, 0, 0, 8], "texture": "#0"}
			}
		},
		{
			"from": [0, 0, -0.2],
			"to": [17, 13, -0.2],
			"rotation": {"angle": 0, "axis": "y", "origin": [0, 0, -0.2]},
			"faces": {
				"north": {"uv": [0, 0, 8.5, 6.5], "texture": "#1"},
				"east": {"uv": [0, 0, 0, 6.5], "texture": "#1"},
				"south": {"uv": [0, 6.5, 8.5, 13], "texture": "#1"},
				"west": {"uv": [0, 0, 0, 6.5], "texture": "#1"},
				"up": {"uv": [8.5, 0, 0, 0], "texture": "#1"},
				"down": {"uv": [8.5, 0, 0, 0], "texture": "#1"}
			}
		}
	],
	"display": {
		"fixed": {
			"translation": [0, 2, 15.75],
			"scale": [2.01, 2.3, 2.03]
		}
	}
}
