{
	"credit": "Made with Blockbench",
	"texture_size": [64, 64],
	"textures": {
		"0": "item/custom/euentrancegate",
		"1": "item/custom/euentrancegate2",
		"particle": "item/custom/euentrancegate"
	},
	"elements": [
		{
			"from": [-15.04828, -0.12069, -0.46552],
			"to": [-11.7, 14.98276, 2.98278],
			"faces": {
				"north": {"uv": [0, 9.5, 0.875, 13.25], "texture": "#0"},
				"east": {"uv": [1, 9.5, 1.875, 13.25], "texture": "#0"},
				"south": {"uv": [2, 9.5, 2.875, 13.25], "texture": "#0"},
				"west": {"uv": [3, 9.5, 3.875, 13.25], "texture": "#0"},
				"up": {"uv": [11.125, 2.125, 10.25, 1.25], "texture": "#0"},
				"down": {"uv": [11.125, 2.25, 10.25, 3.125], "texture": "#0"}
			}
		},
		{
			"from": [-15.3, 14.32414, -0.90345],
			"to": [-11.48621, 15.08276, 3.39658],
			"faces": {
				"north": {"uv": [10.25, 6.25, 11.25, 6.5], "texture": "#0"},
				"east": {"uv": [10.25, 5.25, 11.375, 5.5], "texture": "#0"},
				"south": {"uv": [10.25, 6.5, 11.25, 6.75], "texture": "#0"},
				"west": {"uv": [10.25, 5.5, 11.375, 5.75], "texture": "#0"},
				"up": {"uv": [9, 10.625, 8, 9.5], "texture": "#0"},
				"down": {"uv": [10, 9.5, 9, 10.625], "texture": "#0"}
			}
		},
		{
			"from": [26.9931, -0.12069, -0.46552],
			"to": [30.34138, 14.98276, 2.98278],
			"faces": {
				"north": {"uv": [0, 9.5, 0.875, 13.25], "texture": "#0"},
				"east": {"uv": [1, 9.5, 1.875, 13.25], "texture": "#0"},
				"south": {"uv": [2, 9.5, 2.875, 13.25], "texture": "#0"},
				"west": {"uv": [3, 9.5, 3.875, 13.25], "texture": "#0"},
				"up": {"uv": [11.125, 2.125, 10.25, 1.25], "texture": "#0"},
				"down": {"uv": [11.125, 2.25, 10.25, 3.125], "texture": "#0"}
			}
		},
		{
			"from": [26.74138, 14.32414, -0.90345],
			"to": [30.55517, 15.08276, 3.39658],
			"faces": {
				"north": {"uv": [10.25, 6.25, 11.25, 6.5], "texture": "#0"},
				"east": {"uv": [10.25, 5.25, 11.375, 5.5], "texture": "#0"},
				"south": {"uv": [10.25, 6.5, 11.25, 6.75], "texture": "#0"},
				"west": {"uv": [10.25, 5.5, 11.375, 5.75], "texture": "#0"},
				"up": {"uv": [9, 10.625, 8, 9.5], "texture": "#0"},
				"down": {"uv": [10, 9.5, 9, 10.625], "texture": "#0"}
			}
		},
		{
			"from": [-12.55172, -0.81034, 1.17241],
			"to": [28.68966, 18.43103, 1.17241],
			"faces": {
				"north": {"uv": [0, 0, 10.25, 4.75], "texture": "#1"},
				"east": {"uv": [0, 0, 0, 4.75], "texture": "#1"},
				"south": {"uv": [0, 4.75, 10.31034, 9.56034], "texture": "#1"},
				"west": {"uv": [0, 0, 0, 4.75], "texture": "#1"},
				"up": {"uv": [10.25, 0, 0, 0], "texture": "#1"},
				"down": {"uv": [0, 0, 10.25, 0], "texture": "#1"}
			}
		}
	],
	"display": {
		"ground": {
			"translation": [0, 5.25, 7.5]
		},
		"gui": {
			"translation": [0.25, -0.25, 0],
			"scale": [0.31, 0.31, 0.8]
		},
		"fixed": {
			"translation": [0, -1.25, 6]
		}
	}
}
