{
	"credit": "Made with Blockbench",
	"texture_size": [32, 32],
	"textures": {
		"0": "item/custom/euflowerpot",
		"particle": "item/custom/euflowerpot"
	},
	"elements": [
		{
			"from": [4, 0, 4],
			"to": [12, 1, 12],
			"rotation": {"angle": 0, "axis": "y", "origin": [7, 0, 7]},
			"faces": {
				"north": {"uv": [11.5, 7, 15.5, 7.5], "texture": "#0"},
				"east": {"uv": [0, 12, 4, 12.5], "texture": "#0"},
				"south": {"uv": [12, 0, 16, 0.5], "texture": "#0"},
				"west": {"uv": [12, 0.5, 16, 1], "texture": "#0"},
				"up": {"uv": [4, 4, 0, 0], "texture": "#0"},
				"down": {"uv": [4, 4, 0, 8], "texture": "#0"}
			}
		},
		{
			"from": [5, 1, 5],
			"to": [11, 2, 11],
			"rotation": {"angle": 0, "axis": "y", "origin": [7, 1, 7]},
			"faces": {
				"north": {"uv": [8, 7.5, 11, 8], "texture": "#0"},
				"east": {"uv": [12, 3, 15, 3.5], "texture": "#0"},
				"south": {"uv": [12, 3.5, 15, 4], "texture": "#0"},
				"west": {"uv": [0, 12.5, 3, 13], "texture": "#0"},
				"up": {"uv": [7, 14.5, 4, 11.5], "texture": "#0"},
				"down": {"uv": [14.5, 4, 11.5, 7], "texture": "#0"}
			}
		},
		{
			"from": [4.5, 2.6, 4.5],
			"to": [11.5, 8.6, 11.5],
			"rotation": {"angle": 0, "axis": "y", "origin": [7, 2.6, 7]},
			"faces": {
				"north": {"uv": [7.5, 8, 11, 11], "texture": "#0"},
				"east": {"uv": [7.5, 11, 11, 14], "texture": "#0"},
				"south": {"uv": [11, 7.5, 14.5, 10.5], "texture": "#0"},
				"west": {"uv": [11, 10.5, 14.5, 13.5], "texture": "#0"},
				"up": {"uv": [7.5, 11.5, 4, 8], "texture": "#0"},
				"down": {"uv": [11.5, 4, 8, 7.5], "texture": "#0"}
			}
		},
		{
			"from": [4, 8.6, 4],
			"to": [12, 9.6, 12],
			"rotation": {"angle": 0, "axis": "y", "origin": [7, 8.6, 7]},
			"faces": {
				"north": {"uv": [12, 1, 16, 1.5], "texture": "#0"},
				"east": {"uv": [12, 1.5, 16, 2], "texture": "#0"},
				"south": {"uv": [12, 2, 16, 2.5], "texture": "#0"},
				"west": {"uv": [12, 2.5, 16, 3], "texture": "#0"},
				"up": {"uv": [8, 4, 4, 0], "texture": "#0"},
				"down": {"uv": [8, 4, 4, 8], "texture": "#0"}
			}
		},
		{
			"from": [4.2, 2, 4.2],
			"to": [11.8, 2.7, 11.8],
			"rotation": {"angle": 0, "axis": "y", "origin": [7, 0, 7]},
			"faces": {
				"north": {"uv": [0, 13, 3.75, 13.25], "texture": "#0"},
				"east": {"uv": [0, 13.5, 3.75, 13.75], "texture": "#0"},
				"south": {"uv": [11, 13.5, 14.75, 13.75], "texture": "#0"},
				"west": {"uv": [0, 14, 3.75, 14.25], "texture": "#0"},
				"up": {"uv": [3.75, 11.75, 0, 8], "texture": "#0"},
				"down": {"uv": [11.75, 0, 8, 3.75], "texture": "#0"}
			}
		}
	]
}
