{
	"credit": "Made with Blockbench",
	"parent": "eupillarnew",
	"textures": {
		"0": "item/custom/eupillar1",
		"1": "item/custom/celestialparklamppost",
		"particle": "item/custom/eupillar1"
	},
	"elements": [
		{
			"from": [6, 0, 6],
			"to": [12.5, 5.5, 12.5],
			"rotation": {"angle": 0, "axis": "y", "origin": [7, 0, 7]},
			"faces": {
				"north": {"uv": [0, 7.5, 1.625, 8.875], "texture": "#0"},
				"east": {"uv": [1.75, 7.5, 3.375, 8.875], "texture": "#0"},
				"south": {"uv": [3.5, 7.5, 5.125, 8.875], "texture": "#0"},
				"west": {"uv": [7.75, 2, 9.375, 3.375], "texture": "#0"},
				"up": {"uv": [7.625, 3.625, 6, 2], "texture": "#0"},
				"down": {"uv": [7.625, 3.75, 6, 5.375], "texture": "#0"}
			}
		},
		{
			"from": [6, 23.5, 6],
			"to": [12.5, 24.9, 12.5],
			"rotation": {"angle": 0, "axis": "y", "origin": [7, 22, 7]},
			"faces": {
				"north": {"uv": [6, 9, 7.625, 9.375], "texture": "#0"},
				"east": {"uv": [9, 6.5, 10.625, 6.875], "texture": "#0"},
				"south": {"uv": [9, 7, 10.625, 7.375], "texture": "#0"},
				"west": {"uv": [9, 7.5, 10.625, 7.875], "texture": "#0"},
				"up": {"uv": [7.625, 7.125, 6, 5.5], "texture": "#0"},
				"down": {"uv": [7.625, 7.25, 6, 8.875], "texture": "#0"}
			}
		},
		{
			"from": [10.34828, 30.14483, 8.97931],
			"to": [10.94138, 30.73793, 9.57241],
			"rotation": {"angle": -45, "axis": "y", "origin": [10.03448, 29.66897, 7.36207]},
			"faces": {
				"north": {"uv": [13.01724, 0, 13.2069, 0.08621], "texture": "#1"},
				"east": {"uv": [13.01724, 0.03448, 13.2069, 0.12069], "texture": "#1"},
				"south": {"uv": [13.2069, 0.03448, 13.03448, 0.18966], "texture": "#1"},
				"west": {"uv": [13.01724, 0.06897, 13.2069, 0.15517], "texture": "#1"},
				"up": {"uv": [13.2069, 0.12069, 13.01724, 0.03448], "texture": "#1"},
				"down": {"uv": [13.16207, 0, 13.08707, 0.175], "texture": "#1"}
			}
		},
		{
			"from": [10.44828, 30.83448, 9.07931],
			"to": [10.84138, 31.02759, 9.47241],
			"rotation": {"angle": -45, "axis": "y", "origin": [10.03448, 30.35862, 7.36207]},
			"faces": {
				"north": {"uv": [13.03879, 4.05086, 13.16379, 4.22586], "texture": "#1"},
				"east": {"uv": [13.03879, 4.05086, 13.16379, 4.22586], "texture": "#1"},
				"south": {"uv": [13.03879, 4.05086, 13.16379, 4.22586], "texture": "#1"},
				"west": {"uv": [13.03879, 4.05086, 13.16379, 4.22586], "texture": "#1"},
				"up": {"uv": [13.16379, 4.22586, 13.03879, 4.05086], "texture": "#1"},
				"down": {"uv": [13.16379, 4.05086, 13.03879, 4.22586], "texture": "#1"}
			}
		},
		{
			"from": [10.52414, 28.84138, 9.15517],
			"to": [10.76552, 31.70345, 9.39655],
			"rotation": {"angle": -45, "axis": "y", "origin": [10.03448, 28.01379, 7.36207]},
			"faces": {
				"north": {"uv": [11.60345, 12.62069, 11.7931, 12.86207], "texture": "#1"},
				"east": {"uv": [11.60345, 12.62069, 11.7931, 12.86207], "texture": "#1"},
				"south": {"uv": [11.60345, 12.62069, 11.7931, 12.86207], "texture": "#1"},
				"west": {"uv": [11.60345, 12.62069, 11.7931, 12.86207], "texture": "#1"},
				"up": {"uv": [11.7931, 12.86207, 11.60345, 12.62069], "texture": "#1"},
				"down": {"uv": [11.7931, 12.62069, 11.60345, 12.86207], "texture": "#1"}
			}
		},
		{
			"from": [10.11035, 28.71724, 8.84138],
			"to": [11.17931, 29.51034, 9.77241],
			"rotation": {"angle": -45, "axis": "y", "origin": [10.03448, 27.47586, 7.46207]},
			"faces": {
				"north": {"uv": [10.7931, 12.31034, 11, 12.65517], "texture": "#1"},
				"east": {"uv": [10.82759, 12.31034, 10.93103, 12.62069], "texture": "#1"},
				"south": {"uv": [10.81724, 12.39052, 10.96724, 12.56552], "texture": "#1"},
				"west": {"uv": [10.82759, 12.41379, 10.96552, 12.65517], "texture": "#1"},
				"up": {"uv": [11.08276, 11.34483, 10.63276, 10.91983], "texture": "#1"},
				"down": {"uv": [11.09569, 10.75862, 10.62069, 11.75862], "texture": "#1"}
			}
		},
		{
			"from": [9.73448, 24.84138, 8.46552],
			"to": [11.45517, 29.18277, 10.18622],
			"rotation": {"angle": -45, "axis": "y", "origin": [10.03448, 23.6, 7.56207]},
			"faces": {
				"north": {"uv": [10.51034, 10.51983, 11.22586, 12.73103], "texture": "#1"},
				"east": {"uv": [10.50086, 10.51983, 11.24138, 12.73362], "texture": "#1"},
				"south": {"uv": [11.23793, 10.52672, 10.5, 12.73879], "texture": "#1"},
				"west": {"uv": [10.5181, 10.51034, 11.23362, 12.73879], "texture": "#1"},
				"up": {"uv": [10.10345, 11.27586, 9.60345, 10.7069], "texture": "#1"},
				"down": {"uv": [9.9069, 12.44914, 9.8069, 12.6431], "texture": "#1"}
			}
		},
		{
			"from": [8.9069, 25.48276, 7.63793],
			"to": [12.38276, 28.95866, 11.11379],
			"rotation": {"angle": -45, "axis": "y", "origin": [10.03448, 25.72069, 7.46207]},
			"faces": {
				"north": {"uv": [7.99655, 0, 9.75345, 1.7569], "texture": "#1"},
				"east": {"uv": [8, 2, 9.73793, 3.74741], "texture": "#1"},
				"south": {"uv": [8.01724, 4.01466, 9.74224, 5.73966], "texture": "#1"},
				"west": {"uv": [5.5, 8.01638, 7.25, 9.74138], "texture": "#1"},
				"up": {"uv": [9.23879, 9.73103, 7.51379, 8.00603], "texture": "#1"},
				"down": {"uv": [2.25, 9.01638, 0.5, 10.74138], "texture": "#1"}
			}
		},
		{
			"from": [6.5, 2, 6.5],
			"to": [12, 24, 12],
			"rotation": {"angle": 0, "axis": "y", "origin": [7, 2, 7]},
			"faces": {
				"north": {"uv": [0, 0, 1.375, 5.5], "texture": "#0"},
				"east": {"uv": [1.5, 0, 2.875, 5.5], "texture": "#0"},
				"south": {"uv": [3, 0, 4.375, 5.5], "texture": "#0"},
				"west": {"uv": [4.5, 0, 5.875, 5.5], "texture": "#0"},
				"up": {"uv": [9.125, 4.875, 7.75, 3.5], "texture": "#0"},
				"down": {"uv": [9.125, 5, 7.75, 6.375], "texture": "#0"}
			}
		},
		{
			"from": [6.4, 4.7, 6.4],
			"to": [7.1, 23.6, 7.1],
			"rotation": {"angle": 0, "axis": "y", "origin": [5.4, 7, 6.4]},
			"faces": {
				"north": {"uv": [5.25, 7.5, 5.5, 12.25], "texture": "#0"},
				"east": {"uv": [5.5, 7.5, 5.75, 12.25], "texture": "#0"},
				"south": {"uv": [5.75, 7.5, 6, 12.25], "texture": "#0"},
				"west": {"uv": [7.75, 6.5, 8, 11.25], "texture": "#0"},
				"up": {"uv": [4.25, 9.25, 4, 9], "texture": "#0"},
				"down": {"uv": [4.5, 9, 4.25, 9.25], "texture": "#0"}
			}
		},
		{
			"from": [6.4, 4.7, 11.4],
			"to": [7.1, 23.6, 12.1],
			"rotation": {"angle": 0, "axis": "y", "origin": [5.4, 7, 11.1]},
			"faces": {
				"north": {"uv": [8, 6.5, 8.25, 11.25], "texture": "#0"},
				"east": {"uv": [8.25, 6.5, 8.5, 11.25], "texture": "#0"},
				"south": {"uv": [8.5, 6.5, 8.75, 11.25], "texture": "#0"},
				"west": {"uv": [8.75, 6.5, 9, 11.25], "texture": "#0"},
				"up": {"uv": [4.75, 9.25, 4.5, 9], "texture": "#0"},
				"down": {"uv": [5, 9, 4.75, 9.25], "texture": "#0"}
			}
		},
		{
			"from": [11.4, 4.7, 11.4],
			"to": [12.1, 23.6, 12.1],
			"rotation": {"angle": 0, "axis": "y", "origin": [10.1, 7, 11.1]},
			"faces": {
				"north": {"uv": [1, 9, 1.25, 13.75], "texture": "#0"},
				"east": {"uv": [1.25, 9, 1.5, 13.75], "texture": "#0"},
				"south": {"uv": [1.5, 9, 1.75, 13.75], "texture": "#0"},
				"west": {"uv": [1.75, 9, 2, 13.75], "texture": "#0"},
				"up": {"uv": [9.25, 8.5, 9, 8.25], "texture": "#0"},
				"down": {"uv": [9.25, 8.5, 9, 8.75], "texture": "#0"}
			}
		},
		{
			"from": [11.4, 4.7, 6.4],
			"to": [12.1, 23.6, 7.1],
			"rotation": {"angle": 0, "axis": "y", "origin": [10.1, 7, 6.4]},
			"faces": {
				"north": {"uv": [0, 9, 0.25, 13.75], "texture": "#0"},
				"east": {"uv": [0.25, 9, 0.5, 13.75], "texture": "#0"},
				"south": {"uv": [0.5, 9, 0.75, 13.75], "texture": "#0"},
				"west": {"uv": [0.75, 9, 1, 13.75], "texture": "#0"},
				"up": {"uv": [5.25, 9.25, 5, 9], "texture": "#0"},
				"down": {"uv": [9.25, 8, 9, 8.25], "texture": "#0"}
			}
		}
	],
	"display": {
		"thirdperson_righthand": {
			"rotation": [90, 0, 0],
			"translation": [-8.75, 0, 5],
			"scale": [2.14, 2.16, 2.14]
		}
	}
}
