{
	"credit": "Made with Blockbench",
	"texture_size": [64, 64],
	"textures": {
		"0": "item/custom/eupillardetail",
		"particle": "item/custom/eupillardetail"
	},
	"elements": [
		{
			"from": [5, 1, 8],
			"to": [12, 32, 8],
			"rotation": {"angle": 0, "axis": "y", "origin": [3, 1, 8]},
			"faces": {
				"north": {"uv": [0, 0, 1.75, 7.75], "texture": "#0"},
				"east": {"uv": [7.5, 0, 7.75, 7.75], "texture": "#0"},
				"south": {"uv": [1.75, 0, 3.5, 7.75], "texture": "#0"},
				"west": {"uv": [0, 7.75, 0.25, 15.5], "texture": "#0"},
				"up": {"uv": [9.5, 3.75, 7.75, 3.5], "texture": "#0"},
				"down": {"uv": [9.5, 3.75, 7.75, 4], "texture": "#0"}
			}
		},
		{
			"from": [3, 0, 7],
			"to": [5, 32, 9],
			"rotation": {"angle": 0, "axis": "y", "origin": [-4, 0, 7]},
			"faces": {
				"north": {"uv": [3.5, 0, 4, 8], "texture": "#0"},
				"east": {"uv": [4, 0, 4.5, 8], "texture": "#0"},
				"south": {"uv": [4.5, 0, 5, 8], "texture": "#0"},
				"west": {"uv": [5, 0, 5.5, 8], "texture": "#0"},
				"up": {"uv": [2.5, 8.25, 2, 7.75], "texture": "#0"},
				"down": {"uv": [3, 7.75, 2.5, 8.25], "texture": "#0"}
			}
		},
		{
			"from": [12, 0, 7],
			"to": [14, 32, 9],
			"rotation": {"angle": 0, "axis": "y", "origin": [5, 0, 7]},
			"faces": {
				"north": {"uv": [5.5, 0, 6, 8], "texture": "#0"},
				"east": {"uv": [6, 0, 6.5, 8], "texture": "#0"},
				"south": {"uv": [6.5, 0, 7, 8], "texture": "#0"},
				"west": {"uv": [7, 0, 7.5, 8], "texture": "#0"},
				"up": {"uv": [3.5, 8.25, 3, 7.75], "texture": "#0"},
				"down": {"uv": [8.25, 4, 7.75, 4.5], "texture": "#0"}
			}
		},
		{
			"from": [5, 30, 7],
			"to": [12, 32, 9],
			"rotation": {"angle": 0, "axis": "y", "origin": [3, 0, 7]},
			"faces": {
				"north": {"uv": [7.75, 0, 9.5, 0.5], "texture": "#0"},
				"east": {"uv": [7.75, 4.5, 8.25, 5], "texture": "#0"},
				"south": {"uv": [0.25, 7.75, 2, 8.25], "texture": "#0"},
				"west": {"uv": [7.75, 5, 8.25, 5.5], "texture": "#0"},
				"up": {"uv": [9.5, 1, 7.75, 0.5], "texture": "#0"},
				"down": {"uv": [9.5, 1, 7.75, 1.5], "texture": "#0"}
			}
		},
		{
			"from": [5, 0, 7],
			"to": [12, 2, 9],
			"rotation": {"angle": 0, "axis": "y", "origin": [3, -30, 7]},
			"faces": {
				"north": {"uv": [7.75, 1.5, 9.5, 2], "texture": "#0"},
				"east": {"uv": [7.75, 5.5, 8.25, 6], "texture": "#0"},
				"south": {"uv": [7.75, 2, 9.5, 2.5], "texture": "#0"},
				"west": {"uv": [7.75, 6, 8.25, 6.5], "texture": "#0"},
				"up": {"uv": [9.5, 3, 7.75, 2.5], "texture": "#0"},
				"down": {"uv": [9.5, 3, 7.75, 3.5], "texture": "#0"}
			}
		}
	],
	"display": {}
}
