{
	"credit": "Made with Blockbench",
	"texture_size": [32, 32],
	"textures": {
		"1": "item/custom/euplanter"
	},
	"elements": [
		{
			"from": [5.6, 0, 4],
			"to": [9.6, 4, 8],
			"rotation": {"angle": -45, "axis": "y", "origin": [6.6, 0, 7]},
			"faces": {
				"north": {"uv": [0, 5, 2, 7], "texture": "#1"},
				"east": {"uv": [5, 0, 7, 2], "texture": "#1"},
				"south": {"uv": [2, 5, 4, 7], "texture": "#1"},
				"west": {"uv": [5, 2, 7, 4], "texture": "#1"},
				"up": {"uv": [6, 7, 4, 5], "texture": "#1"},
				"down": {"uv": [8, 4, 6, 6], "texture": "#1"}
			}
		},
		{
			"from": [4.5, 4, 5.3],
			"to": [9.3, 5, 10.1],
			"rotation": {"angle": 45, "axis": "y", "origin": [6.6, 4, 6]},
			"faces": {
				"north": {"uv": [7, 2, 9.375, 2.5], "texture": "#1"},
				"east": {"uv": [2.5, 7, 4.875, 7.5], "texture": "#1"},
				"south": {"uv": [7, 2.5, 9.375, 3], "texture": "#1"},
				"west": {"uv": [7, 3, 9.375, 3.5], "texture": "#1"},
				"up": {"uv": [2.375, 2.375, 0, 0], "texture": "#1"},
				"down": {"uv": [2.375, 2.5, 0, 4.875], "texture": "#1"}
			}
		},
		{
			"from": [6.8, 3.8, 3.21005],
			"to": [11.2, 5.2, 7.61005],
			"rotation": {"angle": -45, "axis": "y", "origin": [6.6, 5, 5.01005]},
			"faces": {
				"north": {"uv": [6, 6, 8.25, 6.75], "texture": "#1"},
				"east": {"uv": [0, 7, 2.25, 7.75], "texture": "#1"},
				"south": {"uv": [7, 0, 9.25, 0.75], "texture": "#1"},
				"west": {"uv": [7, 1, 9.25, 1.75], "texture": "#1"},
				"up": {"uv": [4.75, 2.25, 2.5, 0], "texture": "#1"},
				"down": {"uv": [4.75, 2.5, 2.5, 4.75], "texture": "#1"}
			}
		}
	]
}
