{
	"credit": "Made with Blockbench",
	"texture_size": [32, 32],
	"textures": {
		"0": "item/custom/eupot",
		"particle": "item/custom/eupot"
	},
	"elements": [
		{
			"from": [6, 0, 6],
			"to": [10, 0.5, 10],
			"rotation": {"angle": 0, "axis": "y", "origin": [7, 0, 7]},
			"faces": {
				"north": {"uv": [7, 9.5, 9, 9.75], "texture": "#0"},
				"east": {"uv": [9.5, 8.5, 11.5, 8.75], "texture": "#0"},
				"south": {"uv": [9, 9.5, 11, 9.75], "texture": "#0"},
				"west": {"uv": [9.5, 9, 11.5, 9.25], "texture": "#0"},
				"up": {"uv": [7.5, 4.5, 5.5, 2.5], "texture": "#0"},
				"down": {"uv": [7.5, 4.5, 5.5, 6.5], "texture": "#0"}
			}
		},
		{
			"from": [5.6, 0.5, 5.6],
			"to": [10.4, 2.1, 10.4],
			"rotation": {"angle": 0, "axis": "y", "origin": [7, 0.5, 7]},
			"faces": {
				"north": {"uv": [8, 1.5, 10.5, 2.25], "texture": "#0"},
				"east": {"uv": [4.5, 8.5, 7, 9.25], "texture": "#0"},
				"south": {"uv": [7, 8.5, 9.5, 9.25], "texture": "#0"},
				"west": {"uv": [9, 5.5, 11.5, 6.25], "texture": "#0"},
				"up": {"uv": [5.5, 2.5, 3, 0], "texture": "#0"},
				"down": {"uv": [5.5, 2.5, 3, 5], "texture": "#0"}
			}
		},
		{
			"from": [5.3, 2.1, 5.3],
			"to": [10.7, 4.1, 10.7],
			"rotation": {"angle": 0, "axis": "y", "origin": [7, 2, 7]},
			"faces": {
				"north": {"uv": [2, 7.5, 4.75, 8.5], "texture": "#0"},
				"east": {"uv": [7.5, 2.5, 10.25, 3.5], "texture": "#0"},
				"south": {"uv": [7.5, 3.5, 10.25, 4.5], "texture": "#0"},
				"west": {"uv": [7.5, 4.5, 10.25, 5.5], "texture": "#0"},
				"up": {"uv": [2.75, 2.75, 0, 0], "texture": "#0"},
				"down": {"uv": [2.75, 3, 0, 5.75], "texture": "#0"}
			}
		},
		{
			"from": [5.6, 4.1, 5.6],
			"to": [10.4, 4.5, 10.4],
			"rotation": {"angle": 0, "axis": "y", "origin": [7, 4, 7]},
			"faces": {
				"north": {"uv": [9.5, 0, 12, 0.25], "texture": "#0"},
				"east": {"uv": [9.5, 0.5, 12, 0.75], "texture": "#0"},
				"south": {"uv": [9.5, 1, 12, 1.25], "texture": "#0"},
				"west": {"uv": [4.5, 9.5, 7, 9.75], "texture": "#0"},
				"up": {"uv": [5.5, 7.5, 3, 5], "texture": "#0"},
				"down": {"uv": [8, 0, 5.5, 2.5], "texture": "#0"}
			}
		},
		{
			"from": [6.6, 4.5, 6.6],
			"to": [9.4, 5.7, 9.4],
			"rotation": {"angle": 0, "axis": "y", "origin": [7, 4.5, 7]},
			"faces": {
				"north": {"uv": [9, 6.5, 10.5, 7], "texture": "#0"},
				"east": {"uv": [9, 7, 10.5, 7.5], "texture": "#0"},
				"south": {"uv": [9, 7.5, 10.5, 8], "texture": "#0"},
				"west": {"uv": [9, 8, 10.5, 8.5], "texture": "#0"},
				"up": {"uv": [1.5, 9.5, 0, 8], "texture": "#0"},
				"down": {"uv": [9.5, 0, 8, 1.5], "texture": "#0"}
			}
		},
		{
			"from": [6.2, 4.5, 6.2],
			"to": [9.8, 4.9, 9.8],
			"rotation": {"angle": 0, "axis": "y", "origin": [7, 4.5, 7]},
			"faces": {
				"north": {"uv": [0, 10, 1.75, 10.25], "texture": "#0"},
				"east": {"uv": [2, 10, 3.75, 10.25], "texture": "#0"},
				"south": {"uv": [4, 10, 5.75, 10.25], "texture": "#0"},
				"west": {"uv": [6, 10, 7.75, 10.25], "texture": "#0"},
				"up": {"uv": [1.75, 7.75, 0, 6], "texture": "#0"},
				"down": {"uv": [7.25, 6.5, 5.5, 8.25], "texture": "#0"}
			}
		},
		{
			"from": [6.4, 5.7, 6.4],
			"to": [9.6, 6.1, 9.6],
			"rotation": {"angle": 0, "axis": "y", "origin": [7, 5.7, 7]},
			"faces": {
				"north": {"uv": [1.5, 10.5, 3, 10.75], "texture": "#0"},
				"east": {"uv": [10.5, 1.5, 12, 1.75], "texture": "#0"},
				"south": {"uv": [10.5, 2, 12, 2.25], "texture": "#0"},
				"west": {"uv": [10.5, 2.5, 12, 2.75], "texture": "#0"},
				"up": {"uv": [3, 10, 1.5, 8.5], "texture": "#0"},
				"down": {"uv": [4.5, 8.5, 3, 10], "texture": "#0"}
			}
		},
		{
			"from": [6.5, 6.1, 6.5],
			"to": [9.5, 6.3, 9.5],
			"rotation": {"angle": 0, "axis": "y", "origin": [7, 6.1, 7]},
			"faces": {
				"north": {"uv": [0, 9.5, 1.5, 9.75], "texture": "#0"},
				"east": {"uv": [8, 10, 9.5, 10.25], "texture": "#0"},
				"south": {"uv": [9.5, 10, 11, 10.25], "texture": "#0"},
				"west": {"uv": [0, 10.5, 1.5, 10.75], "texture": "#0"},
				"up": {"uv": [9, 7, 7.5, 5.5], "texture": "#0"},
				"down": {"uv": [9, 7, 7.5, 8.5], "texture": "#0"}
			}
		}
	]
}
