{
	"credit": "Made with Blockbench",
	"texture_size": [32, 32],
	"textures": {
		"1": "item/custom/eusecuritygate",
		"2": "item/custom/eusecuritygate2",
		"particle": "item/custom/eusecuritygate2"
	},
	"elements": [
		{
			"from": [7, 0, -0.5],
			"to": [7, 8, 16.5],
			"rotation": {"angle": 0, "axis": "y", "origin": [5, 0, -0.5]},
			"faces": {
				"north": {"uv": [0, 0, 0, 4], "texture": "#1"},
				"east": {"uv": [0, 0.01724, 8.5, 4.01724], "texture": "#1"},
				"south": {"uv": [0, 0, 0, 4], "texture": "#1"},
				"west": {"uv": [0.62069, 4.03449, 9.12069, 8], "texture": "#1"},
				"up": {"uv": [0, 8.5, 0, 0], "texture": "#1"},
				"down": {"uv": [0, 0, 0, 8.5], "texture": "#1"}
			}
		},
		{
			"from": [6.66897, 7.72069, -0.5],
			"to": [7.26897, 8.22069, 15.24138],
			"rotation": {"angle": 0, "axis": "y", "origin": [5.96897, 6.12069, 0]},
			"faces": {
				"north": {"uv": [3, 6, 3.25, 6.25], "texture": "#2"},
				"east": {"uv": [1, 1, 8.875, 1.25], "texture": "#2"},
				"south": {"uv": [6, 3, 6.25, 3.25], "texture": "#2"},
				"west": {"uv": [1, 1.5, 8.875, 1.75], "texture": "#2"},
				"up": {"uv": [1.25, 9.875, 1, 2], "texture": "#2"},
				"down": {"uv": [1.75, 2, 1.5, 9.875], "texture": "#2"}
			}
		},
		{
			"from": [6.76897, -0.04138, 14.82759],
			"to": [7.16897, 8.06207, 15.22759],
			"rotation": {"angle": 0, "axis": "y", "origin": [5.96897, -6.97931, 16.92759]},
			"faces": {
				"north": {"uv": [4, 2, 4.25, 6], "texture": "#2"},
				"east": {"uv": [4.5, 2, 4.75, 6], "texture": "#2"},
				"south": {"uv": [5, 2, 5.25, 6], "texture": "#2"},
				"west": {"uv": [5.5, 2, 5.75, 6], "texture": "#2"},
				"up": {"uv": [3.75, 6.25, 3.5, 6], "texture": "#2"},
				"down": {"uv": [6.25, 3.5, 6, 3.75], "texture": "#2"}
			}
		},
		{
			"from": [6.76897, -0.04138, -0.47241],
			"to": [7.16897, 8.06207, -0.07241],
			"rotation": {"angle": 0, "axis": "y", "origin": [5.96897, -6.97931, 1.62759]},
			"faces": {
				"north": {"uv": [2, 2, 2.25, 6], "texture": "#2"},
				"east": {"uv": [2.5, 2, 2.75, 6], "texture": "#2"},
				"south": {"uv": [3, 2, 3.25, 6], "texture": "#2"},
				"west": {"uv": [3.5, 2, 3.75, 6], "texture": "#2"},
				"up": {"uv": [2.75, 6.25, 2.5, 6], "texture": "#2"},
				"down": {"uv": [6.25, 2.5, 6, 2.75], "texture": "#2"}
			}
		},
		{
			"from": [6.66897, 0.52069, -0.5],
			"to": [7.26897, 1.02069, 15.24138],
			"rotation": {"angle": 0, "axis": "y", "origin": [5.96897, -1.07931, 0]},
			"faces": {
				"north": {"uv": [2, 6, 2.25, 6.25], "texture": "#2"},
				"east": {"uv": [0, 0, 7.875, 0.25], "texture": "#2"},
				"south": {"uv": [6, 2, 6.25, 2.25], "texture": "#2"},
				"west": {"uv": [0, 0.5, 7.875, 0.75], "texture": "#2"},
				"up": {"uv": [0.25, 8.875, 0, 1], "texture": "#2"},
				"down": {"uv": [0.75, 1, 0.5, 8.875], "texture": "#2"}
			}
		}
	]
}
