{
	"credit": "Made with Blockbench",
	"texture_size": [64, 64],
	"textures": {
		"1": "item/custom/eutrashrecycle"
	},
	"elements": [
		{
			"from": [4, 0, 4],
			"to": [12, 1, 12],
			"rotation": {"angle": 0, "axis": "y", "origin": [7, 0, 7]},
			"faces": {
				"north": {"uv": [3.25, 7.5, 5.25, 7.75], "texture": "#1"},
				"east": {"uv": [7.5, 4, 9.5, 4.25], "texture": "#1"},
				"south": {"uv": [7.5, 4.25, 9.5, 4.5], "texture": "#1"},
				"west": {"uv": [7.5, 4.5, 9.5, 4.75], "texture": "#1"},
				"up": {"uv": [2, 2, 0, 0], "texture": "#1"},
				"down": {"uv": [2, 2, 0, 4], "texture": "#1"}
			}
		},
		{
			"from": [5, 1, 5],
			"to": [11, 2, 11],
			"rotation": {"angle": 0, "axis": "y", "origin": [7, 1, 7]},
			"faces": {
				"north": {"uv": [7.5, 5.75, 9, 6], "texture": "#1"},
				"east": {"uv": [7.5, 6, 9, 6.25], "texture": "#1"},
				"south": {"uv": [7.5, 6.25, 9, 6.5], "texture": "#1"},
				"west": {"uv": [7.5, 6.5, 9, 6.75], "texture": "#1"},
				"up": {"uv": [3.25, 8.75, 1.75, 7.25], "texture": "#1"},
				"down": {"uv": [1.5, 7.5, 0, 9], "texture": "#1"}
			}
		},
		{
			"from": [4.5, 2.6, 4.5],
			"to": [11.5, 8.6, 11.5],
			"rotation": {"angle": 0, "axis": "y", "origin": [7, 2.6, 7]},
			"faces": {
				"north": {"uv": [5.75, 4, 7.5, 5.5], "texture": "#1"},
				"east": {"uv": [5.75, 5.5, 7.5, 7], "texture": "#1"},
				"south": {"uv": [0, 6, 1.75, 7.5], "texture": "#1"},
				"west": {"uv": [6, 0, 7.75, 1.5], "texture": "#1"},
				"up": {"uv": [5.75, 5.75, 4, 4], "texture": "#1"},
				"down": {"uv": [5.75, 5.75, 4, 7.5], "texture": "#1"}
			}
		},
		{
			"from": [4.2, 8.6, 4.2],
			"to": [11.8, 9.4, 11.8],
			"rotation": {"angle": 0, "axis": "y", "origin": [7, 8.6, 7]},
			"faces": {
				"north": {"uv": [7.5, 4.75, 9.375, 5], "texture": "#1"},
				"east": {"uv": [7.5, 5, 9.375, 5.25], "texture": "#1"},
				"south": {"uv": [7.5, 5.25, 9.375, 5.5], "texture": "#1"},
				"west": {"uv": [7.5, 5.5, 9.375, 5.75], "texture": "#1"},
				"up": {"uv": [1.875, 5.875, 0, 4], "texture": "#1"},
				"down": {"uv": [5.875, 0, 4, 1.875], "texture": "#1"}
			}
		},
		{
			"from": [4.2, 2, 4.2],
			"to": [11.8, 2.7, 11.8],
			"rotation": {"angle": 0, "axis": "y", "origin": [7, 0, 7]},
			"faces": {
				"north": {"uv": [7.5, 6.75, 9.375, 6.875], "texture": "#1"},
				"east": {"uv": [7.75, 0, 9.625, 0.125], "texture": "#1"},
				"south": {"uv": [7.75, 0.25, 9.625, 0.375], "texture": "#1"},
				"west": {"uv": [7.75, 0.5, 9.625, 0.625], "texture": "#1"},
				"up": {"uv": [3.875, 5.875, 2, 4], "texture": "#1"},
				"down": {"uv": [5.875, 2, 4, 3.875], "texture": "#1"}
			}
		},
		{
			"from": [4, 3.2, 4],
			"to": [12, 8.2, 12],
			"rotation": {"angle": 0, "axis": "y", "origin": [7, 3.2, 7]},
			"faces": {
				"north": {"uv": [6, 1.5, 8, 2.75], "texture": "#1"},
				"east": {"uv": [1.75, 6, 3.75, 7.25], "texture": "#1"},
				"south": {"uv": [6, 2.75, 8, 4], "texture": "#1"},
				"west": {"uv": [5.75, 7, 7.75, 8.25], "texture": "#1"},
				"up": {"uv": [4, 2, 2, 0], "texture": "#1"},
				"down": {"uv": [4, 2, 2, 4], "texture": "#1"}
			}
		}
	]
}
