{
	"credit": "Made with Blockbench",
	"textures": {
		"1": "item/custom/exitsigntexture"
	},
	"elements": [
		{
			"from": [0, 0, 1],
			"to": [4.5, 2.5, 1.5],
			"faces": {
				"north": {"uv": [0, 0, 4.5, 2.5], "texture": "#1"},
				"east": {"uv": [5, 2, 5.5, 4.5], "texture": "#1"},
				"south": {"uv": [0, 3, 4.5, 5.5], "texture": "#1"},
				"west": {"uv": [5, 5, 5.5, 7.5], "texture": "#1"},
				"up": {"uv": [9.5, 0.5, 5, 0], "texture": "#1"},
				"down": {"uv": [9.5, 1, 5, 1.5], "texture": "#1"}
			}
		}
	]
}
