{
	"credit": "Made with Blockbench",
	"texture_size": [64, 64],
	"textures": {
		"0": "item/custom/texturegonkgray",
		"particle": "item/custom/texturegonkgray"
	},
	"elements": [
		{
			"from": [-0.55172, -0.82759, 0.68966],
			"to": [6.41379, 4.34483, 6],
			"faces": {
				"north": {"uv": [5.25, 6.25, 7, 7.5], "texture": "#0"},
				"east": {"uv": [7, 8, 8.375, 9.25], "texture": "#0"},
				"south": {"uv": [0, 6.75, 1.75, 8], "texture": "#0"},
				"west": {"uv": [8.5, 8, 9.875, 9.25], "texture": "#0"},
				"up": {"uv": [7.5, 1.375, 5.75, 0], "texture": "#0"},
				"down": {"uv": [7.5, 1.5, 5.75, 2.875], "texture": "#0"}
			}
		},
		{
			"from": [-0.55172, 3.17241, 0],
			"to": [6.41379, 4.34483, 0.75862],
			"rotation": {"angle": 0, "axis": "y", "origin": [0, 0, -3.44828]},
			"faces": {
				"north": {"uv": [10.25, 6, 12, 6.25], "texture": "#0"},
				"east": {"uv": [6.5, 3, 6.75, 3.25], "texture": "#0"},
				"south": {"uv": [0, 10.5, 1.75, 10.75], "texture": "#0"},
				"west": {"uv": [6.75, 3, 7, 3.25], "texture": "#0"},
				"up": {"uv": [12.25, 0.25, 10.5, 0], "texture": "#0"},
				"down": {"uv": [12.25, 0.25, 10.5, 0.5], "texture": "#0"}
			}
		},
		{
			"from": [5.24138, 0.34483, 0],
			"to": [6.41379, 3.31034, 0.75862],
			"rotation": {"angle": 0, "axis": "z", "origin": [2.06897, 3.72414, -3.44828]},
			"faces": {
				"north": {"uv": [4.75, 8, 5, 8.75], "texture": "#0"},
				"east": {"uv": [5, 8, 5.25, 8.75], "texture": "#0"},
				"south": {"uv": [4.5, 9.25, 4.75, 10], "texture": "#0"},
				"west": {"uv": [10.5, 10.75, 10.75, 11.5], "texture": "#0"},
				"up": {"uv": [4.5, 11.25, 4.25, 11], "texture": "#0"},
				"down": {"uv": [11.25, 4.5, 11, 4.75], "texture": "#0"}
			}
		},
		{
			"from": [-0.55172, 0.34483, 0],
			"to": [0.62069, 3.31034, 0.75862],
			"rotation": {"angle": 0, "axis": "z", "origin": [-3.72414, 3.72414, -3.44828]},
			"faces": {
				"north": {"uv": [10.75, 10.75, 11, 11.5], "texture": "#0"},
				"east": {"uv": [0, 11, 0.25, 11.75], "texture": "#0"},
				"south": {"uv": [0.25, 11, 0.5, 11.75], "texture": "#0"},
				"west": {"uv": [0.5, 11, 0.75, 11.75], "texture": "#0"},
				"up": {"uv": [6.25, 11.25, 6, 11], "texture": "#0"},
				"down": {"uv": [6.5, 11, 6.25, 11.25], "texture": "#0"}
			}
		},
		{
			"from": [-0.55172, -0.82759, 0],
			"to": [6.41379, 0.34483, 0.75862],
			"rotation": {"angle": 0, "axis": "y", "origin": [0, -4, -3.44828]},
			"faces": {
				"north": {"uv": [10.5, 0.5, 12.25, 0.75], "texture": "#0"},
				"east": {"uv": [9.5, 9.25, 9.75, 9.5], "texture": "#0"},
				"south": {"uv": [10.5, 0.75, 12.25, 1], "texture": "#0"},
				"west": {"uv": [10.75, 7, 11, 7.25], "texture": "#0"},
				"up": {"uv": [12.25, 1.25, 10.5, 1], "texture": "#0"},
				"down": {"uv": [1.75, 10.75, 0, 11], "texture": "#0"}
			}
		},
		{
			"from": [-0.65172, -1.93103, 0],
			"to": [6.51379, -0.79655, 12.75862],
			"rotation": {"angle": 0, "axis": "y", "origin": [0, -4.41379, 0]},
			"faces": {
				"north": {"uv": [10, 7.25, 11.75, 7.5], "texture": "#0"},
				"east": {"uv": [9.25, 1.75, 12.5, 2], "texture": "#0"},
				"south": {"uv": [10, 8.75, 11.75, 9], "texture": "#0"},
				"west": {"uv": [9.25, 2, 12.5, 2.25], "texture": "#0"},
				"up": {"uv": [1.75, 6.75, 0, 3.5], "texture": "#0"},
				"down": {"uv": [3.5, 3.5, 1.75, 6.75], "texture": "#0"}
			}
		},
		{
			"from": [-0.82759, -3.17241, -0.41379],
			"to": [6.68966, -1.72414, 13.03448],
			"rotation": {"angle": 0, "axis": "y", "origin": [0, -5.37931, 0]},
			"faces": {
				"north": {"uv": [2.5, 9.25, 4.375, 9.625], "texture": "#0"},
				"east": {"uv": [8.75, 7.5, 12.125, 7.875], "texture": "#0"},
				"south": {"uv": [6.25, 9.5, 8.125, 9.875], "texture": "#0"},
				"west": {"uv": [9.25, 1.25, 12.625, 1.625], "texture": "#0"},
				"up": {"uv": [1.875, 3.375, 0, 0], "texture": "#0"},
				"down": {"uv": [3.875, 0, 2, 3.375], "texture": "#0"}
			}
		},
		{
			"from": [-0.55172, -3.86207, 0],
			"to": [6.41379, -2.68966, 12.75862],
			"rotation": {"angle": 0, "axis": "y", "origin": [0, -6.34483, 0]},
			"faces": {
				"north": {"uv": [10, 9, 11.75, 9.25], "texture": "#0"},
				"east": {"uv": [9.25, 2.25, 12.5, 2.5], "texture": "#0"},
				"south": {"uv": [10.25, 4.75, 12, 5], "texture": "#0"},
				"west": {"uv": [6.25, 9.25, 9.5, 9.5], "texture": "#0"},
				"up": {"uv": [5.25, 6.75, 3.5, 3.5], "texture": "#0"},
				"down": {"uv": [5.75, 0, 4, 3.25], "texture": "#0"}
			}
		},
		{
			"from": [0.13793, -0.82759, 5.93103],
			"to": [5.72414, 4.34483, 7.7931],
			"rotation": {"angle": 0, "axis": "y", "origin": [0, 0, 3.86207]},
			"faces": {
				"north": {"uv": [8.75, 2.5, 10.125, 3.75], "texture": "#0"},
				"east": {"uv": [4, 9.75, 4.5, 11], "texture": "#0"},
				"south": {"uv": [8.75, 3.75, 10.125, 5], "texture": "#0"},
				"west": {"uv": [4.5, 10, 5, 11.25], "texture": "#0"},
				"up": {"uv": [9.625, 10, 8.25, 9.5], "texture": "#0"},
				"down": {"uv": [3.875, 9.75, 2.5, 10.25], "texture": "#0"}
			}
		},
		{
			"from": [-0.55172, -0.82759, 7.72414],
			"to": [6.41379, 4.34483, 12.75862],
			"rotation": {"angle": 0, "axis": "y", "origin": [0, 0, 7.72414]},
			"faces": {
				"north": {"uv": [1.75, 6.75, 3.5, 8], "texture": "#0"},
				"east": {"uv": [8.75, 6.25, 10, 7.5], "texture": "#0"},
				"south": {"uv": [3.5, 6.75, 5.25, 8], "texture": "#0"},
				"west": {"uv": [0, 9.25, 1.25, 10.5], "texture": "#0"},
				"up": {"uv": [8.75, 4.25, 7, 3], "texture": "#0"},
				"down": {"uv": [8.75, 4.25, 7, 5.5], "texture": "#0"}
			}
		},
		{
			"from": [-0.55172, -8.82759, 0],
			"to": [6.41379, -3.65517, 6],
			"rotation": {"angle": 0, "axis": "y", "origin": [0, -8, 0]},
			"faces": {
				"north": {"uv": [5.25, 7.5, 7, 8.75], "texture": "#0"},
				"east": {"uv": [1.75, 8, 3.25, 9.25], "texture": "#0"},
				"south": {"uv": [0, 8, 1.75, 9.25], "texture": "#0"},
				"west": {"uv": [3.25, 8, 4.75, 9.25], "texture": "#0"},
				"up": {"uv": [7, 4.75, 5.25, 3.25], "texture": "#0"},
				"down": {"uv": [7, 4.75, 5.25, 6.25], "texture": "#0"}
			}
		},
		{
			"from": [-0.55172, -8.82759, 7.72414],
			"to": [6.41379, -3.65517, 12.75862],
			"rotation": {"angle": 0, "axis": "y", "origin": [0, -8, 7.72414]},
			"faces": {
				"north": {"uv": [7, 5.5, 8.75, 6.75], "texture": "#0"},
				"east": {"uv": [9.25, 0, 10.5, 1.25], "texture": "#0"},
				"south": {"uv": [7, 6.75, 8.75, 8], "texture": "#0"},
				"west": {"uv": [1.25, 9.25, 2.5, 10.5], "texture": "#0"},
				"up": {"uv": [9.25, 1.25, 7.5, 0], "texture": "#0"},
				"down": {"uv": [9.25, 1.25, 7.5, 2.5], "texture": "#0"}
			}
		},
		{
			"from": [0.13793, -8.82759, 5.93103],
			"to": [5.72414, -3.65517, 7.7931],
			"rotation": {"angle": 0, "axis": "y", "origin": [0, -8, 3.86207]},
			"faces": {
				"north": {"uv": [4.75, 8.75, 6.125, 10], "texture": "#0"},
				"east": {"uv": [5, 10, 5.5, 11.25], "texture": "#0"},
				"south": {"uv": [8.75, 5, 10.125, 6.25], "texture": "#0"},
				"west": {"uv": [5.5, 10, 6, 11.25], "texture": "#0"},
				"up": {"uv": [11.125, 9.75, 9.75, 9.25], "texture": "#0"},
				"down": {"uv": [11.125, 9.75, 9.75, 10.25], "texture": "#0"}
			}
		},
		{
			"from": [0.27586, -11.31034, 5.10345],
			"to": [2.55172, -8.48276, 7.51724],
			"rotation": {"angle": 0, "axis": "y", "origin": [0.27586, -10.48276, 5.51724]},
			"faces": {
				"north": {"uv": [10, 8, 10.625, 8.75], "texture": "#0"},
				"east": {"uv": [8.25, 10, 8.875, 10.75], "texture": "#0"},
				"south": {"uv": [9, 10, 9.625, 10.75], "texture": "#0"},
				"west": {"uv": [2.5, 10.25, 3.125, 11], "texture": "#0"},
				"up": {"uv": [2.375, 11.125, 1.75, 10.5], "texture": "#0"},
				"down": {"uv": [11.375, 6.25, 10.75, 6.875], "texture": "#0"}
			}
		},
		{
			"from": [0.13793, -13.37931, 4.68966],
			"to": [2.68966, -11.24138, 8.2069],
			"rotation": {"angle": 0, "axis": "y", "origin": [0.27586, -13.24138, 5.51724]},
			"faces": {
				"north": {"uv": [6.25, 8.75, 6.875, 9.25], "texture": "#0"},
				"east": {"uv": [7.5, 2.5, 8.375, 3], "texture": "#0"},
				"south": {"uv": [9, 10.75, 9.625, 11.25], "texture": "#0"},
				"west": {"uv": [10.25, 5, 11.125, 5.5], "texture": "#0"},
				"up": {"uv": [6.625, 10.875, 6, 10], "texture": "#0"},
				"down": {"uv": [10.625, 6.25, 10, 7.125], "texture": "#0"}
			}
		},
		{
			"from": [1.65517, -13.37931, 3.58621],
			"to": [2.68966, -11.73103, 4.75862],
			"rotation": {"angle": 0, "axis": "y", "origin": [0.27586, -13.24138, 2.06897]},
			"faces": {
				"north": {"uv": [8.5, 2.5, 8.75, 2.875], "texture": "#0"},
				"east": {"uv": [0.75, 11, 1, 11.375], "texture": "#0"},
				"south": {"uv": [1, 11, 1.25, 11.375], "texture": "#0"},
				"west": {"uv": [1.25, 11, 1.5, 11.375], "texture": "#0"},
				"up": {"uv": [4.25, 3.5, 4, 3.25], "texture": "#0"},
				"down": {"uv": [4.5, 3.25, 4.25, 3.5], "texture": "#0"}
			}
		},
		{
			"from": [0.13793, -13.37931, 3.58621],
			"to": [1.17241, -11.73103, 4.75862],
			"rotation": {"angle": 0, "axis": "y", "origin": [-0.96552, -13.24138, 2.06897]},
			"faces": {
				"north": {"uv": [1.5, 11, 1.75, 11.375], "texture": "#0"},
				"east": {"uv": [2.5, 11, 2.75, 11.375], "texture": "#0"},
				"south": {"uv": [11, 2.5, 11.25, 2.875], "texture": "#0"},
				"west": {"uv": [2.75, 11, 3, 11.375], "texture": "#0"},
				"up": {"uv": [4.75, 3.5, 4.5, 3.25], "texture": "#0"},
				"down": {"uv": [5, 3.25, 4.75, 3.5], "texture": "#0"}
			}
		},
		{
			"from": [3.34828, -11.31034, 5.10345],
			"to": [5.62414, -8.48276, 7.51724],
			"rotation": {"angle": 0, "axis": "y", "origin": [3.34828, -10.48276, 5.51724]},
			"faces": {
				"north": {"uv": [10, 8, 10.625, 8.75], "texture": "#0"},
				"east": {"uv": [8.25, 10, 8.875, 10.75], "texture": "#0"},
				"south": {"uv": [9, 10, 9.625, 10.75], "texture": "#0"},
				"west": {"uv": [2.5, 10.25, 3.125, 11], "texture": "#0"},
				"up": {"uv": [2.375, 11.125, 1.75, 10.5], "texture": "#0"},
				"down": {"uv": [11.375, 6.25, 10.75, 6.875], "texture": "#0"}
			}
		},
		{
			"from": [3.21034, -13.37931, 4.68966],
			"to": [5.76207, -11.24138, 8.2069],
			"rotation": {"angle": 0, "axis": "y", "origin": [3.34828, -13.24138, 5.51724]},
			"faces": {
				"north": {"uv": [6.25, 8.75, 6.875, 9.25], "texture": "#0"},
				"east": {"uv": [7.5, 2.5, 8.375, 3], "texture": "#0"},
				"south": {"uv": [9, 10.75, 9.625, 11.25], "texture": "#0"},
				"west": {"uv": [10.25, 5, 11.125, 5.5], "texture": "#0"},
				"up": {"uv": [6.625, 10.875, 6, 10], "texture": "#0"},
				"down": {"uv": [10.625, 6.25, 10, 7.125], "texture": "#0"}
			}
		},
		{
			"from": [4.72759, -13.37931, 3.58621],
			"to": [5.76207, -11.73103, 4.75862],
			"rotation": {"angle": 0, "axis": "y", "origin": [3.34828, -13.24138, 2.06897]},
			"faces": {
				"north": {"uv": [8.5, 2.5, 8.75, 2.875], "texture": "#0"},
				"east": {"uv": [0.75, 11, 1, 11.375], "texture": "#0"},
				"south": {"uv": [1, 11, 1.25, 11.375], "texture": "#0"},
				"west": {"uv": [1.25, 11, 1.5, 11.375], "texture": "#0"},
				"up": {"uv": [4.25, 3.5, 4, 3.25], "texture": "#0"},
				"down": {"uv": [4.5, 3.25, 4.25, 3.5], "texture": "#0"}
			}
		},
		{
			"from": [3.21034, -13.37931, 3.58621],
			"to": [4.24483, -11.73103, 4.75862],
			"rotation": {"angle": 0, "axis": "y", "origin": [2.1069, -13.24138, 2.06897]},
			"faces": {
				"north": {"uv": [1.5, 11, 1.75, 11.375], "texture": "#0"},
				"east": {"uv": [2.5, 11, 2.75, 11.375], "texture": "#0"},
				"south": {"uv": [11, 2.5, 11.25, 2.875], "texture": "#0"},
				"west": {"uv": [2.75, 11, 3, 11.375], "texture": "#0"},
				"up": {"uv": [4.75, 3.5, 4.5, 3.25], "texture": "#0"},
				"down": {"uv": [5, 3.25, 4.75, 3.5], "texture": "#0"}
			}
		}
	]
}
