{
	"credit": "Made with Blockbench",
	"parent": "gonktan",
	"texture_size": [8, 8],
	"textures": {
		"2": "item/custom/texturegonktan",
		"particle": "item/custom/texturegonktan"
	},
	"elements": [
		{
			"from": [4.96552, -2.2069, 0],
			"to": [11.93103, 0.75862, 12.75862],
			"rotation": {"angle": 0, "axis": "y", "origin": [5.51724, 0, 0]},
			"faces": {
				"north": {"uv": [8.5, 5.5, 10.25, 6.25], "texture": "#2"},
				"east": {"uv": [5.25, 3.25, 8.5, 4], "texture": "#2"},
				"south": {"uv": [6, 8.75, 7.75, 9.5], "texture": "#2"},
				"west": {"uv": [5.25, 4, 8.5, 4.75], "texture": "#2"},
				"up": {"uv": [1.75, 6.75, 0, 3.5], "texture": "#2"},
				"down": {"uv": [3.5, 3.5, 1.75, 6.75], "texture": "#2"}
			}
		},
		{
			"from": [5.51725, 0.52758, 1.10345],
			"to": [11.37931, 4.48276, 6],
			"rotation": {"angle": 0, "axis": "y", "origin": [5.51724, 2.73448, 0]},
			"faces": {
				"north": {"uv": [0, 8, 1.5, 9], "texture": "#2"},
				"east": {"uv": [1.75, 9, 3, 10], "texture": "#2"},
				"south": {"uv": [1.5, 8, 3, 9], "texture": "#2"},
				"west": {"uv": [3, 9, 4.25, 10], "texture": "#2"},
				"up": {"uv": [6.75, 7.5, 5.25, 6.25], "texture": "#2"},
				"down": {"uv": [1.5, 6.75, 0, 8], "texture": "#2"}
			}
		},
		{
			"from": [5.51725, 0.72758, 7.86207],
			"to": [11.37931, 4.48276, 12.2069],
			"rotation": {"angle": 0, "axis": "y", "origin": [5.51724, 2.93448, 6.75862]},
			"faces": {
				"north": {"uv": [3, 8, 4.5, 9], "texture": "#2"},
				"east": {"uv": [9, 7.75, 10.125, 8.75], "texture": "#2"},
				"south": {"uv": [8.25, 6.25, 9.75, 7.25], "texture": "#2"},
				"west": {"uv": [6, 9.5, 7.125, 10.5], "texture": "#2"},
				"up": {"uv": [8.75, 2.375, 7.25, 1.25], "texture": "#2"},
				"down": {"uv": [6, 7.5, 4.5, 8.625], "texture": "#2"}
			}
		},
		{
			"from": [5.51725, -8.82759, 7.86207],
			"to": [11.37931, -5.07241, 12.2069],
			"rotation": {"angle": 0, "axis": "y", "origin": [5.51724, -6.62069, 6.75862]},
			"faces": {
				"north": {"uv": [8.5, 4.5, 10, 5.5], "texture": "#2"},
				"east": {"uv": [7.25, 9.5, 8.375, 10.5], "texture": "#2"},
				"south": {"uv": [8.75, 0, 10.25, 1], "texture": "#2"},
				"west": {"uv": [8.5, 9.5, 9.625, 10.5], "texture": "#2"},
				"up": {"uv": [7.5, 8.625, 6, 7.5], "texture": "#2"},
				"down": {"uv": [9, 7.5, 7.5, 8.625], "texture": "#2"}
			}
		},
		{
			"from": [5.51725, -8.82759, 0.55173],
			"to": [11.37931, -5.07241, 6],
			"rotation": {"angle": 0, "axis": "y", "origin": [5.51724, -6.62069, 0]},
			"faces": {
				"north": {"uv": [8.5, 2.5, 10, 3.5], "texture": "#2"},
				"east": {"uv": [8.75, 1, 10.125, 2], "texture": "#2"},
				"south": {"uv": [8.5, 3.5, 10, 4.5], "texture": "#2"},
				"west": {"uv": [4.5, 8.75, 5.875, 9.75], "texture": "#2"},
				"up": {"uv": [7.25, 1.375, 5.75, 0], "texture": "#2"},
				"down": {"uv": [7.25, 1.5, 5.75, 2.875], "texture": "#2"}
			}
		},
		{
			"from": [5.51725, 3.32413, 0.55172],
			"to": [11.30345, 4.49655, 1.31034],
			"rotation": {"angle": 0, "axis": "y", "origin": [5.51724, -0.4, -2.89656]},
			"faces": {
				"north": {"uv": [5.75, 3, 7.25, 3.25], "texture": "#2"},
				"east": {"uv": [4, 3.25, 4.25, 3.5], "texture": "#2"},
				"south": {"uv": [10.25, 6, 11.75, 6.25], "texture": "#2"},
				"west": {"uv": [4.25, 3.25, 4.5, 3.5], "texture": "#2"},
				"up": {"uv": [9, 10.75, 7.5, 10.5], "texture": "#2"},
				"down": {"uv": [11.75, 10.5, 10.25, 10.75], "texture": "#2"}
			}
		},
		{
			"from": [5.79311, 0.68965, 0.55172],
			"to": [11.20345, 1.58621, 1.31034],
			"rotation": {"angle": 0, "axis": "y", "origin": [5.51724, -3.03448, -2.89656]},
			"faces": {
				"north": {"uv": [10.75, 2.5, 12.25, 2.75], "texture": "#2"},
				"east": {"uv": [4, 10, 4.25, 10.25], "texture": "#2"},
				"south": {"uv": [10.75, 2.75, 12.25, 3], "texture": "#2"},
				"west": {"uv": [3.25, 11, 3.5, 11.25], "texture": "#2"},
				"up": {"uv": [12.25, 3.25, 10.75, 3], "texture": "#2"},
				"down": {"uv": [12.25, 3.25, 10.75, 3.5], "texture": "#2"}
			}
		},
		{
			"from": [10.16897, 0.34483, 0.45172],
			"to": [11.34138, 3.86206, 1.21034],
			"rotation": {"angle": 0, "axis": "z", "origin": [6.99656, 3.72414, -2.99656]},
			"faces": {
				"north": {"uv": [7.5, 10.75, 7.75, 11.625], "texture": "#2"},
				"east": {"uv": [7.75, 10.75, 8, 11.625], "texture": "#2"},
				"south": {"uv": [8, 10.75, 8.25, 11.625], "texture": "#2"},
				"west": {"uv": [8.25, 10.75, 8.5, 11.625], "texture": "#2"},
				"up": {"uv": [4.75, 3.5, 4.5, 3.25], "texture": "#2"},
				"down": {"uv": [5, 3.25, 4.75, 3.5], "texture": "#2"}
			}
		},
		{
			"from": [5.49311, 0.34483, 0.45172],
			"to": [6.66552, 3.86206, 1.21034],
			"rotation": {"angle": 0, "axis": "z", "origin": [2.32069, 3.72414, -2.99656]},
			"faces": {
				"north": {"uv": [8.5, 10.75, 8.75, 11.625], "texture": "#2"},
				"east": {"uv": [8.75, 10.75, 9, 11.625], "texture": "#2"},
				"south": {"uv": [10.25, 10.75, 10.5, 11.625], "texture": "#2"},
				"west": {"uv": [10.5, 10.75, 10.75, 11.625], "texture": "#2"},
				"up": {"uv": [5.25, 3.5, 5, 3.25], "texture": "#2"},
				"down": {"uv": [8.25, 3, 8, 3.25], "texture": "#2"}
			}
		},
		{
			"from": [4.68965, -3.17241, -0.41379],
			"to": [12.2069, -1.72414, 13.03448],
			"rotation": {"angle": 0, "axis": "y", "origin": [5.51724, -5.37931, 0]},
			"faces": {
				"north": {"uv": [9.5, 8.75, 11.375, 9.125], "texture": "#2"},
				"east": {"uv": [8.75, 2, 12.125, 2.375], "texture": "#2"},
				"south": {"uv": [9.75, 6.25, 11.625, 6.625], "texture": "#2"},
				"west": {"uv": [9, 7.25, 12.375, 7.625], "texture": "#2"},
				"up": {"uv": [1.875, 3.375, 0, 0], "texture": "#2"},
				"down": {"uv": [3.875, 0, 2, 3.375], "texture": "#2"}
			}
		},
		{
			"from": [4.96552, -5.93104, 0],
			"to": [11.93103, -2.68966, 12.75862],
			"rotation": {"angle": 0, "axis": "y", "origin": [5.51724, -6.34483, 0]},
			"faces": {
				"north": {"uv": [7.75, 8.75, 9.5, 9.5], "texture": "#2"},
				"east": {"uv": [5.25, 4.75, 8.5, 5.5], "texture": "#2"},
				"south": {"uv": [0, 9, 1.75, 9.75], "texture": "#2"},
				"west": {"uv": [5.25, 5.5, 8.5, 6.25], "texture": "#2"},
				"up": {"uv": [5.25, 6.75, 3.5, 3.5], "texture": "#2"},
				"down": {"uv": [5.75, 0, 4, 3.25], "texture": "#2"}
			}
		},
		{
			"from": [5.93103, -0.82759, 5.93103],
			"to": [10.96552, 4.34483, 7.8931],
			"rotation": {"angle": 0, "axis": "y", "origin": [5.51724, 0, 3.86207]},
			"faces": {
				"north": {"uv": [1.5, 6.75, 2.875, 8], "texture": "#2"},
				"east": {"uv": [9.75, 9.75, 10.25, 11], "texture": "#2"},
				"south": {"uv": [3, 6.75, 4.375, 8], "texture": "#2"},
				"west": {"uv": [1.5, 10, 2, 11.25], "texture": "#2"},
				"up": {"uv": [1.375, 10.25, 0, 9.75], "texture": "#2"},
				"down": {"uv": [5.625, 9.75, 4.25, 10.25], "texture": "#2"}
			}
		},
		{
			"from": [5.65517, -8.82759, 5.93103],
			"to": [11.24138, -3.65517, 8.0931],
			"rotation": {"angle": 0, "axis": "y", "origin": [5.51724, -8, 3.86207]},
			"faces": {
				"north": {"uv": [6.75, 6.25, 8.125, 7.5], "texture": "#2"},
				"east": {"uv": [2, 10, 2.5, 11.25], "texture": "#2"},
				"south": {"uv": [7.25, 0, 8.625, 1.25], "texture": "#2"},
				"west": {"uv": [2.5, 10, 3, 11.25], "texture": "#2"},
				"up": {"uv": [11.125, 7.25, 9.75, 6.75], "texture": "#2"},
				"down": {"uv": [11.125, 9.25, 9.75, 9.75], "texture": "#2"}
			}
		},
		{
			"from": [5.7931, -11.31034, 5.10345],
			"to": [8.06896, -8.48276, 7.51724],
			"rotation": {"angle": 0, "axis": "y", "origin": [5.7931, -10.48276, 5.51724]},
			"faces": {
				"north": {"uv": [4.5, 6.75, 5.125, 7.5], "texture": "#2"},
				"east": {"uv": [7.25, 2.5, 7.875, 3.25], "texture": "#2"},
				"south": {"uv": [0, 10.25, 0.625, 11], "texture": "#2"},
				"west": {"uv": [10.25, 0, 10.875, 0.75], "texture": "#2"},
				"up": {"uv": [5.875, 10.875, 5.25, 10.25], "texture": "#2"},
				"down": {"uv": [10.875, 9.75, 10.25, 10.375], "texture": "#2"}
			}
		},
		{
			"from": [5.65517, -13.37931, 4.68966],
			"to": [8.2069, -11.24138, 8.2069],
			"rotation": {"angle": 0, "axis": "y", "origin": [5.7931, -13.24138, 5.51724]},
			"faces": {
				"north": {"uv": [9, 10.5, 9.625, 11], "texture": "#2"},
				"east": {"uv": [10.25, 1.5, 11.125, 2], "texture": "#2"},
				"south": {"uv": [10.75, 3.5, 11.375, 4], "texture": "#2"},
				"west": {"uv": [10.25, 5.5, 11.125, 6], "texture": "#2"},
				"up": {"uv": [10.625, 3.375, 10, 2.5], "texture": "#2"},
				"down": {"uv": [3.625, 10, 3, 10.875], "texture": "#2"}
			}
		},
		{
			"from": [7.17241, -13.37931, 3.58621],
			"to": [8.2069, -11.73103, 4.75862],
			"rotation": {"angle": 0, "axis": "y", "origin": [5.7931, -13.24138, 2.06897]},
			"faces": {
				"north": {"uv": [8, 2.5, 8.25, 2.875], "texture": "#2"},
				"east": {"uv": [8.25, 2.5, 8.5, 2.875], "texture": "#2"},
				"south": {"uv": [4.25, 9, 4.5, 9.375], "texture": "#2"},
				"west": {"uv": [5.75, 9.75, 6, 10.125], "texture": "#2"},
				"up": {"uv": [8.5, 3.25, 8.25, 3], "texture": "#2"},
				"down": {"uv": [8.5, 7.25, 8.25, 7.5], "texture": "#2"}
			}
		},
		{
			"from": [5.65517, -13.37931, 3.58621],
			"to": [6.68965, -11.73103, 4.75862],
			"rotation": {"angle": 0, "axis": "y", "origin": [4.55172, -13.24138, 2.06897]},
			"faces": {
				"north": {"uv": [10.75, 5, 11, 5.375], "texture": "#2"},
				"east": {"uv": [10.75, 10.75, 11, 11.125], "texture": "#2"},
				"south": {"uv": [0, 11, 0.25, 11.375], "texture": "#2"},
				"west": {"uv": [11, 0, 11.25, 0.375], "texture": "#2"},
				"up": {"uv": [8.75, 7.5, 8.5, 7.25], "texture": "#2"},
				"down": {"uv": [9, 7.25, 8.75, 7.5], "texture": "#2"}
			}
		},
		{
			"from": [8.82758, -11.31034, 5.10345],
			"to": [11.10344, -8.48276, 7.51724],
			"rotation": {"angle": 0, "axis": "y", "origin": [8.82758, -10.48276, 5.51724]},
			"faces": {
				"north": {"uv": [4.5, 6.75, 5.125, 7.5], "texture": "#2"},
				"east": {"uv": [7.25, 2.5, 7.875, 3.25], "texture": "#2"},
				"south": {"uv": [0, 10.25, 0.625, 11], "texture": "#2"},
				"west": {"uv": [10.25, 0, 10.875, 0.75], "texture": "#2"},
				"up": {"uv": [5.875, 10.875, 5.25, 10.25], "texture": "#2"},
				"down": {"uv": [10.875, 9.75, 10.25, 10.375], "texture": "#2"}
			}
		},
		{
			"from": [8.68965, -13.37931, 4.68966],
			"to": [11.24138, -11.24138, 8.2069],
			"rotation": {"angle": 0, "axis": "y", "origin": [8.82758, -13.24138, 5.51724]},
			"faces": {
				"north": {"uv": [9, 10.5, 9.625, 11], "texture": "#2"},
				"east": {"uv": [10.25, 1.5, 11.125, 2], "texture": "#2"},
				"south": {"uv": [10.75, 3.5, 11.375, 4], "texture": "#2"},
				"west": {"uv": [10.25, 5.5, 11.125, 6], "texture": "#2"},
				"up": {"uv": [10.625, 3.375, 10, 2.5], "texture": "#2"},
				"down": {"uv": [3.625, 10, 3, 10.875], "texture": "#2"}
			}
		},
		{
			"from": [10.20689, -13.37931, 3.58621],
			"to": [11.24138, -11.73103, 4.75862],
			"rotation": {"angle": 0, "axis": "y", "origin": [8.82758, -13.24138, 2.06897]},
			"faces": {
				"north": {"uv": [8, 2.5, 8.25, 2.875], "texture": "#2"},
				"east": {"uv": [8.25, 2.5, 8.5, 2.875], "texture": "#2"},
				"south": {"uv": [4.25, 9, 4.5, 9.375], "texture": "#2"},
				"west": {"uv": [5.75, 9.75, 6, 10.125], "texture": "#2"},
				"up": {"uv": [8.5, 3.25, 8.25, 3], "texture": "#2"},
				"down": {"uv": [8.5, 7.25, 8.25, 7.5], "texture": "#2"}
			}
		},
		{
			"from": [8.68965, -13.37931, 3.58621],
			"to": [9.72413, -11.73103, 4.75862],
			"rotation": {"angle": 0, "axis": "y", "origin": [7.5862, -13.24138, 2.06897]},
			"faces": {
				"north": {"uv": [10.75, 5, 11, 5.375], "texture": "#2"},
				"east": {"uv": [10.75, 10.75, 11, 11.125], "texture": "#2"},
				"south": {"uv": [0, 11, 0.25, 11.375], "texture": "#2"},
				"west": {"uv": [11, 0, 11.25, 0.375], "texture": "#2"},
				"up": {"uv": [8.75, 7.5, 8.5, 7.25], "texture": "#2"},
				"down": {"uv": [9, 7.25, 8.75, 7.5], "texture": "#2"}
			}
		}
	]
}
