{
	"credit": "Made with Blockbench",
	"texture_size": [64, 64],
	"textures": {
		"0": "item/custom/ij_logo",
		"particle": "item/custom/ij_logo"
	},
	"elements": [
		{
			"from": [-16, 0, 0],
			"to": [32, 26.82759, 0],
			"faces": {
				"north": {"uv": [0, 0, 12, 6.6875], "texture": "#0"},
				"east": {"uv": [0, 0, 0, 6.6875], "texture": "#0"},
				"south": {"uv": [0, 6.75, 12, 13.4375], "texture": "#0"},
				"west": {"uv": [0, 0, 0, 6.6875], "texture": "#0"},
				"up": {"uv": [12, 0, 0, 0], "texture": "#0"},
				"down": {"uv": [12, 0, 0, 0], "texture": "#0"}
			}
		}
	],
	"display": {
		"thirdperson_righthand": {
			"translation": [0, -5.5, 2.75],
			"scale": [0.44, 0.43, 0.44]
		},
		"thirdperson_lefthand": {
			"translation": [0, -5.5, 3],
			"scale": [0.44, 0.44, 0.44]
		},
		"firstperson_righthand": {
			"rotation": [0, 180, 0],
			"translation": [2.75, 0.25, 0],
			"scale": [0.44, 0.44, 0.44]
		},
		"firstperson_lefthand": {
			"rotation": [0, -180, 0],
			"translation": [1.5, -0.25, 0],
			"scale": [0.44, 0.44, 0.44]
		},
		"ground": {
			"translation": [0, -4.25, 7.5]
		},
		"gui": {
			"rotation": [0, 180, 0],
			"translation": [-0.25, -3.25, 0],
			"scale": [0.35, 0.35, 0.335]
		},
		"head": {
			"translation": [0.25, -20.25, 9.5],
			"scale": [2, 2, 2]
		},
		"fixed": {
			"translation": [0.5, -7.5, 7]
		}
	}
}
