{
	"credit": "Made with Blockbench",
	"texture_size": [32, 32],
	"textures": {
		"0": "item/custom/kylorenlightsaber1",
		"1": "item/custom/kylorenlightsaber2",
		"particle": "item/custom/kylorenlightsaber1"
	},
	"elements": [
		{
			"from": [6.5, -0.9, 6.5],
			"to": [9.5, 2.1, 9.5],
			"rotation": {"angle": 0, "axis": "y", "origin": [8, -1.575, 8]},
			"faces": {
				"north": {"uv": [7, 8, 8.5, 9.5], "texture": "#0"},
				"east": {"uv": [4, 8, 5.5, 9.5], "texture": "#0"},
				"south": {"uv": [5.5, 8, 7, 9.5], "texture": "#0"},
				"west": {"uv": [8, 6, 9.5, 7.5], "texture": "#0"},
				"up": {"uv": [10, 9, 8.5, 7.525], "rotation": 90, "texture": "#0"},
				"down": {"uv": [10.5, 0, 9, 1.5], "rotation": 270, "texture": "#0"}
			}
		},
		{
			"from": [6.7, 2.5, 6.6],
			"to": [9.4, 8.5, 9.4],
			"rotation": {"angle": 0, "axis": "y", "origin": [8, -1.575, 8]},
			"faces": {
				"north": {"uv": [5.5, 3, 6.75, 6], "texture": "#0"},
				"east": {"uv": [4.05, 0, 5.5, 3], "texture": "#0"},
				"south": {"uv": [5.5, 0, 6.75, 3], "texture": "#0"},
				"west": {"uv": [4.025, 3, 5.5, 6], "texture": "#0"},
				"up": {"uv": [10.5, 5.75, 9, 4.5], "rotation": 90, "texture": "#0"},
				"down": {"uv": [10, 9, 8.5, 10.25], "rotation": 270, "texture": "#0"}
			}
		},
		{
			"from": [6.2, 8.9, 6.2],
			"to": [9.8, 11.9, 9.8],
			"rotation": {"angle": 0, "axis": "y", "origin": [8, -1.575, 8]},
			"faces": {
				"north": {"uv": [7, 4.5, 8.725, 6], "texture": "#0"},
				"east": {"uv": [7, 0, 8.725, 1.5], "texture": "#0"},
				"south": {"uv": [7, 1.5, 8.725, 3], "texture": "#0"},
				"west": {"uv": [7, 3, 8.725, 4.5], "texture": "#0"},
				"up": {"uv": [5.75, 7.75, 4.025, 6], "rotation": 90, "texture": "#0"},
				"down": {"uv": [7.75, 6, 6.05, 7.75], "rotation": 270, "texture": "#0"}
			}
		},
		{
			"from": [6.5, 11.4, 6.5],
			"to": [9.5, 12.4, 9.5],
			"rotation": {"angle": 0, "axis": "y", "origin": [8, -1.575, 8]},
			"faces": {
				"north": {"uv": [4, 12.5, 5.5, 13], "texture": "#0"},
				"east": {"uv": [9, 12.025, 10.5, 12.475], "texture": "#0"},
				"south": {"uv": [10.5, 12.025, 12, 12.475], "texture": "#0"},
				"west": {"uv": [12, 12.025, 13.5, 12.475], "texture": "#0"},
				"up": {"uv": [10.475, 3, 9, 1.525], "rotation": 90, "texture": "#0"},
				"down": {"uv": [10.475, 3, 9, 4.5], "rotation": 270, "texture": "#0"}
			}
		},
		{
			"from": [7.42426, 12.2, 7.42426],
			"to": [8.62426, 31.4, 8.62426],
			"rotation": {"angle": -45, "axis": "y", "origin": [8, -1.575, 8]},
			"faces": {
				"north": {"uv": [3, 0, 4, 9.75], "texture": "#0"},
				"east": {"uv": [0, 0, 1, 9.75], "texture": "#0"},
				"south": {"uv": [1, 0, 2, 9.75], "texture": "#0"},
				"west": {"uv": [2, 0, 3, 9.75], "texture": "#0"},
				"up": {"uv": [13, 2, 12, 1], "rotation": 90, "texture": "#0"},
				"down": {"uv": [3, 12, 2, 13], "rotation": 270, "texture": "#0"}
			}
		},
		{
			"from": [15.4676, 5.8926, 9.5],
			"to": [17.4676, 7.8926, 13],
			"rotation": {"angle": 45, "axis": "z", "origin": [8, -1.575, 8]},
			"faces": {
				"north": {"uv": [7, 11.5, 8, 12.5], "texture": "#0"},
				"east": {"uv": [6.5, 9.5, 8, 10.5], "texture": "#0"},
				"south": {"uv": [6, 11.5, 7, 12.5], "texture": "#0"},
				"west": {"uv": [2.5, 10, 4, 11], "texture": "#0"},
				"up": {"uv": [12, 2, 10.5, 1], "rotation": 90, "texture": "#0"},
				"down": {"uv": [12, 2, 10.5, 3], "rotation": 270, "texture": "#0"}
			}
		},
		{
			"from": [15.4676, 5.8926, 3],
			"to": [17.4676, 7.8926, 6.5],
			"rotation": {"angle": 45, "axis": "z", "origin": [8, -1.575, 8]},
			"faces": {
				"north": {"uv": [11.5, 11, 12.5, 12], "texture": "#0"},
				"east": {"uv": [10.5, 3, 12, 4], "texture": "#0"},
				"south": {"uv": [8, 11.5, 9, 12.5], "texture": "#0"},
				"west": {"uv": [4, 10.5, 5.5, 11.5], "texture": "#0"},
				"up": {"uv": [12, 5, 10.5, 4], "rotation": 90, "texture": "#0"},
				"down": {"uv": [12, 5, 10.5, 6], "rotation": 270, "texture": "#0"}
			}
		},
		{
			"from": [15.87974, 6.30474, 12.5],
			"to": [17.07974, 7.50474, 17.5],
			"rotation": {"angle": 45, "axis": "z", "origin": [8, -1.575, 8]},
			"faces": {
				"north": {"uv": [6.5, 12.5, 7.25, 13.25], "texture": "#0"},
				"east": {"uv": [4, 9.5, 6.5, 10.25], "texture": "#0"},
				"south": {"uv": [5.5, 12.5, 6.25, 13.25], "texture": "#0"},
				"west": {"uv": [9.5, 6, 12, 6.75], "texture": "#0"},
				"up": {"uv": [2.5, 10.75, 0, 10], "rotation": 90, "texture": "#0"},
				"down": {"uv": [12.5, 7, 10, 7.75], "rotation": 270, "texture": "#0"}
			}
		},
		{
			"from": [15.87974, 6.30474, -1.5],
			"to": [17.07974, 7.50474, 3.5],
			"rotation": {"angle": 45, "axis": "z", "origin": [8, -1.575, 8]},
			"faces": {
				"north": {"uv": [7.5, 12.5, 8.25, 13.25], "texture": "#0"},
				"east": {"uv": [10, 8, 12.5, 8.75], "texture": "#0"},
				"south": {"uv": [12.5, 7, 13.25, 7.75], "texture": "#0"},
				"west": {"uv": [10, 9, 12.5, 9.75], "texture": "#0"},
				"up": {"uv": [12.5, 10.75, 10, 10], "rotation": 90, "texture": "#0"},
				"down": {"uv": [13, 0, 10.5, 0.75], "rotation": 270, "texture": "#0"}
			}
		},
		{
			"from": [7, 2.1, 7],
			"to": [9, 3.1, 9],
			"rotation": {"angle": 0, "axis": "y", "origin": [8, -1.575, 8]},
			"faces": {
				"north": {"uv": [12.5, 9, 13.5, 9.5], "texture": "#0"},
				"east": {"uv": [12.5, 8, 13.5, 8.5], "texture": "#0"},
				"south": {"uv": [8.5, 12.5, 9.5, 13], "texture": "#0"},
				"west": {"uv": [12.5, 8.5, 13.5, 9], "texture": "#0"},
				"up": {"uv": [10.5, 12, 9.5, 11], "rotation": 90, "texture": "#0"},
				"down": {"uv": [11.5, 11, 10.5, 12], "rotation": 270, "texture": "#0"}
			}
		},
		{
			"from": [7, 8.1, 7],
			"to": [9, 9.1, 9],
			"rotation": {"angle": 0, "axis": "y", "origin": [8, -1.575, 8]},
			"faces": {
				"north": {"uv": [10.5, 12.5, 11.5, 13], "texture": "#0"},
				"east": {"uv": [9.5, 12.5, 10.5, 13], "texture": "#0"},
				"south": {"uv": [12.5, 9.5, 13.5, 10], "texture": "#0"},
				"west": {"uv": [12.5, 10, 13.5, 10.5], "texture": "#0"},
				"up": {"uv": [5, 12.5, 4, 11.5], "rotation": 90, "texture": "#0"},
				"down": {"uv": [6, 11.5, 5, 12.5], "rotation": 270, "texture": "#0"}
			}
		},
		{
			"from": [7.07279, 32, 7.0799],
			"to": [8.97279, 12.1, 8.9799],
			"rotation": {"angle": -45, "axis": "y", "origin": [8, -1.575, 8]},
			"faces": {
				"north": {"uv": [0, 0, 1, 10], "texture": "#1"},
				"east": {"uv": [1, 0, 2, 10], "texture": "#1"},
				"south": {"uv": [2, 0, 3, 10], "texture": "#1"},
				"west": {"uv": [3, 0, 4, 10], "texture": "#1"},
				"up": {"uv": [5, 1, 4, 0], "texture": "#1"},
				"down": {"uv": [5, 1, 4, 2], "texture": "#1"}
			}
		},
		{
			"from": [-1.3241, 7.70474, 12.9],
			"to": [0.3759, 6.00474, 18],
			"rotation": {"angle": -45, "axis": "z", "origin": [8, -1.575, 8]},
			"faces": {
				"north": {"uv": [5, 1, 4, 2], "rotation": 180, "texture": "#1"},
				"east": {"uv": [1, 0, 2, 10], "rotation": 270, "texture": "#1"},
				"south": {"uv": [5, 1, 4, 0], "texture": "#1"},
				"west": {"uv": [3, 0, 4, 10], "rotation": 90, "texture": "#1"},
				"up": {"uv": [0, 0, 1, 10], "rotation": 180, "texture": "#1"},
				"down": {"uv": [2, 0, 3, 10], "texture": "#1"}
			}
		},
		{
			"from": [-1.3241, 7.70179, -2],
			"to": [0.3759, 6.00179, 3.1],
			"rotation": {"angle": -45, "axis": "z", "origin": [8, -1.575, 8]},
			"faces": {
				"north": {"uv": [5, 1, 4, 2], "rotation": 180, "texture": "#1"},
				"east": {"uv": [1, 0, 2, 10], "rotation": 270, "texture": "#1"},
				"south": {"uv": [5, 1, 4, 0], "texture": "#1"},
				"west": {"uv": [3, 0, 4, 10], "rotation": 90, "texture": "#1"},
				"up": {"uv": [0, 0, 1, 10], "rotation": 180, "texture": "#1"},
				"down": {"uv": [2, 0, 3, 10], "texture": "#1"}
			}
		}
	],
	"display": {
		"thirdperson_righthand": {
			"rotation": [11, -91, 0],
			"translation": [0, 1.25, 2.25],
			"scale": [0.62, 0.69, 0.6]
		},
		"thirdperson_lefthand": {
			"rotation": [11, -91, 0],
			"translation": [0, 1.25, 2.25],
			"scale": [0.62, 0.69, 0.6]
		},
		"firstperson_righthand": {
			"rotation": [0, 90, 0],
			"translation": [0, 1, 0],
			"scale": [0.63, 0.63, 0.63]
		},
		"firstperson_lefthand": {
			"rotation": [0, 90, 0],
			"translation": [0, 1, 0],
			"scale": [0.63, 0.63, 0.63]
		},
		"ground": {
			"rotation": [0, 0, 90],
			"translation": [5.25, -1.5, 0],
			"scale": [0.75, 0.61, 0.75]
		},
		"gui": {
			"rotation": [0, 90, 0],
			"translation": [0, -5.75, 6.5],
			"scale": [0.7, 0.69, 0.67]
		},
		"head": {
			"translation": [0, -23.5, 0],
			"scale": [1, 0.93, 0]
		},
		"fixed": {
			"rotation": [0, -90, 0],
			"translation": [0, -5.5, -0.25],
			"scale": [0.75, 0.75, 0.75]
		}
	}
}
