{
	"credit": "Made with Blockbench",
	"texture_size": [32, 32],
	"textures": {
		"0": "item/custom/kylocape",
		"particle": "item/custom/kylocape"
	},
	"elements": [
		{
			"from": [4, 0, 8],
			"to": [12, 13, 8],
			"rotation": {"angle": 0, "axis": "y", "origin": [7, 0, 6.2]},
			"faces": {
				"north": {"uv": [0, 0, 4, 6.5], "texture": "#0"},
				"east": {"uv": [0, 6.5, 0.25, 13], "texture": "#0"},
				"south": {"uv": [4, 0, 8, 6.5], "texture": "#0"},
				"west": {"uv": [0.5, 6.5, 0.75, 13], "texture": "#0"},
				"up": {"uv": [5, 6.75, 1, 6.5], "texture": "#0"},
				"down": {"uv": [9, 6.5, 5, 6.75], "texture": "#0"}
			}
		}
	],
	"display": {
		"head": {
			"translation": [0, 14.75, 0],
			"scale": [3, 3, 3]
		}
	}
}
