{
	"credit": "Made with Blockbench",
	"textures": {
		"0": "item/custom/pictureifyoudaresign",
		"particle": "item/custom/pictureifyoudaresign"
	},
	"elements": [
		{
			"from": [0, 0, 0],
			"to": [6, 2.5, 0.1],
			"faces": {
				"north": {"uv": [0, 0, 6, 2.5], "texture": "#0"},
				"east": {"uv": [6, 1, 6.5, 3.5], "texture": "#0"},
				"south": {"uv": [0, 3, 6, 5.5], "texture": "#0"},
				"west": {"uv": [6, 4, 6.5, 6.5], "texture": "#0"},
				"up": {"uv": [6, 6.5, 0, 6], "texture": "#0"},
				"down": {"uv": [12, 0, 6, 0.5], "texture": "#0"}
			}
		}
	]
}
