{
	"credit": "Made with Blockbench",
	"textures": {
		"1": "item/custom/pre1screenthingred"
	},
	"elements": [
		{
			"from": [4, 0, 8],
			"to": [11, 4.5, 8],
			"rotation": {"angle": 0, "axis": "y", "origin": [11, 0, 6]},
			"faces": {
				"north": {"uv": [0, 5, 7, 10], "texture": "#1"},
				"east": {"uv": [0, 0, 0, 5], "texture": "#1"},
				"south": {"uv": [0, 0, 7, 5], "texture": "#1"},
				"west": {"uv": [0, 0, 0, 5], "texture": "#1"},
				"up": {"uv": [0, 7, 0, 0], "rotation": 90, "texture": "#1"},
				"down": {"uv": [0, 0, 0, 7], "rotation": 270, "texture": "#1"}
			}
		}
	]
}
