{
	"credit": "Made with Blockbench",
	"textures": {
		"0": "item/custom/pre1screenthingreen",
		"particle": "item/custom/pre1screenthingreen"
	},
	"elements": [
		{
			"from": [2, 0, 0],
			"to": [2, 4.5, 7],
			"faces": {
				"north": {"uv": [0, 0, 0, 5], "texture": "#0"},
				"east": {"uv": [0, 0, 7, 5], "texture": "#0"},
				"south": {"uv": [0, 0, 0, 5], "texture": "#0"},
				"west": {"uv": [0, 5, 7, 10], "texture": "#0"},
				"up": {"uv": [0, 7, 0, 0], "texture": "#0"},
				"down": {"uv": [0, 0, 0, 7], "texture": "#0"}
			}
		}
	],
	"display": {}
}
