{
	"format_version": "1.21.6",
	"credit": "Made with Blockbench",
	"texture_size": [8, 8],
	"textures": {
		"1": "item/custom/rotrfelevwallwhiteanimated",
		"particle": "item/custom/rotrfelevwallwhiteanimated"
	},
	"elements": [
		{
			"from": [0, 0, 0],
			"to": [7.37931, 32, 2],
			"faces": {
				"north": {"uv": [0, 0, 3.5, 16], "texture": "#1"},
				"east": {"uv": [7, 0, 8, 16], "texture": "#1"},
				"south": {"uv": [3.5, 0, 7, 16], "texture": "#1"},
				"west": {"uv": [8, 0, 9, 16], "texture": "#1"},
				"up": {"uv": [12.5, 1, 9, 0], "texture": "#1"},
				"down": {"uv": [12.5, 1, 9, 2], "texture": "#1"}
			}
		}
	],
	"display": {
		"thirdperson_righthand": {
			"rotation": [90, -180, 0],
			"translation": [-13.25, 4.75, 3.5],
			"scale": [1.75, 1.75, 1]
		},
		"head": {
			"translation": [9.25, -21.5, 6.5],
			"scale": [2.1, 2.5, 0.99]
		}
	}
}
