{
	"credit": "Made with Blockbench",
	"texture_size": [64, 64],
	"textures": {
		"1": "item/custom/texturerotrelevdooranimate",
		"2": "item/custom/texturerotrelevdooranimate",
		"particle": "item/custom/texturerotrelevdooranimate"
	},
	"elements": [
		{
			"from": [-16, 0, 0.13793],
			"to": [9.24138, 17.31034, 2],
			"faces": {
				"north": {"uv": [0, 0, 6.25, 4.25], "texture": "#2"},
				"east": {"uv": [6.25, 1, 6.75, 5.25], "texture": "#1"},
				"south": {"uv": [6.25, 4.25, 0, 8.5], "texture": "#1"},
				"west": {"uv": [6.25, 5.25, 6.75, 9.5], "texture": "#1"},
				"up": {"uv": [12.5, 0.5, 6.25, 0], "texture": "#1"},
				"down": {"uv": [12.5, 0.5, 6.25, 1], "texture": "#1"}
			}
		}
	],
	"display": {
		"thirdperson_righthand": {
			"rotation": [90, 0, 0],
			"translation": [10.25, -12.25, 1],
			"scale": [1.51, 1.51, 1.51]
		}
	}
}
