{
	"credit": "Made with Blockbench",
	"textures": {
		"0": "item/custom/rotrcanon1",
		"1": "item/custom/rotrcanon2",
		"particle": "item/custom/rotrcanon1"
	},
	"elements": [
		{
			"from": [11.7, 0, -0.1],
			"to": [32, 1.2, 14.1],
			"rotation": {"angle": 0, "axis": "y", "origin": [3, 0, 0]},
			"faces": {
				"north": {"uv": [8.625, 2.875, 11.125, 3], "texture": "#0"},
				"east": {"uv": [9.125, 8, 10.875, 8.125], "texture": "#0"},
				"south": {"uv": [8.625, 3, 11.125, 3.125], "texture": "#0"},
				"west": {"uv": [9.375, 2.75, 11.125, 2.875], "texture": "#0"},
				"up": {"uv": [2.5, 1.75, 0, 0], "texture": "#0"},
				"down": {"uv": [2.5, 1.75, 0, 3.5], "texture": "#0"}
			}
		},
		{
			"from": [14, 0.3, 0.1],
			"to": [16, 8.9, 14],
			"rotation": {"angle": 22.5, "axis": "z", "origin": [14, 2, 0]},
			"faces": {
				"north": {"uv": [4.75, 9, 5, 10.125], "texture": "#0"},
				"east": {"uv": [0, 4.75, 1.75, 5.875], "texture": "#0"},
				"south": {"uv": [2.625, 9.125, 2.875, 10.25], "texture": "#0"},
				"west": {"uv": [4.75, 3, 6.5, 4.125], "texture": "#0"},
				"up": {"uv": [7.25, 10, 7, 8.25], "texture": "#0"},
				"down": {"uv": [7.5, 8.25, 7.25, 10], "texture": "#0"}
			}
		},
		{
			"from": [12, 0.1, 1],
			"to": [14.3, 7.4, 5],
			"rotation": {"angle": 0, "axis": "y", "origin": [12.1, 0, 1]},
			"faces": {
				"north": {"uv": [9.25, 5.625, 9.5, 6.5], "texture": "#0"},
				"east": {"uv": [5.875, 2, 6.375, 2.875], "texture": "#0"},
				"south": {"uv": [8.875, 9.25, 9.125, 10.125], "texture": "#0"},
				"west": {"uv": [0.875, 8.375, 1.375, 9.25], "texture": "#0"},
				"up": {"uv": [1.375, 7.625, 1.125, 7.125], "texture": "#0"},
				"down": {"uv": [2, 9.75, 1.75, 10.25], "texture": "#0"}
			}
		},
		{
			"from": [12, 0.1, 9],
			"to": [14.3, 7.4, 13],
			"rotation": {"angle": 0, "axis": "y", "origin": [12.1, 0, 9]},
			"faces": {
				"north": {"uv": [9.125, 9.25, 9.375, 10.125], "texture": "#0"},
				"east": {"uv": [1.375, 8.375, 1.875, 9.25], "texture": "#0"},
				"south": {"uv": [9.375, 1.875, 9.625, 2.75], "texture": "#0"},
				"west": {"uv": [1.875, 8.375, 2.375, 9.25], "texture": "#0"},
				"up": {"uv": [2.25, 10.25, 2, 9.75], "texture": "#0"},
				"down": {"uv": [10, 4.125, 9.75, 4.625], "texture": "#0"}
			}
		},
		{
			"from": [14.3, 0.1, 5],
			"to": [16.3, 5.2, 9],
			"rotation": {"angle": 22.5, "axis": "z", "origin": [14.3, -0.8, 5]},
			"faces": {
				"north": {"uv": [4.5, 3, 4.75, 3.625], "texture": "#0"},
				"east": {"uv": [8.625, 7.5, 9.125, 8.125], "texture": "#0"},
				"south": {"uv": [1.75, 4.75, 2, 5.375], "texture": "#0"},
				"west": {"uv": [0, 9.125, 0.5, 9.75], "texture": "#0"},
				"up": {"uv": [10, 5.375, 9.75, 4.875], "texture": "#0"},
				"down": {"uv": [10, 5.625, 9.75, 6.125], "texture": "#0"}
			}
		},
		{
			"from": [12, 4.7, 5],
			"to": [14, 6.7, 9],
			"rotation": {"angle": -22.5, "axis": "z", "origin": [12, 4.7, 5]},
			"faces": {
				"north": {"uv": [2.75, 6.875, 3, 7.125], "texture": "#0"},
				"east": {"uv": [2, 3.5, 2.5, 3.75], "texture": "#0"},
				"south": {"uv": [1.125, 7.625, 1.375, 7.875], "texture": "#0"},
				"west": {"uv": [9.75, 6.125, 10.25, 6.375], "texture": "#0"},
				"up": {"uv": [6.5, 10.25, 6.25, 9.75], "texture": "#0"},
				"down": {"uv": [6.75, 9.75, 6.5, 10.25], "texture": "#0"}
			}
		},
		{
			"from": [11.35948, 8.37477, -0.1],
			"to": [13.35948, 10.87477, 14.1],
			"rotation": {"angle": 0, "axis": "y", "origin": [11.35948, 7.97477, 0]},
			"faces": {
				"north": {"uv": [10, 1.375, 10.25, 1.625], "texture": "#0"},
				"east": {"uv": [8.25, 1.125, 10, 1.375], "texture": "#0"},
				"south": {"uv": [10, 1.625, 10.25, 1.875], "texture": "#0"},
				"west": {"uv": [8.25, 1.375, 10, 1.625], "texture": "#0"},
				"up": {"uv": [7.75, 10, 7.5, 8.25], "texture": "#0"},
				"down": {"uv": [2.625, 8.375, 2.375, 10.125], "texture": "#0"}
			}
		},
		{
			"from": [13.28188, 3.21022, 0.1],
			"to": [18.08188, 5.21022, 13.9],
			"rotation": {"angle": 22.5, "axis": "z", "origin": [-1.91812, 3.21022, 0]},
			"faces": {
				"north": {"uv": [9.625, 2.125, 10.25, 2.375], "texture": "#0"},
				"east": {"uv": [8.25, 1.625, 10, 1.875], "texture": "#0"},
				"south": {"uv": [9.625, 2.375, 10.25, 2.625], "texture": "#0"},
				"west": {"uv": [2.625, 8.375, 4.375, 8.625], "texture": "#0"},
				"up": {"uv": [5.625, 8.625, 5, 6.875], "texture": "#0"},
				"down": {"uv": [6.25, 6.875, 5.625, 8.625], "texture": "#0"}
			}
		},
		{
			"from": [17.98188, 3.21022, 0.2],
			"to": [25.58188, 5.51022, 13.8],
			"rotation": {"angle": 22.5, "axis": "z", "origin": [-1.91812, 3.21022, 0]},
			"faces": {
				"north": {"uv": [2.875, 7.875, 3.875, 8.125], "texture": "#0"},
				"east": {"uv": [8.375, 4.625, 10.125, 4.875], "texture": "#0"},
				"south": {"uv": [9.25, 5.375, 10.25, 5.625], "texture": "#0"},
				"west": {"uv": [8.375, 6.75, 10.125, 7], "texture": "#0"},
				"up": {"uv": [4, 7.125, 3, 5.375], "texture": "#0"},
				"down": {"uv": [5, 5.625, 4, 7.375], "texture": "#0"}
			}
		},
		{
			"from": [20.7, 12.8, 0.3],
			"to": [32, 20.9, 13.7],
			"rotation": {"angle": 0, "axis": "y", "origin": [23, 19.1, 6]},
			"faces": {
				"north": {"uv": [6.5, 3.125, 7.875, 4.125], "texture": "#0"},
				"east": {"uv": [5.875, 0, 7.5, 1], "texture": "#0"},
				"south": {"uv": [1.375, 6.875, 2.75, 7.875], "texture": "#0"},
				"west": {"uv": [5.875, 1, 7.5, 2], "texture": "#0"},
				"up": {"uv": [3.375, 5.375, 2, 3.75], "texture": "#0"},
				"down": {"uv": [4.75, 3.75, 3.375, 5.375], "texture": "#0"}
			}
		},
		{
			"from": [21.7, 10, 13.7],
			"to": [32, 19.6, 15.1],
			"rotation": {"angle": 0, "axis": "y", "origin": [22, 18.3, 8.4]},
			"faces": {
				"north": {"uv": [6, 4.125, 7.25, 5.25], "texture": "#0"},
				"east": {"uv": [4.25, 9.375, 4.375, 10.5], "texture": "#0"},
				"south": {"uv": [6.375, 5.25, 7.625, 6.375], "texture": "#0"},
				"west": {"uv": [4.125, 9.625, 4.25, 10.75], "texture": "#0"},
				"up": {"uv": [10.875, 2.75, 9.625, 2.625], "texture": "#0"},
				"down": {"uv": [10.875, 7.25, 9.625, 7.375], "texture": "#0"}
			}
		},
		{
			"from": [21.7, 10, -1.1],
			"to": [32, 19.6, 0.3],
			"rotation": {"angle": 0, "axis": "y", "origin": [22, 18.3, -5.4]},
			"faces": {
				"north": {"uv": [6.375, 6.375, 7.625, 7.5], "texture": "#0"},
				"east": {"uv": [1.5, 9.75, 1.625, 10.875], "texture": "#0"},
				"south": {"uv": [6.5, 2, 7.75, 3.125], "texture": "#0"},
				"west": {"uv": [1.625, 9.75, 1.75, 10.875], "texture": "#0"},
				"up": {"uv": [10.875, 7.5, 9.625, 7.375], "texture": "#0"},
				"down": {"uv": [10.875, 7.5, 9.625, 7.625], "texture": "#0"}
			}
		},
		{
			"from": [20.7, 1.2, 2.1],
			"to": [32, 12.8, 11.9],
			"rotation": {"angle": 0, "axis": "y", "origin": [23, 9.5, 6]},
			"faces": {
				"north": {"uv": [4.5, 0, 5.875, 1.5], "texture": "#0"},
				"east": {"uv": [4.75, 4.125, 6, 5.625], "texture": "#0"},
				"south": {"uv": [4.5, 1.5, 5.875, 3], "texture": "#0"},
				"west": {"uv": [1.75, 5.375, 3, 6.875], "texture": "#0"},
				"up": {"uv": [6.375, 6.875, 5, 5.625], "texture": "#0"},
				"down": {"uv": [1.375, 5.875, 0, 7.125], "texture": "#0"}
			}
		},
		{
			"from": [12, 14.4, 4.1],
			"to": [21, 20.4, 10.1],
			"rotation": {"angle": 0, "axis": "y", "origin": [15, 16.4, 6.1]},
			"faces": {
				"north": {"uv": [0, 7.125, 1.125, 7.875], "texture": "#0"},
				"east": {"uv": [7.5, 1.125, 8.25, 1.875], "texture": "#0"},
				"south": {"uv": [2.75, 7.125, 3.875, 7.875], "texture": "#0"},
				"west": {"uv": [6.25, 7.5, 7, 8.25], "texture": "#0"},
				"up": {"uv": [8.375, 4.875, 7.25, 4.125], "texture": "#0"},
				"down": {"uv": [5, 7.375, 3.875, 8.125], "texture": "#0"}
			}
		},
		{
			"from": [1, 14.4, 4.1],
			"to": [5, 20.4, 10.1],
			"rotation": {"angle": 0, "axis": "y", "origin": [6, 16.4, 6.1]},
			"faces": {
				"north": {"uv": [3.375, 8.625, 3.875, 9.375], "texture": "#0"},
				"east": {"uv": [7, 7.5, 7.75, 8.25], "texture": "#0"},
				"south": {"uv": [3.875, 8.625, 4.375, 9.375], "texture": "#0"},
				"west": {"uv": [7.625, 5.25, 8.375, 6], "texture": "#0"},
				"up": {"uv": [5.5, 9.375, 5, 8.625], "texture": "#0"},
				"down": {"uv": [6, 8.625, 5.5, 9.375], "texture": "#0"}
			}
		},
		{
			"from": [8, 14.4, 4.1],
			"to": [9, 20.4, 10.1],
			"rotation": {"angle": 0, "axis": "y", "origin": [10, 16.4, 6.1]},
			"faces": {
				"north": {"uv": [6.375, 2, 6.5, 2.75], "texture": "#0"},
				"east": {"uv": [7.625, 6, 8.375, 6.75], "texture": "#0"},
				"south": {"uv": [2.25, 9.75, 2.375, 10.5], "texture": "#0"},
				"west": {"uv": [7.625, 6.75, 8.375, 7.5], "texture": "#0"},
				"up": {"uv": [4.75, 10.625, 4.625, 9.875], "texture": "#0"},
				"down": {"uv": [5.625, 9.875, 5.5, 10.625], "texture": "#0"}
			}
		},
		{
			"from": [5, 14.7, 4.4],
			"to": [12, 20.1, 9.8],
			"rotation": {"angle": 0, "axis": "y", "origin": [13, 16.4, 6.1]},
			"faces": {
				"north": {"uv": [7.75, 1.875, 8.625, 2.5], "texture": "#0"},
				"east": {"uv": [8.375, 8.375, 9, 9], "texture": "#0"},
				"south": {"uv": [7.75, 2.5, 8.625, 3.125], "texture": "#0"},
				"west": {"uv": [0, 8.5, 0.625, 9.125], "texture": "#0"},
				"up": {"uv": [8.625, 8.125, 7.75, 7.5], "texture": "#0"},
				"down": {"uv": [0.875, 7.875, 0, 8.5], "texture": "#0"}
			}
		},
		{
			"from": [-6, 15.4, 5.1],
			"to": [1, 19.4, 9.1],
			"rotation": {"angle": 0, "axis": "y", "origin": [-1, 16.4, 6.1]},
			"faces": {
				"north": {"uv": [8.375, 4.125, 9.25, 4.625], "texture": "#0"},
				"east": {"uv": [2.875, 9.125, 3.375, 9.625], "texture": "#0"},
				"south": {"uv": [8.375, 5.25, 9.2375, 5.75], "texture": "#0"},
				"west": {"uv": [9.125, 7, 9.625, 7.5], "texture": "#0"},
				"up": {"uv": [9.2375, 6.25, 8.375, 5.75], "texture": "#0"},
				"down": {"uv": [9.2375, 6.25, 8.375, 6.75], "texture": "#0"}
			}
		},
		{
			"from": [-12, 15.6, 5.3],
			"to": [-6, 19.2, 8.9],
			"rotation": {"angle": 0, "axis": "y", "origin": [-8, 16.4, 6.1]},
			"faces": {
				"north": {"uv": [8.375, 7, 9.125, 7.5], "texture": "#0"},
				"east": {"uv": [9.125, 7.5, 9.625, 8], "texture": "#0"},
				"south": {"uv": [8.625, 1.875, 9.3625, 2.375], "texture": "#0"},
				"west": {"uv": [0.875, 9.25, 1.375, 9.75], "texture": "#0"},
				"up": {"uv": [9.3625, 2.875, 8.625, 2.375], "texture": "#0"},
				"down": {"uv": [3.375, 8.625, 2.625, 9.125], "texture": "#0"}
			}
		},
		{
			"from": [-15, 15.8, 5.5],
			"to": [-12, 19, 8.7],
			"rotation": {"angle": 0, "axis": "y", "origin": [-14, 16.4, 6.1]},
			"faces": {
				"north": {"uv": [4, 0, 7, 3], "texture": "#1"},
				"east": {"uv": [4, 3, 7, 6], "texture": "#1"},
				"south": {"uv": [4, 6, 7, 9], "texture": "#1"},
				"west": {"uv": [7, 0, 10, 3], "texture": "#1"},
				"up": {"uv": [10, 6, 7, 3], "texture": "#1"},
				"down": {"uv": [10, 6, 7, 9], "texture": "#1"}
			}
		},
		{
			"from": [-4.5, 15.9, 5.1],
			"to": [2.5, 16.9, 7.1],
			"rotation": {"angle": 22.5, "axis": "y", "origin": [-0.5, 15.9, 8.1]},
			"faces": {
				"north": {"uv": [9.75, 0.75, 10.625, 0.875], "texture": "#0"},
				"east": {"uv": [4.5, 3.625, 4.75, 3.75], "texture": "#0"},
				"south": {"uv": [9.75, 6.375, 10.625, 6.5], "texture": "#0"},
				"west": {"uv": [1.375, 6.75, 1.625, 6.875], "texture": "#0"},
				"up": {"uv": [10.125, 6.75, 9.25, 6.5], "texture": "#0"},
				"down": {"uv": [4.25, 9.375, 3.375, 9.625], "texture": "#0"}
			}
		},
		{
			"from": [-4.5, 17.9, 5.1],
			"to": [2.5, 18.9, 7.1],
			"rotation": {"angle": 22.5, "axis": "y", "origin": [-0.5, 17.9, 8.1]},
			"faces": {
				"north": {"uv": [9.75, 9.625, 10.625, 9.75], "texture": "#0"},
				"east": {"uv": [10, 7.875, 10.25, 8], "texture": "#0"},
				"south": {"uv": [9.75, 9.75, 10.625, 9.875], "texture": "#0"},
				"west": {"uv": [0.25, 10.125, 0.5, 10.25], "texture": "#0"},
				"up": {"uv": [10.25, 8.875, 9.375, 8.625], "texture": "#0"},
				"down": {"uv": [10.25, 8.875, 9.375, 9.125], "texture": "#0"}
			}
		},
		{
			"from": [-4.5, 15.9, 7.6],
			"to": [0.7, 16.9, 9.6],
			"rotation": {"angle": -22.5, "axis": "y", "origin": [-0.5, 15.9, 10.6]},
			"faces": {
				"north": {"uv": [5.875, 2.875, 6.5, 3], "texture": "#0"},
				"east": {"uv": [7.5, 1.875, 7.75, 2], "texture": "#0"},
				"south": {"uv": [9.875, 4, 10.5, 4.125], "texture": "#0"},
				"west": {"uv": [10, 5.25, 10.25, 5.375], "texture": "#0"},
				"up": {"uv": [3.5, 9.875, 2.875, 9.625], "texture": "#0"},
				"down": {"uv": [4.125, 9.625, 3.5, 9.875], "texture": "#0"}
			}
		},
		{
			"from": [-4.5, 17.9, 7.6],
			"to": [0.7, 18.9, 9.6],
			"rotation": {"angle": -22.5, "axis": "y", "origin": [-0.5, 17.9, 10.6]},
			"faces": {
				"north": {"uv": [10, 1.125, 10.625, 1.25], "texture": "#0"},
				"east": {"uv": [10.125, 0.25, 10.375, 0.375], "texture": "#0"},
				"south": {"uv": [10, 1.25, 10.625, 1.375], "texture": "#0"},
				"west": {"uv": [10.125, 0.375, 10.375, 0.5], "texture": "#0"},
				"up": {"uv": [5.625, 9.875, 5, 9.625], "texture": "#0"},
				"down": {"uv": [10.25, 7, 9.625, 7.25], "texture": "#0"}
			}
		},
		{
			"from": [-4.7, 17.5, 5.7],
			"to": [2.3, 19.5, 6.7],
			"rotation": {"angle": 22.5, "axis": "z", "origin": [-0.7, 16.5, 6.7]},
			"faces": {
				"north": {"uv": [5, 9.375, 5.875, 9.625], "texture": "#0"},
				"east": {"uv": [3.875, 7.125, 4, 7.375], "texture": "#0"},
				"south": {"uv": [9.375, 8.375, 10.25, 8.625], "texture": "#0"},
				"west": {"uv": [4.875, 8.125, 5, 8.375], "texture": "#0"},
				"up": {"uv": [10.625, 8.25, 9.75, 8.125], "texture": "#0"},
				"down": {"uv": [10.625, 8.25, 9.75, 8.375], "texture": "#0"}
			}
		},
		{
			"from": [-4.7, 17.5, 7.7],
			"to": [2.3, 19.5, 8.7],
			"rotation": {"angle": 22.5, "axis": "z", "origin": [-0.7, 16.5, 8.7]},
			"faces": {
				"north": {"uv": [9.375, 9.125, 10.25, 9.375], "texture": "#0"},
				"east": {"uv": [3.625, 10, 3.75, 10.25], "texture": "#0"},
				"south": {"uv": [9.375, 9.375, 10.25, 9.625], "texture": "#0"},
				"west": {"uv": [5.875, 10, 6, 10.25], "texture": "#0"},
				"up": {"uv": [3.75, 10, 2.875, 9.875], "texture": "#0"},
				"down": {"uv": [10.75, 3.125, 9.875, 3.25], "texture": "#0"}
			}
		},
		{
			"from": [-4.7, 15.1, 5.7],
			"to": [0.9, 17.1, 6.7],
			"rotation": {"angle": -22.5, "axis": "z", "origin": [-0.7, 14.1, 6.7]},
			"faces": {
				"north": {"uv": [4, 5.375, 4.75, 5.625], "texture": "#0"},
				"east": {"uv": [8.875, 9, 9, 9.25], "texture": "#0"},
				"south": {"uv": [9.5, 0.875, 10.25, 1.125], "texture": "#0"},
				"west": {"uv": [5.875, 9.375, 6, 9.625], "texture": "#0"},
				"up": {"uv": [10.625, 3.375, 9.875, 3.25], "texture": "#0"},
				"down": {"uv": [10.625, 3.375, 9.875, 3.5], "texture": "#0"}
			}
		},
		{
			"from": [-4.7, 15.1, 7.7],
			"to": [0.9, 17.1, 8.7],
			"rotation": {"angle": -22.5, "axis": "z", "origin": [-0.7, 14.1, 8.7]},
			"faces": {
				"north": {"uv": [6.25, 9.5, 7, 9.75], "texture": "#0"},
				"east": {"uv": [9.625, 10, 9.75, 10.25], "texture": "#0"},
				"south": {"uv": [9.625, 1.875, 10.375, 2.125], "texture": "#0"},
				"west": {"uv": [0.5, 10.125, 0.625, 10.375], "texture": "#0"},
				"up": {"uv": [10.625, 3.625, 9.875, 3.5], "texture": "#0"},
				"down": {"uv": [10.625, 3.625, 9.875, 3.75], "texture": "#0"}
			}
		},
		{
			"from": [-10.3, 16.8, 5.1],
			"to": [-6, 18, 9.1],
			"rotation": {"angle": 0, "axis": "y", "origin": [-8, 16, 5.1]},
			"faces": {
				"north": {"uv": [2.875, 10, 3.375, 10.125], "texture": "#0"},
				"east": {"uv": [10, 4.125, 10.5, 4.25], "texture": "#0"},
				"south": {"uv": [10, 4.25, 10.5, 4.375], "texture": "#0"},
				"west": {"uv": [10, 4.375, 10.5, 4.5], "texture": "#0"},
				"up": {"uv": [1.875, 9.75, 1.375, 9.25], "texture": "#0"},
				"down": {"uv": [2.375, 9.25, 1.875, 9.75], "texture": "#0"}
			}
		},
		{
			"from": [16, 0.65224, 1.06537],
			"to": [32, 2.95224, 3.06537],
			"rotation": {"angle": -22.5, "axis": "x", "origin": [21, 0.95224, 1.06537]},
			"faces": {
				"north": {"uv": [0.875, 7.875, 2.875, 8.125], "texture": "#0"},
				"east": {"uv": [3.375, 10, 3.625, 10.25], "texture": "#0"},
				"south": {"uv": [7.875, 3.125, 9.875, 3.375], "texture": "#0"},
				"west": {"uv": [10, 5, 10.25, 5.25], "texture": "#0"},
				"up": {"uv": [9.875, 3.625, 7.875, 3.375], "texture": "#0"},
				"down": {"uv": [9.875, 3.625, 7.875, 3.875], "texture": "#0"}
			}
		},
		{
			"from": [16, 2.8, 0.3],
			"to": [32, 12.8, 2.1],
			"rotation": {"angle": 0, "axis": "y", "origin": [21, 2.8, 0.1]},
			"faces": {
				"north": {"uv": [2.5, 0, 4.5, 1.25], "texture": "#0"},
				"east": {"uv": [0.625, 8.5, 0.875, 9.75], "texture": "#0"},
				"south": {"uv": [2.5, 1.25, 4.5, 2.5], "texture": "#0"},
				"west": {"uv": [6, 8.625, 6.25, 9.875], "texture": "#0"},
				"up": {"uv": [4.875, 8.375, 2.875, 8.125], "texture": "#0"},
				"down": {"uv": [9.75, 8.125, 7.75, 8.375], "texture": "#0"}
			}
		},
		{
			"from": [16, 2.8, 11.9],
			"to": [32, 12.8, 13.7],
			"rotation": {"angle": 0, "axis": "y", "origin": [21, 2.8, 10.9]},
			"faces": {
				"north": {"uv": [2.5, 2.5, 4.5, 3.75], "texture": "#0"},
				"east": {"uv": [6.25, 8.25, 6.625, 9.5], "texture": "#0"},
				"south": {"uv": [0, 3.5, 2, 4.75], "texture": "#0"},
				"west": {"uv": [6.625, 8.25, 7, 9.5], "texture": "#0"},
				"up": {"uv": [9.5, 0.75, 7.5, 0.375], "texture": "#0"},
				"down": {"uv": [9.5, 0.75, 7.5, 1.125], "texture": "#0"}
			}
		},
		{
			"from": [13.1, 4.3, 10.9],
			"to": [16, 11.2, 13.8],
			"rotation": {"angle": 0, "axis": "y", "origin": [19, 2.8, 10.9]},
			"faces": {
				"north": {"uv": [1.375, 5.875, 1.75, 6.75], "texture": "#0"},
				"east": {"uv": [4.375, 9, 4.75, 9.875], "texture": "#0"},
				"south": {"uv": [7.75, 9, 8.125, 9.875], "texture": "#0"},
				"west": {"uv": [8.125, 9, 8.5, 9.875], "texture": "#0"},
				"up": {"uv": [0.75, 10.125, 0.375, 9.75], "texture": "#0"},
				"down": {"uv": [10.125, 0.375, 9.75, 0.75], "texture": "#0"}
			}
		},
		{
			"from": [14.4, 1.4, 10.9],
			"to": [16, 4.3, 13.8],
			"rotation": {"angle": 0, "axis": "y", "origin": [19, -4.1, 10.9]},
			"faces": {
				"north": {"uv": [6.75, 9.75, 7, 10.125], "texture": "#0"},
				"east": {"uv": [0.75, 9.75, 1.125, 10.125], "texture": "#0"},
				"south": {"uv": [4.375, 9.875, 4.625, 10.25], "texture": "#0"},
				"west": {"uv": [1.125, 9.75, 1.5, 10.125], "texture": "#0"},
				"up": {"uv": [5.25, 10.25, 5, 9.875], "texture": "#0"},
				"down": {"uv": [5.5, 9.875, 5.25, 10.25], "texture": "#0"}
			}
		},
		{
			"from": [13.1, 4.3, 0.2],
			"to": [16, 11.2, 2.2],
			"rotation": {"angle": 0, "axis": "y", "origin": [19, 2.8, 0.2]},
			"faces": {
				"north": {"uv": [9, 8.375, 9.375, 9.25], "texture": "#0"},
				"east": {"uv": [9.5, 0, 9.75, 0.875], "texture": "#0"},
				"south": {"uv": [8.5, 9, 8.875, 9.875], "texture": "#0"},
				"west": {"uv": [9.5, 5.625, 9.75, 6.5], "texture": "#0"},
				"up": {"uv": [8.875, 10.125, 8.5, 9.875], "texture": "#0"},
				"down": {"uv": [10.125, 9.875, 9.75, 10.125], "texture": "#0"}
			}
		},
		{
			"from": [14.4, 1.4, 0.2],
			"to": [16, 4.3, 2.2],
			"rotation": {"angle": 0, "axis": "y", "origin": [19, -4.1, 0.2]},
			"faces": {
				"north": {"uv": [6, 9.875, 6.25, 10.25], "texture": "#0"},
				"east": {"uv": [7.75, 9.875, 8, 10.25], "texture": "#0"},
				"south": {"uv": [8, 9.875, 8.25, 10.25], "texture": "#0"},
				"west": {"uv": [8.25, 9.875, 8.5, 10.25], "texture": "#0"},
				"up": {"uv": [5.875, 10.25, 5.625, 10], "texture": "#0"},
				"down": {"uv": [10.25, 5.625, 10, 5.875], "texture": "#0"}
			}
		},
		{
			"from": [16, 1.80029, 10.16299],
			"to": [32, 4.10029, 13.16299],
			"rotation": {"angle": 22.5, "axis": "x", "origin": [21, 2.10029, 10.16299]},
			"faces": {
				"north": {"uv": [7.875, 3.875, 9.875, 4.125], "texture": "#0"},
				"east": {"uv": [3.75, 9.875, 4.125, 10.125], "texture": "#0"},
				"south": {"uv": [0.875, 8.125, 2.875, 8.375], "texture": "#0"},
				"west": {"uv": [9.875, 3.75, 10.25, 4], "texture": "#0"},
				"up": {"uv": [9.25, 5.25, 7.25, 4.875], "texture": "#0"},
				"down": {"uv": [9.5, 0, 7.5, 0.375], "texture": "#0"}
			}
		},
		{
			"from": [11.2, 1.5, 2],
			"to": [12.2, 3.5, 4],
			"faces": {
				"north": {"uv": [11, 10, 12, 12], "texture": "#1"},
				"east": {"uv": [8, 9, 10, 11], "texture": "#1"},
				"south": {"uv": [0, 12, 1, 14], "texture": "#1"},
				"west": {"uv": [0, 10, 2, 12], "texture": "#1"},
				"up": {"uv": [13, 2, 12, 0], "texture": "#1"},
				"down": {"uv": [2, 12, 1, 14], "texture": "#1"}
			}
		},
		{
			"from": [11.2, 4, 2],
			"to": [12.2, 6, 4],
			"faces": {
				"north": {"uv": [2, 12, 3, 14], "texture": "#1"},
				"east": {"uv": [10, 0, 12, 2], "texture": "#1"},
				"south": {"uv": [12, 2, 13, 4], "texture": "#1"},
				"west": {"uv": [2, 10, 4, 12], "texture": "#1"},
				"up": {"uv": [4, 14, 3, 12], "texture": "#1"},
				"down": {"uv": [13, 4, 12, 6], "texture": "#1"}
			}
		},
		{
			"from": [11.2, 4, 10],
			"to": [12.2, 6, 12],
			"faces": {
				"north": {"uv": [4, 11, 5, 13], "texture": "#1"},
				"east": {"uv": [0, 8, 2, 10], "texture": "#1"},
				"south": {"uv": [5, 11, 6, 13], "texture": "#1"},
				"west": {"uv": [2, 8, 4, 10], "texture": "#1"},
				"up": {"uv": [7, 13, 6, 11], "texture": "#1"},
				"down": {"uv": [12, 6, 11, 8], "texture": "#1"}
			}
		},
		{
			"from": [11.2, 1.5, 10],
			"to": [12.2, 3.5, 12],
			"faces": {
				"north": {"uv": [7, 11, 8, 13], "texture": "#1"},
				"east": {"uv": [4, 9, 6, 11], "texture": "#1"},
				"south": {"uv": [8, 11, 9, 13], "texture": "#1"},
				"west": {"uv": [6, 9, 8, 11], "texture": "#1"},
				"up": {"uv": [12, 10, 11, 8], "texture": "#1"},
				"down": {"uv": [10, 11, 9, 13], "texture": "#1"}
			}
		},
		{
			"from": [-15.1, 14.3, 4],
			"to": [-15.1, 20.5, 10.2],
			"rotation": {"angle": 0, "axis": "y", "origin": [-17.1, 16, 6]},
			"faces": {
				"north": {"uv": [10, 2, 11, 6], "texture": "#1"},
				"east": {"uv": [0, 0, 4, 4], "texture": "#1"},
				"south": {"uv": [10, 6, 11, 10], "texture": "#1"},
				"west": {"uv": [0, 4, 4, 8], "texture": "#1"},
				"up": {"uv": [11, 14, 10, 10], "texture": "#1"},
				"down": {"uv": [12, 2, 11, 6], "texture": "#1"}
			}
		}
	],
	"display": {
		"thirdperson_righthand": {
			"rotation": [90, -90, 0],
			"translation": [-7.5, 36, 2.25],
			"scale": [1.87, 1.69, 1.69]
		}
	}
}
