{
	"credit": "Made with Blockbench",
	"texture_size": [32, 32],
	"textures": {
		"2": "item/custom/rotrdoor1texture"
	},
	"elements": [
		{
			"from": [0, 0, 0],
			"to": [0.5, 12, 8],
			"faces": {
				"north": {"uv": [0, 6, 0.5, 12], "texture": "#2"},
				"east": {"uv": [0, 0, 4, 6], "texture": "#2"},
				"south": {"uv": [0.5, 6, 1, 12], "texture": "#2"},
				"west": {"uv": [4, 0, 8, 6], "texture": "#2"},
				"up": {"uv": [2, 10, 1, 6], "texture": "#2"},
				"down": {"uv": [2, 6, 1.5, 10], "texture": "#2"}
			}
		}
	],
	"display": {
		"head": {
			"rotation": [0, -90, 0],
			"translation": [-16.25, -12.5, 0],
			"scale": [1, 4, 4]
		}
	}
}
