{
	"format_version": "1.9.0",
	"credit": "Made with Blockbench",
	"texture_size": [64, 64],
	"textures": {
		"0": "item/custom/rotrescapepod",
		"1": "item/custom/rotrescapepod2",
		"particle": "item/custom/rotrescapepod"
	},
	"elements": [
		{
			"from": [-1.7, 1.1, -3.2],
			"to": [17.7, 1.8, 19],
			"faces": {
				"north": {"uv": [8.625, 2, 11.0625, 2.09375], "texture": "#0"},
				"east": {"uv": [8.375, 8, 11.15625, 8.09375], "texture": "#0"},
				"south": {"uv": [8.625, 2.125, 11.0625, 2.21875], "texture": "#0"},
				"west": {"uv": [6, 8.5, 8.78125, 8.59375], "texture": "#0"},
				"up": {"uv": [2.4375, 2.78125, 0, 0], "texture": "#0"},
				"down": {"uv": [4.9375, 0, 2.5, 2.78125], "texture": "#0"}
			}
		},
		{
			"from": [13.35013, 15.79987, -3.2],
			"to": [17.65013, 16.97487, 19],
			"rotation": {"angle": 0, "axis": "y", "origin": [-4.64987, 14.97487, 17]},
			"faces": {
				"north": {"uv": [8.625, 6.5, 9.15625, 6.65625], "texture": "#0"},
				"east": {"uv": [7.875, 0.75, 10.65625, 0.90625], "texture": "#0"},
				"south": {"uv": [8.625, 6.75, 9.15625, 6.90625], "texture": "#0"},
				"west": {"uv": [7.875, 1, 10.65625, 1.15625], "texture": "#0"},
				"up": {"uv": [3.28125, 5.65625, 2.75, 2.875], "texture": "#0"},
				"down": {"uv": [3.90625, 2.875, 3.375, 5.65625], "texture": "#0"}
			}
		},
		{
			"from": [19.10759, 7.81716, -3.2],
			"to": [20.00759, 10.21716, 19],
			"rotation": {"angle": 0, "axis": "y", "origin": [20.40759, 8.21716, 17]},
			"faces": {
				"north": {"uv": [5, 2.5, 5.125, 2.8125], "texture": "#0"},
				"east": {"uv": [0, 6.75, 2.78125, 7.0625], "texture": "#0"},
				"south": {"uv": [5.125, 2.5, 5.25, 2.8125], "texture": "#0"},
				"west": {"uv": [5.75, 7, 8.53125, 7.3125], "texture": "#0"},
				"up": {"uv": [2.875, 10.28125, 2.75, 7.5], "texture": "#0"},
				"down": {"uv": [5.25, 8, 5.125, 10.78125], "texture": "#0"}
			}
		},
		{
			"from": [19.10759, 3.81716, -3.2],
			"to": [20.40759, 7.81716, 19],
			"rotation": {"angle": 0, "axis": "y", "origin": [20.40759, 5.81716, -3]},
			"faces": {
				"north": {"uv": [7.875, 8.625, 8.03125, 9.125], "texture": "#0"},
				"east": {"uv": [5, 0, 7.78125, 0.5], "texture": "#0"},
				"south": {"uv": [8.125, 8.625, 8.28125, 9.125], "texture": "#0"},
				"west": {"uv": [5, 0.5, 7.78125, 1], "texture": "#0"},
				"up": {"uv": [1.90625, 10.28125, 1.75, 7.5], "texture": "#0"},
				"down": {"uv": [2.15625, 7.5, 2, 10.28125], "texture": "#0"}
			}
		},
		{
			"from": [19.10759, 10.21716, -3.2],
			"to": [19.50759, 13.41716, 19],
			"rotation": {"angle": 0, "axis": "y", "origin": [21.10759, 10.21716, -3.2]},
			"faces": {
				"north": {"uv": [8.75, 3.375, 8.8125, 3.78125], "texture": "#0"},
				"east": {"uv": [5.75, 5.5, 8.53125, 5.90625], "texture": "#0"},
				"south": {"uv": [8.75, 3.875, 8.8125, 4.28125], "texture": "#0"},
				"west": {"uv": [5.75, 6, 8.53125, 6.40625], "texture": "#0"},
				"up": {"uv": [8.6875, 5.03125, 8.625, 2.25], "texture": "#0"},
				"down": {"uv": [2.9375, 8.625, 2.875, 11.40625], "texture": "#0"}
			}
		},
		{
			"from": [19.50759, 10.21716, -3.2],
			"to": [20.40759, 14.21716, 19],
			"rotation": {"angle": 0, "axis": "y", "origin": [20.40759, 12.21716, -5]},
			"faces": {
				"north": {"uv": [5.125, 5.75, 5.25, 6.25], "texture": "#0"},
				"east": {"uv": [5, 1, 7.78125, 1.5], "texture": "#0"},
				"south": {"uv": [5.125, 6.25, 5.25, 6.75], "texture": "#0"},
				"west": {"uv": [5, 1.5, 7.78125, 2], "texture": "#0"},
				"up": {"uv": [5.375, 10.78125, 5.25, 8], "texture": "#0"},
				"down": {"uv": [5.5, 8, 5.375, 10.78125], "texture": "#0"}
			}
		},
		{
			"from": [16.78124, 14.17782, -3.2],
			"to": [20.68124, 15.67782, 19],
			"rotation": {"angle": -45, "axis": "z", "origin": [18.78124, 15.27782, 17]},
			"faces": {
				"north": {"uv": [4.5, 8.625, 5, 8.8125], "texture": "#0"},
				"east": {"uv": [5.125, 7.75, 7.90625, 7.9375], "texture": "#0"},
				"south": {"uv": [8.625, 5.875, 9.125, 6.0625], "texture": "#0"},
				"west": {"uv": [7.875, 0, 10.65625, 0.1875], "texture": "#0"},
				"up": {"uv": [5.75, 4.78125, 5.25, 2], "texture": "#0"},
				"down": {"uv": [5.75, 4.875, 5.25, 7.65625], "texture": "#0"}
			}
		},
		{
			"from": [17.29338, 0.52794, -3.2],
			"to": [18.99338, 4.40294, 19],
			"rotation": {"angle": -45, "axis": "z", "origin": [18.99338, 2.40294, 17]},
			"faces": {
				"north": {"uv": [5, 2, 5.21875, 2.46875], "texture": "#0"},
				"east": {"uv": [5.75, 3.5, 8.53125, 3.96875], "texture": "#0"},
				"south": {"uv": [3.75, 8.625, 3.96875, 9.09375], "texture": "#0"},
				"west": {"uv": [5.75, 4, 8.53125, 4.46875], "texture": "#0"},
				"up": {"uv": [0.96875, 10.28125, 0.75, 7.5], "texture": "#0"},
				"down": {"uv": [1.21875, 7.5, 1, 10.28125], "texture": "#0"}
			}
		},
		{
			"from": [16.46547, 1.7792, -3.2],
			"to": [16.96547, 2.2792, 19],
			"rotation": {"angle": 0, "axis": "y", "origin": [18.46547, 0.2792, 17]},
			"faces": {
				"north": {"uv": [8.75, 4.875, 8.8125, 4.9375], "texture": "#0"},
				"east": {"uv": [8.625, 5.125, 11.40625, 5.1875], "texture": "#0"},
				"south": {"uv": [8.75, 5, 8.8125, 5.0625], "texture": "#0"},
				"west": {"uv": [8.625, 5.25, 11.40625, 5.3125], "texture": "#0"},
				"up": {"uv": [3.0625, 11.40625, 3, 8.625], "texture": "#0"},
				"down": {"uv": [3.1875, 8.625, 3.125, 11.40625], "texture": "#0"}
			}
		},
		{
			"from": [15.38921, 15.01421, -3.2],
			"to": [17.48921, 15.91421, 19],
			"rotation": {"angle": 0, "axis": "y", "origin": [16.58921, 13.91421, 17]},
			"faces": {
				"north": {"uv": [8.625, 7.5, 8.875, 7.625], "texture": "#0"},
				"east": {"uv": [7.875, 1.75, 10.65625, 1.875], "texture": "#0"},
				"south": {"uv": [8.625, 7.625, 8.875, 7.75], "texture": "#0"},
				"west": {"uv": [7.875, 1.875, 10.65625, 2], "texture": "#0"},
				"up": {"uv": [4.125, 8.53125, 3.875, 5.75], "texture": "#0"},
				"down": {"uv": [4.375, 5.75, 4.125, 8.53125], "texture": "#0"}
			}
		},
		{
			"from": [13.38921, 15.01421, -3.2],
			"to": [15.38921, 15.91421, 19],
			"rotation": {"angle": -22.5, "axis": "z", "origin": [15.38921, 15.01421, 17]},
			"faces": {
				"north": {"uv": [8.75, 2.625, 9, 2.75], "texture": "#0"},
				"east": {"uv": [5.5, 8, 8.28125, 8.125], "texture": "#0"},
				"south": {"uv": [8.75, 2.75, 9, 2.875], "texture": "#0"},
				"west": {"uv": [8, 7.75, 10.78125, 7.875], "texture": "#0"},
				"up": {"uv": [4.625, 8.53125, 4.375, 5.75], "texture": "#0"},
				"down": {"uv": [4.875, 5.75, 4.625, 8.53125], "texture": "#0"}
			}
		},
		{
			"from": [-4.00759, 7.81716, -3.2],
			"to": [-3.10759, 10.21716, 19],
			"rotation": {"angle": 0, "axis": "y", "origin": [-4.40759, 8.21716, 17]},
			"faces": {
				"north": {"uv": [5, 8.625, 5.125, 8.9375], "texture": "#0"},
				"east": {"uv": [0, 7.125, 2.78125, 7.4375], "texture": "#0"},
				"south": {"uv": [8.75, 2.25, 8.875, 2.5625], "texture": "#0"},
				"west": {"uv": [5.75, 7.375, 8.53125, 7.6875], "texture": "#0"},
				"up": {"uv": [5.625, 10.90625, 5.5, 8.125], "texture": "#0"},
				"down": {"uv": [5.75, 8.125, 5.625, 10.90625], "texture": "#0"}
			}
		},
		{
			"from": [-4.40759, 3.81716, -3.2],
			"to": [-3.10759, 7.81716, 19],
			"rotation": {"angle": 0, "axis": "y", "origin": [-4.40759, 5.81716, -3]},
			"faces": {
				"north": {"uv": [8.375, 8.625, 8.53125, 9.125], "texture": "#0"},
				"east": {"uv": [0, 5.75, 2.78125, 6.25], "texture": "#0"},
				"south": {"uv": [8.625, 8.625, 8.78125, 9.125], "texture": "#0"},
				"west": {"uv": [5.75, 2, 8.53125, 2.5], "texture": "#0"},
				"up": {"uv": [2.40625, 10.28125, 2.25, 7.5], "texture": "#0"},
				"down": {"uv": [2.65625, 7.5, 2.5, 10.28125], "texture": "#0"}
			}
		},
		{
			"from": [-3.50759, 10.21716, -3.2],
			"to": [-3.10759, 13.41716, 19],
			"rotation": {"angle": 0, "axis": "y", "origin": [-5.10759, 10.21716, -3.2]},
			"faces": {
				"north": {"uv": [8.75, 4.375, 8.8125, 4.78125], "texture": "#0"},
				"east": {"uv": [0, 6.25, 2.78125, 6.65625], "texture": "#0"},
				"south": {"uv": [6.5, 8.75, 6.5625, 9.15625], "texture": "#0"},
				"west": {"uv": [5.75, 6.5, 8.53125, 6.90625], "texture": "#0"},
				"up": {"uv": [3.3125, 11.40625, 3.25, 8.625], "texture": "#0"},
				"down": {"uv": [3.4375, 8.625, 3.375, 11.40625], "texture": "#0"}
			}
		},
		{
			"from": [-4.40759, 10.21716, -3.2],
			"to": [-3.50759, 14.21716, 19],
			"rotation": {"angle": 0, "axis": "y", "origin": [-4.40759, 12.21716, -5]},
			"faces": {
				"north": {"uv": [5.125, 6.75, 5.25, 7.25], "texture": "#0"},
				"east": {"uv": [5.75, 2.5, 8.53125, 3], "texture": "#0"},
				"south": {"uv": [5.125, 7.25, 5.25, 7.75], "texture": "#0"},
				"west": {"uv": [5.75, 3, 8.53125, 3.5], "texture": "#0"},
				"up": {"uv": [5.875, 10.90625, 5.75, 8.125], "texture": "#0"},
				"down": {"uv": [6, 8.125, 5.875, 10.90625], "texture": "#0"}
			}
		},
		{
			"from": [-4.68124, 14.17782, -3.2],
			"to": [-0.78124, 15.67782, 19],
			"rotation": {"angle": 45, "axis": "z", "origin": [-2.78124, 15.27782, 17]},
			"faces": {
				"north": {"uv": [6, 8.625, 6.5, 8.8125], "texture": "#0"},
				"east": {"uv": [7.875, 0.25, 10.65625, 0.4375], "texture": "#0"},
				"south": {"uv": [8.625, 6.125, 9.125, 6.3125], "texture": "#0"},
				"west": {"uv": [7.875, 0.5, 10.65625, 0.6875], "texture": "#0"},
				"up": {"uv": [3.375, 8.53125, 2.875, 5.75], "texture": "#0"},
				"down": {"uv": [3.875, 5.75, 3.375, 8.53125], "texture": "#0"}
			}
		},
		{
			"from": [-2.99338, 0.52794, -3.2],
			"to": [-1.29338, 4.40294, 19],
			"rotation": {"angle": 45, "axis": "z", "origin": [-2.99338, 2.40294, 17]},
			"faces": {
				"north": {"uv": [4, 8.625, 4.21875, 9.09375], "texture": "#0"},
				"east": {"uv": [5.75, 4.5, 8.53125, 4.96875], "texture": "#0"},
				"south": {"uv": [4.25, 8.625, 4.46875, 9.09375], "texture": "#0"},
				"west": {"uv": [5.75, 5, 8.53125, 5.46875], "texture": "#0"},
				"up": {"uv": [1.46875, 10.28125, 1.25, 7.5], "texture": "#0"},
				"down": {"uv": [1.71875, 7.5, 1.5, 10.28125], "texture": "#0"}
			}
		},
		{
			"from": [-0.96547, 1.7792, -3.2],
			"to": [-0.46547, 2.2792, 19],
			"rotation": {"angle": 0, "axis": "y", "origin": [-2.46547, 0.2792, 17]},
			"faces": {
				"north": {"uv": [6.625, 8.75, 6.6875, 8.8125], "texture": "#0"},
				"east": {"uv": [8.625, 5.375, 11.40625, 5.4375], "texture": "#0"},
				"south": {"uv": [6.75, 8.75, 6.8125, 8.8125], "texture": "#0"},
				"west": {"uv": [8.625, 5.5, 11.40625, 5.5625], "texture": "#0"},
				"up": {"uv": [3.5625, 11.40625, 3.5, 8.625], "texture": "#0"},
				"down": {"uv": [3.6875, 8.625, 3.625, 11.40625], "texture": "#0"}
			}
		},
		{
			"from": [-1.48921, 15.01421, -3.2],
			"to": [0.61079, 15.91421, 19],
			"rotation": {"angle": 0, "axis": "y", "origin": [-0.58921, 13.91421, 17]},
			"faces": {
				"north": {"uv": [8.75, 2.875, 9, 3], "texture": "#0"},
				"east": {"uv": [8, 7.875, 10.78125, 8], "texture": "#0"},
				"south": {"uv": [8.75, 3, 9, 3.125], "texture": "#0"},
				"west": {"uv": [6, 8.125, 8.78125, 8.25], "texture": "#0"},
				"up": {"uv": [5.125, 8.53125, 4.875, 5.75], "texture": "#0"},
				"down": {"uv": [0.25, 7.5, 0, 10.28125], "texture": "#0"}
			}
		},
		{
			"from": [0.61079, 15.01421, -3.2],
			"to": [2.61079, 15.91421, 19],
			"rotation": {"angle": 22.5, "axis": "z", "origin": [0.61079, 15.01421, 17]},
			"faces": {
				"north": {"uv": [8.75, 3.125, 9, 3.25], "texture": "#0"},
				"east": {"uv": [6, 8.25, 8.78125, 8.375], "texture": "#0"},
				"south": {"uv": [8.75, 3.25, 9, 3.375], "texture": "#0"},
				"west": {"uv": [6, 8.375, 8.78125, 8.5], "texture": "#0"},
				"up": {"uv": [0.5, 10.28125, 0.25, 7.5], "texture": "#0"},
				"down": {"uv": [0.75, 7.5, 0.5, 10.28125], "texture": "#0"}
			}
		},
		{
			"from": [-1.65013, 15.79987, -3.2],
			"to": [2.64987, 16.97487, 19],
			"rotation": {"angle": 0, "axis": "y", "origin": [20.64987, 14.97487, 17]},
			"faces": {
				"north": {"uv": [8.625, 7, 9.15625, 7.15625], "texture": "#0"},
				"east": {"uv": [7.875, 1.25, 10.65625, 1.40625], "texture": "#0"},
				"south": {"uv": [8.625, 7.25, 9.15625, 7.40625], "texture": "#0"},
				"west": {"uv": [7.875, 1.5, 10.65625, 1.65625], "texture": "#0"},
				"up": {"uv": [4.53125, 5.65625, 4, 2.875], "texture": "#0"},
				"down": {"uv": [5.15625, 2.875, 4.625, 5.65625], "texture": "#0"}
			}
		},
		{
			"from": [2.65013, 15.79987, -3.2],
			"to": [13.35013, 16.37487, 19],
			"rotation": {"angle": 0, "axis": "y", "origin": [11.35013, 14.97487, -3.2]},
			"faces": {
				"north": {"uv": [8.625, 6.375, 9.96875, 6.4375], "texture": "#0"},
				"east": {"uv": [8.625, 5.625, 11.40625, 5.6875], "texture": "#0"},
				"south": {"uv": [6.5, 8.625, 7.84375, 8.6875], "texture": "#0"},
				"west": {"uv": [8.625, 5.75, 11.40625, 5.8125], "texture": "#0"},
				"up": {"uv": [1.34375, 5.65625, 0, 2.875], "texture": "#0"},
				"down": {"uv": [2.71875, 2.875, 1.375, 5.65625], "texture": "#0"}
			}
		},
		{
			"from": [0.1, 3.8, -8.5],
			"to": [15.9, 3.8, -4],
			"rotation": {"angle": 45, "axis": "x", "origin": [7, 1.8, -6]},
			"faces": {
				"north": {"uv": [0, 0, 3.9375, 0], "texture": "#1"},
				"east": {"uv": [0, 0, 1.125, 0], "texture": "#1"},
				"south": {"uv": [0, 0, 3.9375, 0], "texture": "#1"},
				"west": {"uv": [0, 0, 1.125, 0], "texture": "#1"},
				"up": {"uv": [7.9375, 3.625, 4, 2.5], "texture": "#1"},
				"down": {"uv": [7.9375, 3.75, 4, 4.875], "texture": "#1"}
			}
		},
		{
			"from": [0.1, 15.5, -5.8],
			"to": [15.9, 15.5, -1.1],
			"rotation": {"angle": -45, "axis": "x", "origin": [7, 13.5, -3.2]},
			"faces": {
				"north": {"uv": [0, 0, 3.9375, 0], "texture": "#1"},
				"east": {"uv": [0, 0, 1.1875, 0], "texture": "#1"},
				"south": {"uv": [0, 0, 3.9375, 0], "texture": "#1"},
				"west": {"uv": [0, 0, 1.1875, 0], "texture": "#1"},
				"up": {"uv": [7.9375, 1.1875, 4, 0], "texture": "#1"},
				"down": {"uv": [7.9375, 1.25, 4, 2.4375], "texture": "#1"}
			}
		},
		{
			"from": [0.1, 4.9, -6.4],
			"to": [15.9, 13.1, -6.4],
			"rotation": {"angle": 0, "axis": "x", "origin": [7, 9.2, -4.4]},
			"faces": {
				"north": {"uv": [0, 0, 3.9375, 2.0625], "texture": "#1"},
				"east": {"uv": [0, 0, 0, 2.0625], "texture": "#1"},
				"south": {"uv": [0, 2.25, 3.9375, 4.3125], "texture": "#1"},
				"west": {"uv": [0, 0, 0, 2.0625], "texture": "#1"},
				"up": {"uv": [3.9375, 0, 0, 0], "texture": "#1"},
				"down": {"uv": [3.9375, 0, 0, 0], "texture": "#1"}
			}
		},
		{
			"from": [-2, 4.9, -7.3],
			"to": [-2, 13.1, -2.3],
			"rotation": {"angle": -45, "axis": "y", "origin": [-2, 0, -4.3]},
			"faces": {
				"north": {"uv": [0, 0, 0, 2.0625], "texture": "#1"},
				"east": {"uv": [2.5, 4.5, 3.75, 6.5625], "texture": "#1"},
				"south": {"uv": [0, 0, 0, 2.0625], "texture": "#1"},
				"west": {"uv": [3.75, 5, 5, 7.0625], "texture": "#1"},
				"up": {"uv": [0, 1.25, 0, 0], "texture": "#1"},
				"down": {"uv": [0, 0, 0, 1.25], "texture": "#1"}
			}
		},
		{
			"from": [18, 4.9, -7.3],
			"to": [18, 13.1, -2.3],
			"rotation": {"angle": 45, "axis": "y", "origin": [18, 0, -4.3]},
			"faces": {
				"north": {"uv": [0, 0, 0, 2.0625], "texture": "#1"},
				"east": {"uv": [0, 4.5, 1.25, 6.5625], "texture": "#1"},
				"south": {"uv": [0, 0, 0, 2.0625], "texture": "#1"},
				"west": {"uv": [1.25, 4.5, 2.5, 6.5625], "texture": "#1"},
				"up": {"uv": [0, 1.25, 0, 0], "texture": "#1"},
				"down": {"uv": [0, 0, 0, 1.25], "texture": "#1"}
			}
		},
		{
			"from": [-3, 6, 0],
			"to": [0, 13, 0],
			"rotation": {"angle": 0, "axis": "y", "origin": [-3, 11, -2]},
			"faces": {
				"north": {"uv": [5, 6.5, 5.75, 8.25], "texture": "#1"},
				"east": {"uv": [0, 0, 0, 1.75], "texture": "#1"},
				"south": {"uv": [5.75, 6.5, 6.5, 8.25], "texture": "#1"},
				"west": {"uv": [0, 0, 0, 1.75], "texture": "#1"},
				"up": {"uv": [0.75, 0, 0, 0], "texture": "#1"},
				"down": {"uv": [0.75, 0, 0, 0], "texture": "#1"}
			}
		},
		{
			"from": [16, 6, 0],
			"to": [19, 13, 0],
			"rotation": {"angle": 0, "axis": "y", "origin": [16, 11, -2]},
			"faces": {
				"north": {"uv": [6.5, 6.5, 7.25, 8.25], "texture": "#1"},
				"east": {"uv": [0, 0, 0, 1.75], "texture": "#1"},
				"south": {"uv": [0, 6.75, 0.75, 8.5], "texture": "#1"},
				"west": {"uv": [0, 0, 0, 1.75], "texture": "#1"},
				"up": {"uv": [0.75, 0, 0, 0], "texture": "#1"},
				"down": {"uv": [0.75, 0, 0, 0], "texture": "#1"}
			}
		},
		{
			"from": [4, 1, -2.8],
			"to": [12, 4, -2.8],
			"rotation": {"angle": 0, "axis": "y", "origin": [7, 6, -4.8]},
			"faces": {
				"north": {"uv": [5, 5, 7, 5.75], "texture": "#1"},
				"east": {"uv": [0, 0, 0, 0.75], "texture": "#1"},
				"south": {"uv": [5, 5.75, 7, 6.5], "texture": "#1"},
				"west": {"uv": [0, 0, 0, 0.75], "texture": "#1"},
				"up": {"uv": [2, 0, 0, 0], "texture": "#1"},
				"down": {"uv": [2, 0, 0, 0], "texture": "#1"}
			}
		}
	],
	"display": {}
}
