{
	"credit": "Made with Blockbench",
	"texture_size": [32, 32],
	"textures": {
		"1": "item/custom/vehicledroid1"
	},
	"elements": [
		{
			"from": [5, 0, 4],
			"to": [11, 9, 10],
			"rotation": {"angle": 0, "axis": "y", "origin": [7, 0, 8]},
			"faces": {
				"north": {"uv": [0, 0, 1.5, 2.25], "texture": "#1"},
				"east": {"uv": [1.5, 0, 3, 2.25], "texture": "#1"},
				"south": {"uv": [0, 2.25, 1.5, 4.5], "texture": "#1"},
				"west": {"uv": [1.5, 2.25, 3, 4.5], "texture": "#1"},
				"up": {"uv": [7.5, 1.5, 6, 0], "texture": "#1"},
				"down": {"uv": [7.5, 1.5, 6, 3], "texture": "#1"}
			}
		},
		{
			"from": [3.7, 0, 6],
			"to": [5.1, 7, 8],
			"rotation": {"angle": 0, "axis": "y", "origin": [0.9, 0, 7]},
			"faces": {
				"north": {"uv": [6, 6.5, 6.375, 8.25], "texture": "#1"},
				"east": {"uv": [6, 3, 6.5, 4.75], "texture": "#1"},
				"south": {"uv": [6.5, 6.5, 6.875, 8.25], "texture": "#1"},
				"west": {"uv": [6, 4.75, 6.5, 6.5], "texture": "#1"},
				"up": {"uv": [1.375, 7.25, 1, 6.75], "texture": "#1"},
				"down": {"uv": [1.875, 6.75, 1.5, 7.25], "texture": "#1"}
			}
		},
		{
			"from": [11, 0, 6],
			"to": [12.4, 7, 8],
			"rotation": {"angle": 0, "axis": "y", "origin": [8.2, 0, 7]},
			"faces": {
				"north": {"uv": [0, 6.75, 0.375, 8.5], "texture": "#1"},
				"east": {"uv": [6.5, 3, 7, 4.75], "texture": "#1"},
				"south": {"uv": [0.5, 6.75, 0.875, 8.5], "texture": "#1"},
				"west": {"uv": [6.5, 4.75, 7, 6.5], "texture": "#1"},
				"up": {"uv": [2.375, 7.25, 2, 6.75], "texture": "#1"},
				"down": {"uv": [2.875, 6.75, 2.5, 7.25], "texture": "#1"}
			}
		}
	]
}
