{
	"credit": "Made with Blockbench",
	"texture_size": [128, 128],
	"textures": {
		"0": "item/custom/rotrpre3door",
		"particle": "item/custom/rotrpre3door"
	},
	"elements": [
		{
			"from": [7, -0.55172, -1.34483],
			"to": [9, 32, 17.34483],
			"rotation": {"angle": 0, "axis": "y", "origin": [7, 15.44828, -12.24138]},
			"faces": {
				"north": {"uv": [0, 4.125, 0.375, 8.25], "texture": "#0"},
				"east": {"uv": [0, 0, 2.375, 4.125], "texture": "#0"},
				"south": {"uv": [0.375, 4.125, 0.75, 8.25], "texture": "#0"},
				"west": {"uv": [2.375, 0, 4.75, 4.125], "texture": "#0"},
				"up": {"uv": [1.125, 6.5, 0.75, 4.125], "texture": "#0"},
				"down": {"uv": [1.5, 4.125, 1.125, 6.5], "texture": "#0"}
			}
		}
	]
}
