{
	"credit": "Made with Blockbench",
	"textures": {
		"3": "item/custom/rotrhangrail1animate",
		"4": "item/custom/rotrhangrail3",
		"5": "item/custom/rotrhangrail2",
		"6": "item/custom/rotrhangrail1",
		"particle": "item/custom/rotrhangrail1"
	},
	"elements": [
		{
			"from": [-11, 19, 24],
			"to": [27, 24, 27.9],
			"rotation": {"angle": 0, "axis": "y", "origin": [7, 21, 33]},
			"faces": {
				"north": {"uv": [0, 0, 9.5, 1.25], "texture": "#6"},
				"east": {"uv": [9, 9.5, 10, 10.75], "texture": "#6"},
				"south": {"uv": [0, 1.25, 9.5, 2.5], "texture": "#6"},
				"west": {"uv": [0, 10, 1, 11.25], "texture": "#6"},
				"up": {"uv": [9.5, 3.5, 0, 2.5], "texture": "#6"},
				"down": {"uv": [9.5, 3.5, 0, 4.5], "texture": "#6"}
			}
		},
		{
			"from": [-11, 25.50029, 20.45756],
			"to": [27, 26.50029, 24.45756],
			"rotation": {"angle": 22.5, "axis": "x", "origin": [7, 25.90029, 20.45756]},
			"faces": {
				"north": {"uv": [6.5, 8.525, 16, 8.75], "texture": "#6"},
				"east": {"uv": [10.75, 10.25, 11.75, 10.5], "texture": "#6"},
				"south": {"uv": [6.5, 8.75, 16, 9], "texture": "#6"},
				"west": {"uv": [10.75, 10.5, 11.75, 10.75], "texture": "#6"},
				"up": {"uv": [9.5, 5.5, 0, 4.5], "texture": "#6"},
				"down": {"uv": [9.5, 5.5, 0, 6.5], "texture": "#6"}
			}
		},
		{
			"from": [-11, 23.96955, 27.74693],
			"to": [27, 24.96955, 31.74693],
			"rotation": {"angle": -22.5, "axis": "x", "origin": [7, 24.36955, 27.74693]},
			"faces": {
				"north": {"uv": [6.5, 9, 16, 9.25], "texture": "#6"},
				"east": {"uv": [10.75, 10.75, 11.75, 11], "texture": "#6"},
				"south": {"uv": [6.5, 9.25, 16, 9.5], "texture": "#6"},
				"west": {"uv": [11, 3.025, 12, 3.25], "texture": "#6"},
				"up": {"uv": [9.5, 7.5, 0, 6.5], "texture": "#6"},
				"down": {"uv": [9.5, 7.5, 0, 8.5], "texture": "#6"}
			}
		},
		{
			"from": [11, 21.41313, 24.11761],
			"to": [16, 26.41313, 25.11761],
			"rotation": {"angle": -22.5, "axis": "x", "origin": [8, 20.8, 25.2]},
			"faces": {
				"north": {"uv": [9.5, 0, 10.725, 1.25], "texture": "#6"},
				"east": {"uv": [5.25, 10.75, 5.5, 12], "texture": "#6"},
				"south": {"uv": [9.5, 1.25, 10.725, 2.5], "texture": "#6"},
				"west": {"uv": [5.5, 10.75, 5.75, 12], "texture": "#6"},
				"up": {"uv": [12, 5.75, 10.75, 5.5], "texture": "#6"},
				"down": {"uv": [12, 5.75, 10.75, 6], "texture": "#6"}
			}
		},
		{
			"from": [0, 21.41313, 24.11761],
			"to": [5, 26.41313, 25.11761],
			"rotation": {"angle": -22.5, "axis": "x", "origin": [8, 20.8, 25.2]},
			"faces": {
				"north": {"uv": [9.5, 2.525, 10.725, 3.75], "texture": "#6"},
				"east": {"uv": [5.75, 10.75, 6, 12], "texture": "#6"},
				"south": {"uv": [9.5, 3.75, 10.725, 5], "texture": "#6"},
				"west": {"uv": [10.75, 6, 11, 7.25], "texture": "#6"},
				"up": {"uv": [7.75, 11, 6.5, 10.75], "texture": "#6"},
				"down": {"uv": [12, 7.25, 10.75, 7.5], "texture": "#6"}
			}
		},
		{
			"from": [11, 22.11313, 26.78239],
			"to": [16, 27.11313, 27.78239],
			"rotation": {"angle": 22.5, "axis": "x", "origin": [8, 21.3, 25.2]},
			"faces": {
				"north": {"uv": [6.5, 9.5, 7.75, 10.75], "texture": "#6"},
				"east": {"uv": [9.5, 10.75, 9.75, 12], "texture": "#6"},
				"south": {"uv": [7.75, 9.5, 9, 10.75], "texture": "#6"},
				"west": {"uv": [9.75, 10.75, 10, 12], "texture": "#6"},
				"up": {"uv": [12, 10, 10.75, 9.75], "texture": "#6"},
				"down": {"uv": [12, 10, 10.75, 10.25], "texture": "#6"}
			}
		},
		{
			"from": [0, 22.11313, 26.78239],
			"to": [5, 27.11313, 27.78239],
			"rotation": {"angle": 22.5, "axis": "x", "origin": [8, 21.3, 25.2]},
			"faces": {
				"north": {"uv": [9.5, 5, 10.75, 6.25], "texture": "#6"},
				"east": {"uv": [7.75, 10.75, 8, 12], "texture": "#6"},
				"south": {"uv": [9.5, 6.25, 10.75, 7.5], "texture": "#6"},
				"west": {"uv": [8, 10.75, 8.25, 12], "texture": "#6"},
				"up": {"uv": [9.5, 11, 8.25, 10.75], "texture": "#6"},
				"down": {"uv": [12, 9.5, 10.75, 9.75], "texture": "#6"}
			}
		},
		{
			"from": [7.7, 16.4, 24.3],
			"to": [10.3, 19, 26.9],
			"rotation": {"angle": -45, "axis": "y", "origin": [8, 17, 24.6]},
			"faces": {
				"north": {"uv": [3.75, 10.75, 4.5, 11.25], "texture": "#3"},
				"east": {"uv": [4.5, 10.75, 5.25, 11.25], "texture": "#3"},
				"south": {"uv": [10.75, 4.5, 11.5, 5], "texture": "#3"},
				"west": {"uv": [10.75, 5, 11.5, 5.5], "texture": "#3"},
				"up": {"uv": [10.75, 10.25, 10, 9.5], "texture": "#3"},
				"down": {"uv": [10.75, 10.25, 10, 11], "texture": "#3"}
			}
		},
		{
			"from": [17.7, 16.4, 24.3],
			"to": [20.3, 19, 26.9],
			"rotation": {"angle": -45, "axis": "y", "origin": [18, 17, 24.6]},
			"faces": {
				"north": {"uv": [9.5, 8, 10.25, 8.5], "texture": "#3"},
				"east": {"uv": [10.25, 8, 11, 8.5], "texture": "#3"},
				"south": {"uv": [10.75, 0, 11.5, 0.5], "texture": "#3"},
				"west": {"uv": [10.75, 0.5, 11.5, 1], "texture": "#3"},
				"up": {"uv": [3.75, 10.75, 3, 10], "texture": "#3"},
				"down": {"uv": [4.5, 10, 3.75, 10.75], "texture": "#3"}
			}
		},
		{
			"from": [-2.3, 16.4, 24.3],
			"to": [0.3, 19, 26.9],
			"rotation": {"angle": -45, "axis": "y", "origin": [-2, 17, 24.6]},
			"faces": {
				"north": {"uv": [10.75, 1, 11.5, 1.5], "texture": "#3"},
				"east": {"uv": [10.75, 1.5, 11.5, 2], "texture": "#3"},
				"south": {"uv": [10.75, 2, 11.5, 2.5], "texture": "#3"},
				"west": {"uv": [10.75, 2.5, 11.5, 3], "texture": "#3"},
				"up": {"uv": [5.25, 10.75, 4.5, 10], "texture": "#3"},
				"down": {"uv": [6, 10, 5.25, 10.75], "texture": "#3"}
			}
		},
		{
			"from": [10.5, 13, 25],
			"to": [12, 19, 26.3],
			"rotation": {"angle": 0, "axis": "y", "origin": [0, 12, 24]},
			"faces": {
				"north": {"uv": [1, 10, 1.5, 11.5], "texture": "#6"},
				"east": {"uv": [6, 10, 6.25, 11.5], "texture": "#6"},
				"south": {"uv": [1.5, 10, 2, 11.5], "texture": "#6"},
				"west": {"uv": [6.25, 10, 6.5, 11.5], "texture": "#6"},
				"up": {"uv": [11.5, 3.5, 11, 3.25], "texture": "#6"},
				"down": {"uv": [11.5, 3.5, 11, 3.75], "texture": "#6"}
			}
		},
		{
			"from": [-9.5, 13, 25],
			"to": [-8, 19, 26.3],
			"rotation": {"angle": 0, "axis": "y", "origin": [-20, 12, 24]},
			"faces": {
				"north": {"uv": [1, 10, 1.5, 11.5], "texture": "#6"},
				"east": {"uv": [6, 10, 6.25, 11.5], "texture": "#6"},
				"south": {"uv": [1.5, 10, 2, 11.5], "texture": "#6"},
				"west": {"uv": [6.25, 10, 6.5, 11.5], "texture": "#6"},
				"up": {"uv": [11.5, 3.5, 11, 3.25], "texture": "#6"},
				"down": {"uv": [11.5, 3.5, 11, 3.75], "texture": "#6"}
			}
		},
		{
			"from": [24.5, 13, 25],
			"to": [26, 19, 26.3],
			"rotation": {"angle": 0, "axis": "y", "origin": [0, 12, 24]},
			"faces": {
				"north": {"uv": [2, 10, 2.5, 11.5], "texture": "#6"},
				"east": {"uv": [3.25, 10.75, 3.5, 12.25], "texture": "#6"},
				"south": {"uv": [2.5, 10, 3, 11.5], "texture": "#6"},
				"west": {"uv": [3.5, 10.75, 3.75, 12.25], "texture": "#6"},
				"up": {"uv": [11.5, 4, 11, 3.75], "texture": "#6"},
				"down": {"uv": [11.5, 4, 11, 4.25], "texture": "#6"}
			}
		},
		{
			"from": [11.9, 13, 25.5],
			"to": [24.5, 19, 25.5],
			"rotation": {"angle": 0, "axis": "y", "origin": [0, 12, 23.9]},
			"faces": {
				"north": {"uv": [0, 8.5, 3.25, 10], "texture": "#6"},
				"east": {"uv": [3, 10.75, 3.25, 12.25], "texture": "#6"},
				"south": {"uv": [3.25, 8.5, 6.5, 10], "texture": "#6"},
				"west": {"uv": [10.75, 3, 11, 4.5], "texture": "#6"},
				"up": {"uv": [12.75, 7.75, 9.5, 7.5], "texture": "#6"},
				"down": {"uv": [12.75, 7.75, 9.5, 8], "texture": "#6"}
			}
		},
		{
			"from": [5.6, 16.3, 25],
			"to": [8.4, 19.1, 27.8],
			"rotation": {"angle": 45, "axis": "y", "origin": [7, 16, 25]},
			"faces": {
				"north": {"uv": [3, 0, 5.75, 2.5], "texture": "#5"},
				"east": {"uv": [3, 3, 5.75, 5.5], "texture": "#5"},
				"south": {"uv": [0, 6, 2.75, 8.5], "texture": "#5"},
				"west": {"uv": [6, 0, 8.75, 2.5], "texture": "#5"},
				"up": {"uv": [2.75, 2.75, 0, 0], "texture": "#5"},
				"down": {"uv": [2.75, 3, 0, 5.75], "texture": "#5"}
			}
		},
		{
			"from": [15.6, 16.3, 25],
			"to": [18.4, 19.1, 27.8],
			"rotation": {"angle": 45, "axis": "y", "origin": [17, 16, 25]},
			"faces": {
				"north": {"uv": [3, 0, 5.75, 2.5], "texture": "#5"},
				"east": {"uv": [3, 3, 5.75, 5.5], "texture": "#5"},
				"south": {"uv": [0, 6, 2.75, 8.5], "texture": "#5"},
				"west": {"uv": [6, 0, 8.75, 2.5], "texture": "#5"},
				"up": {"uv": [2.75, 2.75, 0, 0], "texture": "#5"},
				"down": {"uv": [2.75, 3, 0, 5.75], "texture": "#5"}
			}
		},
		{
			"from": [-4.4, 16.3, 25],
			"to": [-1.6, 19.1, 27.8],
			"rotation": {"angle": 45, "axis": "y", "origin": [-3, 16, 25]},
			"faces": {
				"north": {"uv": [3, 0, 5.75, 2.5], "texture": "#5"},
				"east": {"uv": [3, 3, 5.75, 5.5], "texture": "#5"},
				"south": {"uv": [0, 6, 2.75, 8.5], "texture": "#5"},
				"west": {"uv": [6, 0, 8.75, 2.5], "texture": "#5"},
				"up": {"uv": [2.75, 2.75, 0, 0], "texture": "#5"},
				"down": {"uv": [2.75, 3, 0, 5.75], "texture": "#5"}
			}
		},
		{
			"from": [-8.1, 13.7, 25.3],
			"to": [-4.1, 19, 25.3],
			"faces": {
				"north": {"uv": [0, 0, 4, 5.5], "texture": "#4"},
				"east": {"uv": [3, 9, 3.5, 14.5], "texture": "#4"},
				"south": {"uv": [4, 0, 8, 5.5], "texture": "#4"},
				"west": {"uv": [4, 9, 4.5, 14.5], "texture": "#4"},
				"up": {"uv": [9, 9.5, 5, 9], "texture": "#4"},
				"down": {"uv": [13, 6, 9, 6.5], "texture": "#4"}
			}
		}
	],
	"display": {
		"thirdperson_righthand": {
			"rotation": [90, 0, 0],
			"translation": [-6, 31, 3.75],
			"scale": [1.76, 1.76, 1.76]
		}
	}
}
