{
	"credit": "Made with Blockbench",
	"texture_size": [64, 64],
	"textures": {
		"0": "item/custom/rotrdoor2",
		"particle": "item/custom/rotrdoor2"
	},
	"elements": [
		{
			"from": [-4, 0, 7.13793],
			"to": [21.24138, 17.31034, 9],
			"rotation": {"angle": 0, "axis": "y", "origin": [12, 0, 7]},
			"faces": {
				"north": {"uv": [0, 0, 6.25, 4.25], "texture": "#0"},
				"east": {"uv": [6.25, 1, 6.75, 5.25], "texture": "#0"},
				"south": {"uv": [0, 4.25, 6.25, 8.5], "texture": "#0"},
				"west": {"uv": [6.25, 5.25, 6.75, 9.5], "texture": "#0"},
				"up": {"uv": [12.5, 0.5, 6.25, 0], "texture": "#0"},
				"down": {"uv": [12.5, 0.5, 6.25, 1], "texture": "#0"}
			}
		}
	]
}
