{
	"credit": "Made with Blockbench",
	"textures": {
		"0": "item/custom/rotrfinalpipe",
		"particle": "item/custom/rotrfinalpipe"
	},
	"elements": [
		{
			"from": [7, 1, 7],
			"to": [9, 23, 9],
			"rotation": {"angle": 0, "axis": "y", "origin": [7, 23, 7]},
			"faces": {
				"north": {"uv": [0, 0, 2, 15], "texture": "#0"},
				"east": {"uv": [2, 0, 4, 15], "texture": "#0"},
				"south": {"uv": [4, 0, 6, 15], "texture": "#0"},
				"west": {"uv": [6, 0, 8, 15], "texture": "#0"},
				"up": {"uv": [10, 8, 8, 6], "texture": "#0"},
				"down": {"uv": [10, 8, 8, 10], "texture": "#0"}
			}
		},
		{
			"from": [6.5, 0, 6.5],
			"to": [9.5, 1, 9.5],
			"rotation": {"angle": 0, "axis": "y", "origin": [7, 23, 7]},
			"faces": {
				"north": {"uv": [10, 6, 13, 7], "texture": "#0"},
				"east": {"uv": [10, 7, 13, 8], "texture": "#0"},
				"south": {"uv": [8, 10, 11, 11], "texture": "#0"},
				"west": {"uv": [10, 8, 13, 9], "texture": "#0"},
				"up": {"uv": [11, 3, 8, 0], "texture": "#0"},
				"down": {"uv": [11, 3, 8, 6], "texture": "#0"}
			}
		}
	],
	"display": {
		"thirdperson_righthand": {
			"rotation": [90, 0, 0],
			"translation": [-6, -2, 22.25],
			"scale": [1.31, 1.36, 1.31]
		}
	}
}
