{
	"credit": "Made with Blockbench",
	"textures": {
		"1": "item/custom/rotrvehicledroidhead2",
		"2": "item/custom/texturevehicledroidhead3",
		"3": "item/custom/texturevehicledroid3",
		"4": "item/custom/texturevehicledroidhead5",
		"6": "item/custom/texturevehicledroid5",
		"7": "item/custom/texturevehicledroid6",
		"particle": "item/custom/texturevehicledroidhead3"
	},
	"elements": [
		{
			"from": [5, 1.4, 5],
			"to": [11, 6.4, 11],
			"rotation": {"angle": 0, "axis": "y", "origin": [7, 1.4, 9]},
			"faces": {
				"north": {"uv": [3, 0, 6, 2.5], "texture": "#1"},
				"east": {"uv": [3, 2.5, 6, 5], "texture": "#1"},
				"south": {"uv": [3, 5, 6, 7.5], "texture": "#1"},
				"west": {"uv": [0, 6, 3, 8.5], "texture": "#1"},
				"up": {"uv": [3, 3, 0, 0], "texture": "#1"},
				"down": {"uv": [3, 3, 0, 6], "texture": "#1"}
			}
		},
		{
			"from": [4.72414, 1.4, 4.72414],
			"to": [11.27586, 3.64138, 11.41379],
			"rotation": {"angle": 0, "axis": "y", "origin": [7, 1.12414, 9]},
			"faces": {
				"north": {"uv": [7, 6, 13.5, 8.625], "texture": "#2"},
				"east": {"uv": [7, 0, 13.75, 2.625], "texture": "#2"},
				"south": {"uv": [7, 9, 13.5, 11.625], "texture": "#2"},
				"west": {"uv": [7, 3, 13.75, 5.625], "texture": "#2"},
				"up": {"uv": [6.5, 6.75, 0, 0], "texture": "#2"},
				"down": {"uv": [6.5, 7, 0, 13.75], "texture": "#2"}
			}
		},
		{
			"from": [7.45172, 3.88621, 4.72414],
			"to": [8.48621, 4.92069, 5.75862],
			"rotation": {"angle": 0, "axis": "y", "origin": [6.9, 3.19655, 3.75862]},
			"faces": {
				"north": {"uv": [0, 0, 4, 4], "texture": "#3"},
				"east": {"uv": [0, 4, 4, 8], "texture": "#3"},
				"south": {"uv": [4, 0, 8, 4], "texture": "#3"},
				"west": {"uv": [4, 4, 8, 8], "texture": "#3"},
				"up": {"uv": [4, 12, 0, 8], "texture": "#3"},
				"down": {"uv": [12, 0, 8, 4], "texture": "#3"}
			}
		},
		{
			"from": [7.47586, 3.84828, 4.68621],
			"to": [8.54828, 4.92069, 4.68621],
			"rotation": {"angle": 0, "axis": "y", "origin": [6.96207, 3.71034, 4.68621]},
			"faces": {
				"north": {"uv": [0, 0, 4.5, 4.5], "texture": "#4"},
				"east": {"uv": [0, 0, 0, 4.5], "texture": "#4"},
				"south": {"uv": [0, 8, 4.5, 12.5], "texture": "#4"},
				"west": {"uv": [0, 0, 0, 4.5], "texture": "#4"},
				"up": {"uv": [4.5, 0, 0, 0], "texture": "#4"},
				"down": {"uv": [4.5, 0, 0, 0], "texture": "#4"}
			}
		},
		{
			"from": [9.13103, 3.84828, 4.68621],
			"to": [10.20345, 4.92069, 4.68621],
			"rotation": {"angle": 0, "axis": "y", "origin": [8.61724, 3.71034, 4.68621]},
			"faces": {
				"north": {"uv": [0, 0, 4.5, 4.5], "texture": "#4"},
				"east": {"uv": [0, 0, 0, 4.5], "texture": "#4"},
				"south": {"uv": [0, 8, 4.5, 12.5], "texture": "#4"},
				"west": {"uv": [0, 0, 0, 4.5], "texture": "#4"},
				"up": {"uv": [4.5, 0, 0, 0], "texture": "#4"},
				"down": {"uv": [4.5, 0, 0, 0], "texture": "#4"}
			}
		},
		{
			"from": [9.1069, 3.88621, 4.72414],
			"to": [10.14138, 4.92069, 5.75862],
			"rotation": {"angle": 0, "axis": "y", "origin": [8.55517, 3.19655, 3.75862]},
			"faces": {
				"north": {"uv": [0, 0, 4, 4], "texture": "#3"},
				"east": {"uv": [0, 4, 4, 8], "texture": "#3"},
				"south": {"uv": [4, 0, 8, 4], "texture": "#3"},
				"west": {"uv": [4, 4, 8, 8], "texture": "#3"},
				"up": {"uv": [4, 12, 0, 8], "texture": "#3"},
				"down": {"uv": [12, 0, 8, 4], "texture": "#3"}
			}
		},
		{
			"from": [5.93448, 3.88621, 4.72414],
			"to": [6.96897, 4.92069, 5.75862],
			"rotation": {"angle": 0, "axis": "y", "origin": [5.38276, 3.19655, 3.75862]},
			"faces": {
				"north": {"uv": [0, 0, 4, 4], "texture": "#3"},
				"east": {"uv": [0, 4, 4, 8], "texture": "#3"},
				"south": {"uv": [4, 0, 8, 4], "texture": "#3"},
				"west": {"uv": [4, 4, 8, 8], "texture": "#3"},
				"up": {"uv": [4, 12, 0, 8], "texture": "#3"},
				"down": {"uv": [12, 0, 8, 4], "texture": "#3"}
			}
		},
		{
			"from": [5.95862, 3.84828, 4.68621],
			"to": [7.03103, 4.92069, 4.68621],
			"rotation": {"angle": 0, "axis": "y", "origin": [5.44483, 3.71034, 4.68621]},
			"faces": {
				"north": {"uv": [0, 0, 4.5, 4.5], "texture": "#4"},
				"east": {"uv": [0, 0, 0, 4.5], "texture": "#4"},
				"south": {"uv": [0, 8, 4.5, 12.5], "texture": "#4"},
				"west": {"uv": [0, 0, 0, 4.5], "texture": "#4"},
				"up": {"uv": [4.5, 0, 0, 0], "texture": "#4"},
				"down": {"uv": [4.5, 0, 0, 0], "texture": "#4"}
			}
		},
		{
			"from": [5.62069, 3.71034, 4.96207],
			"to": [7.62069, 5.71034, 4.96207],
			"rotation": {"angle": 0, "axis": "y", "origin": [5.62069, 3.71034, 4.96207]},
			"faces": {
				"north": {"uv": [0, 0, 8, 8], "texture": "#6"},
				"east": {"uv": [0, 0, 0, 8], "texture": "#6"},
				"south": {"uv": [0, 8, 8, 16], "texture": "#6"},
				"west": {"uv": [0, 0, 0, 8], "texture": "#6"},
				"up": {"uv": [8, 0, 0, 0], "texture": "#6"},
				"down": {"uv": [8, 0, 0, 0], "texture": "#6"}
			}
		},
		{
			"from": [5.06897, -0.01379, 5],
			"to": [10.7931, 1.98621, 10.86207],
			"rotation": {"angle": 0, "axis": "y", "origin": [6.86207, -0.01379, 6.7931]},
			"faces": {
				"north": {"uv": [5, 0, 10, 2], "texture": "#7"},
				"east": {"uv": [5, 2, 10, 4], "texture": "#7"},
				"south": {"uv": [5, 4, 10, 6], "texture": "#7"},
				"west": {"uv": [5, 6, 10, 8], "texture": "#7"},
				"up": {"uv": [5, 5, 0, 0], "texture": "#7"},
				"down": {"uv": [5, 5, 0, 10], "texture": "#7"}
			}
		}
	]
}
