{
	"credit": "Made with Blockbench",
	"texture_size": [64, 64],
	"textures": {
		"0": "item/custom/rotrelevator",
		"particle": "item/custom/rotrelevator"
	},
	"elements": [
		{
			"from": [3, 0, 4],
			"to": [13, 0.2, 12],
			"rotation": {"angle": 0, "axis": "y", "origin": [7, 0, 7]},
			"faces": {
				"north": {"uv": [6.5, 5.5, 9, 5.5625], "texture": "#0"},
				"east": {"uv": [6.5, 5.75, 8.5, 5.8125], "texture": "#0"},
				"south": {"uv": [5.75, 6.5, 8.25, 6.5625], "texture": "#0"},
				"west": {"uv": [0, 6.75, 2, 6.8125], "texture": "#0"},
				"up": {"uv": [2.5, 2, 0, 0], "texture": "#0"},
				"down": {"uv": [2.5, 2, 0, 4], "texture": "#0"}
			}
		},
		{
			"from": [3, 1.975, 5],
			"to": [3.3, 6.15, 6],
			"rotation": {"angle": 0, "axis": "y", "origin": [1.3, 2, 4]},
			"faces": {
				"north": {"uv": [0.75, 7.25, 0.8125, 8.3125], "texture": "#0"},
				"east": {"uv": [6, 2.25, 6.25, 3.3125], "texture": "#0"},
				"south": {"uv": [1, 7.25, 1.0625, 8.3125], "texture": "#0"},
				"west": {"uv": [2.5, 6, 2.75, 7.0625], "texture": "#0"},
				"up": {"uv": [8.0625, 3.5, 8, 3.25], "texture": "#0"},
				"down": {"uv": [8.0625, 3.5, 8, 3.75], "texture": "#0"}
			}
		},
		{
			"from": [13.12388, 5.23268, 6],
			"to": [13.42388, 5.88268, 10],
			"rotation": {"angle": 22.5, "axis": "z", "origin": [13.92388, 3.88268, 8]},
			"faces": {
				"north": {"uv": [8, 5.25, 8.0625, 5.4375], "texture": "#0"},
				"east": {"uv": [5.75, 6.25, 6.75, 6.4375], "texture": "#0"},
				"south": {"uv": [6, 8, 6.0625, 8.1875], "texture": "#0"},
				"west": {"uv": [0, 6.5, 1, 6.6875], "texture": "#0"},
				"up": {"uv": [3.0625, 8.25, 3, 7.25], "texture": "#0"},
				"down": {"uv": [3.3125, 7.25, 3.25, 8.25], "texture": "#0"}
			}
		},
		{
			"from": [12.7, 0.2, 10],
			"to": [13, 2, 12],
			"rotation": {"angle": 0, "axis": "y", "origin": [14, 0, 10]},
			"faces": {
				"north": {"uv": [7.75, 3.75, 7.8125, 4.1875], "texture": "#0"},
				"east": {"uv": [2, 4, 2.5, 4.4375], "texture": "#0"},
				"south": {"uv": [7.75, 4.25, 7.8125, 4.6875], "texture": "#0"},
				"west": {"uv": [0, 5.5, 0.5, 5.9375], "texture": "#0"},
				"up": {"uv": [7.5625, 5, 7.5, 4.5], "texture": "#0"},
				"down": {"uv": [7.5625, 5, 7.5, 5.5], "texture": "#0"}
			}
		},
		{
			"from": [12.7, 1.975, 10],
			"to": [13, 5.55, 11],
			"rotation": {"angle": 0, "axis": "y", "origin": [14.7, 2, 9]},
			"faces": {
				"north": {"uv": [1.75, 7.5, 1.8125, 8.375], "texture": "#0"},
				"east": {"uv": [3.25, 6, 3.5, 6.875], "texture": "#0"},
				"south": {"uv": [2, 7.5, 2.0625, 8.375], "texture": "#0"},
				"west": {"uv": [3.5, 6, 3.75, 6.875], "texture": "#0"},
				"up": {"uv": [3.8125, 8.25, 3.75, 8], "texture": "#0"},
				"down": {"uv": [8.0625, 3.75, 8, 4], "texture": "#0"}
			}
		},
		{
			"from": [3, 3.7, 9.74657],
			"to": [3.3, 4, 11.17157],
			"rotation": {"angle": 45, "axis": "x", "origin": [1.3, 2, 9.17157]},
			"faces": {
				"north": {"uv": [8, 6.75, 8.0625, 6.9375], "texture": "#0"},
				"east": {"uv": [0.75, 7, 1.125, 7.1875], "texture": "#0"},
				"south": {"uv": [8, 7, 8.0625, 7.1875], "texture": "#0"},
				"west": {"uv": [1.25, 7, 1.625, 7.1875], "texture": "#0"},
				"up": {"uv": [7.8125, 7.625, 7.75, 7.25], "texture": "#0"},
				"down": {"uv": [7.5625, 7.75, 7.5, 8.125], "texture": "#0"}
			}
		},
		{
			"from": [3, 3.4, 10.02157],
			"to": [3.3, 3.725, 10.89657],
			"rotation": {"angle": 45, "axis": "x", "origin": [1.3, 2, 9.17157]},
			"faces": {
				"north": {"uv": [8, 6.75, 8.0625, 6.9375], "texture": "#0"},
				"east": {"uv": [0.75, 7, 1.125, 7.1875], "texture": "#0"},
				"south": {"uv": [8, 7, 8.0625, 7.1875], "texture": "#0"},
				"west": {"uv": [1.25, 7, 1.625, 7.1875], "texture": "#0"},
				"up": {"uv": [7.8125, 7.625, 7.75, 7.25], "texture": "#0"},
				"down": {"uv": [7.5625, 7.75, 7.5, 8.125], "texture": "#0"}
			}
		},
		{
			"from": [3, 3.275, 10.22157],
			"to": [3.3, 3.425, 10.62157],
			"rotation": {"angle": 45, "axis": "x", "origin": [1.3, 2, 9.17157]},
			"faces": {
				"north": {"uv": [8, 6.75, 8.0625, 6.9375], "texture": "#0"},
				"east": {"uv": [0.75, 7, 1.125, 7.1875], "texture": "#0"},
				"south": {"uv": [8, 7, 8.0625, 7.1875], "texture": "#0"},
				"west": {"uv": [1.25, 7, 1.625, 7.1875], "texture": "#0"},
				"up": {"uv": [7.8125, 7.625, 7.75, 7.25], "texture": "#0"},
				"down": {"uv": [7.5625, 7.75, 7.5, 8.125], "texture": "#0"}
			}
		},
		{
			"from": [12.7, 3.7, 9.74657],
			"to": [13, 4, 11.17157],
			"rotation": {"angle": 45, "axis": "x", "origin": [11, 2, 9.17157]},
			"faces": {
				"north": {"uv": [8, 6.75, 8.0625, 6.9375], "texture": "#0"},
				"east": {"uv": [0.75, 7, 1.125, 7.1875], "texture": "#0"},
				"south": {"uv": [8, 7, 8.0625, 7.1875], "texture": "#0"},
				"west": {"uv": [1.25, 7, 1.625, 7.1875], "texture": "#0"},
				"up": {"uv": [7.8125, 7.625, 7.75, 7.25], "texture": "#0"},
				"down": {"uv": [7.5625, 7.75, 7.5, 8.125], "texture": "#0"}
			}
		},
		{
			"from": [12.7, 3.4, 10.02157],
			"to": [13, 3.725, 10.89657],
			"rotation": {"angle": 45, "axis": "x", "origin": [11, 2, 9.17157]},
			"faces": {
				"north": {"uv": [8, 6.75, 8.0625, 6.9375], "texture": "#0"},
				"east": {"uv": [0.75, 7, 1.125, 7.1875], "texture": "#0"},
				"south": {"uv": [8, 7, 8.0625, 7.1875], "texture": "#0"},
				"west": {"uv": [1.25, 7, 1.625, 7.1875], "texture": "#0"},
				"up": {"uv": [7.8125, 7.625, 7.75, 7.25], "texture": "#0"},
				"down": {"uv": [7.5625, 7.75, 7.5, 8.125], "texture": "#0"}
			}
		},
		{
			"from": [12.7, 3.275, 10.22157],
			"to": [13, 3.425, 10.62157],
			"rotation": {"angle": 45, "axis": "x", "origin": [11, 2, 9.17157]},
			"faces": {
				"north": {"uv": [8, 6.75, 8.0625, 6.9375], "texture": "#0"},
				"east": {"uv": [0.75, 7, 1.125, 7.1875], "texture": "#0"},
				"south": {"uv": [8, 7, 8.0625, 7.1875], "texture": "#0"},
				"west": {"uv": [1.25, 7, 1.625, 7.1875], "texture": "#0"},
				"up": {"uv": [7.8125, 7.625, 7.75, 7.25], "texture": "#0"},
				"down": {"uv": [7.5625, 7.75, 7.5, 8.125], "texture": "#0"}
			}
		},
		{
			"from": [2.57612, 5.80768, 6],
			"to": [3.07612, 6.48268, 10],
			"rotation": {"angle": -22.5, "axis": "z", "origin": [2.07612, 4.58268, 8]},
			"faces": {
				"north": {"uv": [7.75, 6.25, 7.875, 6.4375], "texture": "#0"},
				"east": {"uv": [1, 6.5, 2, 6.6875], "texture": "#0"},
				"south": {"uv": [7.75, 7.75, 7.875, 7.9375], "texture": "#0"},
				"west": {"uv": [6.5, 4.5, 7.5, 4.6875], "texture": "#0"},
				"up": {"uv": [5.375, 7.75, 5.25, 6.75], "texture": "#0"},
				"down": {"uv": [5.625, 6.75, 5.5, 7.75], "texture": "#0"}
			}
		},
		{
			"from": [12.92388, 5.80768, 6],
			"to": [13.42388, 6.48268, 10],
			"rotation": {"angle": 22.5, "axis": "z", "origin": [13.92388, 4.58268, 8]},
			"faces": {
				"north": {"uv": [8, 0, 8.125, 0.1875], "texture": "#0"},
				"east": {"uv": [4.75, 6.5, 5.75, 6.6875], "texture": "#0"},
				"south": {"uv": [8, 0.25, 8.125, 0.4375], "texture": "#0"},
				"west": {"uv": [6.5, 4.75, 7.5, 4.9375], "texture": "#0"},
				"up": {"uv": [5.875, 7.75, 5.75, 6.75], "texture": "#0"},
				"down": {"uv": [6.125, 6.75, 6, 7.75], "texture": "#0"}
			}
		},
		{
			"from": [3, 0.2, 10],
			"to": [3.3, 2, 12],
			"rotation": {"angle": 0, "axis": "y", "origin": [2, 0, 10]},
			"faces": {
				"north": {"uv": [4.75, 7.75, 4.8125, 8.1875], "texture": "#0"},
				"east": {"uv": [0.5, 5.5, 1, 5.9375], "texture": "#0"},
				"south": {"uv": [7.75, 4.75, 7.8125, 5.1875], "texture": "#0"},
				"west": {"uv": [1, 5.5, 1.5, 5.9375], "texture": "#0"},
				"up": {"uv": [7.5625, 7.25, 7.5, 6.75], "texture": "#0"},
				"down": {"uv": [7.5625, 7.25, 7.5, 7.75], "texture": "#0"}
			}
		},
		{
			"from": [12.7, 0.2, 4],
			"to": [13, 2, 6],
			"rotation": {"angle": 0, "axis": "y", "origin": [14, 0, 4]},
			"faces": {
				"north": {"uv": [5, 7.75, 5.0625, 8.1875], "texture": "#0"},
				"east": {"uv": [1.5, 5.5, 2, 5.9375], "texture": "#0"},
				"south": {"uv": [5.25, 7.75, 5.3125, 8.1875], "texture": "#0"},
				"west": {"uv": [3.75, 6, 4.25, 6.4375], "texture": "#0"},
				"up": {"uv": [7.8125, 0.5, 7.75, 0], "texture": "#0"},
				"down": {"uv": [7.8125, 0.5, 7.75, 1], "texture": "#0"}
			}
		},
		{
			"from": [12.7, 1.86152, 5.58995],
			"to": [13, 2.16152, 7.01495],
			"rotation": {"angle": -45, "axis": "x", "origin": [11, 0.16152, 4.98995]},
			"faces": {
				"north": {"uv": [8, 7.25, 8.0625, 7.4375], "texture": "#0"},
				"east": {"uv": [3.25, 7, 3.625, 7.1875], "texture": "#0"},
				"south": {"uv": [8, 7.5, 8.0625, 7.6875], "texture": "#0"},
				"west": {"uv": [4.25, 7, 4.625, 7.1875], "texture": "#0"},
				"up": {"uv": [8.0625, 0.875, 8, 0.5], "texture": "#0"},
				"down": {"uv": [8.0625, 1, 8, 1.375], "texture": "#0"}
			}
		},
		{
			"from": [12.7, 1.56152, 5.88995],
			"to": [13, 1.88652, 6.71495],
			"rotation": {"angle": -45, "axis": "x", "origin": [11, 0.16152, 4.98995]},
			"faces": {
				"north": {"uv": [8, 7.25, 8.0625, 7.4375], "texture": "#0"},
				"east": {"uv": [3.25, 7, 3.625, 7.1875], "texture": "#0"},
				"south": {"uv": [8, 7.5, 8.0625, 7.6875], "texture": "#0"},
				"west": {"uv": [4.25, 7, 4.625, 7.1875], "texture": "#0"},
				"up": {"uv": [8.0625, 0.875, 8, 0.5], "texture": "#0"},
				"down": {"uv": [8.0625, 1, 8, 1.375], "texture": "#0"}
			}
		},
		{
			"from": [12.7, 1.43652, 6.11495],
			"to": [13, 1.61152, 6.43995],
			"rotation": {"angle": -45, "axis": "x", "origin": [11, 0.16152, 4.98995]},
			"faces": {
				"north": {"uv": [8, 7.25, 8.0625, 7.4375], "texture": "#0"},
				"east": {"uv": [3.25, 7, 3.625, 7.1875], "texture": "#0"},
				"south": {"uv": [8, 7.5, 8.0625, 7.6875], "texture": "#0"},
				"west": {"uv": [4.25, 7, 4.625, 7.1875], "texture": "#0"},
				"up": {"uv": [8.0625, 0.875, 8, 0.5], "texture": "#0"},
				"down": {"uv": [8.0625, 1, 8, 1.375], "texture": "#0"}
			}
		},
		{
			"from": [3, 1.86152, 5.58995],
			"to": [3.3, 2.16152, 7.01495],
			"rotation": {"angle": -45, "axis": "x", "origin": [1.3, 0.16152, 4.98995]},
			"faces": {
				"north": {"uv": [8, 7.25, 8.0625, 7.4375], "texture": "#0"},
				"east": {"uv": [3.25, 7, 3.625, 7.1875], "texture": "#0"},
				"south": {"uv": [8, 7.5, 8.0625, 7.6875], "texture": "#0"},
				"west": {"uv": [4.25, 7, 4.625, 7.1875], "texture": "#0"},
				"up": {"uv": [8.0625, 0.875, 8, 0.5], "texture": "#0"},
				"down": {"uv": [8.0625, 1, 8, 1.375], "texture": "#0"}
			}
		},
		{
			"from": [3, 1.56152, 5.88995],
			"to": [3.3, 1.88652, 6.71495],
			"rotation": {"angle": -45, "axis": "x", "origin": [1.3, 0.16152, 4.98995]},
			"faces": {
				"north": {"uv": [8, 7.25, 8.0625, 7.4375], "texture": "#0"},
				"east": {"uv": [3.25, 7, 3.625, 7.1875], "texture": "#0"},
				"south": {"uv": [8, 7.5, 8.0625, 7.6875], "texture": "#0"},
				"west": {"uv": [4.25, 7, 4.625, 7.1875], "texture": "#0"},
				"up": {"uv": [8.0625, 0.875, 8, 0.5], "texture": "#0"},
				"down": {"uv": [8.0625, 1, 8, 1.375], "texture": "#0"}
			}
		},
		{
			"from": [3, 1.43652, 6.11495],
			"to": [3.3, 1.61152, 6.43995],
			"rotation": {"angle": -45, "axis": "x", "origin": [1.3, 0.16152, 4.98995]},
			"faces": {
				"north": {"uv": [8, 7.25, 8.0625, 7.4375], "texture": "#0"},
				"east": {"uv": [3.25, 7, 3.625, 7.1875], "texture": "#0"},
				"south": {"uv": [8, 7.5, 8.0625, 7.6875], "texture": "#0"},
				"west": {"uv": [4.25, 7, 4.625, 7.1875], "texture": "#0"},
				"up": {"uv": [8.0625, 0.875, 8, 0.5], "texture": "#0"},
				"down": {"uv": [8.0625, 1, 8, 1.375], "texture": "#0"}
			}
		},
		{
			"from": [3, 1.975, 10],
			"to": [3.3, 5.55, 11],
			"rotation": {"angle": 0, "axis": "y", "origin": [1.3, 2, 9]},
			"faces": {
				"north": {"uv": [7.5, 2.25, 7.5625, 3.125], "texture": "#0"},
				"east": {"uv": [4.25, 6, 4.5, 6.875], "texture": "#0"},
				"south": {"uv": [7.5, 3.5, 7.5625, 4.375], "texture": "#0"},
				"west": {"uv": [4.5, 6, 4.75, 6.875], "texture": "#0"},
				"up": {"uv": [4.0625, 8.25, 4, 8], "texture": "#0"},
				"down": {"uv": [8.0625, 4, 8, 4.25], "texture": "#0"}
			}
		},
		{
			"from": [12.7, 1.975, 5],
			"to": [13, 6.15, 6],
			"rotation": {"angle": 0, "axis": "y", "origin": [14.7, 2, 4]},
			"faces": {
				"north": {"uv": [1.25, 7.25, 1.3125, 8.3125], "texture": "#0"},
				"east": {"uv": [2.75, 6, 3, 7.0625], "texture": "#0"},
				"south": {"uv": [1.5, 7.25, 1.5625, 8.3125], "texture": "#0"},
				"west": {"uv": [3, 6, 3.25, 7.0625], "texture": "#0"},
				"up": {"uv": [8.0625, 4.5, 8, 4.25], "texture": "#0"},
				"down": {"uv": [8.0625, 4.5, 8, 4.75], "texture": "#0"}
			}
		},
		{
			"from": [3.04037, 6.18686, 9.70615],
			"to": [12.91537, 6.98686, 11.00615],
			"rotation": {"angle": 0, "axis": "y", "origin": [3.24037, 8.18686, 11.40615]},
			"faces": {
				"north": {"uv": [5, 3.5, 7.5, 3.6875], "texture": "#0"},
				"east": {"uv": [7.25, 3.25, 7.5625, 3.4375], "texture": "#0"},
				"south": {"uv": [5, 3.75, 7.5, 3.9375], "texture": "#0"},
				"west": {"uv": [7.25, 6.25, 7.5625, 6.4375], "texture": "#0"},
				"up": {"uv": [7.5, 0.8125, 5, 0.5], "texture": "#0"},
				"down": {"uv": [7.5, 1, 5, 1.3125], "texture": "#0"}
			}
		},
		{
			"from": [3.26537, 5.44776, 5.9],
			"to": [12.71537, 6.14776, 10.1],
			"rotation": {"angle": 0, "axis": "y", "origin": [3.76537, 4.04776, 10]},
			"faces": {
				"north": {"uv": [6, 1.75, 8.375, 1.9375], "texture": "#0"},
				"east": {"uv": [5.75, 6, 6.8125, 6.1875], "texture": "#0"},
				"south": {"uv": [6, 2, 8.375, 2.1875], "texture": "#0"},
				"west": {"uv": [0, 6.25, 1.0625, 6.4375], "texture": "#0"},
				"up": {"uv": [4.875, 1.0625, 2.5, 0], "texture": "#0"},
				"down": {"uv": [4.875, 1.25, 2.5, 2.3125], "texture": "#0"}
			}
		},
		{
			"from": [3.03463, 4.39421, 5.34939],
			"to": [12.93463, 7.99421, 6.04939],
			"rotation": {"angle": -45, "axis": "x", "origin": [12.73463, 5.99421, 4.34939]},
			"faces": {
				"north": {"uv": [2.5, 2.5, 5, 3.375], "texture": "#0"},
				"east": {"uv": [2.25, 6.25, 2.4375, 7.125], "texture": "#0"},
				"south": {"uv": [2.5, 3.5, 5, 4.375], "texture": "#0"},
				"west": {"uv": [2, 6.5, 2.1875, 7.375], "texture": "#0"},
				"up": {"uv": [6.5, 5.1875, 4, 5], "texture": "#0"},
				"down": {"uv": [7.5, 4, 5, 4.1875], "texture": "#0"}
			}
		},
		{
			"from": [3.03463, 8.11553, 3.64228],
			"to": [12.93463, 9.51553, 4.34228],
			"rotation": {"angle": 0, "axis": "y", "origin": [9.73463, 16.65448, 7.57035]},
			"faces": {
				"north": {"uv": [4, 4.5, 6.5, 4.875], "texture": "#0"},
				"east": {"uv": [1.75, 7, 1.9375, 7.375], "texture": "#0"},
				"south": {"uv": [5, 0, 7.5, 0.375], "texture": "#0"},
				"west": {"uv": [7, 6.75, 7.1875, 7.125], "texture": "#0"},
				"up": {"uv": [7.5, 4.4375, 5, 4.25], "texture": "#0"},
				"down": {"uv": [6.5, 5.25, 4, 5.4375], "texture": "#0"}
			}
		},
		{
			"from": [3.04037, 4.91283, 10.08925],
			"to": [12.91537, 5.71283, 10.78925],
			"rotation": {"angle": 22.5, "axis": "x", "origin": [3.24037, 6.91283, 11.78925]},
			"faces": {
				"north": {"uv": [4, 5.5, 6.5, 5.6875], "texture": "#0"},
				"east": {"uv": [7.5, 1, 7.6875, 1.1875], "texture": "#0"},
				"south": {"uv": [4, 5.75, 6.5, 5.9375], "texture": "#0"},
				"west": {"uv": [7.5, 1.25, 7.6875, 1.4375], "texture": "#0"},
				"up": {"uv": [2.5, 6.1875, 0, 6], "texture": "#0"},
				"down": {"uv": [8.5, 1.5, 6, 1.6875], "texture": "#0"}
			}
		},
		{
			"from": [2.57612, 5.23268, 6],
			"to": [2.87612, 5.88268, 10],
			"rotation": {"angle": -22.5, "axis": "z", "origin": [2.07612, 3.88268, 8]},
			"faces": {
				"north": {"uv": [7.75, 8, 7.8125, 8.1875], "texture": "#0"},
				"east": {"uv": [6.5, 5, 7.5, 5.1875], "texture": "#0"},
				"south": {"uv": [8, 7.75, 8.0625, 7.9375], "texture": "#0"},
				"west": {"uv": [6.5, 5.25, 7.5, 5.4375], "texture": "#0"},
				"up": {"uv": [3.5625, 8.25, 3.5, 7.25], "texture": "#0"},
				"down": {"uv": [4.3125, 7.25, 4.25, 8.25], "texture": "#0"}
			}
		},
		{
			"from": [3.05328, 4.46788, 6],
			"to": [3.35328, 6.36788, 10],
			"rotation": {"angle": -22.5, "axis": "z", "origin": [2.35328, 4.46788, 8]},
			"faces": {
				"north": {"uv": [7.75, 1, 7.8125, 1.5], "texture": "#0"},
				"east": {"uv": [5, 2.5, 6, 3], "texture": "#0"},
				"south": {"uv": [7.75, 2.25, 7.8125, 2.75], "texture": "#0"},
				"west": {"uv": [5, 3, 6, 3.5], "texture": "#0"},
				"up": {"uv": [4.5625, 8.25, 4.5, 7.25], "texture": "#0"},
				"down": {"uv": [7.3125, 6.75, 7.25, 7.75], "texture": "#0"}
			}
		},
		{
			"from": [12.7, 0.2, 6],
			"to": [13, 6.15, 10],
			"rotation": {"angle": 0, "axis": "y", "origin": [13.7, 0.2, 8]},
			"faces": {
				"north": {"uv": [6.25, 6.75, 6.3125, 8.25], "texture": "#0"},
				"east": {"uv": [0, 4, 1, 5.5], "texture": "#0"},
				"south": {"uv": [6.5, 6.75, 6.5625, 8.25], "texture": "#0"},
				"west": {"uv": [1, 4, 2, 5.5], "texture": "#0"},
				"up": {"uv": [7.0625, 8.25, 7, 7.25], "texture": "#0"},
				"down": {"uv": [7.5625, 0, 7.5, 1], "texture": "#0"}
			}
		},
		{
			"from": [3, 0.2, 6],
			"to": [3.3, 6.15, 10],
			"rotation": {"angle": 0, "axis": "y", "origin": [2.3, 0.2, 8]},
			"faces": {
				"north": {"uv": [6.75, 6.75, 6.8125, 8.25], "texture": "#0"},
				"east": {"uv": [2, 4.5, 3, 6], "texture": "#0"},
				"south": {"uv": [0, 7, 0.0625, 8.5], "texture": "#0"},
				"west": {"uv": [3, 4.5, 4, 6], "texture": "#0"},
				"up": {"uv": [0.3125, 8.5, 0.25, 7.5], "texture": "#0"},
				"down": {"uv": [0.5625, 7.5, 0.5, 8.5], "texture": "#0"}
			}
		},
		{
			"from": [3, 0.2, 4],
			"to": [3.3, 2, 6],
			"rotation": {"angle": 0, "axis": "y", "origin": [2, 0, 4]},
			"faces": {
				"north": {"uv": [5.5, 7.75, 5.5625, 8.1875], "texture": "#0"},
				"east": {"uv": [4.75, 6, 5.25, 6.4375], "texture": "#0"},
				"south": {"uv": [5.75, 7.75, 5.8125, 8.1875], "texture": "#0"},
				"west": {"uv": [5.25, 6, 5.75, 6.4375], "texture": "#0"},
				"up": {"uv": [7.8125, 3.25, 7.75, 2.75], "texture": "#0"},
				"down": {"uv": [7.8125, 3.25, 7.75, 3.75], "texture": "#0"}
			}
		},
		{
			"from": [12.64672, 4.46788, 6],
			"to": [12.94672, 6.36788, 10],
			"rotation": {"angle": 22.5, "axis": "z", "origin": [13.64672, 4.46788, 8]},
			"faces": {
				"north": {"uv": [3.75, 7.5, 3.8125, 8], "texture": "#0"},
				"east": {"uv": [5, 1.5, 6, 2], "texture": "#0"},
				"south": {"uv": [4, 7.5, 4.0625, 8], "texture": "#0"},
				"west": {"uv": [5, 2, 6, 2.5], "texture": "#0"},
				"up": {"uv": [2.3125, 8.25, 2.25, 7.25], "texture": "#0"},
				"down": {"uv": [7.3125, 2.25, 7.25, 3.25], "texture": "#0"}
			}
		}
	],
	"display": {
		"thirdperson_righthand": {
			"rotation": [90, 0, 0],
			"translation": [-6, -2.5, 23.75],
			"scale": [4, 4, 4]
		}
	}
}
