{
	"credit": "Made with Blockbench",
	"texture_size": [64, 64],
	"textures": {
		"1": "item/custom/rotrfinalwall"
	},
	"elements": [
		{
			"from": [0.3, 9.1, -0.4],
			"to": [6, 12.5, 2.3],
			"rotation": {"angle": 0, "axis": "y", "origin": [7, 25, 0]},
			"faces": {
				"north": {"uv": [3, 6, 4.5, 6.75], "texture": "#1"},
				"east": {"uv": [7.5, 2.5, 8, 3.25], "texture": "#1"},
				"south": {"uv": [4.5, 6, 6, 6.75], "texture": "#1"},
				"west": {"uv": [7.5, 3.25, 8, 4], "texture": "#1"},
				"up": {"uv": [9, 1, 7.5, 0.5], "texture": "#1"},
				"down": {"uv": [2.5, 7.5, 1, 8], "texture": "#1"}
			}
		},
		{
			"from": [0.3, 13.1, -0.4],
			"to": [6, 16.5, 2.3],
			"rotation": {"angle": 0, "axis": "y", "origin": [7, 25, 0]},
			"faces": {
				"north": {"uv": [6, 6, 7.5, 6.75], "texture": "#1"},
				"east": {"uv": [7.5, 5.75, 8, 6.5], "texture": "#1"},
				"south": {"uv": [1, 6.75, 2.5, 7.5], "texture": "#1"},
				"west": {"uv": [7.5, 6.5, 8, 7.25], "texture": "#1"},
				"up": {"uv": [9, 1.5, 7.5, 1], "texture": "#1"},
				"down": {"uv": [9, 1.5, 7.5, 2], "texture": "#1"}
			}
		},
		{
			"from": [0.3, 17.1, -0.4],
			"to": [6, 20.5, 2.3],
			"rotation": {"angle": 0, "axis": "y", "origin": [7, 25, 0]},
			"faces": {
				"north": {"uv": [2.5, 6.75, 4, 7.5], "texture": "#1"},
				"east": {"uv": [7.5, 7.25, 8, 8], "texture": "#1"},
				"south": {"uv": [4, 6.75, 5.5, 7.5], "texture": "#1"},
				"west": {"uv": [5.5, 7.75, 6, 8.5], "texture": "#1"},
				"up": {"uv": [9, 2.5, 7.5, 2], "texture": "#1"},
				"down": {"uv": [4, 7.5, 2.5, 8], "texture": "#1"}
			}
		},
		{
			"from": [0.6, 6.1, 0],
			"to": [16, 25, 2],
			"rotation": {"angle": 0, "axis": "y", "origin": [7, 25, 0]},
			"faces": {
				"north": {"uv": [0, 0, 3.75, 4.75], "texture": "#1"},
				"east": {"uv": [0, 4.75, 0.5, 9.5], "texture": "#1"},
				"south": {"uv": [3.75, 0, 7.5, 4.75], "texture": "#1"},
				"west": {"uv": [0.5, 4.75, 1, 9.5], "texture": "#1"},
				"up": {"uv": [4.75, 5.25, 1, 4.75], "texture": "#1"},
				"down": {"uv": [8.5, 4.75, 4.75, 5.25], "texture": "#1"}
			}
		},
		{
			"from": [8.35343, 5.06074, 0.1],
			"to": [16.35343, 7.96074, 1.9],
			"rotation": {"angle": -22.5, "axis": "z", "origin": [7, 25, 0]},
			"faces": {
				"north": {"uv": [5, 5.25, 7, 6], "texture": "#1"},
				"east": {"uv": [4.5, 7.5, 5, 8.25], "texture": "#1"},
				"south": {"uv": [1, 6, 3, 6.75], "texture": "#1"},
				"west": {"uv": [5, 7.5, 5.5, 8.25], "texture": "#1"},
				"up": {"uv": [7.5, 7.75, 5.5, 7.25], "texture": "#1"},
				"down": {"uv": [9.5, 0, 7.5, 0.5], "texture": "#1"}
			}
		},
		{
			"from": [8, 3, 0],
			"to": [16, 6.1, 2],
			"rotation": {"angle": 0, "axis": "y", "origin": [7, 25, 0]},
			"faces": {
				"north": {"uv": [1, 5.25, 3, 6], "texture": "#1"},
				"east": {"uv": [4, 7.5, 4.5, 8.25], "texture": "#1"},
				"south": {"uv": [3, 5.25, 5, 6], "texture": "#1"},
				"west": {"uv": [7.5, 4, 8, 4.75], "texture": "#1"},
				"up": {"uv": [7.5, 7.25, 5.5, 6.75], "texture": "#1"},
				"down": {"uv": [9, 5.25, 7, 5.75], "texture": "#1"}
			}
		}
	]
}
