{
	"credit": "Made with Blockbench",
	"texture_size": [8, 8],
	"textures": {
		"0": "item/custom/rotrvehicle1",
		"1": "item/custom/rotrvehicle2",
		"2": "item/custom/rotrvehicle3",
		"3": "item/custom/rotrvehicle4",
		"4": "item/custom/rotrvehicle5",
		"5": "item/custom/rotrvehicle6",
		"6": "item/custom/rotrvehicle7",
		"7": "item/custom/rotrvehicle8",
		"8": "item/custom/rotrvehicle9",
		"9": "item/custom/rotrvehicle10",
		"10": "item/custom/rotrvehicle11",
		"particle": "item/custom/rotrvehicle1"
	},
	"elements": [
		{
			"from": [-4, 0, -5],
			"to": [24, 2, -3],
			"rotation": {"angle": 0, "axis": "y", "origin": [0, 0, -5]},
			"faces": {
				"north": {"uv": [5.75, 7.625, 9.25, 7.875], "texture": "#0"},
				"east": {"uv": [9.25, 7.875, 9.5, 8.125], "texture": "#0"},
				"south": {"uv": [7.75, 0, 11.25, 0.25], "texture": "#0"},
				"west": {"uv": [1.625, 9.75, 1.875, 10], "texture": "#0"},
				"up": {"uv": [11.25, 0.5, 7.75, 0.25], "texture": "#0"},
				"down": {"uv": [11.25, 0.5, 7.75, 0.75], "texture": "#0"}
			}
		},
		{
			"from": [-4, 0, 19],
			"to": [24, 2, 21],
			"rotation": {"angle": 0, "axis": "y", "origin": [0, 0, 19]},
			"faces": {
				"north": {"uv": [7.75, 0.75, 11.25, 1], "texture": "#0"},
				"east": {"uv": [3, 11.375, 3.25, 11.625], "texture": "#0"},
				"south": {"uv": [5.75, 7.875, 9.25, 8.125], "texture": "#0"},
				"west": {"uv": [11.5, 2.125, 11.75, 2.375], "texture": "#0"},
				"up": {"uv": [11.5, 2.375, 8, 2.125], "texture": "#0"},
				"down": {"uv": [11.5, 2.375, 8, 2.625], "texture": "#0"}
			}
		},
		{
			"from": [-4, 2, 19],
			"to": [-0.1, 10, 20.8],
			"rotation": {"angle": 0, "axis": "y", "origin": [0, 0, 19]},
			"faces": {
				"north": {"uv": [3.875, 9.375, 4.375, 10.375], "texture": "#0"},
				"east": {"uv": [1.5, 10.375, 1.75, 11.375], "texture": "#0"},
				"south": {"uv": [4.375, 9.375, 4.875, 10.375], "texture": "#0"},
				"west": {"uv": [1.75, 10.375, 2, 11.375], "texture": "#0"},
				"up": {"uv": [10, 9.125, 9.5, 8.875], "texture": "#0"},
				"down": {"uv": [9.875, 11.25, 9.375, 11.5], "texture": "#0"}
			}
		},
		{
			"from": [5, 2, 19],
			"to": [12.9, 10, 20.8],
			"rotation": {"angle": 0, "axis": "y", "origin": [0, 0, 19]},
			"faces": {
				"north": {"uv": [3.375, 7.375, 4.375, 8.375], "texture": "#0"},
				"east": {"uv": [4.375, 10.375, 4.625, 11.375], "texture": "#0"},
				"south": {"uv": [4.375, 7.375, 5.375, 8.375], "texture": "#0"},
				"west": {"uv": [4.625, 10.375, 4.875, 11.375], "texture": "#0"},
				"up": {"uv": [9, 3.375, 8, 3.125], "texture": "#0"},
				"down": {"uv": [11, 7, 10, 7.25], "texture": "#0"}
			}
		},
		{
			"from": [5, 2, -4.8],
			"to": [12.9, 10, -3],
			"rotation": {"angle": 0, "axis": "y", "origin": [0, 0, 19]},
			"faces": {
				"north": {"uv": [3.375, 7.375, 4.375, 8.375], "texture": "#0"},
				"east": {"uv": [4.375, 10.375, 4.625, 11.375], "texture": "#0"},
				"south": {"uv": [4.375, 7.375, 5.375, 8.375], "texture": "#0"},
				"west": {"uv": [4.625, 10.375, 4.875, 11.375], "texture": "#0"},
				"up": {"uv": [9, 3.375, 8, 3.125], "texture": "#0"},
				"down": {"uv": [11, 7, 10, 7.25], "texture": "#0"}
			}
		},
		{
			"from": [-4, 2, -5],
			"to": [-0.1, 10, -3.2],
			"rotation": {"angle": 0, "axis": "y", "origin": [0, 0, 19]},
			"faces": {
				"north": {"uv": [3.875, 9.375, 4.375, 10.375], "texture": "#0"},
				"east": {"uv": [1.5, 10.375, 1.75, 11.375], "texture": "#0"},
				"south": {"uv": [4.375, 9.375, 4.875, 10.375], "texture": "#0"},
				"west": {"uv": [1.75, 10.375, 2, 11.375], "texture": "#0"},
				"up": {"uv": [10, 9.125, 9.5, 8.875], "texture": "#0"},
				"down": {"uv": [9.875, 11.25, 9.375, 11.5], "texture": "#0"}
			}
		},
		{
			"from": [16.5, 2, 26.2],
			"to": [20.4, 10, 28.1],
			"rotation": {"angle": 22.5, "axis": "y", "origin": [0, 0, 19]},
			"faces": {
				"north": {"uv": [5.75, 9.375, 6.25, 10.375], "texture": "#0"},
				"east": {"uv": [3.875, 10.375, 4.125, 11.375], "texture": "#0"},
				"south": {"uv": [6.25, 9.375, 6.75, 10.375], "texture": "#0"},
				"west": {"uv": [4.125, 10.375, 4.375, 11.375], "texture": "#0"},
				"up": {"uv": [10.375, 11.5, 9.875, 11.25], "texture": "#0"},
				"down": {"uv": [11.75, 10.75, 11.25, 11], "texture": "#0"}
			}
		},
		{
			"from": [22, 2, 16.4],
			"to": [23.9, 10, 20.8],
			"rotation": {"angle": 0, "axis": "y", "origin": [0, 0, 19]},
			"faces": {
				"north": {"uv": [7.625, 10.375, 7.875, 11.375], "texture": "#0"},
				"east": {"uv": [8.75, 9.375, 9.25, 10.375], "texture": "#0"},
				"south": {"uv": [7.875, 10.375, 8.125, 11.375], "texture": "#0"},
				"west": {"uv": [9.25, 9.375, 9.75, 10.375], "texture": "#0"},
				"up": {"uv": [1.75, 11.875, 1.5, 11.375], "texture": "#0"},
				"down": {"uv": [2, 11.375, 1.75, 11.875], "texture": "#0"}
			}
		},
		{
			"from": [22, 2, -4.6],
			"to": [23.9, 10, -0.2],
			"rotation": {"angle": 0, "axis": "y", "origin": [0, 0, 19]},
			"faces": {
				"north": {"uv": [6.125, 10.375, 6.375, 11.375], "texture": "#0"},
				"east": {"uv": [7.75, 9.375, 8.25, 10.375], "texture": "#0"},
				"south": {"uv": [6.375, 10.375, 6.625, 11.375], "texture": "#0"},
				"west": {"uv": [8.25, 9.375, 8.75, 10.375], "texture": "#0"},
				"up": {"uv": [4.5, 4.25, 4.25, 3.75], "texture": "#0"},
				"down": {"uv": [2.125, 7.5, 1.875, 8], "texture": "#0"}
			}
		},
		{
			"from": [30.6, 2, 21.2],
			"to": [31.7, 10, 23.2],
			"rotation": {"angle": 45, "axis": "y", "origin": [0, 0, 19]},
			"faces": {
				"north": {"uv": [3.375, 5.25, 3.5, 6.25], "texture": "#0"},
				"east": {"uv": [6.625, 10.375, 6.875, 11.375], "texture": "#0"},
				"south": {"uv": [0.375, 11.25, 0.5, 12.25], "texture": "#0"},
				"west": {"uv": [6.875, 10.375, 7.125, 11.375], "texture": "#0"},
				"up": {"uv": [10.625, 9.625, 10.5, 9.375], "texture": "#0"},
				"down": {"uv": [10.625, 9.625, 10.5, 9.875], "texture": "#0"}
			}
		},
		{
			"from": [22.96276, 2, 14.30889],
			"to": [24.06276, 10, 16.20889],
			"rotation": {"angle": -45, "axis": "y", "origin": [22, 0, 17]},
			"faces": {
				"north": {"uv": [10.375, 11.25, 10.5, 12.25], "texture": "#0"},
				"east": {"uv": [7.125, 10.375, 7.375, 11.375], "texture": "#0"},
				"south": {"uv": [11.25, 11, 11.375, 12], "texture": "#0"},
				"west": {"uv": [7.375, 10.375, 7.625, 11.375], "texture": "#0"},
				"up": {"uv": [9.75, 11.25, 9.625, 11], "texture": "#0"},
				"down": {"uv": [8.5, 11.5, 8.375, 11.75], "texture": "#0"}
			}
		},
		{
			"from": [18, 2, -4.8],
			"to": [23.9, 10, -3],
			"rotation": {"angle": 0, "axis": "y", "origin": [0, 0, 19]},
			"faces": {
				"north": {"uv": [0, 0, 6, 8], "texture": "#7"},
				"east": {"uv": [0, 8, 2, 16], "texture": "#7"},
				"south": {"uv": [6, 0, 12, 8], "texture": "#7"},
				"west": {"uv": [2, 8, 4, 16], "texture": "#7"},
				"up": {"uv": [10, 10, 4, 8], "texture": "#7"},
				"down": {"uv": [10, 10, 4, 12], "texture": "#7"}
			}
		},
		{
			"from": [-5.3, 2, -3.2],
			"to": [-0.1, 6, 19],
			"rotation": {"angle": 0, "axis": "y", "origin": [0, 0, 19]},
			"faces": {
				"north": {"uv": [10, 3.625, 10.625, 4.125], "texture": "#0"},
				"east": {"uv": [7, 6.5, 9.75, 7], "texture": "#0"},
				"south": {"uv": [10, 8.875, 10.625, 9.375], "texture": "#0"},
				"west": {"uv": [7.25, 3.75, 10, 4.25], "texture": "#0"},
				"up": {"uv": [2.75, 8, 2.125, 5.25], "texture": "#0"},
				"down": {"uv": [3.375, 5.25, 2.75, 8], "texture": "#0"}
			}
		},
		{
			"from": [5, 5, -3],
			"to": [7.9, 10, 19],
			"rotation": {"angle": 0, "axis": "y", "origin": [0, 0, 19]},
			"faces": {
				"north": {"uv": [5, 2.5, 5.75, 3.75], "texture": "#9"},
				"east": {"uv": [0, 0, 5.5, 1.25], "texture": "#9"},
				"south": {"uv": [3, 5, 3.75, 6.25], "texture": "#9"},
				"west": {"uv": [0, 1.25, 5.5, 2.5], "texture": "#9"},
				"up": {"uv": [0.75, 10.5, 0, 5], "texture": "#9"},
				"down": {"uv": [1.5, 5, 0.75, 10.5], "texture": "#9"}
			}
		},
		{
			"from": [5, 10, -3],
			"to": [7.9, 12, 2],
			"rotation": {"angle": 0, "axis": "y", "origin": [0, 0, 19]},
			"faces": {
				"north": {"uv": [6.5, 3.75, 7.25, 4.25], "texture": "#9"},
				"east": {"uv": [6.25, 1.25, 7.5, 1.75], "texture": "#9"},
				"south": {"uv": [6.5, 4.25, 7.25, 4.75], "texture": "#9"},
				"west": {"uv": [6.25, 1.75, 7.5, 2.25], "texture": "#9"},
				"up": {"uv": [4.5, 6.25, 3.75, 5], "texture": "#9"},
				"down": {"uv": [5.75, 3.75, 5, 5], "texture": "#9"}
			}
		},
		{
			"from": [5, 10, 2.5],
			"to": [7.9, 12, 7.5],
			"rotation": {"angle": 0, "axis": "y", "origin": [0, 0, 18.8]},
			"faces": {
				"north": {"uv": [3, 6.75, 3.75, 7.25], "texture": "#9"},
				"east": {"uv": [3, 6.25, 4.25, 6.75], "texture": "#9"},
				"south": {"uv": [3.75, 6.75, 4.5, 7.25], "texture": "#9"},
				"west": {"uv": [4.25, 6.25, 5.5, 6.75], "texture": "#9"},
				"up": {"uv": [5.25, 6.25, 4.5, 5], "texture": "#9"},
				"down": {"uv": [6, 5, 5.25, 6.25], "texture": "#9"}
			}
		},
		{
			"from": [5, 10, 8.5],
			"to": [7.9, 12, 13.5],
			"rotation": {"angle": 0, "axis": "y", "origin": [0, 0, 19.2]},
			"faces": {
				"north": {"uv": [4.5, 6.75, 5.25, 7.25], "texture": "#9"},
				"east": {"uv": [5.5, 6.25, 6.75, 6.75], "texture": "#9"},
				"south": {"uv": [6.75, 4.75, 7.5, 5.25], "texture": "#9"},
				"west": {"uv": [6.5, 2.25, 7.75, 2.75], "texture": "#9"},
				"up": {"uv": [6.25, 1.25, 5.5, 0], "texture": "#9"},
				"down": {"uv": [6.25, 1.25, 5.5, 2.5], "texture": "#9"}
			}
		},
		{
			"from": [5, 10, 14],
			"to": [7.9, 12, 19],
			"rotation": {"angle": 0, "axis": "y", "origin": [0, 0, 19]},
			"faces": {
				"north": {"uv": [5.25, 6.75, 6, 7.25], "texture": "#9"},
				"east": {"uv": [6.5, 2.75, 7.75, 3.25], "texture": "#9"},
				"south": {"uv": [6.75, 5.25, 7.5, 5.75], "texture": "#9"},
				"west": {"uv": [6.5, 3.25, 7.75, 3.75], "texture": "#9"},
				"up": {"uv": [6.75, 6.25, 6, 5], "texture": "#9"},
				"down": {"uv": [7, 0, 6.25, 1.25], "texture": "#9"}
			}
		},
		{
			"from": [-6.2, 11, -2],
			"to": [-3.9, 13, 2],
			"rotation": {"angle": 0, "axis": "y", "origin": [-11.2, 1, 19]},
			"faces": {
				"north": {"uv": [6.5, 3.75, 7.25, 4.25], "texture": "#9"},
				"east": {"uv": [6.25, 1.25, 7.5, 1.75], "texture": "#9"},
				"south": {"uv": [6.5, 4.25, 7.25, 4.75], "texture": "#9"},
				"west": {"uv": [6.25, 1.75, 7.5, 2.25], "texture": "#9"},
				"up": {"uv": [4.5, 6.25, 3.75, 5], "texture": "#9"},
				"down": {"uv": [5.75, 3.75, 5, 5], "texture": "#9"}
			}
		},
		{
			"from": [-6.2, 11, 2.5],
			"to": [-3.9, 13, 7.5],
			"rotation": {"angle": 0, "axis": "y", "origin": [-11.2, 1, 18.8]},
			"faces": {
				"north": {"uv": [3, 6.75, 3.75, 7.25], "texture": "#9"},
				"east": {"uv": [3, 6.25, 4.25, 6.75], "texture": "#9"},
				"south": {"uv": [3.75, 6.75, 4.5, 7.25], "texture": "#9"},
				"west": {"uv": [4.25, 6.25, 5.5, 6.75], "texture": "#9"},
				"up": {"uv": [5.25, 6.25, 4.5, 5], "texture": "#9"},
				"down": {"uv": [6, 5, 5.25, 6.25], "texture": "#9"}
			}
		},
		{
			"from": [-6.2, 11, 8.5],
			"to": [-3.9, 13, 13.5],
			"rotation": {"angle": 0, "axis": "y", "origin": [-11.2, 1, 19.2]},
			"faces": {
				"north": {"uv": [4.5, 6.75, 5.25, 7.25], "texture": "#9"},
				"east": {"uv": [5.5, 6.25, 6.75, 6.75], "texture": "#9"},
				"south": {"uv": [6.75, 4.75, 7.5, 5.25], "texture": "#9"},
				"west": {"uv": [6.5, 2.25, 7.75, 2.75], "texture": "#9"},
				"up": {"uv": [6.25, 1.25, 5.5, 0], "texture": "#9"},
				"down": {"uv": [6.25, 1.25, 5.5, 2.5], "texture": "#9"}
			}
		},
		{
			"from": [-6.2, 11, 14],
			"to": [-3.9, 13, 18],
			"rotation": {"angle": 0, "axis": "y", "origin": [-11.2, 1, 19]},
			"faces": {
				"north": {"uv": [5.25, 6.75, 6, 7.25], "texture": "#9"},
				"east": {"uv": [6.5, 2.75, 7.75, 3.25], "texture": "#9"},
				"south": {"uv": [6.75, 5.25, 7.5, 5.75], "texture": "#9"},
				"west": {"uv": [6.5, 3.25, 7.75, 3.75], "texture": "#9"},
				"up": {"uv": [6.75, 6.25, 6, 5], "texture": "#9"},
				"down": {"uv": [7, 0, 6.25, 1.25], "texture": "#9"}
			}
		},
		{
			"from": [-6.2, 6, -2],
			"to": [-3.9, 11, 18],
			"rotation": {"angle": 0, "axis": "y", "origin": [0, 0, 19]},
			"faces": {
				"north": {"uv": [5.75, 2.5, 6.5, 3.75], "texture": "#9"},
				"east": {"uv": [0, 2.5, 5, 3.75], "texture": "#9"},
				"south": {"uv": [5.75, 3.75, 6.5, 5], "texture": "#9"},
				"west": {"uv": [0, 3.75, 5, 5], "texture": "#9"},
				"up": {"uv": [2.25, 10, 1.5, 5], "texture": "#9"},
				"down": {"uv": [3, 5, 2.25, 10], "texture": "#9"}
			}
		},
		{
			"from": [5, 2, -3],
			"to": [12.9, 5, 19],
			"rotation": {"angle": 0, "axis": "y", "origin": [0, 0, 19]},
			"faces": {
				"north": {"uv": [9.75, 9.875, 10.75, 10.25], "texture": "#0"},
				"east": {"uv": [7.25, 7, 10, 7.375], "texture": "#0"},
				"south": {"uv": [1.625, 10, 2.625, 10.375], "texture": "#0"},
				"west": {"uv": [7.375, 1, 10.125, 1.375], "texture": "#0"},
				"up": {"uv": [5.25, 3.75, 4.25, 1], "texture": "#0"},
				"down": {"uv": [4.5, 4.25, 3.5, 7], "texture": "#0"}
			}
		},
		{
			"from": [-7, 0, -0.5],
			"to": [27, 2, 16.6],
			"rotation": {"angle": 0, "axis": "y", "origin": [0, 0, 6]},
			"faces": {
				"north": {"uv": [7.25, 5.25, 11.5, 5.5], "texture": "#0"},
				"east": {"uv": [9.25, 7.375, 11.375, 7.625], "texture": "#0"},
				"south": {"uv": [7.25, 5.5, 11.5, 5.75], "texture": "#0"},
				"west": {"uv": [9.25, 7.625, 11.375, 7.875], "texture": "#0"},
				"up": {"uv": [4.25, 2.125, 0, 0], "texture": "#0"},
				"down": {"uv": [4.25, 2.125, 0, 4.25], "texture": "#0"}
			}
		},
		{
			"from": [-6, 0, 16.5],
			"to": [25.3, 2, 19],
			"rotation": {"angle": 0, "axis": "y", "origin": [0, 0, 21]},
			"faces": {
				"north": {"uv": [7.375, 1.375, 11.25, 1.625], "texture": "#0"},
				"east": {"uv": [4.375, 11.375, 4.75, 11.625], "texture": "#0"},
				"south": {"uv": [7.375, 1.625, 11.25, 1.875], "texture": "#0"},
				"west": {"uv": [11.375, 4.375, 11.75, 4.625], "texture": "#0"},
				"up": {"uv": [9.125, 3.75, 5.25, 3.375], "texture": "#0"},
				"down": {"uv": [7.25, 7, 3.375, 7.375], "texture": "#0"}
			}
		},
		{
			"from": [-6, 0, -3],
			"to": [25.3, 2, -0.5],
			"rotation": {"angle": 0, "axis": "y", "origin": [0, 0, 1.5]},
			"faces": {
				"north": {"uv": [7.375, 1.875, 11.25, 2.125], "texture": "#0"},
				"east": {"uv": [4.75, 11.375, 5.125, 11.625], "texture": "#0"},
				"south": {"uv": [5.375, 7.375, 9.25, 7.625], "texture": "#0"},
				"west": {"uv": [5.125, 11.375, 5.5, 11.625], "texture": "#0"},
				"up": {"uv": [10.875, 6.125, 7, 5.75], "texture": "#0"},
				"down": {"uv": [10.875, 6.125, 7, 6.5], "texture": "#0"}
			}
		},
		{
			"from": [-8.4, 0, -0.6],
			"to": [-7, 2, 16.6],
			"rotation": {"angle": 0, "axis": "y", "origin": [-5, 0, 7]},
			"faces": {
				"north": {"uv": [9, 3.125, 9.125, 3.375], "texture": "#0"},
				"east": {"uv": [9.125, 4.75, 11.25, 5], "texture": "#0"},
				"south": {"uv": [1.5, 10.125, 1.625, 10.375], "texture": "#0"},
				"west": {"uv": [9.125, 5, 11.25, 5.25], "texture": "#0"},
				"up": {"uv": [3.375, 12.125, 3.25, 10], "texture": "#0"},
				"down": {"uv": [0.625, 10.125, 0.5, 12.25], "texture": "#0"}
			}
		},
		{
			"from": [27, 0, -0.6],
			"to": [28.4, 2, 16.6],
			"rotation": {"angle": 0, "axis": "y", "origin": [30.4, 0, 7]},
			"faces": {
				"north": {"uv": [5.625, 10.125, 5.75, 10.375], "texture": "#0"},
				"east": {"uv": [5.75, 9.125, 7.875, 9.375], "texture": "#0"},
				"south": {"uv": [10.5, 8.5, 10.625, 8.75], "texture": "#0"},
				"west": {"uv": [7.875, 9.125, 10, 9.375], "texture": "#0"},
				"up": {"uv": [0.75, 12.25, 0.625, 10.125], "texture": "#0"},
				"down": {"uv": [1.25, 10.125, 1.125, 12.25], "texture": "#0"}
			}
		},
		{
			"from": [-11.1196, 0, 12.7201],
			"to": [-4.9196, 2, 14.8201],
			"rotation": {"angle": -45, "axis": "y", "origin": [-11.9196, 0, 19.0201]},
			"faces": {
				"north": {"uv": [10.125, 1, 10.875, 1.25], "texture": "#0"},
				"east": {"uv": [11.5, 2.375, 11.75, 2.625], "texture": "#0"},
				"south": {"uv": [10.625, 4.375, 11.375, 4.625], "texture": "#0"},
				"west": {"uv": [11.5, 2.625, 11.75, 2.875], "texture": "#0"},
				"up": {"uv": [11.5, 10, 10.75, 9.75], "texture": "#0"},
				"down": {"uv": [11.5, 10, 10.75, 10.25], "texture": "#0"}
			}
		},
		{
			"from": [-3.69497, 0, -1.89548],
			"to": [2.50503, 2, 0.20452],
			"rotation": {"angle": 45, "axis": "y", "origin": [-4.49497, 0, 4.40452]},
			"faces": {
				"north": {"uv": [10.5, 10.875, 11.25, 11.125], "texture": "#0"},
				"east": {"uv": [11.5, 2.875, 11.75, 3.125], "texture": "#0"},
				"south": {"uv": [10.875, 10.5, 11.625, 10.75], "texture": "#0"},
				"west": {"uv": [11.5, 4.625, 11.75, 4.875], "texture": "#0"},
				"up": {"uv": [11.75, 3.375, 11, 3.125], "texture": "#0"},
				"down": {"uv": [11.75, 3.375, 11, 3.625], "texture": "#0"}
			}
		},
		{
			"from": [17.49497, 2, -1.69548],
			"to": [23.69497, 10, 0.40452],
			"rotation": {"angle": -45, "axis": "y", "origin": [24.49497, 0, 4.40452]},
			"faces": {
				"north": {"uv": [1.875, 8, 2.625, 9], "texture": "#0"},
				"east": {"uv": [1.25, 10.125, 1.5, 11.125], "texture": "#0"},
				"south": {"uv": [2.625, 8, 3.375, 9], "texture": "#0"},
				"west": {"uv": [5.375, 10.125, 5.625, 11.125], "texture": "#0"},
				"up": {"uv": [11.625, 1.25, 10.875, 1], "texture": "#0"},
				"down": {"uv": [11.625, 10.25, 10.875, 10.5], "texture": "#0"}
			}
		},
		{
			"from": [17.49497, 0, -1.89548],
			"to": [23.69497, 2, 0.20452],
			"rotation": {"angle": -45, "axis": "y", "origin": [24.49497, 0, 4.40452]},
			"faces": {
				"north": {"uv": [11, 8.75, 11.75, 9], "texture": "#0"},
				"east": {"uv": [11.5, 5.375, 11.75, 5.625], "texture": "#0"},
				"south": {"uv": [8.875, 11, 9.625, 11.25], "texture": "#0"},
				"west": {"uv": [8.125, 11.5, 8.375, 11.75], "texture": "#0"},
				"up": {"uv": [11.75, 9.25, 11, 9], "texture": "#0"},
				"down": {"uv": [11.75, 9.25, 11, 9.5], "texture": "#0"}
			}
		},
		{
			"from": [24.9196, 0, 12.7201],
			"to": [31.1196, 2, 14.8201],
			"rotation": {"angle": 45, "axis": "y", "origin": [31.9196, 0, 19.0201]},
			"faces": {
				"north": {"uv": [11, 3.625, 11.75, 3.875], "texture": "#0"},
				"east": {"uv": [11.5, 4.875, 11.75, 5.125], "texture": "#0"},
				"south": {"uv": [11, 3.875, 11.75, 4.125], "texture": "#0"},
				"west": {"uv": [11.5, 5.125, 11.75, 5.375], "texture": "#0"},
				"up": {"uv": [11.75, 4.375, 11, 4.125], "texture": "#0"},
				"down": {"uv": [11.75, 7, 11, 7.25], "texture": "#0"}
			}
		},
		{
			"from": [24.9196, 2, 12.4201],
			"to": [31.1196, 10, 14.5201],
			"rotation": {"angle": 45, "axis": "y", "origin": [31.9196, 2, 19.0201]},
			"faces": {
				"north": {"uv": [5.75, 8.125, 6.5, 9.125], "texture": "#0"},
				"east": {"uv": [10.25, 7.875, 10.5, 8.875], "texture": "#0"},
				"south": {"uv": [6.5, 8.125, 7.25, 9.125], "texture": "#0"},
				"west": {"uv": [9.75, 10.25, 10, 11.25], "texture": "#0"},
				"up": {"uv": [8.875, 11.25, 8.125, 11], "texture": "#0"},
				"down": {"uv": [11.75, 8.5, 11, 8.75], "texture": "#0"}
			}
		},
		{
			"from": [22.0196, 2, 12.5201],
			"to": [28.2196, 10, 16.4201],
			"rotation": {"angle": 0, "axis": "y", "origin": [31.9196, 2, 19.0201]},
			"faces": {
				"north": {"uv": [7.25, 8.125, 8, 9.125], "texture": "#0"},
				"east": {"uv": [1.125, 9.125, 1.625, 10.125], "texture": "#0"},
				"south": {"uv": [8, 8.125, 8.75, 9.125], "texture": "#0"},
				"west": {"uv": [3.375, 9.375, 3.875, 10.375], "texture": "#0"},
				"up": {"uv": [10.25, 8.375, 9.5, 7.875], "texture": "#0"},
				"down": {"uv": [10.25, 8.375, 9.5, 8.875], "texture": "#0"}
			}
		},
		{
			"from": [22.0196, 2, -0.4799],
			"to": [28.2196, 10, 3.4201],
			"rotation": {"angle": 0, "axis": "y", "origin": [31.9196, 2, 19.0201]},
			"faces": {
				"north": {"uv": [0, 0, 3, 4], "texture": "#4"},
				"east": {"uv": [0, 4, 2, 8], "texture": "#4"},
				"south": {"uv": [3, 0, 6, 4], "texture": "#4"},
				"west": {"uv": [2, 4, 4, 8], "texture": "#4"},
				"up": {"uv": [7, 6, 4, 4], "texture": "#4"},
				"down": {"uv": [9, 0, 6, 2], "texture": "#4"}
			}
		},
		{
			"from": [22.0196, 2, 3.4201],
			"to": [24.1196, 10, 12.5201],
			"rotation": {"angle": 0, "axis": "y", "origin": [31.9196, 2, 19.0201]},
			"faces": {
				"north": {"uv": [5.625, 10.375, 5.875, 11.375], "texture": "#0"},
				"east": {"uv": [0, 6.375, 1.125, 7.375], "texture": "#0"},
				"south": {"uv": [5.875, 10.375, 6.125, 11.375], "texture": "#0"},
				"west": {"uv": [7.25, 4.25, 8.375, 5.25], "texture": "#0"},
				"up": {"uv": [0.25, 11.25, 0, 10.125], "texture": "#0"},
				"down": {"uv": [0.5, 10.125, 0.25, 11.25], "texture": "#0"}
			}
		},
		{
			"from": [19.1196, 2, -2.9799],
			"to": [22.0196, 10, 18.9201],
			"rotation": {"angle": 0, "axis": "y", "origin": [31.9196, 2, 19.0201]},
			"faces": {
				"north": {"uv": [0.75, 9.875, 1.125, 10.875], "texture": "#0"},
				"east": {"uv": [4.5, 3.75, 7.25, 4.75], "texture": "#0"},
				"south": {"uv": [2.625, 10, 3, 11], "texture": "#0"},
				"west": {"uv": [4.5, 4.75, 7.25, 5.75], "texture": "#0"},
				"up": {"uv": [0.375, 10.125, 0, 7.375], "texture": "#0"},
				"down": {"uv": [0.75, 7.375, 0.375, 10.125], "texture": "#0"}
			}
		},
		{
			"from": [28.3196, 2, 3.3201],
			"to": [28.3196, 6, 12.6201],
			"rotation": {"angle": 0, "axis": "y", "origin": [31.9196, 2, 19.0201]},
			"faces": {
				"north": {"uv": [0, 0, 0, 0.5], "texture": "#0"},
				"east": {"uv": [9.125, 3.125, 10.25, 3.625], "texture": "#0"},
				"south": {"uv": [0, 0, 0, 0.5], "texture": "#0"},
				"west": {"uv": [9.125, 4.25, 10.25, 4.75], "texture": "#0"},
				"up": {"uv": [0, 1.125, 0, 0], "texture": "#0"},
				"down": {"uv": [0, 0, 0, 1.125], "texture": "#0"}
			}
		},
		{
			"from": [-8.2196, 2, -0.4799],
			"to": [-6.1196, 10.9, 16.4201],
			"rotation": {"angle": 0, "axis": "y", "origin": [-11.9196, 2, 19.0201]},
			"faces": {
				"north": {"uv": [1.875, 6.375, 2.125, 7.5], "texture": "#0"},
				"east": {"uv": [0, 5.25, 2.125, 6.375], "texture": "#0"},
				"south": {"uv": [3, 10, 3.25, 11.125], "texture": "#0"},
				"west": {"uv": [5.25, 1, 7.375, 2.125], "texture": "#0"},
				"up": {"uv": [5.125, 10.5, 4.875, 8.375], "texture": "#0"},
				"down": {"uv": [5.375, 8.375, 5.125, 10.5], "texture": "#0"}
			}
		},
		{
			"from": [-3.69497, 2, -1.69548],
			"to": [2.50503, 10.4, 0.40452],
			"rotation": {"angle": 45, "axis": "y", "origin": [-4.49497, 0, 4.40452]},
			"faces": {
				"north": {"uv": [0, 0, 3, 4.25], "texture": "#6"},
				"east": {"uv": [0, 4.5, 1, 8.75], "texture": "#6"},
				"south": {"uv": [3, 0, 6, 4.25], "texture": "#6"},
				"west": {"uv": [1, 4.5, 2, 8.75], "texture": "#6"},
				"up": {"uv": [5, 5.5, 2, 4.5], "texture": "#6"},
				"down": {"uv": [8, 4.5, 5, 5.5], "texture": "#6"}
			}
		},
		{
			"from": [-11.1196, 2, 12.4201],
			"to": [-4.9196, 10.4, 14.5201],
			"rotation": {"angle": -45, "axis": "y", "origin": [-11.9196, 2, 19.0201]},
			"faces": {
				"north": {"uv": [0, 0, 3, 4.25], "texture": "#5"},
				"east": {"uv": [0, 4.5, 1, 8.75], "texture": "#5"},
				"south": {"uv": [3, 0, 6, 4.25], "texture": "#5"},
				"west": {"uv": [1, 4.5, 2, 8.75], "texture": "#5"},
				"up": {"uv": [5, 5.5, 2, 4.5], "texture": "#5"},
				"down": {"uv": [8, 4.5, 5, 5.5], "texture": "#5"}
			}
		},
		{
			"from": [27.4, 8.3, 13.5],
			"to": [29, 9.3, 15.5],
			"rotation": {"angle": 22.5, "axis": "z", "origin": [29, 8, 15]},
			"faces": {
				"north": {"uv": [8, 3, 9.5, 4], "texture": "#1"},
				"east": {"uv": [2, 8, 4, 9], "texture": "#1"},
				"south": {"uv": [4, 8, 5.5, 9], "texture": "#1"},
				"west": {"uv": [8, 2, 10, 3], "texture": "#1"},
				"up": {"uv": [1.5, 10, 0, 8], "texture": "#1"},
				"down": {"uv": [9.5, 0, 8, 2], "texture": "#1"}
			}
		},
		{
			"from": [28.3, 2, 12.5],
			"to": [28.3, 10, 16.4],
			"rotation": {"angle": 0, "axis": "z", "origin": [29, 8, 15]},
			"faces": {
				"north": {"uv": [0, 0, 0, 8], "texture": "#1"},
				"east": {"uv": [0, 0, 4, 8], "texture": "#1"},
				"south": {"uv": [0, 0, 0, 8], "texture": "#1"},
				"west": {"uv": [4, 0, 8, 8], "texture": "#1"},
				"up": {"uv": [0, 4, 0, 0], "texture": "#1"},
				"down": {"uv": [0, 0, 0, 4], "texture": "#1"}
			}
		},
		{
			"from": [28.3, 5.9, 3.3],
			"to": [28.3, 9, 12.6],
			"faces": {
				"north": {"uv": [0, 0, 0, 4], "texture": "#2"},
				"east": {"uv": [0, 0, 9.5, 4], "texture": "#2"},
				"south": {"uv": [0, 0, 0, 4], "texture": "#2"},
				"west": {"uv": [0, 4, 9.5, 8], "texture": "#2"},
				"up": {"uv": [0, 9.5, 0, 0], "texture": "#2"},
				"down": {"uv": [0, 0, 0, 9.5], "texture": "#2"}
			}
		},
		{
			"from": [28.3, 2, -0.5],
			"to": [28.3, 10, 3.3],
			"faces": {
				"north": {"uv": [0, 0, 0, 16], "texture": "#3"},
				"east": {"uv": [0, 0, 8, 16], "texture": "#3"},
				"south": {"uv": [0, 0, 0, 16], "texture": "#3"},
				"west": {"uv": [8, 0, 16, 16], "texture": "#3"},
				"up": {"uv": [0, 8, 0, 0], "texture": "#3"},
				"down": {"uv": [0, 0, 0, 8], "texture": "#3"}
			}
		},
		{
			"from": [-8.3, 1, -0.5],
			"to": [-8.3, 10, 16.4],
			"rotation": {"angle": 0, "axis": "y", "origin": [-10.3, 8, 7]},
			"faces": {
				"north": {"uv": [0, 0, 0, 2.25], "texture": "#8"},
				"east": {"uv": [4.5, 4, 8.75, 6.25], "texture": "#8"},
				"south": {"uv": [0, 0, 0, 2.25], "texture": "#8"},
				"west": {"uv": [4.5, 6.25, 8.75, 8.5], "texture": "#8"},
				"up": {"uv": [0, 4.25, 0, 0], "texture": "#8"},
				"down": {"uv": [0, 0, 0, 4.25], "texture": "#8"}
			}
		},
		{
			"from": [5, 2, 20.9],
			"to": [13, 10, 20.9],
			"rotation": {"angle": 0, "axis": "y", "origin": [8, 8, 18.9]},
			"faces": {
				"north": {"uv": [0, 6.5, 2, 8.5], "texture": "#8"},
				"east": {"uv": [0, 0, 0, 2], "texture": "#8"},
				"south": {"uv": [2, 6.5, 4, 8.5], "texture": "#8"},
				"west": {"uv": [0, 0, 0, 2], "texture": "#8"},
				"up": {"uv": [2, 0, 0, 0], "texture": "#8"},
				"down": {"uv": [2, 0, 0, 0], "texture": "#8"}
			}
		},
		{
			"from": [5, 2, -5],
			"to": [13, 10, -5],
			"rotation": {"angle": 0, "axis": "y", "origin": [8, 8, -7]},
			"faces": {
				"north": {"uv": [0, 8.5, 2, 10.5], "texture": "#8"},
				"east": {"uv": [0, 0, 0, 2], "texture": "#8"},
				"south": {"uv": [2, 8.5, 4, 10.5], "texture": "#8"},
				"west": {"uv": [0, 0, 0, 2], "texture": "#8"},
				"up": {"uv": [2, 0, 0, 0], "texture": "#8"},
				"down": {"uv": [2, 0, 0, 0], "texture": "#8"}
			}
		},
		{
			"from": [26.1, 2, 16.2],
			"to": [26.1, 10, 22.4],
			"rotation": {"angle": -45, "axis": "y", "origin": [27, 0, 19]},
			"faces": {
				"north": {"uv": [0, 0, 0, 2], "texture": "#8"},
				"east": {"uv": [4, 8.5, 5.5, 10.5], "texture": "#8"},
				"south": {"uv": [0, 0, 0, 2], "texture": "#8"},
				"west": {"uv": [5.5, 8.5, 7, 10.5], "texture": "#8"},
				"up": {"uv": [0, 1.5, 0, 0], "texture": "#8"},
				"down": {"uv": [0, 0, 0, 1.5], "texture": "#8"}
			}
		},
		{
			"from": [24.1, 2, -7.5],
			"to": [24.1, 10, -1.3],
			"rotation": {"angle": 45, "axis": "y", "origin": [27, 0, -6]},
			"faces": {
				"north": {"uv": [0, 0, 0, 2], "texture": "#8"},
				"east": {"uv": [7, 8.5, 8.5, 10.5], "texture": "#8"},
				"south": {"uv": [0, 0, 0, 2], "texture": "#8"},
				"west": {"uv": [8.5, 8.5, 10, 10.5], "texture": "#8"},
				"up": {"uv": [0, 1.5, 0, 0], "texture": "#8"},
				"down": {"uv": [0, 0, 0, 1.5], "texture": "#8"}
			}
		},
		{
			"from": [17.4, 9.7, -3],
			"to": [19.4, 9.7, 20],
			"rotation": {"angle": -22.5, "axis": "z", "origin": [19.4, 8.7, 8]},
			"faces": {
				"north": {"uv": [0, 0, 0.5, 0], "texture": "#8"},
				"east": {"uv": [0, 0, 5.75, 0], "texture": "#8"},
				"south": {"uv": [0, 0, 0.5, 0], "texture": "#8"},
				"west": {"uv": [0, 0, 5.75, 0], "texture": "#8"},
				"up": {"uv": [10.5, 5.75, 10, 0], "texture": "#8"},
				"down": {"uv": [10.5, 5.75, 10, 11.5], "texture": "#8"}
			}
		},
		{
			"from": [19, 2, -3],
			"to": [19, 10, 19],
			"rotation": {"angle": 0, "axis": "y", "origin": [0, -22, 0]},
			"faces": {
				"north": {"uv": [0, 0, 0, 2], "texture": "#8"},
				"east": {"uv": [4.5, 0, 10, 2], "texture": "#8"},
				"south": {"uv": [0, 0, 0, 2], "texture": "#8"},
				"west": {"uv": [4.5, 2, 10, 4], "texture": "#8"},
				"up": {"uv": [0, 5.5, 0, 0], "texture": "#8"},
				"down": {"uv": [0, 0, 0, 5.5], "texture": "#8"}
			}
		},
		{
			"from": [4.9, 2, -3],
			"to": [4.9, 10, 19],
			"rotation": {"angle": 0, "axis": "y", "origin": [-14.1, -22, 0]},
			"faces": {
				"north": {"uv": [0, 0, 0, 2], "texture": "#8"},
				"east": {"uv": [4.5, 0, 10, 2], "texture": "#8"},
				"south": {"uv": [0, 0, 0, 2], "texture": "#8"},
				"west": {"uv": [4.5, 2, 10, 4], "texture": "#8"},
				"up": {"uv": [0, 5.5, 0, 0], "texture": "#8"},
				"down": {"uv": [0, 0, 0, 5.5], "texture": "#8"}
			}
		},
		{
			"from": [8, 5, -2.8],
			"to": [13, 10, -2.8],
			"rotation": {"angle": 0, "axis": "y", "origin": [0, -22, 0.3]},
			"faces": {
				"north": {"uv": [8.75, 4, 10, 5.25], "texture": "#8"},
				"east": {"uv": [0, 0, 0, 1.25], "texture": "#8"},
				"south": {"uv": [8.75, 5.25, 10, 6.5], "texture": "#8"},
				"west": {"uv": [0, 0, 0, 1.25], "texture": "#8"},
				"up": {"uv": [1.25, 0, 0, 0], "texture": "#8"},
				"down": {"uv": [1.25, 0, 0, 0], "texture": "#8"}
			}
		},
		{
			"from": [8, 5, 18.9],
			"to": [13, 10, 18.9],
			"rotation": {"angle": 0, "axis": "y", "origin": [0, -22, 0]},
			"faces": {
				"north": {"uv": [8.75, 6.5, 10, 7.75], "texture": "#8"},
				"east": {"uv": [0, 0, 0, 1.25], "texture": "#8"},
				"south": {"uv": [0, 10.5, 1.25, 11.75], "texture": "#8"},
				"west": {"uv": [0, 0, 0, 1.25], "texture": "#8"},
				"up": {"uv": [1.25, 0, 0, 0], "texture": "#8"},
				"down": {"uv": [1.25, 0, 0, 0], "texture": "#8"}
			}
		},
		{
			"from": [19.3, 10.1, -5],
			"to": [28, 10.1, 21],
			"rotation": {"angle": 0, "axis": "y", "origin": [0, -21, 0]},
			"faces": {
				"north": {"uv": [0, 0, 2.125, 0], "texture": "#8"},
				"east": {"uv": [0, 0, 6.5, 0], "texture": "#8"},
				"south": {"uv": [0, 0, 2.125, 0], "texture": "#8"},
				"west": {"uv": [0, 0, 6.5, 0], "texture": "#8"},
				"up": {"uv": [2.125, 6.5, 0, 0], "texture": "#8"},
				"down": {"uv": [4.375, 0, 2.25, 6.5], "texture": "#8"}
			}
		},
		{
			"from": [-4.3, 3, -5.1],
			"to": [0, 10, -5.1],
			"rotation": {"angle": 0, "axis": "y", "origin": [-3, 5, -7.1]},
			"faces": {
				"north": {"uv": [0, 0, 8, 16], "texture": "#10"},
				"east": {"uv": [0, 0, 0, 16], "texture": "#10"},
				"south": {"uv": [8, 0, 16, 16], "texture": "#10"},
				"west": {"uv": [0, 0, 0, 16], "texture": "#10"},
				"up": {"uv": [8, 0, 0, 0], "texture": "#10"},
				"down": {"uv": [8, 0, 0, 0], "texture": "#10"}
			}
		}
	]
}
