{
	"credit": "Made with Blockbench",
	"texture_size": [64, 64],
	"textures": {
		"0": "item/custom/stsign1new",
		"1": "item/custom/stsign2",
		"2": "item/custom/stsign3new",
		"3": "item/custom/stsign4",
		"particle": "item/custom/stsign1"
	},
	"elements": [
		{
			"from": [0, 3, -11],
			"to": [2, 12, 27],
			"rotation": {"angle": 0, "axis": "y", "origin": [0, 3, 0]},
			"faces": {
				"north": {"uv": [7, 4.5, 7.5, 6.75], "texture": "#0"},
				"east": {"uv": [0, 0, 8.5, 2.25], "texture": "#0"},
				"south": {"uv": [7, 6.75, 7.5, 9], "texture": "#0"},
				"west": {"uv": [0, 2.25, 8.5, 4.5], "texture": "#0"},
				"up": {"uv": [6.5, 13, 6, 4.5], "texture": "#0"},
				"down": {"uv": [7, 4.5, 6.5, 13], "texture": "#0"}
			}
		},
		{
			"from": [-0.1, 2.5, 2],
			"to": [-0.1, 14.5, 14],
			"rotation": {"angle": 0, "axis": "y", "origin": [-2.1, 3.5, 0]},
			"faces": {
				"north": {"uv": [0, 0, 0, 6], "texture": "#1"},
				"east": {"uv": [0, 0, 6, 6], "texture": "#1"},
				"south": {"uv": [0, 0, 0, 6], "texture": "#1"},
				"west": {"uv": [0, 6, 6, 12], "texture": "#1"},
				"up": {"uv": [0, 6, 0, 0], "texture": "#1"},
				"down": {"uv": [0, 0, 0, 6], "texture": "#1"}
			}
		},
		{
			"from": [-0.2, 2, -11],
			"to": [-0.2, 13, 28],
			"rotation": {"angle": 0, "axis": "y", "origin": [-0.2, 6, 6]},
			"faces": {
				"north": {"uv": [0, 0, 0, 2.75], "texture": "#2"},
				"east": {"uv": [0, 0, 9.75, 2.75], "texture": "#2"},
				"south": {"uv": [0, 0, 0, 2.75], "texture": "#2"},
				"west": {"uv": [0, 2.75, 9.75, 5.5], "texture": "#2"},
				"up": {"uv": [0, 9.75, 0, 0], "texture": "#2"},
				"down": {"uv": [0, 0, 0, 9.75], "texture": "#2"}
			}
		},
		{
			"from": [-0.1, 2.9, -11],
			"to": [-0.1, 11.9, 27],
			"rotation": {"angle": 0, "axis": "y", "origin": [0, -0.1, 7]},
			"faces": {
				"north": {"uv": [0, 0, 0, 2.25], "texture": "#3"},
				"east": {"uv": [0, 0, 9.5, 2.25], "texture": "#3"},
				"south": {"uv": [0, 0, 0, 2.25], "texture": "#3"},
				"west": {"uv": [0, 2.25, 9.5, 4.5], "texture": "#3"},
				"up": {"uv": [0, 9.5, 0, 0], "texture": "#3"},
				"down": {"uv": [0, 0, 0, 9.5], "texture": "#3"}
			}
		}
	],
	"display": {
		"thirdperson_righthand": {
			"rotation": [90, -90, 0],
			"translation": [-6.25, -11.75, 18.25],
			"scale": [1.6, 1.76, 2.01]
		}
	}
}
