{
	"credit": "Made with Blockbench",
	"texture_size": [32, 32],
	"textures": {
		"0": "item/custom/fotieadvanced",
		"1": "item/custom/fotieadvanced2",
		"particle": "item/custom/fotieadvanced"
	},
	"elements": [
		{
			"from": [11.08621, 3.31034, 4.62069],
			"to": [21.08621, 13.31034, 14.62069],
			"rotation": {"angle": 0, "axis": "y", "origin": [11.08621, 3.31034, 4.62069]},
			"faces": {
				"north": {"uv": [6, 0, 7.25, 1.25], "texture": "#0"},
				"east": {"uv": [6, 1.25, 7.25, 2.5], "texture": "#0"},
				"south": {"uv": [6, 2.5, 7.25, 3.75], "texture": "#0"},
				"west": {"uv": [6, 3.75, 7.25, 5], "texture": "#0"},
				"up": {"uv": [7.25, 6.25, 6, 5], "texture": "#0"},
				"down": {"uv": [7.25, 6.25, 6, 7.5], "texture": "#0"}
			}
		},
		{
			"from": [13.01724, 2.26552, 6.42069],
			"to": [19.51724, 3.47242, 12.82069],
			"rotation": {"angle": 0, "axis": "y", "origin": [19.01724, -0.93448, 7.92069]},
			"faces": {
				"north": {"uv": [9.625, 1.875, 10.5, 2], "texture": "#0"},
				"east": {"uv": [9.25, 5, 10, 5.125], "texture": "#0"},
				"south": {"uv": [10.125, 7.5, 11, 7.625], "texture": "#0"},
				"west": {"uv": [10.125, 8.125, 10.875, 8.25], "texture": "#0"},
				"up": {"uv": [9.375, 6.75, 8.5, 6], "texture": "#0"},
				"down": {"uv": [9.125, 8.5, 8.25, 9.25], "texture": "#0"}
			}
		},
		{
			"from": [13.01724, 13.26552, 6.42069],
			"to": [19.51724, 14.47242, 12.82069],
			"rotation": {"angle": 0, "axis": "y", "origin": [19.01724, 10.06552, 7.92069]},
			"faces": {
				"north": {"uv": [10.125, 7.625, 11, 7.75], "texture": "#0"},
				"east": {"uv": [10.125, 8.25, 10.875, 8.375], "texture": "#0"},
				"south": {"uv": [10.125, 7.75, 11, 7.875], "texture": "#0"},
				"west": {"uv": [10.125, 8.375, 10.875, 8.5], "texture": "#0"},
				"up": {"uv": [9.625, 1.25, 8.75, 0.5], "texture": "#0"},
				"down": {"uv": [9.625, 1.25, 8.75, 2], "texture": "#0"}
			}
		},
		{
			"from": [12.91724, 4.76552, 12.26897],
			"to": [19.31724, 11.26552, 13.47587],
			"rotation": {"angle": 0, "axis": "y", "origin": [17.81724, 5.26552, 9.06897]},
			"faces": {
				"north": {"uv": [8.25, 9.25, 9, 10], "texture": "#0"},
				"east": {"uv": [7.625, 10.125, 7.75, 10.875], "texture": "#0"},
				"south": {"uv": [9, 9.25, 9.75, 10], "texture": "#0"},
				"west": {"uv": [10.125, 8.5, 10.25, 9.25], "texture": "#0"},
				"up": {"uv": [10.875, 9.375, 10.125, 9.25], "texture": "#0"},
				"down": {"uv": [10.875, 9.375, 10.125, 9.5], "texture": "#0"}
			}
		},
		{
			"from": [12.41724, 4.86552, 3.56897],
			"to": [19.91724, 12.36552, 4.77587],
			"rotation": {"angle": 0, "axis": "y", "origin": [17.41724, 5.26552, 0.36897]},
			"faces": {
				"north": {"uv": [0, 0, 3.75, 3.75], "texture": "#1"},
				"east": {"uv": [4, 0, 4.5, 3.75], "texture": "#1"},
				"south": {"uv": [0, 4, 3.75, 7.75], "texture": "#1"},
				"west": {"uv": [4, 4, 4.5, 7.75], "texture": "#1"},
				"up": {"uv": [8.25, 0.5, 4.5, 0], "texture": "#1"},
				"down": {"uv": [8.25, 0.5, 4.5, 1], "texture": "#1"}
			}
		},
		{
			"from": [12.91724, 4.76552, 14.56897],
			"to": [19.31724, 11.26552, 15.77587],
			"rotation": {"angle": 0, "axis": "y", "origin": [17.81724, 5.26552, 11.36897]},
			"faces": {
				"north": {"uv": [9.5, 2.5, 10.25, 3.25], "texture": "#0"},
				"east": {"uv": [10.375, 3.25, 10.5, 4], "texture": "#0"},
				"south": {"uv": [9.5, 3.25, 10.25, 4], "texture": "#0"},
				"west": {"uv": [10.375, 8.5, 10.5, 9.25], "texture": "#0"},
				"up": {"uv": [11, 1.625, 10.25, 1.5], "texture": "#0"},
				"down": {"uv": [11, 1.625, 10.25, 1.75], "texture": "#0"}
			}
		},
		{
			"from": [21.01724, 4.76552, 6.42069],
			"to": [22.22414, 11.26552, 12.82069],
			"rotation": {"angle": 0, "axis": "y", "origin": [17.81724, 5.26552, 7.92069]},
			"faces": {
				"north": {"uv": [10.25, 9.5, 10.375, 10.25], "texture": "#0"},
				"east": {"uv": [9.375, 7.125, 10.125, 7.875], "texture": "#0"},
				"south": {"uv": [10.125, 10.25, 10.25, 11], "texture": "#0"},
				"west": {"uv": [9.375, 7.875, 10.125, 8.625], "texture": "#0"},
				"up": {"uv": [10.375, 11, 10.25, 10.25], "texture": "#0"},
				"down": {"uv": [10.5, 2.5, 10.375, 3.25], "texture": "#0"}
			}
		},
		{
			"from": [21.87586, 5.5069, 7.66207],
			"to": [25.28276, 10.52414, 11.57931],
			"rotation": {"angle": 0, "axis": "y", "origin": [20.47586, 5.26552, 7.92069]},
			"faces": {
				"north": {"uv": [10.125, 1, 10.5, 1.5], "texture": "#0"},
				"east": {"uv": [9.625, 0.5, 10.125, 1], "texture": "#0"},
				"south": {"uv": [10.125, 5.625, 10.5, 6.125], "texture": "#0"},
				"west": {"uv": [9.625, 1, 10.125, 1.5], "texture": "#0"},
				"up": {"uv": [10.5, 6.625, 10.125, 6.125], "texture": "#0"},
				"down": {"uv": [10.5, 6.625, 10.125, 7.125], "texture": "#0"}
			}
		},
		{
			"from": [24.71034, 6.0069, 8.16207],
			"to": [29.91724, 10.02414, 11.07931],
			"rotation": {"angle": 0, "axis": "y", "origin": [25.71034, 5.26552, 7.92069]},
			"faces": {
				"north": {"uv": [8.75, 5.625, 9.375, 6], "texture": "#0"},
				"east": {"uv": [10, 4.75, 10.375, 5.125], "texture": "#0"},
				"south": {"uv": [9.625, 1.5, 10.25, 1.875], "texture": "#0"},
				"west": {"uv": [10.125, 7.125, 10.5, 7.5], "texture": "#0"},
				"up": {"uv": [10.625, 4.375, 10, 4], "texture": "#0"},
				"down": {"uv": [10.625, 4.375, 10, 4.75], "texture": "#0"}
			}
		},
		{
			"from": [6.66896, 5.5069, 7.66207],
			"to": [10.07586, 10.52414, 11.57931],
			"rotation": {"angle": 0, "axis": "y", "origin": [11.47586, 5.26552, 11.32069]},
			"faces": {
				"north": {"uv": [10.125, 5.625, 10.5, 6.125], "texture": "#0"},
				"east": {"uv": [9.625, 1, 10.125, 1.5], "texture": "#0"},
				"south": {"uv": [10.125, 1, 10.5, 1.5], "texture": "#0"},
				"west": {"uv": [9.625, 0.5, 10.125, 1], "texture": "#0"},
				"up": {"uv": [10.5, 6.625, 10.125, 6.125], "rotation": 180, "texture": "#0"},
				"down": {"uv": [10.5, 6.625, 10.125, 7.125], "rotation": 180, "texture": "#0"}
			}
		},
		{
			"from": [2.11034, 6.0069, 8.16207],
			"to": [7.31724, 10.02414, 11.07931],
			"rotation": {"angle": 0, "axis": "y", "origin": [3.11034, 5.26552, 7.92069]},
			"faces": {
				"north": {"uv": [8.75, 5.625, 9.375, 6], "texture": "#0"},
				"east": {"uv": [10, 4.75, 10.375, 5.125], "texture": "#0"},
				"south": {"uv": [9.625, 1.5, 10.25, 1.875], "texture": "#0"},
				"west": {"uv": [10.125, 7.125, 10.5, 7.5], "texture": "#0"},
				"up": {"uv": [10.625, 4.375, 10, 4], "texture": "#0"},
				"down": {"uv": [10.625, 4.375, 10, 4.75], "texture": "#0"}
			}
		},
		{
			"from": [28.11724, 6.0069, 7.66207],
			"to": [30.92414, 10.02414, 11.57931],
			"rotation": {"angle": 0, "axis": "y", "origin": [26.71724, 5.26552, 7.92069]},
			"faces": {
				"north": {"uv": [9.375, 8.625, 9.75, 9.125], "texture": "#0"},
				"east": {"uv": [9.5, 4, 10, 4.5], "texture": "#0"},
				"south": {"uv": [8.875, 10, 9.25, 10.5], "texture": "#0"},
				"west": {"uv": [9.5, 4.5, 10, 5], "texture": "#0"},
				"up": {"uv": [9.625, 10.5, 9.25, 10], "texture": "#0"},
				"down": {"uv": [10.5, 0.5, 10.125, 1], "texture": "#0"}
			}
		},
		{
			"from": [27.61724, 5.0069, 6.66207],
			"to": [29.92414, 11.02414, 12.57931],
			"rotation": {"angle": 0, "axis": "y", "origin": [26.21724, 5.26552, 7.92069]},
			"faces": {
				"north": {"uv": [9.375, 8.625, 9.75, 9.125], "texture": "#0"},
				"east": {"uv": [9.5, 4, 10, 4.5], "texture": "#0"},
				"south": {"uv": [8.875, 10, 9.25, 10.5], "texture": "#0"},
				"west": {"uv": [9.5, 4.5, 10, 5], "texture": "#0"},
				"up": {"uv": [9.625, 10.5, 9.25, 10], "texture": "#0"},
				"down": {"uv": [10.5, 0.5, 10.125, 1], "texture": "#0"}
			}
		},
		{
			"from": [2.51034, 5.1069, 6.66207],
			"to": [4.81724, 11.12414, 12.57931],
			"rotation": {"angle": 0, "axis": "z", "origin": [6.21724, 10.86552, 7.92069]},
			"faces": {
				"north": {"uv": [9.375, 8.625, 9.75, 9.125], "rotation": 180, "texture": "#0"},
				"east": {"uv": [9.5, 4.5, 10, 5], "rotation": 180, "texture": "#0"},
				"south": {"uv": [8.875, 10, 9.25, 10.5], "rotation": 180, "texture": "#0"},
				"west": {"uv": [9.5, 4, 10, 4.5], "rotation": 180, "texture": "#0"},
				"up": {"uv": [10.5, 0.5, 10.125, 1], "rotation": 180, "texture": "#0"},
				"down": {"uv": [9.625, 10.5, 9.25, 10], "rotation": 180, "texture": "#0"}
			}
		},
		{
			"from": [1.6069, 5.9069, 7.66207],
			"to": [4.4138, 10.22414, 11.57931],
			"rotation": {"angle": 0, "axis": "y", "origin": [0.2069, 5.26552, 7.92069]},
			"faces": {
				"north": {"uv": [9.375, 8.625, 9.75, 9.125], "texture": "#0"},
				"east": {"uv": [9.5, 4, 10, 4.5], "texture": "#0"},
				"south": {"uv": [8.875, 10, 9.25, 10.5], "texture": "#0"},
				"west": {"uv": [9.5, 4.5, 10, 5], "texture": "#0"},
				"up": {"uv": [9.625, 10.5, 9.25, 10], "texture": "#0"},
				"down": {"uv": [10.5, 0.5, 10.125, 1], "texture": "#0"}
			}
		},
		{
			"from": [29.09655, 30.1069, -0.74483],
			"to": [30.70345, 31.9, 19.58621],
			"rotation": {"angle": 0, "axis": "y", "origin": [27.89655, 2.82069, 9.22069]},
			"faces": {
				"north": {"uv": [10.375, 9.75, 10.625, 10], "texture": "#0"},
				"east": {"uv": [8.75, 5.125, 11.25, 5.375], "texture": "#0"},
				"south": {"uv": [10.375, 10, 10.625, 10.25], "texture": "#0"},
				"west": {"uv": [8.75, 5.375, 11.25, 5.625], "texture": "#0"},
				"up": {"uv": [9.375, 9.25, 9.125, 6.75], "texture": "#0"},
				"down": {"uv": [9.5, 2.5, 9.25, 5], "texture": "#0"}
			}
		},
		{
			"from": [29.09655, -14.8931, -1.44483],
			"to": [30.70345, -13.1, 19.58621],
			"rotation": {"angle": 0, "axis": "y", "origin": [27.89655, -42.17931, 9.22069]},
			"faces": {
				"north": {"uv": [10.375, 10.25, 10.625, 10.5], "texture": "#0"},
				"east": {"uv": [8.75, 2, 11.375, 2.25], "texture": "#0"},
				"south": {"uv": [10.5, 0.5, 10.75, 0.75], "texture": "#0"},
				"west": {"uv": [8.75, 2.25, 11.375, 2.5], "texture": "#0"},
				"up": {"uv": [9, 5.125, 8.75, 2.5], "texture": "#0"},
				"down": {"uv": [9.25, 2.5, 9, 5.125], "texture": "#0"}
			}
		},
		{
			"from": [29.09655, 4.2069, 24.76897],
			"to": [30.70345, 29.06207, 25.88276],
			"rotation": {"angle": -22.5, "axis": "x", "origin": [28.09655, 15.7069, 15.91724]},
			"faces": {
				"north": {"uv": [7, 7.5, 7.25, 10.625], "texture": "#0"},
				"east": {"uv": [7.25, 10, 7.375, 13.125], "texture": "#0"},
				"south": {"uv": [7.5, 7, 7.75, 10.125], "texture": "#0"},
				"west": {"uv": [7.375, 10, 7.5, 13.125], "texture": "#0"},
				"up": {"uv": [10.75, 3.25, 10.5, 3.125], "texture": "#0"},
				"down": {"uv": [10.75, 3.25, 10.5, 3.375], "texture": "#0"}
			}
		},
		{
			"from": [29, 3.1069, -6.86207],
			"to": [30.6069, 29.06207, -5.74828],
			"rotation": {"angle": 22.5, "axis": "x", "origin": [31.4069, 15.7069, 3.10345]},
			"faces": {
				"north": {"uv": [7.5, 0.5, 7.75, 3.75], "texture": "#0"},
				"east": {"uv": [9.75, 8.625, 9.875, 11.875], "texture": "#0"},
				"south": {"uv": [7.5, 3.75, 7.75, 7], "texture": "#0"},
				"west": {"uv": [7.75, 9.875, 7.875, 13.125], "texture": "#0"},
				"up": {"uv": [10.75, 3.5, 10.5, 3.375], "texture": "#0"},
				"down": {"uv": [10.75, 3.5, 10.5, 3.625], "texture": "#0"}
			}
		},
		{
			"from": [28.99655, -16, -7.7069],
			"to": [30.60345, 8.85517, -6.4931],
			"rotation": {"angle": -22.5, "axis": "x", "origin": [27.99655, 0.35517, -7.25862]},
			"faces": {
				"north": {"uv": [7.75, 0.5, 8, 3.625], "texture": "#0"},
				"east": {"uv": [8.25, 10, 8.375, 13.125], "texture": "#0"},
				"south": {"uv": [7.75, 3.625, 8, 6.75], "texture": "#0"},
				"west": {"uv": [8.375, 10, 8.5, 13.125], "texture": "#0"},
				"up": {"uv": [10.75, 3.75, 10.5, 3.625], "texture": "#0"},
				"down": {"uv": [10.75, 3.75, 10.5, 3.875], "texture": "#0"}
			}
		},
		{
			"from": [28.99655, -16, 24.84483],
			"to": [30.60345, 9.85517, 26.05862],
			"rotation": {"angle": 22.5, "axis": "x", "origin": [27.99655, 0.35517, 25.2931]},
			"faces": {
				"north": {"uv": [6, 7.5, 6.25, 10.75], "texture": "#0"},
				"east": {"uv": [7.875, 9.875, 8, 13.125], "texture": "#0"},
				"south": {"uv": [6.25, 7.5, 6.5, 10.75], "texture": "#0"},
				"west": {"uv": [8, 9.875, 8.125, 13.125], "texture": "#0"},
				"up": {"uv": [10.75, 4, 10.5, 3.875], "texture": "#0"},
				"down": {"uv": [10.75, 5.625, 10.5, 5.75], "texture": "#0"}
			}
		},
		{
			"from": [29.16207, -14.91379, 11.26207],
			"to": [30.06207, 11.50345, 13.17931],
			"rotation": {"angle": -22.5, "axis": "x", "origin": [27.36207, 2.72414, 13.92069]},
			"faces": {
				"north": {"uv": [8.125, 9.875, 8.25, 13.125], "texture": "#0"},
				"east": {"uv": [6.5, 7.5, 6.75, 10.75], "texture": "#0"},
				"south": {"uv": [9.875, 8.625, 10, 11.875], "texture": "#0"},
				"west": {"uv": [6.75, 7.5, 7, 10.75], "texture": "#0"},
				"up": {"uv": [10.625, 6, 10.5, 5.75], "texture": "#0"},
				"down": {"uv": [10.625, 6, 10.5, 6.25], "texture": "#0"}
			}
		},
		{
			"from": [29.16207, 5.88621, 15.26207],
			"to": [30.26897, 31, 17.17931],
			"rotation": {"angle": 22.5, "axis": "x", "origin": [27.36207, 23.52414, 17.92069]},
			"faces": {
				"north": {"uv": [8.5, 10, 8.625, 13.125], "texture": "#0"},
				"east": {"uv": [7.75, 6.75, 8, 9.875], "texture": "#0"},
				"south": {"uv": [8.625, 10, 8.75, 13.125], "texture": "#0"},
				"west": {"uv": [8, 0.5, 8.25, 3.625], "texture": "#0"},
				"up": {"uv": [10.625, 6.5, 10.5, 6.25], "texture": "#0"},
				"down": {"uv": [10.625, 6.5, 10.5, 6.75], "texture": "#0"}
			}
		},
		{
			"from": [29.26207, -15.61379, 5.56207],
			"to": [30.66897, 9.5, 7.47931],
			"rotation": {"angle": 22.5, "axis": "x", "origin": [27.36207, 2.02414, 8.22069]},
			"faces": {
				"north": {"uv": [8, 3.625, 8.25, 6.75], "texture": "#0"},
				"east": {"uv": [8, 6.75, 8.25, 9.875], "texture": "#0"},
				"south": {"uv": [8.25, 0.5, 8.5, 3.625], "texture": "#0"},
				"west": {"uv": [8.25, 3.625, 8.5, 6.75], "texture": "#0"},
				"up": {"uv": [10.75, 1, 10.5, 0.75], "texture": "#0"},
				"down": {"uv": [10.75, 1, 10.5, 1.25], "texture": "#0"}
			}
		},
		{
			"from": [29.16207, 9.58621, 2.36207],
			"to": [30.06207, 31.90345, 4.27931],
			"rotation": {"angle": -22.5, "axis": "x", "origin": [27.36207, 23.12414, 5.02069]},
			"faces": {
				"north": {"uv": [10, 8.625, 10.125, 11.375], "texture": "#0"},
				"east": {"uv": [8.5, 0.5, 8.75, 3.25], "texture": "#0"},
				"south": {"uv": [8.75, 10, 8.875, 12.75], "texture": "#0"},
				"west": {"uv": [8.5, 3.25, 8.75, 6], "texture": "#0"},
				"up": {"uv": [10.625, 7, 10.5, 6.75], "texture": "#0"},
				"down": {"uv": [10.625, 7, 10.5, 7.25], "texture": "#0"}
			}
		},
		{
			"from": [29.94483, -13.9, -16],
			"to": [29.94483, 32, 32],
			"rotation": {"angle": 0, "axis": "y", "origin": [29.94483, -3.7, 0]},
			"faces": {
				"north": {"uv": [0, 0, 0, 5.75], "texture": "#0"},
				"east": {"uv": [0, 0, 6, 5.75], "texture": "#0"},
				"south": {"uv": [0, 0, 0, 5.75], "texture": "#0"},
				"west": {"uv": [0, 5.8, 6, 11.55], "texture": "#0"},
				"up": {"uv": [0, 6, 0, 0], "texture": "#0"},
				"down": {"uv": [0, 0, 0, 6], "texture": "#0"}
			}
		},
		{
			"from": [29.09655, -14.8931, -1.44483],
			"to": [30.70345, -13.1, 19.58621],
			"rotation": {"angle": 0, "axis": "y", "origin": [27.89655, -42.17931, 9.22069]},
			"faces": {
				"north": {"uv": [10.375, 10.25, 10.625, 10.5], "texture": "#0"},
				"east": {"uv": [8.75, 2, 11.375, 2.25], "texture": "#0"},
				"south": {"uv": [10.5, 0.5, 10.75, 0.75], "texture": "#0"},
				"west": {"uv": [8.75, 2.25, 11.375, 2.5], "texture": "#0"},
				"up": {"uv": [9, 5.125, 8.75, 2.5], "texture": "#0"},
				"down": {"uv": [9.25, 2.5, 9, 5.125], "texture": "#0"}
			}
		},
		{
			"from": [28.99655, -16, 24.84483],
			"to": [30.60345, 9.85517, 26.05862],
			"rotation": {"angle": 22.5, "axis": "x", "origin": [27.99655, 0.35517, 25.2931]},
			"faces": {
				"north": {"uv": [6, 7.5, 6.25, 10.75], "texture": "#0"},
				"east": {"uv": [7.875, 9.875, 8, 13.125], "texture": "#0"},
				"south": {"uv": [6.25, 7.5, 6.5, 10.75], "texture": "#0"},
				"west": {"uv": [8, 9.875, 8.125, 13.125], "texture": "#0"},
				"up": {"uv": [10.75, 4, 10.5, 3.875], "texture": "#0"},
				"down": {"uv": [10.75, 5.625, 10.5, 5.75], "texture": "#0"}
			}
		},
		{
			"from": [28.99655, -16, -7.7069],
			"to": [30.60345, 8.85517, -6.4931],
			"rotation": {"angle": -22.5, "axis": "x", "origin": [27.99655, 0.35517, -7.25862]},
			"faces": {
				"north": {"uv": [7.75, 0.5, 8, 3.625], "texture": "#0"},
				"east": {"uv": [8.25, 10, 8.375, 13.125], "texture": "#0"},
				"south": {"uv": [7.75, 3.625, 8, 6.75], "texture": "#0"},
				"west": {"uv": [8.375, 10, 8.5, 13.125], "texture": "#0"},
				"up": {"uv": [10.75, 3.75, 10.5, 3.625], "texture": "#0"},
				"down": {"uv": [10.75, 3.75, 10.5, 3.875], "texture": "#0"}
			}
		},
		{
			"from": [29, 3.1069, -6.86207],
			"to": [30.6069, 29.06207, -5.74828],
			"rotation": {"angle": 22.5, "axis": "x", "origin": [31.4069, 15.7069, 3.10345]},
			"faces": {
				"north": {"uv": [7.5, 0.5, 7.75, 3.75], "texture": "#0"},
				"east": {"uv": [9.75, 8.625, 9.875, 11.875], "texture": "#0"},
				"south": {"uv": [7.5, 3.75, 7.75, 7], "texture": "#0"},
				"west": {"uv": [7.75, 9.875, 7.875, 13.125], "texture": "#0"},
				"up": {"uv": [10.75, 3.5, 10.5, 3.375], "texture": "#0"},
				"down": {"uv": [10.75, 3.5, 10.5, 3.625], "texture": "#0"}
			}
		},
		{
			"from": [29.09655, 4.2069, 24.76897],
			"to": [30.70345, 29.06207, 25.88276],
			"rotation": {"angle": -22.5, "axis": "x", "origin": [28.09655, 15.7069, 15.91724]},
			"faces": {
				"north": {"uv": [7, 7.5, 7.25, 10.625], "texture": "#0"},
				"east": {"uv": [7.25, 10, 7.375, 13.125], "texture": "#0"},
				"south": {"uv": [7.5, 7, 7.75, 10.125], "texture": "#0"},
				"west": {"uv": [7.375, 10, 7.5, 13.125], "texture": "#0"},
				"up": {"uv": [10.75, 3.25, 10.5, 3.125], "texture": "#0"},
				"down": {"uv": [10.75, 3.25, 10.5, 3.375], "texture": "#0"}
			}
		},
		{
			"from": [29.09655, 30.1069, -0.74483],
			"to": [30.70345, 31.9, 19.58621],
			"rotation": {"angle": 0, "axis": "y", "origin": [27.89655, 2.82069, 9.22069]},
			"faces": {
				"north": {"uv": [10.375, 9.75, 10.625, 10], "texture": "#0"},
				"east": {"uv": [8.75, 5.125, 11.25, 5.375], "texture": "#0"},
				"south": {"uv": [10.375, 10, 10.625, 10.25], "texture": "#0"},
				"west": {"uv": [8.75, 5.375, 11.25, 5.625], "texture": "#0"},
				"up": {"uv": [9.375, 9.25, 9.125, 6.75], "texture": "#0"},
				"down": {"uv": [9.5, 2.5, 9.25, 5], "texture": "#0"}
			}
		},
		{
			"from": [29.16207, -14.91379, 11.26207],
			"to": [30.06207, 11.50345, 13.17931],
			"rotation": {"angle": -22.5, "axis": "x", "origin": [27.36207, 2.72414, 13.92069]},
			"faces": {
				"north": {"uv": [8.125, 9.875, 8.25, 13.125], "texture": "#0"},
				"east": {"uv": [6.5, 7.5, 6.75, 10.75], "texture": "#0"},
				"south": {"uv": [9.875, 8.625, 10, 11.875], "texture": "#0"},
				"west": {"uv": [6.75, 7.5, 7, 10.75], "texture": "#0"},
				"up": {"uv": [10.625, 6, 10.5, 5.75], "texture": "#0"},
				"down": {"uv": [10.625, 6, 10.5, 6.25], "texture": "#0"}
			}
		},
		{
			"from": [29.26207, -15.61379, 5.56207],
			"to": [30.66897, 9.5, 7.47931],
			"rotation": {"angle": 22.5, "axis": "x", "origin": [27.36207, 2.02414, 8.22069]},
			"faces": {
				"north": {"uv": [8, 3.625, 8.25, 6.75], "texture": "#0"},
				"east": {"uv": [8, 6.75, 8.25, 9.875], "texture": "#0"},
				"south": {"uv": [8.25, 0.5, 8.5, 3.625], "texture": "#0"},
				"west": {"uv": [8.25, 3.625, 8.5, 6.75], "texture": "#0"},
				"up": {"uv": [10.75, 1, 10.5, 0.75], "texture": "#0"},
				"down": {"uv": [10.75, 1, 10.5, 1.25], "texture": "#0"}
			}
		},
		{
			"from": [28.81724, 7.2069, -9.71724],
			"to": [30.32414, 9.12414, 28.77586],
			"rotation": {"angle": 0, "axis": "y", "origin": [27.11724, 6.46552, 7.92069]},
			"faces": {
				"north": {"uv": [10.375, 4.75, 10.625, 5], "texture": "#0"},
				"east": {"uv": [7.25, 0, 12, 0.25], "texture": "#0"},
				"south": {"uv": [10.375, 9.5, 10.625, 9.75], "texture": "#0"},
				"west": {"uv": [7.25, 0.25, 12, 0.5], "texture": "#0"},
				"up": {"uv": [7.5, 5.25, 7.25, 0.5], "texture": "#0"},
				"down": {"uv": [7.5, 5.25, 7.25, 10], "texture": "#0"}
			}
		},
		{
			"from": [29.16207, 5.88621, 15.26207],
			"to": [30.26897, 31, 17.17931],
			"rotation": {"angle": 22.5, "axis": "x", "origin": [27.36207, 23.52414, 17.92069]},
			"faces": {
				"north": {"uv": [8.5, 10, 8.625, 13.125], "texture": "#0"},
				"east": {"uv": [7.75, 6.75, 8, 9.875], "texture": "#0"},
				"south": {"uv": [8.625, 10, 8.75, 13.125], "texture": "#0"},
				"west": {"uv": [8, 0.5, 8.25, 3.625], "texture": "#0"},
				"up": {"uv": [10.625, 6.5, 10.5, 6.25], "texture": "#0"},
				"down": {"uv": [10.625, 6.5, 10.5, 6.75], "texture": "#0"}
			}
		},
		{
			"from": [29.16207, 9.58621, 2.36207],
			"to": [30.06207, 31.90345, 4.27931],
			"rotation": {"angle": -22.5, "axis": "x", "origin": [27.36207, 23.12414, 5.02069]},
			"faces": {
				"north": {"uv": [10, 8.625, 10.125, 11.375], "texture": "#0"},
				"east": {"uv": [8.5, 0.5, 8.75, 3.25], "texture": "#0"},
				"south": {"uv": [8.75, 10, 8.875, 12.75], "texture": "#0"},
				"west": {"uv": [8.5, 3.25, 8.75, 6], "texture": "#0"},
				"up": {"uv": [10.625, 7, 10.5, 6.75], "texture": "#0"},
				"down": {"uv": [10.625, 7, 10.5, 7.25], "texture": "#0"}
			}
		},
		{
			"from": [29.06207, 7.2069, -9.71724],
			"to": [30.56897, 9.12414, 28.77586],
			"rotation": {"angle": 0, "axis": "y", "origin": [27.36207, 6.46552, 7.92069]},
			"faces": {
				"north": {"uv": [10.375, 4.75, 10.625, 5], "texture": "#0"},
				"east": {"uv": [7.25, 0, 12, 0.25], "texture": "#0"},
				"south": {"uv": [10.375, 9.5, 10.625, 9.75], "texture": "#0"},
				"west": {"uv": [7.25, 0.25, 12, 0.5], "texture": "#0"},
				"up": {"uv": [7.5, 5.25, 7.25, 0.5], "texture": "#0"},
				"down": {"uv": [7.5, 5.25, 7.25, 10], "texture": "#0"}
			}
		},
		{
			"from": [2.09655, 30.1069, -0.74483],
			"to": [3.70345, 31.9, 19.58621],
			"rotation": {"angle": 0, "axis": "y", "origin": [0.89655, 2.82069, 9.22069]},
			"faces": {
				"north": {"uv": [10.375, 9.75, 10.625, 10], "texture": "#0"},
				"east": {"uv": [8.75, 5.125, 11.25, 5.375], "texture": "#0"},
				"south": {"uv": [10.375, 10, 10.625, 10.25], "texture": "#0"},
				"west": {"uv": [8.75, 5.375, 11.25, 5.625], "texture": "#0"},
				"up": {"uv": [9.375, 9.25, 9.125, 6.75], "texture": "#0"},
				"down": {"uv": [9.5, 2.5, 9.25, 5], "texture": "#0"}
			}
		},
		{
			"from": [2.09655, -14.8931, -1.44483],
			"to": [3.70345, -13.1, 19.58621],
			"rotation": {"angle": 0, "axis": "y", "origin": [0.89655, -42.17931, 9.22069]},
			"faces": {
				"north": {"uv": [10.375, 10.25, 10.625, 10.5], "texture": "#0"},
				"east": {"uv": [8.75, 2, 11.375, 2.25], "texture": "#0"},
				"south": {"uv": [10.5, 0.5, 10.75, 0.75], "texture": "#0"},
				"west": {"uv": [8.75, 2.25, 11.375, 2.5], "texture": "#0"},
				"up": {"uv": [9, 5.125, 8.75, 2.5], "texture": "#0"},
				"down": {"uv": [9.25, 2.5, 9, 5.125], "texture": "#0"}
			}
		},
		{
			"from": [2.09655, 4.2069, 24.76897],
			"to": [3.70345, 29.06207, 25.88276],
			"rotation": {"angle": -22.5, "axis": "x", "origin": [1.09655, 15.7069, 15.91724]},
			"faces": {
				"north": {"uv": [7, 7.5, 7.25, 10.625], "texture": "#0"},
				"east": {"uv": [7.25, 10, 7.375, 13.125], "texture": "#0"},
				"south": {"uv": [7.5, 7, 7.75, 10.125], "texture": "#0"},
				"west": {"uv": [7.375, 10, 7.5, 13.125], "texture": "#0"},
				"up": {"uv": [10.75, 3.25, 10.5, 3.125], "texture": "#0"},
				"down": {"uv": [10.75, 3.25, 10.5, 3.375], "texture": "#0"}
			}
		},
		{
			"from": [2, 3.1069, -6.86207],
			"to": [3.6069, 29.06207, -5.74828],
			"rotation": {"angle": 22.5, "axis": "x", "origin": [4.4069, 15.7069, 3.10345]},
			"faces": {
				"north": {"uv": [7.5, 0.5, 7.75, 3.75], "texture": "#0"},
				"east": {"uv": [9.75, 8.625, 9.875, 11.875], "texture": "#0"},
				"south": {"uv": [7.5, 3.75, 7.75, 7], "texture": "#0"},
				"west": {"uv": [7.75, 9.875, 7.875, 13.125], "texture": "#0"},
				"up": {"uv": [10.75, 3.5, 10.5, 3.375], "texture": "#0"},
				"down": {"uv": [10.75, 3.5, 10.5, 3.625], "texture": "#0"}
			}
		},
		{
			"from": [1.99655, -16, -7.7069],
			"to": [3.60345, 8.85517, -6.4931],
			"rotation": {"angle": -22.5, "axis": "x", "origin": [0.99655, 0.35517, -7.25862]},
			"faces": {
				"north": {"uv": [7.75, 0.5, 8, 3.625], "texture": "#0"},
				"east": {"uv": [8.25, 10, 8.375, 13.125], "texture": "#0"},
				"south": {"uv": [7.75, 3.625, 8, 6.75], "texture": "#0"},
				"west": {"uv": [8.375, 10, 8.5, 13.125], "texture": "#0"},
				"up": {"uv": [10.75, 3.75, 10.5, 3.625], "texture": "#0"},
				"down": {"uv": [10.75, 3.75, 10.5, 3.875], "texture": "#0"}
			}
		},
		{
			"from": [1.99655, -16, 24.84483],
			"to": [3.60345, 9.85517, 26.05862],
			"rotation": {"angle": 22.5, "axis": "x", "origin": [0.99655, 0.35517, 25.2931]},
			"faces": {
				"north": {"uv": [6, 7.5, 6.25, 10.75], "texture": "#0"},
				"east": {"uv": [7.875, 9.875, 8, 13.125], "texture": "#0"},
				"south": {"uv": [6.25, 7.5, 6.5, 10.75], "texture": "#0"},
				"west": {"uv": [8, 9.875, 8.125, 13.125], "texture": "#0"},
				"up": {"uv": [10.75, 4, 10.5, 3.875], "texture": "#0"},
				"down": {"uv": [10.75, 5.625, 10.5, 5.75], "texture": "#0"}
			}
		},
		{
			"from": [2.16207, -14.91379, 11.26207],
			"to": [3.06207, 11.50345, 13.17931],
			"rotation": {"angle": -22.5, "axis": "x", "origin": [0.36207, 2.72414, 13.92069]},
			"faces": {
				"north": {"uv": [8.125, 9.875, 8.25, 13.125], "texture": "#0"},
				"east": {"uv": [6.5, 7.5, 6.75, 10.75], "texture": "#0"},
				"south": {"uv": [9.875, 8.625, 10, 11.875], "texture": "#0"},
				"west": {"uv": [6.75, 7.5, 7, 10.75], "texture": "#0"},
				"up": {"uv": [10.625, 6, 10.5, 5.75], "texture": "#0"},
				"down": {"uv": [10.625, 6, 10.5, 6.25], "texture": "#0"}
			}
		},
		{
			"from": [2.16207, 5.88621, 15.26207],
			"to": [3.26897, 31, 17.17931],
			"rotation": {"angle": 22.5, "axis": "x", "origin": [0.36207, 23.52414, 17.92069]},
			"faces": {
				"north": {"uv": [8.5, 10, 8.625, 13.125], "texture": "#0"},
				"east": {"uv": [7.75, 6.75, 8, 9.875], "texture": "#0"},
				"south": {"uv": [8.625, 10, 8.75, 13.125], "texture": "#0"},
				"west": {"uv": [8, 0.5, 8.25, 3.625], "texture": "#0"},
				"up": {"uv": [10.625, 6.5, 10.5, 6.25], "texture": "#0"},
				"down": {"uv": [10.625, 6.5, 10.5, 6.75], "texture": "#0"}
			}
		},
		{
			"from": [2.26207, -15.61379, 5.56207],
			"to": [3.66897, 9.5, 7.47931],
			"rotation": {"angle": 22.5, "axis": "x", "origin": [0.36207, 2.02414, 8.22069]},
			"faces": {
				"north": {"uv": [8, 3.625, 8.25, 6.75], "texture": "#0"},
				"east": {"uv": [8, 6.75, 8.25, 9.875], "texture": "#0"},
				"south": {"uv": [8.25, 0.5, 8.5, 3.625], "texture": "#0"},
				"west": {"uv": [8.25, 3.625, 8.5, 6.75], "texture": "#0"},
				"up": {"uv": [10.75, 1, 10.5, 0.75], "texture": "#0"},
				"down": {"uv": [10.75, 1, 10.5, 1.25], "texture": "#0"}
			}
		},
		{
			"from": [2.16207, 9.58621, 2.36207],
			"to": [3.06207, 31.90345, 4.27931],
			"rotation": {"angle": -22.5, "axis": "x", "origin": [0.36207, 23.12414, 5.02069]},
			"faces": {
				"north": {"uv": [10, 8.625, 10.125, 11.375], "texture": "#0"},
				"east": {"uv": [8.5, 0.5, 8.75, 3.25], "texture": "#0"},
				"south": {"uv": [8.75, 10, 8.875, 12.75], "texture": "#0"},
				"west": {"uv": [8.5, 3.25, 8.75, 6], "texture": "#0"},
				"up": {"uv": [10.625, 7, 10.5, 6.75], "texture": "#0"},
				"down": {"uv": [10.625, 7, 10.5, 7.25], "texture": "#0"}
			}
		},
		{
			"from": [2.94483, -13.9, -16],
			"to": [2.94483, 32, 32],
			"rotation": {"angle": 0, "axis": "y", "origin": [2.94483, -3.7, 0]},
			"faces": {
				"north": {"uv": [0, 0, 0, 5.75], "texture": "#0"},
				"east": {"uv": [0, 0, 6, 5.75], "texture": "#0"},
				"south": {"uv": [0, 0, 0, 5.75], "texture": "#0"},
				"west": {"uv": [0, 5.8, 6, 11.55], "texture": "#0"},
				"up": {"uv": [0, 6, 0, 0], "texture": "#0"},
				"down": {"uv": [0, 0, 0, 6], "texture": "#0"}
			}
		},
		{
			"from": [2.09655, -14.8931, -1.44483],
			"to": [3.70345, -13.1, 19.58621],
			"rotation": {"angle": 0, "axis": "y", "origin": [0.89655, -42.17931, 9.22069]},
			"faces": {
				"north": {"uv": [10.375, 10.25, 10.625, 10.5], "texture": "#0"},
				"east": {"uv": [8.75, 2, 11.375, 2.25], "texture": "#0"},
				"south": {"uv": [10.5, 0.5, 10.75, 0.75], "texture": "#0"},
				"west": {"uv": [8.75, 2.25, 11.375, 2.5], "texture": "#0"},
				"up": {"uv": [9, 5.125, 8.75, 2.5], "texture": "#0"},
				"down": {"uv": [9.25, 2.5, 9, 5.125], "texture": "#0"}
			}
		},
		{
			"from": [1.99655, -16, 24.84483],
			"to": [3.60345, 9.85517, 26.05862],
			"rotation": {"angle": 22.5, "axis": "x", "origin": [0.99655, 0.35517, 25.2931]},
			"faces": {
				"north": {"uv": [6, 7.5, 6.25, 10.75], "texture": "#0"},
				"east": {"uv": [7.875, 9.875, 8, 13.125], "texture": "#0"},
				"south": {"uv": [6.25, 7.5, 6.5, 10.75], "texture": "#0"},
				"west": {"uv": [8, 9.875, 8.125, 13.125], "texture": "#0"},
				"up": {"uv": [10.75, 4, 10.5, 3.875], "texture": "#0"},
				"down": {"uv": [10.75, 5.625, 10.5, 5.75], "texture": "#0"}
			}
		},
		{
			"from": [1.99655, -16, -7.7069],
			"to": [3.60345, 8.85517, -6.4931],
			"rotation": {"angle": -22.5, "axis": "x", "origin": [0.99655, 0.35517, -7.25862]},
			"faces": {
				"north": {"uv": [7.75, 0.5, 8, 3.625], "texture": "#0"},
				"east": {"uv": [8.25, 10, 8.375, 13.125], "texture": "#0"},
				"south": {"uv": [7.75, 3.625, 8, 6.75], "texture": "#0"},
				"west": {"uv": [8.375, 10, 8.5, 13.125], "texture": "#0"},
				"up": {"uv": [10.75, 3.75, 10.5, 3.625], "texture": "#0"},
				"down": {"uv": [10.75, 3.75, 10.5, 3.875], "texture": "#0"}
			}
		},
		{
			"from": [2, 3.1069, -6.86207],
			"to": [3.6069, 29.06207, -5.74828],
			"rotation": {"angle": 22.5, "axis": "x", "origin": [4.4069, 15.7069, 3.10345]},
			"faces": {
				"north": {"uv": [7.5, 0.5, 7.75, 3.75], "texture": "#0"},
				"east": {"uv": [9.75, 8.625, 9.875, 11.875], "texture": "#0"},
				"south": {"uv": [7.5, 3.75, 7.75, 7], "texture": "#0"},
				"west": {"uv": [7.75, 9.875, 7.875, 13.125], "texture": "#0"},
				"up": {"uv": [10.75, 3.5, 10.5, 3.375], "texture": "#0"},
				"down": {"uv": [10.75, 3.5, 10.5, 3.625], "texture": "#0"}
			}
		},
		{
			"from": [2.09655, 4.2069, 24.76897],
			"to": [3.70345, 29.06207, 25.88276],
			"rotation": {"angle": -22.5, "axis": "x", "origin": [1.09655, 15.7069, 15.91724]},
			"faces": {
				"north": {"uv": [7, 7.5, 7.25, 10.625], "texture": "#0"},
				"east": {"uv": [7.25, 10, 7.375, 13.125], "texture": "#0"},
				"south": {"uv": [7.5, 7, 7.75, 10.125], "texture": "#0"},
				"west": {"uv": [7.375, 10, 7.5, 13.125], "texture": "#0"},
				"up": {"uv": [10.75, 3.25, 10.5, 3.125], "texture": "#0"},
				"down": {"uv": [10.75, 3.25, 10.5, 3.375], "texture": "#0"}
			}
		},
		{
			"from": [2.09655, 30.1069, -0.74483],
			"to": [3.70345, 31.9, 19.58621],
			"rotation": {"angle": 0, "axis": "y", "origin": [0.89655, 2.82069, 9.22069]},
			"faces": {
				"north": {"uv": [10.375, 9.75, 10.625, 10], "texture": "#0"},
				"east": {"uv": [8.75, 5.125, 11.25, 5.375], "texture": "#0"},
				"south": {"uv": [10.375, 10, 10.625, 10.25], "texture": "#0"},
				"west": {"uv": [8.75, 5.375, 11.25, 5.625], "texture": "#0"},
				"up": {"uv": [9.375, 9.25, 9.125, 6.75], "texture": "#0"},
				"down": {"uv": [9.5, 2.5, 9.25, 5], "texture": "#0"}
			}
		},
		{
			"from": [2.16207, -14.91379, 11.26207],
			"to": [3.06207, 11.50345, 13.17931],
			"rotation": {"angle": -22.5, "axis": "x", "origin": [0.36207, 2.72414, 13.92069]},
			"faces": {
				"north": {"uv": [8.125, 9.875, 8.25, 13.125], "texture": "#0"},
				"east": {"uv": [6.5, 7.5, 6.75, 10.75], "texture": "#0"},
				"south": {"uv": [9.875, 8.625, 10, 11.875], "texture": "#0"},
				"west": {"uv": [6.75, 7.5, 7, 10.75], "texture": "#0"},
				"up": {"uv": [10.625, 6, 10.5, 5.75], "texture": "#0"},
				"down": {"uv": [10.625, 6, 10.5, 6.25], "texture": "#0"}
			}
		},
		{
			"from": [2.26207, -15.61379, 5.56207],
			"to": [3.66897, 9.5, 7.47931],
			"rotation": {"angle": 22.5, "axis": "x", "origin": [0.36207, 2.02414, 8.22069]},
			"faces": {
				"north": {"uv": [8, 3.625, 8.25, 6.75], "texture": "#0"},
				"east": {"uv": [8, 6.75, 8.25, 9.875], "texture": "#0"},
				"south": {"uv": [8.25, 0.5, 8.5, 3.625], "texture": "#0"},
				"west": {"uv": [8.25, 3.625, 8.5, 6.75], "texture": "#0"},
				"up": {"uv": [10.75, 1, 10.5, 0.75], "texture": "#0"},
				"down": {"uv": [10.75, 1, 10.5, 1.25], "texture": "#0"}
			}
		},
		{
			"from": [1.81724, 7.2069, -9.71724],
			"to": [3.32414, 9.12414, 28.77586],
			"rotation": {"angle": 0, "axis": "y", "origin": [0.11724, 6.46552, 7.92069]},
			"faces": {
				"north": {"uv": [10.375, 4.75, 10.625, 5], "texture": "#0"},
				"east": {"uv": [7.25, 0, 12, 0.25], "texture": "#0"},
				"south": {"uv": [10.375, 9.5, 10.625, 9.75], "texture": "#0"},
				"west": {"uv": [7.25, 0.25, 12, 0.5], "texture": "#0"},
				"up": {"uv": [7.5, 5.25, 7.25, 0.5], "texture": "#0"},
				"down": {"uv": [7.5, 5.25, 7.25, 10], "texture": "#0"}
			}
		},
		{
			"from": [2.16207, 5.88621, 15.26207],
			"to": [3.26897, 31, 17.17931],
			"rotation": {"angle": 22.5, "axis": "x", "origin": [0.36207, 23.52414, 17.92069]},
			"faces": {
				"north": {"uv": [8.5, 10, 8.625, 13.125], "texture": "#0"},
				"east": {"uv": [7.75, 6.75, 8, 9.875], "texture": "#0"},
				"south": {"uv": [8.625, 10, 8.75, 13.125], "texture": "#0"},
				"west": {"uv": [8, 0.5, 8.25, 3.625], "texture": "#0"},
				"up": {"uv": [10.625, 6.5, 10.5, 6.25], "texture": "#0"},
				"down": {"uv": [10.625, 6.5, 10.5, 6.75], "texture": "#0"}
			}
		},
		{
			"from": [2.16207, 9.58621, 2.36207],
			"to": [3.06207, 31.90345, 4.27931],
			"rotation": {"angle": -22.5, "axis": "x", "origin": [0.36207, 23.12414, 5.02069]},
			"faces": {
				"north": {"uv": [10, 8.625, 10.125, 11.375], "texture": "#0"},
				"east": {"uv": [8.5, 0.5, 8.75, 3.25], "texture": "#0"},
				"south": {"uv": [8.75, 10, 8.875, 12.75], "texture": "#0"},
				"west": {"uv": [8.5, 3.25, 8.75, 6], "texture": "#0"},
				"up": {"uv": [10.625, 7, 10.5, 6.75], "texture": "#0"},
				"down": {"uv": [10.625, 7, 10.5, 7.25], "texture": "#0"}
			}
		},
		{
			"from": [2.06207, 7.2069, -9.71724],
			"to": [3.56897, 9.12414, 28.77586],
			"rotation": {"angle": 0, "axis": "y", "origin": [0.36207, 6.46552, 7.92069]},
			"faces": {
				"north": {"uv": [10.375, 4.75, 10.625, 5], "texture": "#0"},
				"east": {"uv": [7.25, 0, 12, 0.25], "texture": "#0"},
				"south": {"uv": [10.375, 9.5, 10.625, 9.75], "texture": "#0"},
				"west": {"uv": [7.25, 0.25, 12, 0.5], "texture": "#0"},
				"up": {"uv": [7.5, 5.25, 7.25, 0.5], "texture": "#0"},
				"down": {"uv": [7.5, 5.25, 7.25, 10], "texture": "#0"}
			}
		},
		{
			"from": [9.91724, 4.76552, 6.42069],
			"to": [11.12414, 11.26552, 12.82069],
			"rotation": {"angle": 0, "axis": "y", "origin": [6.71724, 5.26552, 7.92069]},
			"faces": {
				"north": {"uv": [10.125, 9.5, 10.25, 10.25], "texture": "#0"},
				"east": {"uv": [9.375, 5.625, 10.125, 6.375], "texture": "#0"},
				"south": {"uv": [10.25, 2.5, 10.375, 3.25], "texture": "#0"},
				"west": {"uv": [9.375, 6.375, 10.125, 7.125], "texture": "#0"},
				"up": {"uv": [10.375, 4, 10.25, 3.25], "texture": "#0"},
				"down": {"uv": [10.375, 8.5, 10.25, 9.25], "texture": "#0"}
			}
		},
		{
			"from": [11.90345, 3.85172, 3.61034],
			"to": [12.8, 4.74828, 5.74828],
			"rotation": {"angle": 0, "axis": "y", "origin": [10.8, 3.3, 4.3]},
			"faces": {
				"north": {"uv": [9.625, 9.125, 9.75, 9.25], "texture": "#0"},
				"east": {"uv": [9.375, 9.125, 9.625, 9.25], "texture": "#0"},
				"south": {"uv": [10.5, 7.25, 10.625, 7.375], "texture": "#0"},
				"west": {"uv": [10.25, 1.75, 10.5, 1.875], "texture": "#0"},
				"up": {"uv": [10.625, 1.5, 10.5, 1.25], "texture": "#0"},
				"down": {"uv": [10.625, 1.75, 10.5, 2], "texture": "#0"}
			}
		},
		{
			"from": [19.10345, 3.85172, 3.61034],
			"to": [20, 4.74828, 5.74828],
			"rotation": {"angle": 0, "axis": "y", "origin": [18, 3.3, 4.3]},
			"faces": {
				"north": {"uv": [10.5, 7.375, 10.625, 7.5], "texture": "#0"},
				"east": {"uv": [10.375, 5, 10.625, 5.125], "texture": "#0"},
				"south": {"uv": [10.5, 8.5, 10.625, 8.625], "texture": "#0"},
				"west": {"uv": [10.5, 2.5, 10.75, 2.625], "texture": "#0"},
				"up": {"uv": [10.625, 2.875, 10.5, 2.625], "texture": "#0"},
				"down": {"uv": [10.625, 2.875, 10.5, 3.125], "texture": "#0"}
			}
		},
		{
			"from": [19.30345, 4.05172, 2.76896],
			"to": [19.8, 4.54828, 4.5069],
			"rotation": {"angle": 0, "axis": "y", "origin": [18, 3.3, 3.05862]},
			"faces": {
				"north": {"uv": [10.5, 7.375, 10.625, 7.5], "texture": "#0"},
				"east": {"uv": [10.375, 5, 10.625, 5.125], "texture": "#0"},
				"south": {"uv": [10.5, 8.5, 10.625, 8.625], "texture": "#0"},
				"west": {"uv": [10.5, 2.5, 10.75, 2.625], "texture": "#0"},
				"up": {"uv": [10.625, 2.875, 10.5, 2.625], "texture": "#0"},
				"down": {"uv": [10.625, 2.875, 10.5, 3.125], "texture": "#0"}
			}
		},
		{
			"from": [19.41379, 12.80344, 11.9862],
			"to": [19.91034, 17.62069, 12.48276],
			"rotation": {"angle": 0, "axis": "x", "origin": [18.11034, 13.0931, 13.23448]},
			"faces": {
				"north": {"uv": [10.625, 2.875, 10.5, 2.625], "rotation": 180, "texture": "#0"},
				"east": {"uv": [10.375, 5, 10.625, 5.125], "rotation": 90, "texture": "#0"},
				"south": {"uv": [10.625, 2.875, 10.5, 3.125], "texture": "#0"},
				"west": {"uv": [10.5, 2.5, 10.75, 2.625], "rotation": 270, "texture": "#0"},
				"up": {"uv": [10.5, 8.5, 10.625, 8.625], "texture": "#0"},
				"down": {"uv": [10.5, 7.375, 10.625, 7.5], "rotation": 180, "texture": "#0"}
			}
		},
		{
			"from": [15.81379, 0.60344, 9.1862],
			"to": [16.71034, 6.16207, 9.88276],
			"rotation": {"angle": 0, "axis": "z", "origin": [14.71034, 0.3931, 10.63448]},
			"faces": {
				"north": {"uv": [10.625, 2.875, 10.5, 2.625], "rotation": 180, "texture": "#0"},
				"east": {"uv": [10.375, 5, 10.625, 5.125], "rotation": 90, "texture": "#0"},
				"south": {"uv": [10.625, 2.875, 10.5, 3.125], "texture": "#0"},
				"west": {"uv": [10.5, 2.5, 10.75, 2.625], "rotation": 270, "texture": "#0"},
				"up": {"uv": [10.5, 8.5, 10.625, 8.625], "texture": "#0"},
				"down": {"uv": [10.5, 7.375, 10.625, 7.5], "rotation": 180, "texture": "#0"}
			}
		},
		{
			"from": [14.44138, 0.69655, 8.9862],
			"to": [18, 1.5931, 10.08276],
			"rotation": {"angle": 0, "axis": "z", "origin": [19.21034, -0.4069, 10.63448]},
			"faces": {
				"north": {"uv": [10.625, 2.875, 10.5, 2.625], "rotation": 270, "texture": "#0"},
				"east": {"uv": [10.5, 7.375, 10.625, 7.5], "rotation": 90, "texture": "#0"},
				"south": {"uv": [10.625, 2.875, 10.5, 3.125], "rotation": 270, "texture": "#0"},
				"west": {"uv": [10.5, 8.5, 10.625, 8.625], "rotation": 270, "texture": "#0"},
				"up": {"uv": [10.375, 5, 10.625, 5.125], "texture": "#0"},
				"down": {"uv": [10.5, 2.5, 10.75, 2.625], "rotation": 180, "texture": "#0"}
			}
		},
		{
			"from": [20.24138, 12.80344, 11.9862],
			"to": [20.73793, 16.24138, 12.48276],
			"rotation": {"angle": 0, "axis": "x", "origin": [18.93793, 13.0931, 13.23448]},
			"faces": {
				"north": {"uv": [10.625, 2.875, 10.5, 2.625], "rotation": 180, "texture": "#0"},
				"east": {"uv": [10.375, 5, 10.625, 5.125], "rotation": 90, "texture": "#0"},
				"south": {"uv": [10.625, 2.875, 10.5, 3.125], "texture": "#0"},
				"west": {"uv": [10.5, 2.5, 10.75, 2.625], "rotation": 270, "texture": "#0"},
				"up": {"uv": [10.5, 8.5, 10.625, 8.625], "texture": "#0"},
				"down": {"uv": [10.5, 7.375, 10.625, 7.5], "rotation": 180, "texture": "#0"}
			}
		},
		{
			"from": [12.00345, 3.45172, 3.26896],
			"to": [12.3, 3.74828, 5.0069],
			"rotation": {"angle": 0, "axis": "y", "origin": [10.7, 2.7, 3.55862]},
			"faces": {
				"north": {"uv": [10.5, 7.375, 10.625, 7.5], "texture": "#0"},
				"east": {"uv": [10.375, 5, 10.625, 5.125], "texture": "#0"},
				"south": {"uv": [10.5, 8.5, 10.625, 8.625], "texture": "#0"},
				"west": {"uv": [10.5, 2.5, 10.75, 2.625], "texture": "#0"},
				"up": {"uv": [10.625, 2.875, 10.5, 2.625], "texture": "#0"},
				"down": {"uv": [10.625, 2.875, 10.5, 3.125], "texture": "#0"}
			}
		},
		{
			"from": [19.20345, 3.45172, 3.26896],
			"to": [19.5, 3.74828, 5.0069],
			"rotation": {"angle": 0, "axis": "y", "origin": [17.9, 2.7, 3.55862]},
			"faces": {
				"north": {"uv": [10.5, 7.375, 10.625, 7.5], "texture": "#0"},
				"east": {"uv": [10.375, 5, 10.625, 5.125], "texture": "#0"},
				"south": {"uv": [10.5, 8.5, 10.625, 8.625], "texture": "#0"},
				"west": {"uv": [10.5, 2.5, 10.75, 2.625], "texture": "#0"},
				"up": {"uv": [10.625, 2.875, 10.5, 2.625], "texture": "#0"},
				"down": {"uv": [10.625, 2.875, 10.5, 3.125], "texture": "#0"}
			}
		},
		{
			"from": [11.40345, 4.25172, 3.26896],
			"to": [11.7, 4.54828, 5.0069],
			"rotation": {"angle": 0, "axis": "y", "origin": [10.1, 3.5, 3.55862]},
			"faces": {
				"north": {"uv": [10.5, 7.375, 10.625, 7.5], "texture": "#0"},
				"east": {"uv": [10.375, 5, 10.625, 5.125], "texture": "#0"},
				"south": {"uv": [10.5, 8.5, 10.625, 8.625], "texture": "#0"},
				"west": {"uv": [10.5, 2.5, 10.75, 2.625], "texture": "#0"},
				"up": {"uv": [10.625, 2.875, 10.5, 2.625], "texture": "#0"},
				"down": {"uv": [10.625, 2.875, 10.5, 3.125], "texture": "#0"}
			}
		},
		{
			"from": [20.10345, 4.25172, 3.26896],
			"to": [20.4, 4.54828, 5.0069],
			"rotation": {"angle": 0, "axis": "y", "origin": [18.8, 3.5, 3.55862]},
			"faces": {
				"north": {"uv": [10.5, 7.375, 10.625, 7.5], "texture": "#0"},
				"east": {"uv": [10.375, 5, 10.625, 5.125], "texture": "#0"},
				"south": {"uv": [10.5, 8.5, 10.625, 8.625], "texture": "#0"},
				"west": {"uv": [10.5, 2.5, 10.75, 2.625], "texture": "#0"},
				"up": {"uv": [10.625, 2.875, 10.5, 2.625], "texture": "#0"},
				"down": {"uv": [10.625, 2.875, 10.5, 3.125], "texture": "#0"}
			}
		},
		{
			"from": [11.90345, 3.38965, 3.74827],
			"to": [12.4, 3.91035, 5.61035],
			"rotation": {"angle": 0, "axis": "y", "origin": [10.8, 2.8, 4.3]},
			"faces": {
				"north": {"uv": [9.625, 9.125, 9.75, 9.25], "texture": "#0"},
				"east": {"uv": [9.375, 9.125, 9.625, 9.25], "texture": "#0"},
				"south": {"uv": [10.5, 7.25, 10.625, 7.375], "texture": "#0"},
				"west": {"uv": [10.25, 1.75, 10.5, 1.875], "texture": "#0"},
				"up": {"uv": [10.625, 1.5, 10.5, 1.25], "texture": "#0"},
				"down": {"uv": [10.625, 1.75, 10.5, 2], "texture": "#0"}
			}
		},
		{
			"from": [19.10345, 3.38965, 3.74827],
			"to": [19.6, 3.91035, 5.61035],
			"rotation": {"angle": 0, "axis": "y", "origin": [18, 2.8, 4.3]},
			"faces": {
				"north": {"uv": [10.5, 7.375, 10.625, 7.5], "texture": "#0"},
				"east": {"uv": [10.375, 5, 10.625, 5.125], "texture": "#0"},
				"south": {"uv": [10.5, 8.5, 10.625, 8.625], "texture": "#0"},
				"west": {"uv": [10.5, 2.5, 10.75, 2.625], "texture": "#0"},
				"up": {"uv": [10.625, 2.875, 10.5, 2.625], "texture": "#0"},
				"down": {"uv": [10.625, 2.875, 10.5, 3.125], "texture": "#0"}
			}
		},
		{
			"from": [11.30345, 4.08965, 3.74827],
			"to": [11.8, 4.61035, 5.61035],
			"rotation": {"angle": 0, "axis": "y", "origin": [10.2, 3.5, 4.3]},
			"faces": {
				"north": {"uv": [9.625, 9.125, 9.75, 9.25], "texture": "#0"},
				"east": {"uv": [9.375, 9.125, 9.625, 9.25], "texture": "#0"},
				"south": {"uv": [10.5, 7.25, 10.625, 7.375], "texture": "#0"},
				"west": {"uv": [10.25, 1.75, 10.5, 1.875], "texture": "#0"},
				"up": {"uv": [10.625, 1.5, 10.5, 1.25], "texture": "#0"},
				"down": {"uv": [10.625, 1.75, 10.5, 2], "texture": "#0"}
			}
		},
		{
			"from": [15.40345, 0.95172, 7.32068],
			"to": [15.7, 1.24828, 9.05862],
			"rotation": {"angle": 0, "axis": "y", "origin": [14.1, 0.2, 7.61034]},
			"faces": {
				"north": {"uv": [10.5, 7.375, 10.625, 7.5], "texture": "#0"},
				"east": {"uv": [10.375, 5, 10.625, 5.125], "texture": "#0"},
				"south": {"uv": [10.5, 8.5, 10.625, 8.625], "texture": "#0"},
				"west": {"uv": [10.5, 2.5, 10.75, 2.625], "texture": "#0"},
				"up": {"uv": [10.625, 2.875, 10.5, 2.625], "texture": "#0"},
				"down": {"uv": [10.625, 2.875, 10.5, 3.125], "texture": "#0"}
			}
		},
		{
			"from": [15.30345, 0.78965, 7.8],
			"to": [15.8, 1.31035, 9.66207],
			"rotation": {"angle": 0, "axis": "y", "origin": [14.2, 0.2, 8.35172]},
			"faces": {
				"north": {"uv": [9.625, 9.125, 9.75, 9.25], "texture": "#0"},
				"east": {"uv": [9.375, 9.125, 9.625, 9.25], "texture": "#0"},
				"south": {"uv": [10.5, 7.25, 10.625, 7.375], "texture": "#0"},
				"west": {"uv": [10.25, 1.75, 10.5, 1.875], "texture": "#0"},
				"up": {"uv": [10.625, 1.5, 10.5, 1.25], "texture": "#0"},
				"down": {"uv": [10.625, 1.75, 10.5, 2], "texture": "#0"}
			}
		},
		{
			"from": [16.90345, 0.95172, 7.32068],
			"to": [17.2, 1.24828, 9.05862],
			"rotation": {"angle": 0, "axis": "y", "origin": [15.6, 0.2, 7.61034]},
			"faces": {
				"north": {"uv": [10.5, 7.375, 10.625, 7.5], "texture": "#0"},
				"east": {"uv": [10.375, 5, 10.625, 5.125], "texture": "#0"},
				"south": {"uv": [10.5, 8.5, 10.625, 8.625], "texture": "#0"},
				"west": {"uv": [10.5, 2.5, 10.75, 2.625], "texture": "#0"},
				"up": {"uv": [10.625, 2.875, 10.5, 2.625], "texture": "#0"},
				"down": {"uv": [10.625, 2.875, 10.5, 3.125], "texture": "#0"}
			}
		},
		{
			"from": [16.80345, 0.78965, 7.8],
			"to": [17.3, 1.31035, 9.66207],
			"rotation": {"angle": 0, "axis": "y", "origin": [15.7, 0.2, 8.35172]},
			"faces": {
				"north": {"uv": [9.625, 9.125, 9.75, 9.25], "texture": "#0"},
				"east": {"uv": [9.375, 9.125, 9.625, 9.25], "texture": "#0"},
				"south": {"uv": [10.5, 7.25, 10.625, 7.375], "texture": "#0"},
				"west": {"uv": [10.25, 1.75, 10.5, 1.875], "texture": "#0"},
				"up": {"uv": [10.625, 1.5, 10.5, 1.25], "texture": "#0"},
				"down": {"uv": [10.625, 1.75, 10.5, 2], "texture": "#0"}
			}
		},
		{
			"from": [14.78966, 0.85172, 6.24137],
			"to": [15.28621, 1.34828, 8.8069],
			"rotation": {"angle": 0, "axis": "y", "origin": [13.58621, 0.2, 7.35862]},
			"faces": {
				"north": {"uv": [10.5, 7.375, 10.625, 7.5], "texture": "#0"},
				"east": {"uv": [10.375, 5, 10.625, 5.125], "texture": "#0"},
				"south": {"uv": [10.5, 8.5, 10.625, 8.625], "texture": "#0"},
				"west": {"uv": [10.5, 2.5, 10.75, 2.625], "texture": "#0"},
				"up": {"uv": [10.625, 2.875, 10.5, 2.625], "texture": "#0"},
				"down": {"uv": [10.625, 2.875, 10.5, 3.125], "texture": "#0"}
			}
		},
		{
			"from": [14.68966, 0.68965, 6.72068],
			"to": [15.38621, 1.41035, 9.41035],
			"rotation": {"angle": 0, "axis": "y", "origin": [13.68621, 0.2, 8.1]},
			"faces": {
				"north": {"uv": [9.625, 9.125, 9.75, 9.25], "texture": "#0"},
				"east": {"uv": [9.375, 9.125, 9.625, 9.25], "texture": "#0"},
				"south": {"uv": [10.5, 7.25, 10.625, 7.375], "texture": "#0"},
				"west": {"uv": [10.25, 1.75, 10.5, 1.875], "texture": "#0"},
				"up": {"uv": [10.625, 1.5, 10.5, 1.25], "texture": "#0"},
				"down": {"uv": [10.625, 1.75, 10.5, 2], "texture": "#0"}
			}
		},
		{
			"from": [17.28966, 0.68965, 6.72068],
			"to": [17.98621, 1.41035, 9.41035],
			"rotation": {"angle": 0, "axis": "y", "origin": [16.28621, 0.2, 8.1]},
			"faces": {
				"north": {"uv": [9.625, 9.125, 9.75, 9.25], "texture": "#0"},
				"east": {"uv": [9.375, 9.125, 9.625, 9.25], "texture": "#0"},
				"south": {"uv": [10.5, 7.25, 10.625, 7.375], "texture": "#0"},
				"west": {"uv": [10.25, 1.75, 10.5, 1.875], "texture": "#0"},
				"up": {"uv": [10.625, 1.5, 10.5, 1.25], "texture": "#0"},
				"down": {"uv": [10.625, 1.75, 10.5, 2], "texture": "#0"}
			}
		},
		{
			"from": [17.38966, 0.85172, 6.24137],
			"to": [17.88621, 1.34828, 8.8069],
			"rotation": {"angle": 0, "axis": "y", "origin": [16.18621, 0.2, 7.35862]},
			"faces": {
				"north": {"uv": [10.5, 7.375, 10.625, 7.5], "texture": "#0"},
				"east": {"uv": [10.375, 5, 10.625, 5.125], "texture": "#0"},
				"south": {"uv": [10.5, 8.5, 10.625, 8.625], "texture": "#0"},
				"west": {"uv": [10.5, 2.5, 10.75, 2.625], "texture": "#0"},
				"up": {"uv": [10.625, 2.875, 10.5, 2.625], "texture": "#0"},
				"down": {"uv": [10.625, 2.875, 10.5, 3.125], "texture": "#0"}
			}
		},
		{
			"from": [20.00345, 4.08965, 3.74827],
			"to": [20.5, 4.61035, 5.61035],
			"rotation": {"angle": 0, "axis": "y", "origin": [18.9, 3.5, 4.3]},
			"faces": {
				"north": {"uv": [10.5, 7.375, 10.625, 7.5], "texture": "#0"},
				"east": {"uv": [10.375, 5, 10.625, 5.125], "texture": "#0"},
				"south": {"uv": [10.5, 8.5, 10.625, 8.625], "texture": "#0"},
				"west": {"uv": [10.5, 2.5, 10.75, 2.625], "texture": "#0"},
				"up": {"uv": [10.625, 2.875, 10.5, 2.625], "texture": "#0"},
				"down": {"uv": [10.625, 2.875, 10.5, 3.125], "texture": "#0"}
			}
		},
		{
			"from": [20.10345, 7.65172, 13.35862],
			"to": [21, 8.54828, 15.49655],
			"rotation": {"angle": 0, "axis": "y", "origin": [19, 9.1, 14.8069]},
			"faces": {
				"north": {"uv": [10.5, 8.5, 10.625, 8.625], "rotation": 180, "texture": "#0"},
				"east": {"uv": [10.375, 5, 10.625, 5.125], "rotation": 180, "texture": "#0"},
				"south": {"uv": [10.5, 7.375, 10.625, 7.5], "rotation": 180, "texture": "#0"},
				"west": {"uv": [10.5, 2.5, 10.75, 2.625], "rotation": 180, "texture": "#0"},
				"up": {"uv": [10.625, 2.875, 10.5, 3.125], "texture": "#0"},
				"down": {"uv": [10.625, 2.875, 10.5, 2.625], "texture": "#0"}
			}
		},
		{
			"from": [11.31379, 7.65172, 13.35862],
			"to": [12.21034, 8.54828, 15.49655],
			"rotation": {"angle": 0, "axis": "y", "origin": [10.21034, 9.1, 14.8069]},
			"faces": {
				"north": {"uv": [10.5, 8.5, 10.625, 8.625], "rotation": 180, "texture": "#0"},
				"east": {"uv": [10.375, 5, 10.625, 5.125], "rotation": 180, "texture": "#0"},
				"south": {"uv": [10.5, 7.375, 10.625, 7.5], "rotation": 180, "texture": "#0"},
				"west": {"uv": [10.5, 2.5, 10.75, 2.625], "rotation": 180, "texture": "#0"},
				"up": {"uv": [10.625, 2.875, 10.5, 3.125], "texture": "#0"},
				"down": {"uv": [10.625, 2.875, 10.5, 2.625], "texture": "#0"}
			}
		}
	],
	"display": {
		"thirdperson_righthand": {
			"translation": [-11.5, 0, 0]
		}
	},
	"groups": [
		0,
		1,
		2,
		3,
		4,
		5,
		6,
		7,
		8,
		9,
		10,
		11,
		12,
		13,
		14,
		{
			"name": "wing",
			"origin": [28.11724, 6.46552, 7.92069],
			"color": 0,
			"children": [15, 16, 17, 18, 19, 20, 21, 22, 23, 24, 25, 26, 27, 28, 29, 30, 31, 32, 33, 34, 35, 36, 37]
		},
		{
			"name": "wing",
			"origin": [28.11724, 6.46552, 7.92069],
			"color": 0,
			"children": [38, 39, 40, 41, 42, 43, 44, 45, 46, 47, 48, 49, 50, 51, 52, 53, 54, 55, 56, 57, 58, 59, 60]
		},
		61,
		62,
		63,
		64,
		65,
		66,
		67,
		68,
		69,
		70,
		71,
		72,
		73,
		74,
		75,
		76,
		77,
		78,
		79,
		80,
		81,
		82,
		83,
		84,
		85,
		86
	]
}
