{
	"credit": "Made with Blockbench",
	"texture_size": [128, 128],
	"textures": {
		"0": "item/custom/texturetotbench1",
		"particle": "item/custom/texturetotbench1"
	},
	"elements": [
		{
			"from": [0, 0, 0.58966],
			"to": [11.7931, 2, 28.58276],
			"faces": {
				"north": {"uv": [6.375, 4.625, 7.875, 4.875], "texture": "#0"},
				"east": {"uv": [4.5, 3, 8, 3.25], "texture": "#0"},
				"south": {"uv": [6.375, 4.875, 7.875, 5.125], "texture": "#0"},
				"west": {"uv": [4.5, 3.25, 8, 3.5], "texture": "#0"},
				"up": {"uv": [1.5, 3.5, 0, 0], "texture": "#0"},
				"down": {"uv": [3, 0, 1.5, 3.5], "texture": "#0"}
			}
		},
		{
			"from": [2.59655, 1.46897, 1.10345],
			"to": [6.25172, 4.98621, 3.65517],
			"rotation": {"angle": 0, "axis": "y", "origin": [-0.3, 1.33103, 0.41379]},
			"faces": {
				"north": {"uv": [0, 7, 0.4375, 7.4375], "texture": "#0"},
				"east": {"uv": [4, 7.375, 4.3125, 7.8125], "texture": "#0"},
				"south": {"uv": [0.5, 7, 0.9375, 7.4375], "texture": "#0"},
				"west": {"uv": [4.375, 7.375, 4.6875, 7.8125], "texture": "#0"},
				"up": {"uv": [7.8125, 4.3125, 7.375, 4], "texture": "#0"},
				"down": {"uv": [5.1875, 7.375, 4.75, 7.6875], "texture": "#0"}
			}
		},
		{
			"from": [8.79655, 6.56897, 1.00345],
			"to": [11.75172, 9.08621, 3.75517],
			"rotation": {"angle": 0, "axis": "y", "origin": [5.2, 5.83103, 0.41379]},
			"faces": {
				"north": {"uv": [1.25, 7.5, 1.625, 7.8125], "texture": "#0"},
				"east": {"uv": [7.5, 1.375, 7.875, 1.6875], "texture": "#0"},
				"south": {"uv": [1.625, 7.5, 2, 7.8125], "texture": "#0"},
				"west": {"uv": [2, 7.625, 2.375, 7.9375], "texture": "#0"},
				"up": {"uv": [7.5, 1.375, 7.125, 1], "texture": "#0"},
				"down": {"uv": [7.5, 1.375, 7.125, 1.75], "texture": "#0"}
			}
		},
		{
			"from": [4.94138, -0.63103, 1.24138],
			"to": [11.21724, 3.74483, 3.51724],
			"rotation": {"angle": 22.5, "axis": "z", "origin": [4.66552, 1.33103, 0.41379]},
			"faces": {
				"north": {"uv": [5.5, 4.625, 6.3125, 5.1875], "texture": "#0"},
				"east": {"uv": [2, 7, 2.3125, 7.5625], "texture": "#0"},
				"south": {"uv": [5.5, 5.25, 6.3125, 5.8125], "texture": "#0"},
				"west": {"uv": [2.375, 7, 2.6875, 7.5625], "texture": "#0"},
				"up": {"uv": [7.3125, 2.1875, 6.5, 1.875], "texture": "#0"},
				"down": {"uv": [7.3125, 2.25, 6.5, 2.5625], "texture": "#0"}
			}
		},
		{
			"from": [8.94138, 1.26207, 1.14138],
			"to": [11.21724, 7.53793, 3.61724],
			"rotation": {"angle": 0, "axis": "z", "origin": [8.80345, 7.81379, 0.41379]},
			"faces": {
				"north": {"uv": [3.25, 6.5, 3.5625, 7.3125], "texture": "#0"},
				"east": {"uv": [3.625, 6.5, 3.9375, 7.3125], "texture": "#0"},
				"south": {"uv": [4, 6.5, 4.3125, 7.3125], "texture": "#0"},
				"west": {"uv": [4.375, 6.5, 4.6875, 7.3125], "texture": "#0"},
				"up": {"uv": [7.6875, 8.0625, 7.375, 7.75], "texture": "#0"},
				"down": {"uv": [8.0625, 7.5, 7.75, 7.8125], "texture": "#0"}
			}
		},
		{
			"from": [2.49655, -3.13103, 1.10345],
			"to": [5.35172, -0.01379, 3.65517],
			"rotation": {"angle": 0, "axis": "y", "origin": [-1.2, -3.66897, 0.41379]},
			"faces": {
				"north": {"uv": [3.25, 7.375, 3.625, 7.75], "texture": "#0"},
				"east": {"uv": [7.75, 5.125, 8.0625, 5.5], "texture": "#0"},
				"south": {"uv": [3.625, 7.375, 4, 7.75], "texture": "#0"},
				"west": {"uv": [7.75, 5.5, 8.0625, 5.875], "texture": "#0"},
				"up": {"uv": [6, 8.0625, 5.625, 7.75], "texture": "#0"},
				"down": {"uv": [6.375, 7.75, 6, 8.0625], "texture": "#0"}
			}
		},
		{
			"from": [4.99655, -5.73103, 0.90345],
			"to": [12.95172, -0.81379, 3.85517],
			"rotation": {"angle": 0, "axis": "y", "origin": [3.6, -4.46897, 0.41379]},
			"faces": {
				"north": {"uv": [4.5, 4, 5.5, 4.625], "texture": "#0"},
				"east": {"uv": [6.75, 0.375, 7.125, 1], "texture": "#0"},
				"south": {"uv": [4.5, 4.625, 5.5, 5.25], "texture": "#0"},
				"west": {"uv": [6.75, 1, 7.125, 1.625], "texture": "#0"},
				"up": {"uv": [7.375, 5.5, 6.375, 5.125], "texture": "#0"},
				"down": {"uv": [7.375, 5.5, 6.375, 5.875], "texture": "#0"}
			}
		},
		{
			"from": [3.19655, -5.73103, 1.10345],
			"to": [6.55172, -4.01379, 3.65517],
			"rotation": {"angle": 0, "axis": "y", "origin": [-1.3, -5.46897, 0.41379]},
			"faces": {
				"north": {"uv": [7.875, 0.75, 8.3125, 0.9375], "texture": "#0"},
				"east": {"uv": [7.875, 4.875, 8.1875, 5.0625], "texture": "#0"},
				"south": {"uv": [4, 7.875, 4.4375, 8.0625], "texture": "#0"},
				"west": {"uv": [5.125, 7.875, 5.4375, 8.0625], "texture": "#0"},
				"up": {"uv": [1.1875, 7.8125, 0.75, 7.5], "texture": "#0"},
				"down": {"uv": [7.9375, 1, 7.5, 1.3125], "texture": "#0"}
			}
		},
		{
			"from": [3.79655, -2.93103, 1.30345],
			"to": [6.15172, 0.58621, 3.55517],
			"rotation": {"angle": -22.5, "axis": "z", "origin": [-0.4, -3.06897, 0.41379]},
			"faces": {
				"north": {"uv": [6.625, 7.375, 6.9375, 7.8125], "texture": "#0"},
				"east": {"uv": [7.375, 6.75, 7.6875, 7.1875], "texture": "#0"},
				"south": {"uv": [7, 7.375, 7.3125, 7.8125], "texture": "#0"},
				"west": {"uv": [7.375, 7.25, 7.6875, 7.6875], "texture": "#0"},
				"up": {"uv": [1.0625, 8.1875, 0.75, 7.875], "texture": "#0"},
				"down": {"uv": [1.4375, 7.875, 1.125, 8.1875], "texture": "#0"}
			}
		},
		{
			"from": [2.49655, -3.13103, 25.70345],
			"to": [5.35172, -0.01379, 28.25517],
			"rotation": {"angle": 0, "axis": "y", "origin": [-1.2, -3.66897, 25.01379]},
			"faces": {
				"north": {"uv": [3.25, 7.375, 3.625, 7.75], "texture": "#0"},
				"east": {"uv": [7.75, 5.125, 8.0625, 5.5], "texture": "#0"},
				"south": {"uv": [3.625, 7.375, 4, 7.75], "texture": "#0"},
				"west": {"uv": [7.75, 5.5, 8.0625, 5.875], "texture": "#0"},
				"up": {"uv": [6, 8.0625, 5.625, 7.75], "texture": "#0"},
				"down": {"uv": [6.375, 7.75, 6, 8.0625], "texture": "#0"}
			}
		},
		{
			"from": [4.99655, -5.73103, 25.50345],
			"to": [12.95172, -0.81379, 28.45517],
			"rotation": {"angle": 0, "axis": "y", "origin": [3.6, -4.46897, 25.01379]},
			"faces": {
				"north": {"uv": [4.5, 4, 5.5, 4.625], "texture": "#0"},
				"east": {"uv": [6.75, 0.375, 7.125, 1], "texture": "#0"},
				"south": {"uv": [4.5, 4.625, 5.5, 5.25], "texture": "#0"},
				"west": {"uv": [6.75, 1, 7.125, 1.625], "texture": "#0"},
				"up": {"uv": [7.375, 5.5, 6.375, 5.125], "texture": "#0"},
				"down": {"uv": [7.375, 5.5, 6.375, 5.875], "texture": "#0"}
			}
		},
		{
			"from": [3.79655, -2.93103, 25.90345],
			"to": [6.15172, 0.58621, 28.15517],
			"rotation": {"angle": -22.5, "axis": "z", "origin": [-0.4, -3.06897, 25.01379]},
			"faces": {
				"north": {"uv": [6.625, 7.375, 6.9375, 7.8125], "texture": "#0"},
				"east": {"uv": [7.375, 6.75, 7.6875, 7.1875], "texture": "#0"},
				"south": {"uv": [7, 7.375, 7.3125, 7.8125], "texture": "#0"},
				"west": {"uv": [7.375, 7.25, 7.6875, 7.6875], "texture": "#0"},
				"up": {"uv": [1.0625, 8.1875, 0.75, 7.875], "texture": "#0"},
				"down": {"uv": [1.4375, 7.875, 1.125, 8.1875], "texture": "#0"}
			}
		},
		{
			"from": [3.19655, -5.73103, 25.70345],
			"to": [6.55172, -4.01379, 28.25517],
			"rotation": {"angle": 0, "axis": "y", "origin": [-1.3, -5.46897, 25.01379]},
			"faces": {
				"north": {"uv": [7.875, 0.75, 8.3125, 0.9375], "texture": "#0"},
				"east": {"uv": [7.875, 4.875, 8.1875, 5.0625], "texture": "#0"},
				"south": {"uv": [4, 7.875, 4.4375, 8.0625], "texture": "#0"},
				"west": {"uv": [5.125, 7.875, 5.4375, 8.0625], "texture": "#0"},
				"up": {"uv": [1.1875, 7.8125, 0.75, 7.5], "texture": "#0"},
				"down": {"uv": [7.9375, 1, 7.5, 1.3125], "texture": "#0"}
			}
		},
		{
			"from": [2.59655, 1.46897, 25.70345],
			"to": [6.25172, 4.98621, 28.25517],
			"rotation": {"angle": 0, "axis": "y", "origin": [-0.3, 1.33103, 25.01379]},
			"faces": {
				"north": {"uv": [0, 7, 0.4375, 7.4375], "texture": "#0"},
				"east": {"uv": [4, 7.375, 4.3125, 7.8125], "texture": "#0"},
				"south": {"uv": [0.5, 7, 0.9375, 7.4375], "texture": "#0"},
				"west": {"uv": [4.375, 7.375, 4.6875, 7.8125], "texture": "#0"},
				"up": {"uv": [7.8125, 4.3125, 7.375, 4], "texture": "#0"},
				"down": {"uv": [5.1875, 7.375, 4.75, 7.6875], "texture": "#0"}
			}
		},
		{
			"from": [4.94138, -0.63103, 25.84138],
			"to": [11.21724, 3.74483, 28.11724],
			"rotation": {"angle": 22.5, "axis": "z", "origin": [4.66552, 1.33103, 25.01379]},
			"faces": {
				"north": {"uv": [5.5, 4.625, 6.3125, 5.1875], "texture": "#0"},
				"east": {"uv": [2, 7, 2.3125, 7.5625], "texture": "#0"},
				"south": {"uv": [5.5, 5.25, 6.3125, 5.8125], "texture": "#0"},
				"west": {"uv": [2.375, 7, 2.6875, 7.5625], "texture": "#0"},
				"up": {"uv": [7.3125, 2.1875, 6.5, 1.875], "texture": "#0"},
				"down": {"uv": [7.3125, 2.25, 6.5, 2.5625], "texture": "#0"}
			}
		},
		{
			"from": [8.94138, 1.26207, 25.74138],
			"to": [11.21724, 7.53793, 28.21724],
			"rotation": {"angle": 0, "axis": "z", "origin": [8.80345, 7.81379, 25.01379]},
			"faces": {
				"north": {"uv": [3.25, 6.5, 3.5625, 7.3125], "texture": "#0"},
				"east": {"uv": [3.625, 6.5, 3.9375, 7.3125], "texture": "#0"},
				"south": {"uv": [4, 6.5, 4.3125, 7.3125], "texture": "#0"},
				"west": {"uv": [4.375, 6.5, 4.6875, 7.3125], "texture": "#0"},
				"up": {"uv": [7.6875, 8.0625, 7.375, 7.75], "texture": "#0"},
				"down": {"uv": [8.0625, 7.5, 7.75, 7.8125], "texture": "#0"}
			}
		},
		{
			"from": [8.79655, 6.56897, 25.60345],
			"to": [11.75172, 9.08621, 28.35517],
			"rotation": {"angle": 0, "axis": "y", "origin": [5.2, 5.83103, 25.01379]},
			"faces": {
				"north": {"uv": [1.25, 7.5, 1.625, 7.8125], "texture": "#0"},
				"east": {"uv": [7.5, 1.375, 7.875, 1.6875], "texture": "#0"},
				"south": {"uv": [1.625, 7.5, 2, 7.8125], "texture": "#0"},
				"west": {"uv": [2, 7.625, 2.375, 7.9375], "texture": "#0"},
				"up": {"uv": [7.5, 1.375, 7.125, 1], "texture": "#0"},
				"down": {"uv": [7.5, 1.375, 7.125, 1.75], "texture": "#0"}
			}
		},
		{
			"from": [1.7, -0.9, 0.68966],
			"to": [12.9931, 0.1, 28.48276],
			"rotation": {"angle": 0, "axis": "y", "origin": [0, -1.9, 0]},
			"faces": {
				"north": {"uv": [6.5, 4.375, 7.9375, 4.5], "texture": "#0"},
				"east": {"uv": [6.25, 5.875, 9.75, 6], "texture": "#0"},
				"south": {"uv": [6.5, 4.5, 7.9375, 4.625], "texture": "#0"},
				"west": {"uv": [6.25, 6, 9.75, 6.125], "texture": "#0"},
				"up": {"uv": [4.4375, 6.5, 3, 3], "texture": "#0"},
				"down": {"uv": [1.4375, 3.5, 0, 7], "texture": "#0"}
			}
		},
		{
			"from": [-0.03793, 1.9, 0.78966],
			"to": [1.95172, 2.9, 28.38276],
			"rotation": {"angle": -45, "axis": "z", "origin": [-1.73793, 0.9, 0]},
			"faces": {
				"north": {"uv": [7.125, 1.75, 7.375, 1.875], "texture": "#0"},
				"east": {"uv": [6.25, 6.125, 9.6875, 6.25], "texture": "#0"},
				"south": {"uv": [7.375, 2.875, 7.625, 3], "texture": "#0"},
				"west": {"uv": [6.25, 6.25, 9.6875, 6.375], "texture": "#0"},
				"up": {"uv": [2.75, 6.9375, 2.5, 3.5], "texture": "#0"},
				"down": {"uv": [3, 3.5, 2.75, 6.9375], "texture": "#0"}
			}
		},
		{
			"from": [11.10345, 0.1, 0.68966],
			"to": [13.10345, 11.7931, 28.48276],
			"rotation": {"angle": 0, "axis": "z", "origin": [13.10345, 0, 0]},
			"faces": {
				"north": {"uv": [6.5, 0.375, 6.75, 1.8125], "texture": "#0"},
				"east": {"uv": [3, 0, 6.5, 1.4375], "texture": "#0"},
				"south": {"uv": [3, 6.5, 3.25, 7.9375], "texture": "#0"},
				"west": {"uv": [3, 1.5, 6.5, 2.9375], "texture": "#0"},
				"up": {"uv": [1.75, 7, 1.5, 3.5], "texture": "#0"},
				"down": {"uv": [2, 3.5, 1.75, 7], "texture": "#0"}
			}
		},
		{
			"from": [12.10345, 11.8, 0.68966],
			"to": [12.10345, 13.56207, 28.48276],
			"rotation": {"angle": 0, "axis": "z", "origin": [14.10345, 11.7, 0]},
			"faces": {
				"north": {"uv": [2.75, 7, 3, 7.25], "texture": "#0"},
				"east": {"uv": [4.5, 3.5, 8, 3.75], "texture": "#0"},
				"south": {"uv": [2.75, 7.25, 3, 7.5], "texture": "#0"},
				"west": {"uv": [4.5, 3.75, 8, 4], "texture": "#0"},
				"up": {"uv": [2.25, 7, 2, 3.5], "texture": "#0"},
				"down": {"uv": [2.5, 3.5, 2.25, 7], "texture": "#0"}
			}
		}
	],
	"display": {}
}
