{
	"credit": "Made with Blockbench",
	"texture_size": [64, 64],
	"textures": {
		"0": "item/custom/texturetotcurtains",
		"1": "item/custom/texturetotcurtain2",
		"particle": "item/custom/texturetotcurtains"
	},
	"elements": [
		{
			"from": [-0.40345, -15.4, 3.5],
			"to": [-0.40345, 29.56207, 13.4],
			"rotation": {"angle": 0, "axis": "y", "origin": [-0.40345, -15.53793, 3.5]},
			"faces": {
				"north": {"uv": [0, 0, 0, 5.625], "texture": "#0"},
				"east": {"uv": [1.375, 4, 2.75, 9.625], "texture": "#0"},
				"south": {"uv": [0, 0, 0, 5.625], "texture": "#0"},
				"west": {"uv": [5.25, 0, 6.625, 5.625], "texture": "#0"},
				"up": {"uv": [0, 1.375, 0, 0], "texture": "#0"},
				"down": {"uv": [0, 0, 0, 1.375], "texture": "#0"}
			}
		},
		{
			"from": [-0.40345, -15.4, -15.2],
			"to": [-0.40345, 29.56207, -5.3],
			"rotation": {"angle": 0, "axis": "y", "origin": [-0.40345, -15.53793, -15.2]},
			"faces": {
				"north": {"uv": [0, 0, 0, 5.625], "texture": "#0"},
				"east": {"uv": [1.375, 4, 2.75, 9.625], "texture": "#0"},
				"south": {"uv": [0, 0, 0, 5.625], "texture": "#0"},
				"west": {"uv": [5.25, 0, 6.625, 5.625], "texture": "#0"},
				"up": {"uv": [0, 1.375, 0, 0], "texture": "#0"},
				"down": {"uv": [0, 0, 0, 1.375], "texture": "#0"}
			}
		},
		{
			"from": [-1.13793, 16.73793, -15.7],
			"to": [0.56207, 31.91379, 14.1],
			"rotation": {"angle": 0, "axis": "y", "origin": [-0.13793, 0.91379, -0.7]},
			"faces": {
				"north": {"uv": [3, 6.375, 3.125, 8.375], "texture": "#0"},
				"east": {"uv": [0, 0, 3.875, 2], "texture": "#0"},
				"south": {"uv": [3.125, 6.375, 3.25, 8.375], "texture": "#0"},
				"west": {"uv": [0, 2, 3.875, 4], "texture": "#0"},
				"up": {"uv": [2.875, 10.25, 2.75, 6.375], "texture": "#0"},
				"down": {"uv": [3, 6.375, 2.875, 10.25], "texture": "#0"}
			}
		},
		{
			"from": [-0.6, 14.60345, -15.7],
			"to": [-0.6, 20.05172, 14.1],
			"rotation": {"angle": 0, "axis": "y", "origin": [0.4, -17.01724, -0.7]},
			"faces": {
				"north": {"uv": [0, 0, 0, 0.375], "texture": "#0"},
				"east": {"uv": [2.75, 5.625, 6.625, 6], "texture": "#0"},
				"south": {"uv": [0, 0, 0, 0.375], "texture": "#0"},
				"west": {"uv": [2.75, 6, 6.625, 6.375], "texture": "#0"},
				"up": {"uv": [0, 3.875, 0, 0], "texture": "#0"},
				"down": {"uv": [0, 0, 0, 3.875], "texture": "#0"}
			}
		},
		{
			"from": [0.16552, -15.4, -14.45862],
			"to": [0.16552, 19.51724, 12.64483],
			"rotation": {"angle": 0, "axis": "y", "origin": [-1.83448, 0, -0.52759]},
			"faces": {
				"north": {"uv": [0, 0, 0, 9.75], "texture": "#1"},
				"east": {"uv": [0, 0, 6.75, 9.75], "texture": "#1"},
				"south": {"uv": [0, 0, 0, 9.75], "texture": "#1"},
				"west": {"uv": [6.75, 0, 13.5, 9.75], "texture": "#1"},
				"up": {"uv": [0, 6.75, 0, 0], "texture": "#1"},
				"down": {"uv": [0, 0, 0, 6.75], "texture": "#1"}
			}
		}
	],
	"display": {}
}
