{
	"credit": "Made with Blockbench",
	"texture_size": [32, 32],
	"textures": {
		"3": "item/custom/totqueuepostchain",
		"particle": "item/custom/totqueuepostchain"
	},
	"elements": [
		{
			"from": [8, 7.7, -0.5],
			"to": [8, 12.7, 16.5],
			"rotation": {"angle": 0, "axis": "y", "origin": [8, 8.7, -0.5]},
			"faces": {
				"north": {"uv": [1, 5, 1.5, 7.5], "texture": "#3"},
				"east": {"uv": [0, 0, 8.5, 2.5], "texture": "#3"},
				"south": {"uv": [1.5, 5, 2, 7.5], "texture": "#3"},
				"west": {"uv": [0, 2.5, 8.5, 5], "texture": "#3"},
				"up": {"uv": [0.5, 13.5, 0, 5], "texture": "#3"},
				"down": {"uv": [1, 5, 0.5, 13.5], "texture": "#3"}
			}
		}
	],
	"display": {
		"thirdperson_righthand": {
			"rotation": [90, 90, 0],
			"translation": [0, 0, 1],
			"scale": [1.67, 1.65, 1.67]
		}
	}
}
