{
	"credit": "Made with Blockbench",
	"texture_size": [128, 128],
	"textures": {
		"2": "item/custom/totflag"
	},
	"elements": [
		{
			"from": [0, 0, -16],
			"to": [0, 32, 22],
			"faces": {
				"north": {"uv": [5, 0, 5.25, 4], "texture": "#2"},
				"east": {"uv": [0, 0, 4.75, 4], "texture": "#2"},
				"south": {"uv": [5, 4, 5.25, 8], "texture": "#2"},
				"west": {"uv": [0, 4, 4.75, 8], "texture": "#2"},
				"up": {"uv": [5, 4.75, 4.75, 0], "texture": "#2"},
				"down": {"uv": [5, 4.75, 4.75, 9.5], "texture": "#2"}
			}
		}
	],
	"display": {
		"thirdperson_righthand": {
			"rotation": [35, 0, 0]
		}
	}
}
