{
	"credit": "Made with Blockbench",
	"parent": "xwingpoe",
	"texture_size": [8, 8],
	"textures": {
		"4": "item/custom/xwingpoe",
		"particle": "item/custom/xwingpoe"
	},
	"elements": [
		{
			"from": [-0.1, 1.24138, -13.10345],
			"to": [2.27586, 2.82758, -10.75862],
			"rotation": {"angle": 0, "axis": "y", "origin": [0, 0.68966, 3.03448]},
			"faces": {
				"north": {"uv": [11, 11.25, 11.625, 11.6875], "texture": "#4"},
				"east": {"uv": [8.75, 11.5, 9.3125, 11.9375], "texture": "#4"},
				"south": {"uv": [11.5, 0, 12.125, 0.4375], "texture": "#4"},
				"west": {"uv": [3.25, 11.75, 3.8125, 12.1875], "texture": "#4"},
				"up": {"uv": [11.625, 11.0625, 11, 10.5], "texture": "#4"},
				"down": {"uv": [1.625, 11.25, 1, 11.8125], "texture": "#4"}
			}
		},
		{
			"from": [0.41379, 1.51724, -15.86207],
			"to": [1.72414, 2.27586, -14.34483],
			"rotation": {"angle": 0, "axis": "y", "origin": [0, 1.51724, -0.82759]},
			"faces": {
				"north": {"uv": [1, 11, 1.4375, 11.25], "texture": "#4"},
				"east": {"uv": [10.25, 3.25, 12.0625, 3.5], "texture": "#4"},
				"south": {"uv": [9, 12, 9.4375, 12.25], "texture": "#4"},
				"west": {"uv": [10.25, 6.25, 12.0625, 6.5], "texture": "#4"},
				"up": {"uv": [8.6875, 8.8125, 8.25, 7], "texture": "#4"},
				"down": {"uv": [8.9375, 1.5, 8.5, 3.3125], "texture": "#4"}
			}
		},
		{
			"from": [0.27586, 1.34138, -14.75862],
			"to": [1.86207, 2.55172, -12.4138],
			"rotation": {"angle": 0, "axis": "y", "origin": [0, 0.82759, 0.27586]},
			"faces": {
				"north": {"uv": [4, 11.75, 4.5625, 12.0625], "texture": "#4"},
				"east": {"uv": [10, 6.5, 11.8125, 6.8125], "texture": "#4"},
				"south": {"uv": [12.25, 3, 12.8125, 3.3125], "texture": "#4"},
				"west": {"uv": [10, 7, 11.8125, 7.3125], "texture": "#4"},
				"up": {"uv": [6.5625, 8.3125, 6, 6.5], "texture": "#4"},
				"down": {"uv": [7.3125, 6.5, 6.75, 8.3125], "texture": "#4"}
			}
		},
		{
			"from": [-0.55172, 1.02759, 3.72414],
			"to": [2.68966, 3.7931, 6.89655],
			"rotation": {"angle": 0, "axis": "y", "origin": [0, 2.2069, 3.72414]},
			"faces": {
				"north": {"uv": [8.5, 3.5, 9.3125, 4.4375], "texture": "#4"},
				"east": {"uv": [7, 5.5, 7.4375, 6.4375], "texture": "#4"},
				"south": {"uv": [8.5, 4.5, 9.3125, 5.4375], "texture": "#4"},
				"west": {"uv": [8, 1.5, 8.4375, 2.4375], "texture": "#4"},
				"up": {"uv": [6.5625, 11.4375, 5.75, 11], "texture": "#4"},
				"down": {"uv": [9.5625, 11, 8.75, 11.4375], "texture": "#4"}
			}
		},
		{
			"from": [-0.27586, 1.24138, -11.03448],
			"to": [2.41379, 2.96552, -6.75862],
			"rotation": {"angle": 0, "axis": "y", "origin": [0, 1.10345, 1.93103]},
			"faces": {
				"north": {"uv": [10.75, 0, 11.4375, 0.625], "texture": "#4"},
				"east": {"uv": [9, 2.75, 10.0625, 3.375], "texture": "#4"},
				"south": {"uv": [10.75, 1.75, 11.4375, 2.375], "texture": "#4"},
				"west": {"uv": [1.5, 9.25, 2.5625, 9.875], "texture": "#4"},
				"up": {"uv": [6.6875, 9.5625, 6, 8.5], "texture": "#4"},
				"down": {"uv": [7.4375, 8.5, 6.75, 9.5625], "texture": "#4"}
			}
		},
		{
			"from": [-0.82759, 0.82759, -0.86551],
			"to": [2.96552, 4.06897, 5.65517],
			"rotation": {"angle": 0, "axis": "y", "origin": [0, 3.03448, 1.10345]},
			"faces": {
				"north": {"uv": [7, 0, 7.9375, 1.0625], "texture": "#4"},
				"east": {"uv": [2, 1.5, 3.8125, 2.5625], "texture": "#4"},
				"south": {"uv": [7, 1.25, 7.9375, 2.3125], "texture": "#4"},
				"west": {"uv": [2, 2.75, 3.8125, 3.8125], "texture": "#4"},
				"up": {"uv": [6.9375, 1.8125, 6, 0], "texture": "#4"},
				"down": {"uv": [6.9375, 2, 6, 3.8125], "texture": "#4"}
			}
		},
		{
			"from": [0.03793, 2.34483, -6.52069],
			"to": [2.23793, 3.37931, -0.89655],
			"rotation": {"angle": 0, "axis": "y", "origin": [0.13793, 2.34483, -2.89655]},
			"faces": {
				"north": {"uv": [9, 6.75, 9.5, 7], "texture": "#4"},
				"east": {"uv": [1.75, 11.25, 3.125, 11.5], "texture": "#4"},
				"south": {"uv": [9.25, 1.25, 9.75, 1.5], "texture": "#4"},
				"west": {"uv": [3.25, 11.25, 4.625, 11.5], "texture": "#4"},
				"up": {"uv": [8, 9.875, 7.5, 8.5], "texture": "#4"},
				"down": {"uv": [9.25, 0, 8.75, 1.375], "texture": "#4"}
			}
		},
		{
			"from": [0.13793, 3.31034, -5.51724],
			"to": [2.13793, 3.65517, -0.89655],
			"rotation": {"angle": 0, "axis": "y", "origin": [0.13793, 3.31034, -2.89655]},
			"faces": {
				"north": {"uv": [11, 13, 11.5, 13.0625], "texture": "#4"},
				"east": {"uv": [13, 7.5, 14.125, 7.5625], "texture": "#4"},
				"south": {"uv": [11.5, 13, 12, 13.0625], "texture": "#4"},
				"west": {"uv": [13, 7.75, 14.125, 7.8125], "texture": "#4"},
				"up": {"uv": [4.25, 11.125, 3.75, 10], "texture": "#4"},
				"down": {"uv": [4.75, 10, 4.25, 11.125], "texture": "#4"}
			}
		},
		{
			"from": [0.27586, 3.58621, -4.55172],
			"to": [2, 3.93103, -0.89655],
			"rotation": {"angle": 0, "axis": "y", "origin": [0.13793, 3.58621, -2.89655]},
			"faces": {
				"north": {"uv": [13, 11.75, 13.4375, 11.8125], "texture": "#4"},
				"east": {"uv": [13, 8, 13.9375, 8.0625], "texture": "#4"},
				"south": {"uv": [12, 13, 12.4375, 13.0625], "texture": "#4"},
				"west": {"uv": [13, 8.25, 13.9375, 8.3125], "texture": "#4"},
				"up": {"uv": [11.1875, 4.4375, 10.75, 3.5], "texture": "#4"},
				"down": {"uv": [11.1875, 4.5, 10.75, 5.4375], "texture": "#4"}
			}
		},
		{
			"from": [0.41379, 3.86207, -3.44828],
			"to": [1.86207, 4.2069, -0.89655],
			"rotation": {"angle": 0, "axis": "y", "origin": [0.13793, 3.86207, -2.89655]},
			"faces": {
				"north": {"uv": [13, 12, 13.375, 12.0625], "texture": "#4"},
				"east": {"uv": [10.25, 13, 10.875, 13.0625], "texture": "#4"},
				"south": {"uv": [12.5, 13, 12.875, 13.0625], "texture": "#4"},
				"west": {"uv": [13, 10.25, 13.625, 10.3125], "texture": "#4"},
				"up": {"uv": [7.625, 12.125, 7.25, 11.5], "texture": "#4"},
				"down": {"uv": [9.875, 11.5, 9.5, 12.125], "texture": "#4"}
			}
		},
		{
			"from": [-4.1, 2.3931, -0.96552],
			"to": [-0.72069, 3.42758, 3.82414],
			"rotation": {"angle": 0, "axis": "y", "origin": [-3.68621, 2.94482, 1.20345]},
			"faces": {
				"north": {"uv": [7.75, 11.75, 8.625, 12], "texture": "#4"},
				"east": {"uv": [11.25, 3.5, 12.4375, 3.75], "texture": "#4"},
				"south": {"uv": [12, 9, 12.875, 9.25], "texture": "#4"},
				"west": {"uv": [11.25, 3.75, 12.4375, 4], "texture": "#4"},
				"up": {"uv": [6.875, 5.1875, 6, 4], "texture": "#4"},
				"down": {"uv": [6.875, 5.25, 6, 6.4375], "texture": "#4"}
			}
		},
		{
			"from": [-3.54828, 3.37586, -0.76552],
			"to": [-1.27241, 4.13448, 3.82414],
			"rotation": {"angle": 0, "axis": "y", "origin": [-3.68621, 3.92759, 1.20345]},
			"faces": {
				"north": {"uv": [4.25, 12.75, 4.8125, 12.9375], "texture": "#4"},
				"east": {"uv": [5.75, 11.75, 6.9375, 11.9375], "texture": "#4"},
				"south": {"uv": [5, 12.75, 5.5625, 12.9375], "texture": "#4"},
				"west": {"uv": [5.75, 12, 6.9375, 12.1875], "texture": "#4"},
				"up": {"uv": [9.3125, 8.1875, 8.75, 7], "texture": "#4"},
				"down": {"uv": [9.3125, 8.25, 8.75, 9.4375], "texture": "#4"}
			}
		},
		{
			"from": [-3.27241, 2.91379, 3.58621],
			"to": [-1.54828, 3.53448, 7.31035],
			"rotation": {"angle": 0, "axis": "y", "origin": [-3.68621, 3.46552, 5.65517]},
			"faces": {
				"north": {"uv": [8.75, 13, 9.1875, 13.125], "texture": "#4"},
				"east": {"uv": [3.5, 12.25, 4.875, 12.375], "texture": "#4"},
				"south": {"uv": [13, 9, 13.4375, 9.125], "texture": "#4"},
				"west": {"uv": [5, 12.25, 6.375, 12.375], "texture": "#4"},
				"up": {"uv": [5.1875, 10.625, 4.75, 9.25], "texture": "#4"},
				"down": {"uv": [5.6875, 9.25, 5.25, 10.625], "texture": "#4"}
			}
		},
		{
			"from": [-3.82414, 2.23103, 3.58621],
			"to": [-0.99655, 2.98965, 7.41035],
			"rotation": {"angle": 0, "axis": "y", "origin": [-3.68621, 2.78275, 5.75517]},
			"faces": {
				"north": {"uv": [12.5, 4.5, 13.1875, 4.6875], "texture": "#4"},
				"east": {"uv": [11.5, 0.5, 12.875, 0.6875], "texture": "#4"},
				"south": {"uv": [12.5, 4.75, 13.1875, 4.9375], "texture": "#4"},
				"west": {"uv": [1.75, 11.5, 3.125, 11.6875], "texture": "#4"},
				"up": {"uv": [7.6875, 3.875, 7, 2.5], "texture": "#4"},
				"down": {"uv": [7.6875, 4, 7, 5.375], "texture": "#4"}
			}
		},
		{
			"from": [3.34827, 3.37586, -0.76552],
			"to": [5.62414, 4.13448, 3.82414],
			"rotation": {"angle": 0, "axis": "y", "origin": [3.21034, 3.92759, 1.20345]},
			"faces": {
				"north": {"uv": [4.25, 12.75, 4.8125, 12.9375], "texture": "#4"},
				"east": {"uv": [5.75, 11.75, 6.9375, 11.9375], "texture": "#4"},
				"south": {"uv": [5, 12.75, 5.5625, 12.9375], "texture": "#4"},
				"west": {"uv": [5.75, 12, 6.9375, 12.1875], "texture": "#4"},
				"up": {"uv": [9.3125, 8.1875, 8.75, 7], "texture": "#4"},
				"down": {"uv": [9.3125, 8.25, 8.75, 9.4375], "texture": "#4"}
			}
		},
		{
			"from": [2.79655, 2.3931, -0.96552],
			"to": [6.17586, 3.42758, 3.82414],
			"rotation": {"angle": 0, "axis": "y", "origin": [3.21034, 2.94482, 1.20345]},
			"faces": {
				"north": {"uv": [7.75, 11.75, 8.625, 12], "texture": "#4"},
				"east": {"uv": [11.25, 3.5, 12.4375, 3.75], "texture": "#4"},
				"south": {"uv": [12, 9, 12.875, 9.25], "texture": "#4"},
				"west": {"uv": [11.25, 3.75, 12.4375, 4], "texture": "#4"},
				"up": {"uv": [6.875, 5.1875, 6, 4], "texture": "#4"},
				"down": {"uv": [6.875, 5.25, 6, 6.4375], "texture": "#4"}
			}
		},
		{
			"from": [3.07241, 2.23103, 3.58621],
			"to": [5.9, 2.98965, 7.41035],
			"rotation": {"angle": 0, "axis": "y", "origin": [3.21034, 2.78275, 5.75517]},
			"faces": {
				"north": {"uv": [12.5, 4.5, 13.1875, 4.6875], "texture": "#4"},
				"east": {"uv": [11.5, 0.5, 12.875, 0.6875], "texture": "#4"},
				"south": {"uv": [12.5, 4.75, 13.1875, 4.9375], "texture": "#4"},
				"west": {"uv": [1.75, 11.5, 3.125, 11.6875], "texture": "#4"},
				"up": {"uv": [7.6875, 3.875, 7, 2.5], "texture": "#4"},
				"down": {"uv": [7.6875, 4, 7, 5.375], "texture": "#4"}
			}
		},
		{
			"from": [3.62414, 2.91379, 3.58621],
			"to": [5.34827, 3.53448, 7.31035],
			"rotation": {"angle": 0, "axis": "y", "origin": [3.21034, 3.46552, 5.65517]},
			"faces": {
				"north": {"uv": [8.75, 13, 9.1875, 13.125], "texture": "#4"},
				"east": {"uv": [3.5, 12.25, 4.875, 12.375], "texture": "#4"},
				"south": {"uv": [13, 9, 13.4375, 9.125], "texture": "#4"},
				"west": {"uv": [5, 12.25, 6.375, 12.375], "texture": "#4"},
				"up": {"uv": [5.1875, 10.625, 4.75, 9.25], "texture": "#4"},
				"down": {"uv": [5.6875, 9.25, 5.25, 10.625], "texture": "#4"}
			}
		},
		{
			"from": [-6.3069, 2.1069, 0.68966],
			"to": [-3.75517, 2.86552, 6.06897],
			"rotation": {"angle": 0, "axis": "y", "origin": [-6.3069, 2.65862, 2.75862]},
			"faces": {
				"north": {"uv": [12.5, 5, 13.1875, 5.1875], "texture": "#4"},
				"east": {"uv": [11.5, 1.75, 12.875, 1.9375], "texture": "#4"},
				"south": {"uv": [12.5, 5.25, 13.1875, 5.4375], "texture": "#4"},
				"west": {"uv": [11.5, 2, 12.875, 2.1875], "texture": "#4"},
				"up": {"uv": [8.1875, 6.875, 7.5, 5.5], "texture": "#4"},
				"down": {"uv": [8.1875, 7, 7.5, 8.375], "texture": "#4"}
			}
		},
		{
			"from": [-8.37586, 2.1069, 1.65517],
			"to": [-6.23793, 2.76552, 5.93103],
			"rotation": {"angle": 0, "axis": "y", "origin": [-9.61724, 2.65862, 3.17241]},
			"faces": {
				"north": {"uv": [5.75, 12.75, 6.3125, 12.9375], "texture": "#4"},
				"east": {"uv": [12.25, 0, 13.3125, 0.1875], "texture": "#4"},
				"south": {"uv": [6.5, 12.75, 7.0625, 12.9375], "texture": "#4"},
				"west": {"uv": [12.25, 0.25, 13.3125, 0.4375], "texture": "#4"},
				"up": {"uv": [6.3125, 10.8125, 5.75, 9.75], "texture": "#4"},
				"down": {"uv": [7.0625, 9.75, 6.5, 10.8125], "texture": "#4"}
			}
		},
		{
			"from": [-11.9931, 2.38276, 0.68966],
			"to": [-11.02069, 3.27931, 6.48276],
			"rotation": {"angle": 0, "axis": "y", "origin": [-7.91724, 2.93448, 3.17241]},
			"faces": {
				"north": {"uv": [8, 8.5, 8.25, 8.75], "texture": "#4"},
				"east": {"uv": [10.75, 0.75, 12.1875, 1], "texture": "#4"},
				"south": {"uv": [8, 8.75, 8.25, 9], "texture": "#4"},
				"west": {"uv": [10.75, 1, 12.1875, 1.25], "texture": "#4"},
				"up": {"uv": [5, 12.1875, 4.75, 10.75], "texture": "#4"},
				"down": {"uv": [5.25, 10.75, 5, 12.1875], "texture": "#4"}
			}
		},
		{
			"from": [-11.9931, 1.18276, 0.68966],
			"to": [-11.02069, 2.07931, 6.48276],
			"rotation": {"angle": 0, "axis": "y", "origin": [-7.91724, 1.73448, 3.17241]},
			"faces": {
				"north": {"uv": [8, 8.5, 8.25, 8.75], "texture": "#4"},
				"east": {"uv": [10.75, 0.75, 12.1875, 1], "texture": "#4"},
				"south": {"uv": [8, 8.75, 8.25, 9], "texture": "#4"},
				"west": {"uv": [10.75, 1, 12.1875, 1.25], "texture": "#4"},
				"up": {"uv": [5, 12.1875, 4.75, 10.75], "texture": "#4"},
				"down": {"uv": [5.25, 10.75, 5, 12.1875], "texture": "#4"}
			}
		},
		{
			"from": [13.3069, 2.48276, 0.68966],
			"to": [14.27931, 3.37931, 6.48276],
			"rotation": {"angle": 0, "axis": "y", "origin": [17.38276, 3.03448, 3.17241]},
			"faces": {
				"north": {"uv": [8, 8.5, 8.25, 8.75], "texture": "#4"},
				"east": {"uv": [10.75, 0.75, 12.1875, 1], "texture": "#4"},
				"south": {"uv": [8, 8.75, 8.25, 9], "texture": "#4"},
				"west": {"uv": [10.75, 1, 12.1875, 1.25], "texture": "#4"},
				"up": {"uv": [5, 12.1875, 4.75, 10.75], "texture": "#4"},
				"down": {"uv": [5.25, 10.75, 5, 12.1875], "texture": "#4"}
			}
		},
		{
			"from": [13.3069, 1.18276, 0.68966],
			"to": [14.27931, 2.07931, 6.48276],
			"rotation": {"angle": 0, "axis": "y", "origin": [17.38276, 1.73448, 3.17241]},
			"faces": {
				"north": {"uv": [8, 8.5, 8.25, 8.75], "texture": "#4"},
				"east": {"uv": [10.75, 0.75, 12.1875, 1], "texture": "#4"},
				"south": {"uv": [8, 8.75, 8.25, 9], "texture": "#4"},
				"west": {"uv": [10.75, 1, 12.1875, 1.25], "texture": "#4"},
				"up": {"uv": [5, 12.1875, 4.75, 10.75], "texture": "#4"},
				"down": {"uv": [5.25, 10.75, 5, 12.1875], "texture": "#4"}
			}
		},
		{
			"from": [-11.85517, 2.24483, 2.79655],
			"to": [-4.53793, 2.62759, 5.96897],
			"rotation": {"angle": 0, "axis": "y", "origin": [-7.91724, 2.65862, 3.07241]},
			"faces": {
				"north": {"uv": [11.75, 10.5, 13.5625, 10.625], "texture": "#4"},
				"east": {"uv": [0.5, 12.5, 1.5625, 12.625], "texture": "#4"},
				"south": {"uv": [11.75, 10.75, 13.5625, 10.875], "texture": "#4"},
				"west": {"uv": [1.75, 12.5, 2.8125, 12.625], "texture": "#4"},
				"up": {"uv": [1.8125, 5.0625, 0, 4], "texture": "#4"},
				"down": {"uv": [5.8125, 1.5, 4, 2.5625], "texture": "#4"}
			}
		},
		{
			"from": [-2.72069, 3.02068, 6.59656],
			"to": [-1.68621, 4.05517, 10.59656],
			"rotation": {"angle": 0, "axis": "y", "origin": [-3.68621, 3.57241, 8.66552]},
			"faces": {
				"north": {"uv": [6.75, 11, 7.125, 11.375], "texture": "#4"},
				"east": {"uv": [10, 7.5, 11.3125, 7.875], "texture": "#4"},
				"south": {"uv": [9.5, 12.25, 9.875, 12.625], "texture": "#4"},
				"west": {"uv": [10, 8, 11.3125, 8.375], "texture": "#4"},
				"up": {"uv": [7.625, 11.3125, 7.25, 10], "texture": "#4"},
				"down": {"uv": [10.375, 8.5, 10, 9.8125], "texture": "#4"}
			}
		},
		{
			"from": [4, 3.03448, 6.49656],
			"to": [5.03448, 4.06897, 10.49656],
			"rotation": {"angle": 0, "axis": "y", "origin": [3.03448, 3.58621, 8.56552]},
			"faces": {
				"north": {"uv": [6.75, 11, 7.125, 11.375], "texture": "#4"},
				"east": {"uv": [10, 7.5, 11.3125, 7.875], "texture": "#4"},
				"south": {"uv": [9.5, 12.25, 9.875, 12.625], "texture": "#4"},
				"west": {"uv": [10, 8, 11.3125, 8.375], "texture": "#4"},
				"up": {"uv": [7.625, 11.3125, 7.25, 10], "texture": "#4"},
				"down": {"uv": [10.375, 8.5, 10, 9.8125], "texture": "#4"}
			}
		},
		{
			"from": [-4.07932, 1.47931, -0.96552],
			"to": [-0.70001, 2.51379, 3.72414],
			"rotation": {"angle": 0, "axis": "z", "origin": [-1.1138, 1.96207, 1.10345]},
			"faces": {
				"north": {"uv": [7.75, 11.75, 8.625, 12], "rotation": 180, "texture": "#4"},
				"east": {"uv": [11.25, 3.75, 12.4375, 4], "rotation": 180, "texture": "#4"},
				"south": {"uv": [12, 9, 12.875, 9.25], "rotation": 180, "texture": "#4"},
				"west": {"uv": [11.25, 3.5, 12.4375, 3.75], "rotation": 180, "texture": "#4"},
				"up": {"uv": [6.875, 5.25, 6, 6.4375], "rotation": 180, "texture": "#4"},
				"down": {"uv": [6.875, 5.1875, 6, 4], "rotation": 180, "texture": "#4"}
			}
		},
		{
			"from": [-3.5276, 0.83794, -0.86552],
			"to": [-1.25173, 1.59656, 3.72414],
			"rotation": {"angle": 0, "axis": "z", "origin": [-1.1138, 1.04483, 1.10345]},
			"faces": {
				"north": {"uv": [4.25, 12.75, 4.8125, 12.9375], "rotation": 180, "texture": "#4"},
				"east": {"uv": [5.75, 12, 6.9375, 12.1875], "rotation": 180, "texture": "#4"},
				"south": {"uv": [5, 12.75, 5.5625, 12.9375], "rotation": 180, "texture": "#4"},
				"west": {"uv": [5.75, 11.75, 6.9375, 11.9375], "rotation": 180, "texture": "#4"},
				"up": {"uv": [9.3125, 8.25, 8.75, 9.4375], "rotation": 180, "texture": "#4"},
				"down": {"uv": [9.3125, 8.1875, 8.75, 7], "rotation": 180, "texture": "#4"}
			}
		},
		{
			"from": [-3.32414, 1.2138, 3.58621],
			"to": [-1.60001, 1.83449, 7.31035],
			"rotation": {"angle": 0, "axis": "z", "origin": [-1.18621, 1.28276, 5.65517]},
			"faces": {
				"north": {"uv": [8.75, 13, 9.1875, 13.125], "rotation": 180, "texture": "#4"},
				"east": {"uv": [5, 12.25, 6.375, 12.375], "rotation": 180, "texture": "#4"},
				"south": {"uv": [13, 9, 13.4375, 9.125], "rotation": 180, "texture": "#4"},
				"west": {"uv": [3.5, 12.25, 4.875, 12.375], "rotation": 180, "texture": "#4"},
				"up": {"uv": [5.6875, 9.25, 5.25, 10.625], "rotation": 180, "texture": "#4"},
				"down": {"uv": [5.1875, 10.625, 4.75, 9.25], "rotation": 180, "texture": "#4"}
			}
		},
		{
			"from": [-3.77587, 1.7931, 3.58621],
			"to": [-0.94828, 2.55172, 7.41035],
			"rotation": {"angle": 0, "axis": "z", "origin": [-1.08621, 2, 5.75517]},
			"faces": {
				"north": {"uv": [12.5, 4.5, 13.1875, 4.6875], "rotation": 180, "texture": "#4"},
				"east": {"uv": [1.75, 11.5, 3.125, 11.6875], "rotation": 180, "texture": "#4"},
				"south": {"uv": [12.5, 4.75, 13.1875, 4.9375], "rotation": 180, "texture": "#4"},
				"west": {"uv": [11.5, 0.5, 12.875, 0.6875], "rotation": 180, "texture": "#4"},
				"up": {"uv": [7.6875, 4, 7, 5.375], "rotation": 180, "texture": "#4"},
				"down": {"uv": [7.6875, 3.875, 7, 2.5], "rotation": 180, "texture": "#4"}
			}
		},
		{
			"from": [3.16896, 1.7931, 3.58621],
			"to": [5.99655, 2.55172, 7.41035],
			"rotation": {"angle": 0, "axis": "z", "origin": [5.85862, 2, 5.75517]},
			"faces": {
				"north": {"uv": [12.5, 4.5, 13.1875, 4.6875], "rotation": 180, "texture": "#4"},
				"east": {"uv": [1.75, 11.5, 3.125, 11.6875], "rotation": 180, "texture": "#4"},
				"south": {"uv": [12.5, 4.75, 13.1875, 4.9375], "rotation": 180, "texture": "#4"},
				"west": {"uv": [11.5, 0.5, 12.875, 0.6875], "rotation": 180, "texture": "#4"},
				"up": {"uv": [7.6875, 4, 7, 5.375], "rotation": 180, "texture": "#4"},
				"down": {"uv": [7.6875, 3.875, 7, 2.5], "rotation": 180, "texture": "#4"}
			}
		},
		{
			"from": [3.62069, 1.2138, 3.58621],
			"to": [5.34482, 1.83449, 7.31035],
			"rotation": {"angle": 0, "axis": "z", "origin": [5.75862, 1.28276, 5.65517]},
			"faces": {
				"north": {"uv": [8.75, 13, 9.1875, 13.125], "rotation": 180, "texture": "#4"},
				"east": {"uv": [5, 12.25, 6.375, 12.375], "rotation": 180, "texture": "#4"},
				"south": {"uv": [13, 9, 13.4375, 9.125], "rotation": 180, "texture": "#4"},
				"west": {"uv": [3.5, 12.25, 4.875, 12.375], "rotation": 180, "texture": "#4"},
				"up": {"uv": [5.6875, 9.25, 5.25, 10.625], "rotation": 180, "texture": "#4"},
				"down": {"uv": [5.1875, 10.625, 4.75, 9.25], "rotation": 180, "texture": "#4"}
			}
		},
		{
			"from": [3.41723, 0.83794, -0.86552],
			"to": [5.6931, 1.59656, 3.72414],
			"rotation": {"angle": 0, "axis": "z", "origin": [5.83103, 1.04483, 1.10345]},
			"faces": {
				"north": {"uv": [4.25, 12.75, 4.8125, 12.9375], "rotation": 180, "texture": "#4"},
				"east": {"uv": [5.75, 12, 6.9375, 12.1875], "rotation": 180, "texture": "#4"},
				"south": {"uv": [5, 12.75, 5.5625, 12.9375], "rotation": 180, "texture": "#4"},
				"west": {"uv": [5.75, 11.75, 6.9375, 11.9375], "rotation": 180, "texture": "#4"},
				"up": {"uv": [9.3125, 8.25, 8.75, 9.4375], "rotation": 180, "texture": "#4"},
				"down": {"uv": [9.3125, 8.1875, 8.75, 7], "rotation": 180, "texture": "#4"}
			}
		},
		{
			"from": [2.86551, 1.47931, -0.96552],
			"to": [6.24482, 2.51379, 3.72414],
			"rotation": {"angle": 0, "axis": "z", "origin": [5.83103, 1.96207, 1.10345]},
			"faces": {
				"north": {"uv": [7.75, 11.75, 8.625, 12], "rotation": 180, "texture": "#4"},
				"east": {"uv": [11.25, 3.75, 12.4375, 4], "rotation": 180, "texture": "#4"},
				"south": {"uv": [12, 9, 12.875, 9.25], "rotation": 180, "texture": "#4"},
				"west": {"uv": [11.25, 3.5, 12.4375, 3.75], "rotation": 180, "texture": "#4"},
				"up": {"uv": [6.875, 5.25, 6, 6.4375], "rotation": 180, "texture": "#4"},
				"down": {"uv": [6.875, 5.1875, 6, 4], "rotation": 180, "texture": "#4"}
			}
		},
		{
			"from": [-6.35173, 1.16896, 0.74137],
			"to": [-3.8, 1.92758, 6.12068],
			"rotation": {"angle": 0, "axis": "y", "origin": [-6.35173, 1.37586, 4.05172]},
			"faces": {
				"north": {"uv": [12.5, 5.25, 13.1875, 5.4375], "rotation": 180, "texture": "#4"},
				"east": {"uv": [11.5, 1.75, 12.875, 1.9375], "rotation": 180, "texture": "#4"},
				"south": {"uv": [12.5, 5, 13.1875, 5.1875], "rotation": 180, "texture": "#4"},
				"west": {"uv": [11.5, 2, 12.875, 2.1875], "rotation": 180, "texture": "#4"},
				"up": {"uv": [8.1875, 7, 7.5, 8.375], "texture": "#4"},
				"down": {"uv": [8.1875, 6.875, 7.5, 5.5], "texture": "#4"}
			}
		},
		{
			"from": [-8.37586, 1.31723, 1.61379],
			"to": [-6.23793, 1.97585, 5.88965],
			"rotation": {"angle": 0, "axis": "y", "origin": [-9.61724, 1.42413, 4.37241]},
			"faces": {
				"north": {"uv": [6.5, 12.75, 7.0625, 12.9375], "rotation": 180, "texture": "#4"},
				"east": {"uv": [12.25, 0, 13.3125, 0.1875], "rotation": 180, "texture": "#4"},
				"south": {"uv": [5.75, 12.75, 6.3125, 12.9375], "rotation": 180, "texture": "#4"},
				"west": {"uv": [12.25, 0.25, 13.3125, 0.4375], "rotation": 180, "texture": "#4"},
				"up": {"uv": [7.0625, 9.75, 6.5, 10.8125], "texture": "#4"},
				"down": {"uv": [6.3125, 10.8125, 5.75, 9.75], "texture": "#4"}
			}
		},
		{
			"from": [-11.85517, 1.55516, 2.75861],
			"to": [-4.53793, 1.93792, 5.93103],
			"rotation": {"angle": 0, "axis": "y", "origin": [-7.91724, 1.52413, 5.65517]},
			"faces": {
				"north": {"uv": [11.75, 10.75, 13.5625, 10.875], "rotation": 180, "texture": "#4"},
				"east": {"uv": [0.5, 12.5, 1.5625, 12.625], "rotation": 180, "texture": "#4"},
				"south": {"uv": [11.75, 10.5, 13.5625, 10.625], "rotation": 180, "texture": "#4"},
				"west": {"uv": [1.75, 12.5, 2.8125, 12.625], "rotation": 180, "texture": "#4"},
				"up": {"uv": [5.8125, 1.5, 4, 2.5625], "texture": "#4"},
				"down": {"uv": [1.8125, 5.0625, 0, 4], "texture": "#4"}
			}
		},
		{
			"from": [-2.9069, 0.69999, 6.59656],
			"to": [-1.87242, 1.73448, 10.59656],
			"rotation": {"angle": 0, "axis": "y", "origin": [-3.87242, 1.25172, 8.66552]},
			"faces": {
				"north": {"uv": [6.75, 11, 7.125, 11.375], "texture": "#4"},
				"east": {"uv": [10, 7.5, 11.3125, 7.875], "texture": "#4"},
				"south": {"uv": [9.5, 12.25, 9.875, 12.625], "texture": "#4"},
				"west": {"uv": [10, 8, 11.3125, 8.375], "texture": "#4"},
				"up": {"uv": [7.625, 11.3125, 7.25, 10], "texture": "#4"},
				"down": {"uv": [10.375, 8.5, 10, 9.8125], "texture": "#4"}
			}
		},
		{
			"from": [3.9931, 0.69999, 6.59656],
			"to": [5.02758, 1.73448, 10.59656],
			"rotation": {"angle": 0, "axis": "y", "origin": [3.02758, 1.25172, 8.66552]},
			"faces": {
				"north": {"uv": [6.75, 11, 7.125, 11.375], "texture": "#4"},
				"east": {"uv": [10, 7.5, 11.3125, 7.875], "texture": "#4"},
				"south": {"uv": [9.5, 12.25, 9.875, 12.625], "texture": "#4"},
				"west": {"uv": [10, 8, 11.3125, 8.375], "texture": "#4"},
				"up": {"uv": [7.625, 11.3125, 7.25, 10], "texture": "#4"},
				"down": {"uv": [10.375, 8.5, 10, 9.8125], "texture": "#4"}
			}
		},
		{
			"from": [13.78621, 2.73793, -4.65172],
			"to": [14.06897, 2.94483, 1.14138],
			"rotation": {"angle": 0, "axis": "y", "origin": [17.58621, 2.87586, -2.16897]},
			"faces": {
				"north": {"uv": [0, 13.25, 0.0625, 13.3125], "texture": "#4"},
				"east": {"uv": [13, 2.25, 14.4375, 2.3125], "texture": "#4"},
				"south": {"uv": [0.25, 13.25, 0.3125, 13.3125], "texture": "#4"},
				"west": {"uv": [2.75, 13, 4.1875, 13.0625], "texture": "#4"},
				"up": {"uv": [4.3125, 14.4375, 4.25, 13], "texture": "#4"},
				"down": {"uv": [4.5625, 13, 4.5, 14.4375], "texture": "#4"}
			}
		},
		{
			"from": [-11.61724, 2.79655, -4.55172],
			"to": [-11.33448, 3.00345, 1.24138],
			"rotation": {"angle": 0, "axis": "y", "origin": [-7.81724, 2.93448, -2.06897]},
			"faces": {
				"north": {"uv": [0, 13.25, 0.0625, 13.3125], "texture": "#4"},
				"east": {"uv": [13, 2.25, 14.4375, 2.3125], "texture": "#4"},
				"south": {"uv": [0.25, 13.25, 0.3125, 13.3125], "texture": "#4"},
				"west": {"uv": [2.75, 13, 4.1875, 13.0625], "texture": "#4"},
				"up": {"uv": [4.3125, 14.4375, 4.25, 13], "texture": "#4"},
				"down": {"uv": [4.5625, 13, 4.5, 14.4375], "texture": "#4"}
			}
		},
		{
			"from": [-11.5931, 2.54483, -4],
			"to": [-11.31034, 3.31724, -4],
			"rotation": {"angle": 0, "axis": "y", "origin": [-7.7931, 2.89655, -1.51724]},
			"faces": {
				"north": {"uv": [7.75, 10, 7.8125, 10.25], "texture": "#4"},
				"east": {"uv": [0, 0, 0, 0.25], "texture": "#4"},
				"south": {"uv": [9.75, 11, 9.8125, 11.25], "texture": "#4"},
				"west": {"uv": [0, 0, 0, 0.25], "texture": "#4"},
				"up": {"uv": [0.0625, 0, 0, 0], "texture": "#4"},
				"down": {"uv": [0.0625, 0, 0, 0], "texture": "#4"}
			}
		},
		{
			"from": [-11.5931, 4.94483, -5],
			"to": [-11.31034, 5.21724, -5],
			"rotation": {"angle": -45, "axis": "x", "origin": [-7.7931, 5.29655, -2.51724]},
			"faces": {
				"north": {"uv": [7.75, 10, 7.8125, 10.25], "texture": "#4"},
				"east": {"uv": [0, 0, 0, 0.25], "texture": "#4"},
				"south": {"uv": [9.75, 11, 9.8125, 11.25], "texture": "#4"},
				"west": {"uv": [0, 0, 0, 0.25], "texture": "#4"},
				"up": {"uv": [0.0625, 0, 0, 0], "texture": "#4"},
				"down": {"uv": [0.0625, 0, 0, 0], "texture": "#4"}
			}
		},
		{
			"from": [-11.5931, 0.52414, -4.7],
			"to": [-11.31034, 0.79655, -4.7],
			"rotation": {"angle": 45, "axis": "x", "origin": [-7.7931, 0.87586, -2.21724]},
			"faces": {
				"north": {"uv": [7.75, 10, 7.8125, 10.25], "texture": "#4"},
				"east": {"uv": [0, 0, 0, 0.25], "texture": "#4"},
				"south": {"uv": [9.75, 11, 9.8125, 11.25], "texture": "#4"},
				"west": {"uv": [0, 0, 0, 0.25], "texture": "#4"},
				"up": {"uv": [0.0625, 0, 0, 0], "texture": "#4"},
				"down": {"uv": [0.0625, 0, 0, 0], "texture": "#4"}
			}
		},
		{
			"from": [-11.5931, 3.66552, -5],
			"to": [-11.31034, 3.93793, -5],
			"rotation": {"angle": -45, "axis": "x", "origin": [-9.4931, 4.01724, -2.51724]},
			"faces": {
				"north": {"uv": [7.75, 10, 7.8125, 10.25], "texture": "#4"},
				"east": {"uv": [0, 0, 0, 0.25], "texture": "#4"},
				"south": {"uv": [9.75, 11, 9.8125, 11.25], "texture": "#4"},
				"west": {"uv": [0, 0, 0, 0.25], "texture": "#4"},
				"up": {"uv": [0.0625, 0, 0, 0], "texture": "#4"},
				"down": {"uv": [0.0625, 0, 0, 0], "texture": "#4"}
			}
		},
		{
			"from": [-11.5931, -0.75517, -4.7],
			"to": [-11.31034, -0.48276, -4.7],
			"rotation": {"angle": 45, "axis": "x", "origin": [-7.7931, -0.40345, -2.21724]},
			"faces": {
				"north": {"uv": [7.75, 10, 7.8125, 10.25], "texture": "#4"},
				"east": {"uv": [0, 0, 0, 0.25], "texture": "#4"},
				"south": {"uv": [9.75, 11, 9.8125, 11.25], "texture": "#4"},
				"west": {"uv": [0, 0, 0, 0.25], "texture": "#4"},
				"up": {"uv": [0.0625, 0, 0, 0], "texture": "#4"},
				"down": {"uv": [0.0625, 0, 0, 0], "texture": "#4"}
			}
		},
		{
			"from": [-11.5931, 1.26552, -4],
			"to": [-11.31034, 2.03793, -4],
			"rotation": {"angle": 0, "axis": "y", "origin": [-7.7931, 1.61724, -1.51724]},
			"faces": {
				"north": {"uv": [7.75, 10, 7.8125, 10.25], "texture": "#4"},
				"east": {"uv": [0, 0, 0, 0.25], "texture": "#4"},
				"south": {"uv": [9.75, 11, 9.8125, 11.25], "texture": "#4"},
				"west": {"uv": [0, 0, 0, 0.25], "texture": "#4"},
				"up": {"uv": [0.0625, 0, 0, 0], "texture": "#4"},
				"down": {"uv": [0.0625, 0, 0, 0], "texture": "#4"}
			}
		},
		{
			"from": [13.68621, 3.56552, -5],
			"to": [13.96897, 3.83793, -5],
			"rotation": {"angle": -45, "axis": "x", "origin": [17.48621, 3.91724, -2.51724]},
			"faces": {
				"north": {"uv": [7.75, 10, 7.8125, 10.25], "texture": "#4"},
				"east": {"uv": [0, 0, 0, 0.25], "texture": "#4"},
				"south": {"uv": [9.75, 11, 9.8125, 11.25], "texture": "#4"},
				"west": {"uv": [0, 0, 0, 0.25], "texture": "#4"},
				"up": {"uv": [0.0625, 0, 0, 0], "texture": "#4"},
				"down": {"uv": [0.0625, 0, 0, 0], "texture": "#4"}
			}
		},
		{
			"from": [13.68621, -0.85517, -4.7],
			"to": [13.96897, -0.58276, -4.7],
			"rotation": {"angle": 45, "axis": "x", "origin": [17.48621, -0.50345, -2.21724]},
			"faces": {
				"north": {"uv": [7.75, 10, 7.8125, 10.25], "texture": "#4"},
				"east": {"uv": [0, 0, 0, 0.25], "texture": "#4"},
				"south": {"uv": [9.75, 11, 9.8125, 11.25], "texture": "#4"},
				"west": {"uv": [0, 0, 0, 0.25], "texture": "#4"},
				"up": {"uv": [0.0625, 0, 0, 0], "texture": "#4"},
				"down": {"uv": [0.0625, 0, 0, 0], "texture": "#4"}
			}
		},
		{
			"from": [13.68621, 1.16552, -4],
			"to": [13.96897, 1.93793, -4],
			"rotation": {"angle": 0, "axis": "y", "origin": [17.48621, 1.51724, -1.51724]},
			"faces": {
				"north": {"uv": [7.75, 10, 7.8125, 10.25], "texture": "#4"},
				"east": {"uv": [0, 0, 0, 0.25], "texture": "#4"},
				"south": {"uv": [9.75, 11, 9.8125, 11.25], "texture": "#4"},
				"west": {"uv": [0, 0, 0, 0.25], "texture": "#4"},
				"up": {"uv": [0.0625, 0, 0, 0], "texture": "#4"},
				"down": {"uv": [0.0625, 0, 0, 0], "texture": "#4"}
			}
		},
		{
			"from": [13.78621, 0.42414, -4.7],
			"to": [14.06897, 0.69655, -4.7],
			"rotation": {"angle": 45, "axis": "x", "origin": [17.58621, 0.77586, -2.21724]},
			"faces": {
				"north": {"uv": [7.75, 10, 7.8125, 10.25], "texture": "#4"},
				"east": {"uv": [0, 0, 0, 0.25], "texture": "#4"},
				"south": {"uv": [9.75, 11, 9.8125, 11.25], "texture": "#4"},
				"west": {"uv": [0, 0, 0, 0.25], "texture": "#4"},
				"up": {"uv": [0.0625, 0, 0, 0], "texture": "#4"},
				"down": {"uv": [0.0625, 0, 0, 0], "texture": "#4"}
			}
		},
		{
			"from": [13.78621, 2.44483, -4],
			"to": [14.06897, 3.21724, -4],
			"rotation": {"angle": 0, "axis": "y", "origin": [17.58621, 2.79655, -1.51724]},
			"faces": {
				"north": {"uv": [7.75, 10, 7.8125, 10.25], "texture": "#4"},
				"east": {"uv": [0, 0, 0, 0.25], "texture": "#4"},
				"south": {"uv": [9.75, 11, 9.8125, 11.25], "texture": "#4"},
				"west": {"uv": [0, 0, 0, 0.25], "texture": "#4"},
				"up": {"uv": [0.0625, 0, 0, 0], "texture": "#4"},
				"down": {"uv": [0.0625, 0, 0, 0], "texture": "#4"}
			}
		},
		{
			"from": [13.78621, 4.84483, -5],
			"to": [14.06897, 5.11724, -5],
			"rotation": {"angle": -45, "axis": "x", "origin": [17.58621, 5.19655, -2.51724]},
			"faces": {
				"north": {"uv": [7.75, 10, 7.8125, 10.25], "texture": "#4"},
				"east": {"uv": [0, 0, 0, 0.25], "texture": "#4"},
				"south": {"uv": [9.75, 11, 9.8125, 11.25], "texture": "#4"},
				"west": {"uv": [0, 0, 0, 0.25], "texture": "#4"},
				"up": {"uv": [0.0625, 0, 0, 0], "texture": "#4"},
				"down": {"uv": [0.0625, 0, 0, 0], "texture": "#4"}
			}
		},
		{
			"from": [-11.61724, 1.52413, -4.65172],
			"to": [-11.33448, 1.73103, 1.14138],
			"rotation": {"angle": 0, "axis": "z", "origin": [-7.81724, 1.66206, -2.16897]},
			"faces": {
				"north": {"uv": [0, 13.25, 0.0625, 13.3125], "texture": "#4"},
				"east": {"uv": [13, 2.25, 14.4375, 2.3125], "texture": "#4"},
				"south": {"uv": [0.25, 13.25, 0.3125, 13.3125], "texture": "#4"},
				"west": {"uv": [2.75, 13, 4.1875, 13.0625], "texture": "#4"},
				"up": {"uv": [4.3125, 14.4375, 4.25, 13], "texture": "#4"},
				"down": {"uv": [4.5625, 13, 4.5, 14.4375], "texture": "#4"}
			}
		},
		{
			"from": [13.68621, 1.45517, -4.55172],
			"to": [13.96897, 1.66207, 1.24138],
			"rotation": {"angle": 0, "axis": "z", "origin": [17.48621, 1.5931, -2.06897]},
			"faces": {
				"north": {"uv": [0, 13.25, 0.0625, 13.3125], "texture": "#4"},
				"east": {"uv": [13, 2.25, 14.4375, 2.3125], "texture": "#4"},
				"south": {"uv": [0.25, 13.25, 0.3125, 13.3125], "texture": "#4"},
				"west": {"uv": [2.75, 13, 4.1875, 13.0625], "texture": "#4"},
				"up": {"uv": [4.3125, 14.4375, 4.25, 13], "texture": "#4"},
				"down": {"uv": [4.5625, 13, 4.5, 14.4375], "texture": "#4"}
			}
		},
		{
			"from": [-0.51379, 1.10345, -7.58621],
			"to": [2.72759, 3.10345, 5.34138],
			"rotation": {"angle": 0, "axis": "y", "origin": [0.03793, 2.48276, 1.24138]},
			"faces": {
				"north": {"uv": [2.75, 9.25, 3.5625, 10], "texture": "#4"},
				"east": {"uv": [2, 0, 5.9375, 0.75], "texture": "#4"},
				"south": {"uv": [3.75, 9.25, 4.5625, 10], "texture": "#4"},
				"west": {"uv": [2, 0.75, 5.9375, 1.5], "texture": "#4"},
				"up": {"uv": [0.8125, 3.9375, 0, 0], "texture": "#4"},
				"down": {"uv": [1.8125, 0, 1, 3.9375], "texture": "#4"}
			}
		},
		{
			"from": [6.78966, 2.41724, 3.07241],
			"to": [14.1069, 2.8, 5.69311],
			"rotation": {"angle": 0, "axis": "x", "origin": [10.72759, 2.86896, 4.45172]},
			"faces": {
				"north": {"uv": [1, 12, 2.8125, 12.125], "texture": "#4"},
				"east": {"uv": [4.25, 12.5, 5.3125, 12.625], "texture": "#4"},
				"south": {"uv": [12, 6.5, 13.8125, 6.625], "texture": "#4"},
				"west": {"uv": [12.5, 4.25, 13.5625, 4.375], "texture": "#4"},
				"up": {"uv": [3.8125, 6.3125, 2, 5.25], "texture": "#4"},
				"down": {"uv": [5.8125, 5.25, 4, 6.3125], "texture": "#4"}
			}
		},
		{
			"from": [5.86897, 2.31724, 0.58966],
			"to": [8.55862, 3.07586, 5.96897],
			"rotation": {"angle": 0, "axis": "x", "origin": [5.86897, 2.86896, 2.65862]},
			"faces": {
				"north": {"uv": [2.75, 12.75, 3.4375, 12.9375], "texture": "#4"},
				"east": {"uv": [11.75, 1.5, 13.125, 1.6875], "texture": "#4"},
				"south": {"uv": [3.5, 12.75, 4.1875, 12.9375], "texture": "#4"},
				"west": {"uv": [1.75, 11.75, 3.125, 11.9375], "texture": "#4"},
				"up": {"uv": [8.6875, 1.375, 8, 0], "texture": "#4"},
				"down": {"uv": [8.9375, 5.5, 8.25, 6.875], "texture": "#4"}
			}
		},
		{
			"from": [8.48966, 2.31724, 1.55517],
			"to": [10.62759, 2.97586, 5.83103],
			"rotation": {"angle": 0, "axis": "x", "origin": [7.24828, 2.76896, 3.07241]},
			"faces": {
				"north": {"uv": [0.75, 13, 1.3125, 13.1875], "texture": "#4"},
				"east": {"uv": [12.25, 2.5, 13.3125, 2.6875], "texture": "#4"},
				"south": {"uv": [1.5, 13, 2.0625, 13.1875], "texture": "#4"},
				"west": {"uv": [12.25, 2.75, 13.3125, 2.9375], "texture": "#4"},
				"up": {"uv": [3.5625, 11.0625, 3, 10], "texture": "#4"},
				"down": {"uv": [10.5625, 3.5, 10, 4.5625], "texture": "#4"}
			}
		},
		{
			"from": [6.35518, 1.60344, 2.75861],
			"to": [13.67242, 1.9862, 5.37931],
			"rotation": {"angle": 0, "axis": "y", "origin": [10.29311, 1.53448, 4]},
			"faces": {
				"north": {"uv": [12, 6.5, 13.8125, 6.625], "rotation": 180, "texture": "#4"},
				"east": {"uv": [4.25, 12.5, 5.3125, 12.625], "rotation": 180, "texture": "#4"},
				"south": {"uv": [1, 12, 2.8125, 12.125], "rotation": 180, "texture": "#4"},
				"west": {"uv": [12.5, 4.25, 13.5625, 4.375], "rotation": 180, "texture": "#4"},
				"up": {"uv": [5.8125, 5.25, 4, 6.3125], "texture": "#4"},
				"down": {"uv": [3.8125, 6.3125, 2, 5.25], "texture": "#4"}
			}
		},
		{
			"from": [8.24139, 1.4793, 1.41379],
			"to": [10.37932, 2.13792, 5.68965],
			"rotation": {"angle": 0, "axis": "y", "origin": [7.00001, 1.6862, 4.17241]},
			"faces": {
				"north": {"uv": [1.5, 13, 2.0625, 13.1875], "rotation": 180, "texture": "#4"},
				"east": {"uv": [12.25, 2.5, 13.3125, 2.6875], "rotation": 180, "texture": "#4"},
				"south": {"uv": [0.75, 13, 1.3125, 13.1875], "rotation": 180, "texture": "#4"},
				"west": {"uv": [12.25, 2.75, 13.3125, 2.9375], "rotation": 180, "texture": "#4"},
				"up": {"uv": [10.5625, 3.5, 10, 4.5625], "texture": "#4"},
				"down": {"uv": [3.5625, 11.0625, 3, 10], "texture": "#4"}
			}
		},
		{
			"from": [5.86897, 1.36551, 0.8793],
			"to": [8.55862, 2.12413, 6.25861],
			"rotation": {"angle": 0, "axis": "y", "origin": [5.86897, 1.57241, 4.18965]},
			"faces": {
				"north": {"uv": [3.5, 12.75, 4.1875, 12.9375], "rotation": 180, "texture": "#4"},
				"east": {"uv": [11.75, 1.5, 13.125, 1.6875], "rotation": 180, "texture": "#4"},
				"south": {"uv": [2.75, 12.75, 3.4375, 12.9375], "rotation": 180, "texture": "#4"},
				"west": {"uv": [1.75, 11.75, 3.125, 11.9375], "rotation": 180, "texture": "#4"},
				"up": {"uv": [8.9375, 5.5, 8.25, 6.875], "texture": "#4"},
				"down": {"uv": [8.6875, 1.375, 8, 0], "texture": "#4"}
			}
		}
	],
	"groups": [
		{
			"name": "nose",
			"origin": [0, 0.55172, 0.27586],
			"color": 0,
			"children": [0, 1, 2]
		},
		{
			"name": "hull",
			"origin": [0, 3.03448, 0],
			"color": 0,
			"children": [3, 4, 5]
		},
		{
			"name": "cockpit",
			"origin": [0.13793, 3.86207, -2.89655],
			"color": 0,
			"children": [6, 7, 8, 9]
		},
		{
			"name": "wing 1",
			"origin": [-5.51724, 3.86207, 10.89655],
			"color": 0,
			"children": [10, 11, 12, 13, 14, 15, 16, 17, 18, 19, 20, 21, 22, 23, 24, 25, 26, 27, 28, 29, 30, 31, 32, 33, 34, 35, 36, 37, 38, 39]
		},
		{
			"name": "wing2",
			"origin": [19.52414, 2.89655, -1.51724],
			"color": 0,
			"children": [40, 41, 42, 43, 44, 45, 46, 47, 48, 49, 50, 51, 52, 53, 54, 55]
		},
		{
			"name": "wing 3",
			"origin": [-5.51724, 3.86207, 10.89655],
			"color": 0,
			"children": []
		},
		{
			"name": "wing 4",
			"origin": [19.52414, 1.65517, -1.51724],
			"color": 0,
			"children": [56, 57, 58, 59, 60, 61, 62]
		}
	]
}
