{
	"credit": "Made with Blockbench",
	"texture_size": [32, 32],
	"textures": {
		"0": "item/custom/bekclosed",
		"1": "item/custom/bekclosed",
		"particle": "item/custom/bekclosed"
	},
	"elements": [
		{
			"from": [10.54483, 10.34483, 0.13793],
			"to": [12.54483, 13.03448, 3.24138],
			"rotation": {"angle": -22.5, "axis": "y", "origin": [10.95862, 11.03448, 0.55172]},
			"faces": {
				"north": {"uv": [0, 13.5, 1, 14.5], "texture": "#1"},
				"east": {"uv": [13.5, 0, 14.5, 1], "texture": "#1"},
				"south": {"uv": [1, 13.5, 2, 14.5], "texture": "#1"},
				"west": {"uv": [13.5, 1, 14.5, 2], "texture": "#1"},
				"up": {"uv": [7.48276, 7.94828, 6.48276, 6.94828], "texture": "#1"},
				"down": {"uv": [4, 13.5, 3, 14.5], "texture": "#1"}
			}
		},
		{
			"from": [5.17931, 12.41379, 0.27586],
			"to": [10.07586, 16.75862, 7.37931],
			"rotation": {"angle": 22.5, "axis": "x", "origin": [8.07586, 12.41379, 0.27586]},
			"faces": {
				"north": {"uv": [8, 9, 10.5, 11.5], "texture": "#1"},
				"east": {"uv": [3, 6, 6.5, 8.5], "texture": "#1"},
				"south": {"uv": [9.5, 3, 12, 5.5], "texture": "#1"},
				"west": {"uv": [6, 3, 9.5, 5.5], "texture": "#1"},
				"up": {"uv": [9, 9, 6.5, 5.5], "texture": "#1"},
				"down": {"uv": [5.5, 8.5, 3, 12], "texture": "#1"}
			}
		},
		{
			"from": [4.41379, 8.13793, 0],
			"to": [10.82759, 13.86207, 6.13793],
			"rotation": {"angle": 0, "axis": "y", "origin": [4.41379, 11.86207, 0]},
			"faces": {
				"north": {"uv": [0, 0, 3, 3], "texture": "#1"},
				"east": {"uv": [0, 3, 3, 6], "texture": "#1"},
				"south": {"uv": [3, 0, 6, 3], "texture": "#1"},
				"west": {"uv": [3, 3, 6, 6], "texture": "#1"},
				"up": {"uv": [3, 9, 0, 6], "texture": "#1"},
				"down": {"uv": [9, 0, 6, 3], "texture": "#1"}
			}
		},
		{
			"from": [4.96552, 7.03448, 0.13793],
			"to": [10.27586, 8.34483, 5.17241],
			"rotation": {"angle": 0, "axis": "y", "origin": [4.41379, 9.7931, 0]},
			"faces": {
				"north": {"uv": [12, 3, 14.5, 4], "texture": "#1"},
				"east": {"uv": [11.5, 2, 14.5, 3], "texture": "#1"},
				"south": {"uv": [4, 12, 6.5, 13], "texture": "#1"},
				"west": {"uv": [11.5, 7.5, 14.5, 8.5], "texture": "#1"},
				"up": {"uv": [2.5, 12, 0, 9], "texture": "#1"},
				"down": {"uv": [11.5, 0, 9, 3], "texture": "#1"}
			}
		},
		{
			"from": [5.37931, 8.96552, -1.10345],
			"to": [9.86207, 12.75862, 0.75862],
			"rotation": {"angle": 0, "axis": "y", "origin": [4.41379, 11.86207, -1.24138]},
			"faces": {
				"north": {"uv": [11.5, 0, 13.5, 2], "texture": "#0"},
				"east": {"uv": [6.5, 12, 7.5, 14], "texture": "#1"},
				"south": {"uv": [11.5, 5.5, 13.5, 7.5], "texture": "#1"},
				"west": {"uv": [4, 13, 5, 15], "texture": "#1"},
				"up": {"uv": [14, 5, 12, 4], "texture": "#1"},
				"down": {"uv": [9.5, 13, 7.5, 14], "texture": "#1"}
			}
		},
		{
			"from": [5.47931, 6.99655, -0.27586],
			"to": [9.76207, 9.13448, 1.58621],
			"rotation": {"angle": -22.5, "axis": "x", "origin": [4.41379, 6.99655, -0.41379]},
			"faces": {
				"north": {"uv": [0, 12, 2, 13.5], "texture": "#1"},
				"east": {"uv": [5, 13, 6, 14.5], "texture": "#1"},
				"south": {"uv": [2, 12, 4, 13.5], "texture": "#1"},
				"west": {"uv": [13, 11.5, 14, 13], "texture": "#1"},
				"up": {"uv": [11.5, 14, 9.5, 13], "texture": "#1"},
				"down": {"uv": [13.5, 13, 11.5, 14], "texture": "#1"}
			}
		},
		{
			"from": [2.68276, 10.34483, 0.96552],
			"to": [4.68276, 13.03448, 4.06897],
			"rotation": {"angle": 22.5, "axis": "y", "origin": [3.09655, 11.03448, 1.37931]},
			"faces": {
				"north": {"uv": [13.51724, 5.01724, 14.51724, 6.01724], "texture": "#1"},
				"east": {"uv": [13.5, 0, 14.5, 1], "texture": "#1"},
				"south": {"uv": [1, 13.5, 2, 14.5], "texture": "#1"},
				"west": {"uv": [13.5, 1, 14.5, 2], "texture": "#1"},
				"up": {"uv": [9, 8.01724, 8, 7.01724], "texture": "#1"},
				"down": {"uv": [4, 13.5, 3, 14.5], "texture": "#1"}
			}
		}
	],
	"display": {},
	"groups": [
		{
			"name": "group",
			"origin": [3.09655, 11.03448, 1.37931],
			"color": 0,
			"children": [0, 1, 2, 3, 4, 5, 6]
		}
	]
}
