{
	"credit": "Made with Blockbench",
	"texture_size": [32, 32],
	"textures": {
		"0": "item/custom/cashregistertexture1",
		"1": "block/light_gray_concrete_powder",
		"2": "block/coal_block",
		"3": "block/black_concrete_powder",
		"5": "item/custom/cashsides",
		"particle": "item/custom/cashregistertexture1"
	},
	"elements": [
		{
			"from": [6, 0, 2],
			"to": [12, 2, 14],
			"rotation": {"angle": 0, "axis": "y", "origin": [6, 0, 2]},
			"faces": {
				"north": {"uv": [5.5, 4.5, 7, 5], "texture": "#1"},
				"east": {"uv": [5.5, 3.5, 8.5, 4], "texture": "#1"},
				"south": {"uv": [6.75, 5, 8.25, 5.5], "texture": "#1"},
				"west": {"uv": [5.5, 4, 8.5, 4.5], "texture": "#1"},
				"up": {"uv": [5.5, 5, 4, 2], "texture": "#1"},
				"down": {"uv": [4.75, 5, 3.25, 8], "texture": "#1"}
			}
		},
		{
			"from": [8, 3.5, 1.5],
			"to": [10, 11.5, 14.5],
			"rotation": {"angle": 22.5, "axis": "z", "origin": [10, 3, 2]},
			"faces": {
				"north": {"uv": [11, 4, 12, 8], "texture": "#5"},
				"east": {"uv": [0, 8, 6.5, 12], "texture": "#5"},
				"south": {"uv": [11, 8, 12, 12], "texture": "#3"},
				"west": {"uv": [8, 0, 14.5, 4], "texture": "#5"},
				"up": {"uv": [10, 10.5, 9, 4], "texture": "#5"},
				"down": {"uv": [11, 4, 10, 10.5], "texture": "#5"}
			}
		},
		{
			"from": [8, 5.5, 0],
			"to": [10, 13.5, 16],
			"rotation": {"angle": 22.5, "axis": "z", "origin": [10, 5, 3]},
			"faces": {
				"north": {"uv": [9, 10.5, 10, 14.5], "texture": "#5"},
				"east": {"uv": [0, 0, 8, 4], "texture": "#5"},
				"south": {"uv": [10, 10.5, 11, 14.5], "texture": "#5"},
				"west": {"uv": [0, 4, 8, 8], "texture": "#5"},
				"up": {"uv": [9, 12, 8, 4], "texture": "#5"},
				"down": {"uv": [7.5, 8, 6.5, 16], "texture": "#3"}
			}
		},
		{
			"from": [8, 1, 4],
			"to": [10, 7, 12],
			"rotation": {"angle": 22.5, "axis": "z", "origin": [8, 1, 4]},
			"faces": {
				"north": {"uv": [6.75, 5.5, 7.25, 7], "texture": "#1"},
				"east": {"uv": [4.75, 5, 6.75, 6.5], "texture": "#1"},
				"south": {"uv": [6.75, 7, 7.25, 8.5], "texture": "#1"},
				"west": {"uv": [5.5, 2, 7.5, 3.5], "texture": "#1"},
				"up": {"uv": [2.5, 8, 2, 6], "texture": "#1"},
				"down": {"uv": [3, 6, 2.5, 8], "texture": "#1"}
			}
		},
		{
			"from": [6.5, 5, 14.9],
			"to": [7.5, 9, 15.65],
			"rotation": {"angle": 22.5, "axis": "z", "origin": [5, 5, 14.9]},
			"faces": {
				"north": {"uv": [3.25, 4, 3.5, 5], "texture": "#2"},
				"east": {"uv": [3.5, 4, 3.75, 5], "texture": "#0"},
				"south": {"uv": [3.75, 4, 4, 5], "texture": "#2"},
				"west": {"uv": [3, 6, 3.25, 7], "texture": "#2"},
				"up": {"uv": [7.25, 4.75, 7, 4.5], "texture": "#2"},
				"down": {"uv": [7.25, 4.75, 7, 5], "texture": "#2"}
			}
		},
		{
			"from": [6.5, 5.8, 0.3],
			"to": [7.5, 9.8, 1.05],
			"rotation": {"angle": 22.5, "axis": "z", "origin": [6, 6.8, 0.3]},
			"faces": {
				"north": {"uv": [3, 7, 3.25, 8], "texture": "#2"},
				"east": {"uv": [7.25, 0, 7.5, 1], "texture": "#0"},
				"south": {"uv": [7.25, 1, 7.5, 2], "texture": "#2"},
				"west": {"uv": [7.25, 5.5, 7.5, 6.5], "texture": "#2"},
				"up": {"uv": [7.5, 4.75, 7.25, 4.5], "texture": "#2"},
				"down": {"uv": [7.5, 4.75, 7.25, 5], "texture": "#2"}
			}
		}
	]
}
