{
	"credit": "Made with Blockbench",
	"textures": {
		"0": "item/custom/dr1",
		"1": "item/custom/dr2",
		"2": "item/custom/dr3",
		"particle": "item/custom/dr1"
	},
	"elements": [
		{
			"from": [5.6, 1, 7],
			"to": [9.6, 8, 11],
			"rotation": {"angle": 45, "axis": "y", "origin": [6.6, 1, 8]},
			"faces": {
				"north": {"uv": [0, 6, 2, 9.5], "texture": "#0"},
				"east": {"uv": [6, 0, 8, 3.5], "texture": "#0"},
				"south": {"uv": [2, 6, 4, 9.5], "texture": "#0"},
				"west": {"uv": [6, 3.5, 8, 7], "texture": "#0"},
				"up": {"uv": [6, 8, 4, 6], "texture": "#0"},
				"down": {"uv": [8, 7, 6, 9], "texture": "#0"}
			}
		},
		{
			"from": [7.6, 2, 11],
			"to": [7.6, 8.7, 15.7],
			"rotation": {"angle": 45, "axis": "y", "origin": [6.6, 1, 8]},
			"faces": {
				"north": {"uv": [0, 0, 0, 6], "texture": "#1"},
				"east": {"uv": [6, 0, 0, 6], "texture": "#1"},
				"south": {"uv": [0, 0, 0, 6], "texture": "#1"},
				"west": {"uv": [0, 6, 6, 12], "texture": "#1"},
				"up": {"uv": [0, 6, 0, 0], "texture": "#1"},
				"down": {"uv": [0, 0, 0, 6], "texture": "#1"}
			}
		},
		{
			"from": [5.5, 1.9, 7.2],
			"to": [5.5, 5.2, 10.2],
			"rotation": {"angle": 45, "axis": "y", "origin": [6.6, 1, 8]},
			"faces": {
				"north": {"uv": [0, 0, 0, 4], "texture": "#1"},
				"east": {"uv": [6, 0, 10, 4], "texture": "#1"},
				"south": {"uv": [0, 0, 0, 4], "texture": "#1"},
				"west": {"uv": [0, 0, 16, 16], "texture": "#2"},
				"up": {"uv": [0, 4, 0, 0], "texture": "#1"},
				"down": {"uv": [0, 0, 0, 4], "texture": "#1"}
			}
		},
		{
			"from": [4.6, 0, 6],
			"to": [10.6, 1, 12],
			"rotation": {"angle": 45, "axis": "y", "origin": [6.6, 0, 8]},
			"faces": {
				"north": {"uv": [8, 0, 11, 0.5], "texture": "#0"},
				"east": {"uv": [8, 0.5, 11, 1], "texture": "#0"},
				"south": {"uv": [8, 1, 11, 1.5], "texture": "#0"},
				"west": {"uv": [8, 1.5, 11, 2], "texture": "#0"},
				"up": {"uv": [3, 3, 0, 0], "texture": "#0"},
				"down": {"uv": [3, 3, 0, 6], "texture": "#0"}
			}
		}
	],
	"display": {
		"thirdperson_righthand": {
			"rotation": [-160, 134, 180],
			"translation": [0, 5.75, 2.5]
		},
		"thirdperson_lefthand": {
			"rotation": [-160, -136, 180],
			"translation": [0, 6.25, 2.5]
		},
		"firstperson_righthand": {
			"translation": [0, 8, 0]
		},
		"firstperson_lefthand": {
			"rotation": [0, -90, 0],
			"translation": [0, 8, 0]
		},
		"ground": {
			"rotation": [-90, 45, 0],
			"translation": [0.5, -2, -4.5]
		},
		"gui": {
			"rotation": [0, 45, 0],
			"translation": [-1.25, 7, 0],
			"scale": [1.74, 1.74, 1.74]
		},
		"head": {
			"rotation": [0, -136, 0],
			"translation": [0, 23.25, 0],
			"scale": [2.72, 2.28, 2.72]
		},
		"fixed": {
			"rotation": [0, -135, 0],
			"translation": [1, 8.25, 0],
			"scale": [2, 2, 2]
		}
	}
}
