{
	"credit": "Made with Blockbench",
	"texture_size": [32, 32],
	"textures": {
		"0": "item/custom/texturefacilierstaff1",
		"particle": "item/custom/texturefacilierstaff1"
	},
	"elements": [
		{
			"from": [-0.68966, 21.10345, -0.55172],
			"to": [3.31034, 25.10345, 3.44828],
			"rotation": {"angle": 0, "axis": "y", "origin": [0, 22.34483, 0]},
			"faces": {
				"north": {"uv": [4, 0, 6, 2], "texture": "#0"},
				"east": {"uv": [4, 2, 6, 4], "texture": "#0"},
				"south": {"uv": [4, 4, 6, 6], "texture": "#0"},
				"west": {"uv": [6, 0, 8, 2], "texture": "#0"},
				"up": {"uv": [8, 4, 6, 2], "texture": "#0"},
				"down": {"uv": [6, 6, 4, 8], "texture": "#0"}
			}
		},
		{
			"from": [0.27586, 19.58621, 0.41379],
			"to": [2.34483, 21.24138, 2.48276],
			"rotation": {"angle": 0, "axis": "y", "origin": [0, 18.48276, 0]},
			"faces": {
				"north": {"uv": [8, 6, 9, 7], "texture": "#0"},
				"east": {"uv": [8, 7, 9, 8], "texture": "#0"},
				"south": {"uv": [8, 8, 9, 9], "texture": "#0"},
				"west": {"uv": [8.5, 0, 9.5, 1], "texture": "#0"},
				"up": {"uv": [9.5, 2, 8.5, 1], "texture": "#0"},
				"down": {"uv": [9.5, 2, 8.5, 3], "texture": "#0"}
			}
		},
		{
			"from": [0.41379, 13.93103, 0.55172],
			"to": [2.2069, 19.58621, 2.34483],
			"rotation": {"angle": 0, "axis": "y", "origin": [0, 16.82759, 0]},
			"faces": {
				"north": {"uv": [6, 4, 7, 7], "texture": "#0"},
				"east": {"uv": [7, 4, 8, 7], "texture": "#0"},
				"south": {"uv": [6, 7, 7, 10], "texture": "#0"},
				"west": {"uv": [7, 7, 8, 10], "texture": "#0"},
				"up": {"uv": [9.5, 4, 8.5, 3], "texture": "#0"},
				"down": {"uv": [9.5, 4, 8.5, 5], "texture": "#0"}
			}
		},
		{
			"from": [0.55172, -3.58621, 0.68966],
			"to": [2.06897, 14.2069, 2.2069],
			"rotation": {"angle": 0, "axis": "y", "origin": [0, 0.13793, 0]},
			"faces": {
				"north": {"uv": [0, 0, 1, 9], "texture": "#0"},
				"east": {"uv": [1, 0, 2, 9], "texture": "#0"},
				"south": {"uv": [2, 0, 3, 9], "texture": "#0"},
				"west": {"uv": [3, 0, 4, 9], "texture": "#0"},
				"up": {"uv": [9.5, 6, 8.5, 5], "texture": "#0"},
				"down": {"uv": [1, 9, 0, 10], "texture": "#0"}
			}
		},
		{
			"from": [0.68966, -15.03448, 0.82759],
			"to": [1.93103, -2.89655, 2.06897],
			"rotation": {"angle": 0, "axis": "y", "origin": [0, -11.31034, 0]},
			"faces": {
				"north": {"uv": [8, 0, 8.5, 6], "texture": "#0"},
				"east": {"uv": [4, 8, 4.5, 14], "texture": "#0"},
				"south": {"uv": [4.5, 8, 5, 14], "texture": "#0"},
				"west": {"uv": [5, 8, 5.5, 14], "texture": "#0"},
				"up": {"uv": [6, 8.5, 5.5, 8], "texture": "#0"},
				"down": {"uv": [6, 8.5, 5.5, 9], "texture": "#0"}
			}
		}
	],
	"display": {
		"thirdperson_righthand": {
			"translation": [3.75, -4.25, 4.5],
			"scale": [0.5, 0.5, 0.5]
		},
		"thirdperson_lefthand": {
			"translation": [-3.25, -3.5, 4.5],
			"scale": [0.5, 0.5, 0.5]
		},
		"firstperson_righthand": {
			"translation": [16, -4, 0]
		},
		"firstperson_lefthand": {
			"translation": [1.75, -4, 0]
		},
		"ground": {
			"translation": [3.75, 10.5, 2.75],
			"scale": [0.5, 0.5, 0.5]
		},
		"gui": {
			"rotation": [0, 0, -46],
			"translation": [3, -1.25, 0],
			"scale": [0.5, 0.5, 0.5]
		},
		"head": {
			"translation": [6.5, 0, 6.25]
		},
		"fixed": {
			"translation": [5, 1, 3.75],
			"scale": [0.75, 0.75, 0.75]
		}
	}
}
