{
	"credit": "Made with Blockbench",
	"texture_size": [32, 32],
	"textures": {
		"1": "item/custom/gebottle2a",
		"particle": "item/custom/gebottle2a"
	},
	"elements": [
		{
			"from": [6, 1, 6],
			"to": [10, 4.7, 10],
			"faces": {
				"north": {"uv": [2, 0, 4, 1.75], "texture": "#1"},
				"east": {"uv": [2, 2, 4, 3.75], "texture": "#1"},
				"south": {"uv": [0, 4, 2, 5.75], "texture": "#1"},
				"west": {"uv": [4, 0, 6, 1.75], "texture": "#1"},
				"up": {"uv": [2, 2, 0, 0], "texture": "#1"},
				"down": {"uv": [2, 2, 0, 4], "texture": "#1"}
			}
		},
		{
			"from": [6.2, 4.7, 6.2],
			"to": [9.8, 5.1, 9.8],
			"faces": {
				"north": {"uv": [9.5, 2, 11.25, 2.25], "texture": "#1"},
				"east": {"uv": [9.5, 2.5, 11.25, 2.75], "texture": "#1"},
				"south": {"uv": [9.5, 3, 11.25, 3.25], "texture": "#1"},
				"west": {"uv": [9.5, 3.5, 11.25, 3.75], "texture": "#1"},
				"up": {"uv": [7.75, 5.75, 6, 4], "texture": "#1"},
				"down": {"uv": [7.75, 6, 6, 7.75], "texture": "#1"}
			}
		},
		{
			"from": [7, 5.1, 7],
			"to": [9, 5.5, 9],
			"faces": {
				"north": {"uv": [9.5, 2, 11.25, 2.25], "texture": "#1"},
				"east": {"uv": [9.5, 2.5, 11.25, 2.75], "texture": "#1"},
				"south": {"uv": [9.5, 3, 11.25, 3.25], "texture": "#1"},
				"west": {"uv": [9.5, 3.5, 11.25, 3.75], "texture": "#1"},
				"up": {"uv": [7.75, 5.75, 6, 4], "texture": "#1"},
				"down": {"uv": [7.75, 6, 6, 7.75], "texture": "#1"}
			}
		},
		{
			"from": [6.8, 5.3, 6.8],
			"to": [9.2, 7.2, 9.2],
			"faces": {
				"north": {"uv": [3.5, 8, 4.75, 9], "texture": "#1"},
				"east": {"uv": [8, 3.5, 9.25, 4.5], "texture": "#1"},
				"south": {"uv": [8, 4.5, 9.25, 5.5], "texture": "#1"},
				"west": {"uv": [5, 8, 6.25, 9], "texture": "#1"},
				"up": {"uv": [3.25, 9.25, 2, 8], "texture": "#1"},
				"down": {"uv": [9.25, 2, 8, 3.25], "texture": "#1"}
			}
		},
		{
			"from": [6.7, 5.3, 6.8],
			"to": [6.7, 6.7, 9.2],
			"faces": {
				"north": {"uv": [0, 0, 0, 0.75], "texture": "#1"},
				"east": {"uv": [8, 5.5, 9.25, 6.25], "texture": "#1"},
				"south": {"uv": [0, 0, 0, 0.75], "texture": "#1"},
				"west": {"uv": [6.5, 8, 7.75, 8.75], "texture": "#1"},
				"up": {"uv": [0, 1.25, 0, 0], "texture": "#1"},
				"down": {"uv": [0, 0, 0, 1.25], "texture": "#1"}
			}
		},
		{
			"from": [6.8, 5.3, 6.7],
			"to": [9.2, 6.7, 6.7],
			"rotation": {"angle": 0, "axis": "y", "origin": [8, 5, 8]},
			"faces": {
				"north": {"uv": [8, 6.5, 9.25, 7.25], "texture": "#1"},
				"east": {"uv": [0, 0, 0, 0.75], "texture": "#1"},
				"south": {"uv": [8, 7.5, 9.25, 8.25], "texture": "#1"},
				"west": {"uv": [0, 0, 0, 0.75], "texture": "#1"},
				"up": {"uv": [1.25, 0, 0, 0], "texture": "#1"},
				"down": {"uv": [1.25, 0, 0, 0], "texture": "#1"}
			}
		},
		{
			"from": [9.3, 5.3, 6.8],
			"to": [9.3, 6.7, 9.2],
			"rotation": {"angle": 0, "axis": "y", "origin": [8, 5, 8]},
			"faces": {
				"north": {"uv": [0, 0, 0, 0.75], "texture": "#1"},
				"east": {"uv": [8, 8.5, 9.25, 9.25], "texture": "#1"},
				"south": {"uv": [0, 0, 0, 0.75], "texture": "#1"},
				"west": {"uv": [3.5, 9, 4.75, 9.75], "texture": "#1"},
				"up": {"uv": [0, 1.25, 0, 0], "texture": "#1"},
				"down": {"uv": [0, 0, 0, 1.25], "texture": "#1"}
			}
		},
		{
			"from": [6.8, 5.3, 9.3],
			"to": [9.2, 6.7, 9.3],
			"rotation": {"angle": 0, "axis": "y", "origin": [8, 5, 8]},
			"faces": {
				"north": {"uv": [5, 9, 6.25, 9.75], "texture": "#1"},
				"east": {"uv": [0, 0, 0, 0.75], "texture": "#1"},
				"south": {"uv": [6.5, 9, 7.75, 9.75], "texture": "#1"},
				"west": {"uv": [0, 0, 0, 0.75], "texture": "#1"},
				"up": {"uv": [1.25, 0, 0, 0], "texture": "#1"},
				"down": {"uv": [1.25, 0, 0, 0], "texture": "#1"}
			}
		},
		{
			"from": [10.1, 1.1, 6.1],
			"to": [10.1, 4.6, 9.9],
			"rotation": {"angle": 0, "axis": "y", "origin": [8, 3, 8]},
			"faces": {
				"north": {"uv": [0, 0, 0, 1.75], "texture": "#1"},
				"east": {"uv": [4, 4, 6, 5.75], "texture": "#1"},
				"south": {"uv": [0, 0, 0, 1.75], "texture": "#1"},
				"west": {"uv": [0, 6, 2, 7.75], "texture": "#1"},
				"up": {"uv": [0, 2, 0, 0], "texture": "#1"},
				"down": {"uv": [0, 0, 0, 2], "texture": "#1"}
			}
		},
		{
			"from": [5.9, 1.1, 6.1],
			"to": [5.9, 4.6, 9.9],
			"rotation": {"angle": 0, "axis": "y", "origin": [8, 3, 8]},
			"faces": {
				"north": {"uv": [0, 0, 0, 1.75], "texture": "#1"},
				"east": {"uv": [0, 6, 2, 7.75], "texture": "#1"},
				"south": {"uv": [0, 0, 0, 1.75], "texture": "#1"},
				"west": {"uv": [4, 4, 6, 5.75], "texture": "#1"},
				"up": {"uv": [0, 2, 0, 0], "rotation": 180, "texture": "#1"},
				"down": {"uv": [0, 0, 0, 2], "rotation": 180, "texture": "#1"}
			}
		},
		{
			"from": [6.1, 1.1, 5.9],
			"to": [9.9, 4.6, 5.9],
			"rotation": {"angle": 0, "axis": "y", "origin": [8, 3, 8]},
			"faces": {
				"north": {"uv": [6, 0, 8, 1.75], "texture": "#1"},
				"east": {"uv": [0, 0, 0, 1.75], "texture": "#1"},
				"south": {"uv": [2, 6, 4, 7.75], "texture": "#1"},
				"west": {"uv": [0, 0, 0, 1.75], "texture": "#1"},
				"up": {"uv": [2, 0, 0, 0], "texture": "#1"},
				"down": {"uv": [2, 0, 0, 0], "texture": "#1"}
			}
		},
		{
			"from": [6.1, 1.1, 10.1],
			"to": [9.9, 4.6, 10.1],
			"rotation": {"angle": 0, "axis": "y", "origin": [8, 3, 8]},
			"faces": {
				"north": {"uv": [2, 6, 4, 7.75], "texture": "#1"},
				"east": {"uv": [0, 0, 0, 1.75], "texture": "#1"},
				"south": {"uv": [6, 0, 8, 1.75], "texture": "#1"},
				"west": {"uv": [0, 0, 0, 1.75], "texture": "#1"},
				"up": {"uv": [2, 0, 0, 0], "rotation": 180, "texture": "#1"},
				"down": {"uv": [2, 0, 0, 0], "rotation": 180, "texture": "#1"}
			}
		},
		{
			"from": [6.2, 0.6, 6.2],
			"to": [9.8, 1, 9.8],
			"faces": {
				"north": {"uv": [9.5, 4, 11.25, 4.25], "texture": "#1"},
				"east": {"uv": [9.5, 4.5, 11.25, 4.75], "texture": "#1"},
				"south": {"uv": [9.5, 5, 11.25, 5.25], "texture": "#1"},
				"west": {"uv": [9.5, 5.5, 11.25, 5.75], "texture": "#1"},
				"up": {"uv": [1.75, 9.75, 0, 8], "texture": "#1"},
				"down": {"uv": [9.75, 0, 8, 1.75], "texture": "#1"}
			}
		}
	],
	"display": {
		"thirdperson_righthand": {
			"rotation": [32, 0, 0],
			"translation": [0, 4.5, 0.5],
			"scale": [1.27, 1.27, 1.25]
		},
		"thirdperson_lefthand": {
			"rotation": [32, 0, 0],
			"translation": [0, 4.5, 0.5],
			"scale": [1.27, 1.27, 1.25]
		},
		"firstperson_righthand": {
			"translation": [0, 8, 0]
		},
		"firstperson_lefthand": {
			"translation": [0, 8, 0]
		},
		"ground": {
			"translation": [0, 3.5, 0]
		},
		"gui": {
			"translation": [0, 8.5, 0],
			"scale": [2.12, 1.96, 1.96]
		},
		"fixed": {
			"translation": [0, 10.5, 0],
			"scale": [2.46, 2.37, 2.37]
		}
	}
}
