{
	"credit": "Made with Blockbench",
	"textures": {
		"0": "item/custom/grayarmtexturenew",
		"particle": "item/custom/grayarmtexturenew"
	},
	"elements": [
		{
			"from": [7, 7, 0],
			"to": [10, 10, 9],
			"rotation": {"angle": 0, "axis": "y", "origin": [7, 7, 0]},
			"faces": {
				"north": {"uv": [6, 6, 9, 9], "texture": "#0"},
				"east": {"uv": [0, 0, 9, 3], "texture": "#0"},
				"south": {"uv": [9, 0, 12, 3], "texture": "#0"},
				"west": {"uv": [0, 3, 9, 6], "texture": "#0"},
				"up": {"uv": [3, 15, 0, 6], "texture": "#0"},
				"down": {"uv": [6, 6, 3, 15], "texture": "#0"}
			}
		}
	],
	"display": {
		"thirdperson_righthand": {
			"translation": [-0.75, -2.5, 10],
			"scale": [1.29, 1.29, 1.29]
		},
		"thirdperson_lefthand": {
			"translation": [0.25, -2.5, 10],
			"scale": [1.29, 1.29, 1.29]
		}
	}
}
