{
	"credit": "Made with Blockbench",
	"texture_size": [64, 64],
	"textures": {
		"0": "item/custom/ROTRENTRANCETURRETSTEXTURE",
		"particle": "item/custom/ROTRENTRANCETURRETSTEXTURE"
	},
	"elements": [
		{
			"name": "hexadecagon",
			"from": [8.8, 5.58228, 5.9],
			"to": [14.2, 6.41772, 10.1],
			"rotation": {"angle": -45, "axis": "x", "origin": [9, 6, 8]},
			"faces": {
				"north": {"uv": [8.5, 1.5, 9.75, 1.75], "texture": "#0"},
				"east": {"uv": [5, 3.75, 6, 4], "texture": "#0"},
				"south": {"uv": [8.5, 1.75, 9.75, 2], "texture": "#0"},
				"west": {"uv": [3, 8.25, 4, 8.5], "texture": "#0"},
				"up": {"uv": [1.25, 1, 0, 0], "texture": "#0"},
				"down": {"uv": [1.25, 1, 0, 2], "texture": "#0"}
			}
		},
		{
			"name": "hexadecagon",
			"from": [8.8, 5.58228, 5.9],
			"to": [14.2, 6.41772, 10.1],
			"rotation": {"angle": -22.5, "axis": "x", "origin": [9, 6, 8]},
			"faces": {
				"north": {"uv": [8.5, 2, 9.75, 2.25], "texture": "#0"},
				"east": {"uv": [8, 8.5, 9, 8.75], "texture": "#0"},
				"south": {"uv": [8.5, 2.25, 9.75, 2.5], "texture": "#0"},
				"west": {"uv": [0, 8.75, 1, 9], "texture": "#0"},
				"up": {"uv": [2.5, 1, 1.25, 0], "texture": "#0"},
				"down": {"uv": [2.5, 1, 1.25, 2], "texture": "#0"}
			}
		},
		{
			"name": "hexadecagon",
			"from": [8.8, 5.58228, 5.9],
			"to": [14.2, 6.41772, 10.1],
			"rotation": {"angle": 0, "axis": "z", "origin": [9, 6, 8]},
			"faces": {
				"north": {"uv": [8.5, 2.5, 9.75, 2.75], "texture": "#0"},
				"east": {"uv": [1, 8.75, 2, 9], "texture": "#0"},
				"south": {"uv": [8.5, 2.75, 9.75, 3], "texture": "#0"},
				"west": {"uv": [2, 8.75, 3, 9], "texture": "#0"},
				"up": {"uv": [1.25, 3, 0, 2], "texture": "#0"},
				"down": {"uv": [2.5, 2, 1.25, 3], "texture": "#0"}
			}
		},
		{
			"name": "hexadecagon",
			"from": [8.8, 5.58228, 5.9],
			"to": [14.2, 6.41772, 10.1],
			"rotation": {"angle": 22.5, "axis": "x", "origin": [9, 6, 8]},
			"faces": {
				"north": {"uv": [3, 8.5, 4.25, 8.75], "texture": "#0"},
				"east": {"uv": [3, 8.75, 4, 9], "texture": "#0"},
				"south": {"uv": [8.5, 4, 9.75, 4.25], "texture": "#0"},
				"west": {"uv": [4, 8.75, 5, 9], "texture": "#0"},
				"up": {"uv": [3.75, 1, 2.5, 0], "texture": "#0"},
				"down": {"uv": [3.75, 1, 2.5, 2], "texture": "#0"}
			}
		},
		{
			"name": "hexadecagon",
			"from": [8.8, 5.58228, 5.9],
			"to": [14.2, 6.41772, 10.1],
			"rotation": {"angle": 45, "axis": "x", "origin": [9, 6, 8]},
			"faces": {
				"north": {"uv": [4.25, 8.5, 5.5, 8.75], "texture": "#0"},
				"east": {"uv": [5, 8.75, 6, 9], "texture": "#0"},
				"south": {"uv": [8.5, 4.25, 9.75, 4.5], "texture": "#0"},
				"west": {"uv": [6, 8.75, 7, 9], "texture": "#0"},
				"up": {"uv": [3.75, 3, 2.5, 2], "texture": "#0"},
				"down": {"uv": [1.25, 3, 0, 4], "texture": "#0"}
			}
		},
		{
			"name": "hexadecagon",
			"from": [8.8, 3.9, 7.58228],
			"to": [14.2, 8.1, 8.41772],
			"rotation": {"angle": -22.5, "axis": "x", "origin": [9, 6, 8]},
			"faces": {
				"north": {"uv": [1.25, 3, 2.5, 4], "texture": "#0"},
				"east": {"uv": [7, 8.75, 7.25, 9.75], "texture": "#0"},
				"south": {"uv": [2.5, 3, 3.75, 4], "texture": "#0"},
				"west": {"uv": [7.25, 8.75, 7.5, 9.75], "texture": "#0"},
				"up": {"uv": [9.75, 4.75, 8.5, 4.5], "texture": "#0"},
				"down": {"uv": [9.75, 4.75, 8.5, 5], "texture": "#0"}
			}
		},
		{
			"name": "hexadecagon",
			"from": [8.8, 3.9, 7.58228],
			"to": [14.2, 8.1, 8.41772],
			"rotation": {"angle": 0, "axis": "z", "origin": [9, 6, 8]},
			"faces": {
				"north": {"uv": [3.75, 0, 5, 1], "texture": "#0"},
				"east": {"uv": [7.5, 8.75, 7.75, 9.75], "texture": "#0"},
				"south": {"uv": [3.75, 1, 5, 2], "texture": "#0"},
				"west": {"uv": [7.75, 8.75, 8, 9.75], "texture": "#0"},
				"up": {"uv": [9.75, 5.25, 8.5, 5], "texture": "#0"},
				"down": {"uv": [9.75, 5.25, 8.5, 5.5], "texture": "#0"}
			}
		},
		{
			"name": "hexadecagon",
			"from": [8.8, 3.9, 7.58228],
			"to": [14.2, 8.1, 8.41772],
			"rotation": {"angle": 22.5, "axis": "x", "origin": [9, 6, 8]},
			"faces": {
				"north": {"uv": [3.75, 2, 5, 3], "texture": "#0"},
				"east": {"uv": [8, 8.75, 8.25, 9.75], "texture": "#0"},
				"south": {"uv": [3.75, 3, 5, 4], "texture": "#0"},
				"west": {"uv": [8.25, 8.75, 8.5, 9.75], "texture": "#0"},
				"up": {"uv": [9.75, 5.75, 8.5, 5.5], "texture": "#0"},
				"down": {"uv": [9.75, 5.75, 8.5, 6], "texture": "#0"}
			}
		},
		{
			"name": "hexadecagon",
			"from": [8.8, 5.58228, 12.9],
			"to": [14.2, 6.41772, 17.1],
			"rotation": {"angle": -45, "axis": "x", "origin": [9, 6, 15]},
			"faces": {
				"north": {"uv": [8.5, 1.5, 9.75, 1.75], "texture": "#0"},
				"east": {"uv": [5, 3.75, 6, 4], "texture": "#0"},
				"south": {"uv": [8.5, 1.75, 9.75, 2], "texture": "#0"},
				"west": {"uv": [3, 8.25, 4, 8.5], "texture": "#0"},
				"up": {"uv": [1.25, 1, 0, 0], "texture": "#0"},
				"down": {"uv": [1.25, 1, 0, 2], "texture": "#0"}
			}
		},
		{
			"name": "hexadecagon",
			"from": [8.8, 5.58228, 12.9],
			"to": [14.2, 6.41772, 17.1],
			"rotation": {"angle": -22.5, "axis": "x", "origin": [9, 6, 15]},
			"faces": {
				"north": {"uv": [8.5, 2, 9.75, 2.25], "texture": "#0"},
				"east": {"uv": [8, 8.5, 9, 8.75], "texture": "#0"},
				"south": {"uv": [8.5, 2.25, 9.75, 2.5], "texture": "#0"},
				"west": {"uv": [0, 8.75, 1, 9], "texture": "#0"},
				"up": {"uv": [2.5, 1, 1.25, 0], "texture": "#0"},
				"down": {"uv": [2.5, 1, 1.25, 2], "texture": "#0"}
			}
		},
		{
			"name": "hexadecagon",
			"from": [8.8, 5.58228, 12.9],
			"to": [14.2, 6.41772, 17.1],
			"rotation": {"angle": 0, "axis": "z", "origin": [9, 6, 15]},
			"faces": {
				"north": {"uv": [8.5, 2.5, 9.75, 2.75], "texture": "#0"},
				"east": {"uv": [1, 8.75, 2, 9], "texture": "#0"},
				"south": {"uv": [8.5, 2.75, 9.75, 3], "texture": "#0"},
				"west": {"uv": [2, 8.75, 3, 9], "texture": "#0"},
				"up": {"uv": [1.25, 3, 0, 2], "texture": "#0"},
				"down": {"uv": [2.5, 2, 1.25, 3], "texture": "#0"}
			}
		},
		{
			"name": "hexadecagon",
			"from": [8.8, 5.58228, 12.9],
			"to": [14.2, 6.41772, 17.1],
			"rotation": {"angle": 22.5, "axis": "x", "origin": [9, 6, 15]},
			"faces": {
				"north": {"uv": [3, 8.5, 4.25, 8.75], "texture": "#0"},
				"east": {"uv": [3, 8.75, 4, 9], "texture": "#0"},
				"south": {"uv": [8.5, 4, 9.75, 4.25], "texture": "#0"},
				"west": {"uv": [4, 8.75, 5, 9], "texture": "#0"},
				"up": {"uv": [3.75, 1, 2.5, 0], "texture": "#0"},
				"down": {"uv": [3.75, 1, 2.5, 2], "texture": "#0"}
			}
		},
		{
			"name": "hexadecagon",
			"from": [8.8, 5.58228, 12.9],
			"to": [14.2, 6.41772, 17.1],
			"rotation": {"angle": 45, "axis": "x", "origin": [9, 6, 15]},
			"faces": {
				"north": {"uv": [4.25, 8.5, 5.5, 8.75], "texture": "#0"},
				"east": {"uv": [5, 8.75, 6, 9], "texture": "#0"},
				"south": {"uv": [8.5, 4.25, 9.75, 4.5], "texture": "#0"},
				"west": {"uv": [6, 8.75, 7, 9], "texture": "#0"},
				"up": {"uv": [3.75, 3, 2.5, 2], "texture": "#0"},
				"down": {"uv": [1.25, 3, 0, 4], "texture": "#0"}
			}
		},
		{
			"name": "hexadecagon",
			"from": [8.8, 3.9, 14.58228],
			"to": [14.2, 8.1, 15.41772],
			"rotation": {"angle": -22.5, "axis": "x", "origin": [9, 6, 15]},
			"faces": {
				"north": {"uv": [1.25, 3, 2.5, 4], "texture": "#0"},
				"east": {"uv": [7, 8.75, 7.25, 9.75], "texture": "#0"},
				"south": {"uv": [2.5, 3, 3.75, 4], "texture": "#0"},
				"west": {"uv": [7.25, 8.75, 7.5, 9.75], "texture": "#0"},
				"up": {"uv": [9.75, 4.75, 8.5, 4.5], "texture": "#0"},
				"down": {"uv": [9.75, 4.75, 8.5, 5], "texture": "#0"}
			}
		},
		{
			"name": "hexadecagon",
			"from": [8.8, 3.9, 14.58228],
			"to": [14.2, 8.1, 15.41772],
			"rotation": {"angle": 0, "axis": "z", "origin": [9, 6, 15]},
			"faces": {
				"north": {"uv": [3.75, 0, 5, 1], "texture": "#0"},
				"east": {"uv": [7.5, 8.75, 7.75, 9.75], "texture": "#0"},
				"south": {"uv": [3.75, 1, 5, 2], "texture": "#0"},
				"west": {"uv": [7.75, 8.75, 8, 9.75], "texture": "#0"},
				"up": {"uv": [9.75, 5.25, 8.5, 5], "texture": "#0"},
				"down": {"uv": [9.75, 5.25, 8.5, 5.5], "texture": "#0"}
			}
		},
		{
			"name": "hexadecagon",
			"from": [8.8, 3.9, 14.58228],
			"to": [14.2, 8.1, 15.41772],
			"rotation": {"angle": 22.5, "axis": "x", "origin": [9, 6, 15]},
			"faces": {
				"north": {"uv": [3.75, 2, 5, 3], "texture": "#0"},
				"east": {"uv": [8, 8.75, 8.25, 9.75], "texture": "#0"},
				"south": {"uv": [3.75, 3, 5, 4], "texture": "#0"},
				"west": {"uv": [8.25, 8.75, 8.5, 9.75], "texture": "#0"},
				"up": {"uv": [9.75, 5.75, 8.5, 5.5], "texture": "#0"},
				"down": {"uv": [9.75, 5.75, 8.5, 6], "texture": "#0"}
			}
		},
		{
			"name": "hexadecagon",
			"from": [4, 5.62207, 6.1],
			"to": [8.4, 6.37793, 9.9],
			"rotation": {"angle": -45, "axis": "x", "origin": [8.2, 6, 8]},
			"faces": {
				"north": {"uv": [9.75, 5.75, 10.75, 6], "texture": "#0"},
				"east": {"uv": [7.5, 9.75, 8.5, 10], "texture": "#0"},
				"south": {"uv": [9.25, 9.75, 10.25, 10], "texture": "#0"},
				"west": {"uv": [10, 0, 11, 0.25], "texture": "#0"},
				"up": {"uv": [8, 7.75, 7, 6.75], "texture": "#0"},
				"down": {"uv": [1, 7.25, 0, 8.25], "texture": "#0"}
			}
		},
		{
			"name": "hexadecagon",
			"from": [4, 5.62207, 6.1],
			"to": [8.4, 6.37793, 9.9],
			"rotation": {"angle": -22.5, "axis": "x", "origin": [8.2, 6, 8]},
			"faces": {
				"north": {"uv": [10, 0.25, 11, 0.5], "texture": "#0"},
				"east": {"uv": [10, 0.5, 11, 0.75], "texture": "#0"},
				"south": {"uv": [10, 0.75, 11, 1], "texture": "#0"},
				"west": {"uv": [10, 1, 11, 1.25], "texture": "#0"},
				"up": {"uv": [2, 8.25, 1, 7.25], "texture": "#0"},
				"down": {"uv": [3, 7.25, 2, 8.25], "texture": "#0"}
			}
		},
		{
			"name": "hexadecagon",
			"from": [4, 5.62207, 6.1],
			"to": [8.4, 6.37793, 9.9],
			"rotation": {"angle": 0, "axis": "z", "origin": [8.2, 6, 8]},
			"faces": {
				"north": {"uv": [10, 1.25, 11, 1.5], "texture": "#0"},
				"east": {"uv": [10, 2.25, 11, 2.5], "texture": "#0"},
				"south": {"uv": [10, 2.5, 11, 2.75], "texture": "#0"},
				"west": {"uv": [10, 2.75, 11, 3], "texture": "#0"},
				"up": {"uv": [4, 8.25, 3, 7.25], "texture": "#0"},
				"down": {"uv": [8.5, 0, 7.5, 1], "texture": "#0"}
			}
		},
		{
			"name": "hexadecagon",
			"from": [4, 5.62207, 6.1],
			"to": [8.4, 6.37793, 9.9],
			"rotation": {"angle": 22.5, "axis": "x", "origin": [8.2, 6, 8]},
			"faces": {
				"north": {"uv": [10, 3, 11, 3.25], "texture": "#0"},
				"east": {"uv": [3.5, 10, 4.5, 10.25], "texture": "#0"},
				"south": {"uv": [10, 4, 11, 4.25], "texture": "#0"},
				"west": {"uv": [10, 4.25, 11, 4.5], "texture": "#0"},
				"up": {"uv": [8.5, 2, 7.5, 1], "texture": "#0"},
				"down": {"uv": [8.5, 2, 7.5, 3], "texture": "#0"}
			}
		},
		{
			"name": "hexadecagon",
			"from": [4, 5.62207, 6.1],
			"to": [8.4, 6.37793, 9.9],
			"rotation": {"angle": 45, "axis": "x", "origin": [8.2, 6, 8]},
			"faces": {
				"north": {"uv": [4.5, 10, 5.5, 10.25], "texture": "#0"},
				"east": {"uv": [10, 4.5, 11, 4.75], "texture": "#0"},
				"south": {"uv": [10, 4.75, 11, 5], "texture": "#0"},
				"west": {"uv": [5.5, 10, 6.5, 10.25], "texture": "#0"},
				"up": {"uv": [5, 8.5, 4, 7.5], "texture": "#0"},
				"down": {"uv": [8.5, 4, 7.5, 5], "texture": "#0"}
			}
		},
		{
			"name": "hexadecagon",
			"from": [4, 4.1, 7.62207],
			"to": [8.4, 7.9, 8.37793],
			"rotation": {"angle": -22.5, "axis": "x", "origin": [8.2, 6, 8]},
			"faces": {
				"north": {"uv": [5, 7.5, 6, 8.5], "texture": "#0"},
				"east": {"uv": [1, 10, 1.25, 11], "texture": "#0"},
				"south": {"uv": [7.5, 5, 8.5, 6], "texture": "#0"},
				"west": {"uv": [1.25, 10, 1.5, 11], "texture": "#0"},
				"up": {"uv": [11, 6.25, 10, 6], "texture": "#0"},
				"down": {"uv": [11, 6.25, 10, 6.5], "texture": "#0"}
			}
		},
		{
			"name": "hexadecagon",
			"from": [4, 4.1, 7.62207],
			"to": [8.4, 7.9, 8.37793],
			"rotation": {"angle": 0, "axis": "z", "origin": [8.2, 6, 8]},
			"faces": {
				"north": {"uv": [6, 7.75, 7, 8.75], "texture": "#0"},
				"east": {"uv": [6.5, 10, 6.75, 11], "texture": "#0"},
				"south": {"uv": [7, 7.75, 8, 8.75], "texture": "#0"},
				"west": {"uv": [6.75, 10, 7, 11], "texture": "#0"},
				"up": {"uv": [11, 6.75, 10, 6.5], "texture": "#0"},
				"down": {"uv": [11, 6.75, 10, 7], "texture": "#0"}
			}
		},
		{
			"name": "hexadecagon",
			"from": [4, 4.1, 7.62207],
			"to": [8.4, 7.9, 8.37793],
			"rotation": {"angle": 22.5, "axis": "x", "origin": [8.2, 6, 8]},
			"faces": {
				"north": {"uv": [8, 3, 9, 4], "texture": "#0"},
				"east": {"uv": [7.5, 10, 7.75, 11], "texture": "#0"},
				"south": {"uv": [8, 6, 9, 7], "texture": "#0"},
				"west": {"uv": [7.75, 10, 8, 11], "texture": "#0"},
				"up": {"uv": [9, 10.25, 8, 10], "texture": "#0"},
				"down": {"uv": [11, 8.5, 10, 8.75], "texture": "#0"}
			}
		},
		{
			"name": "hexadecagon",
			"from": [4, 5.62207, 13.1],
			"to": [8.4, 6.37793, 16.9],
			"rotation": {"angle": -45, "axis": "x", "origin": [8.2, 6, 15]},
			"faces": {
				"north": {"uv": [9.75, 5.75, 10.75, 6], "texture": "#0"},
				"east": {"uv": [7.5, 9.75, 8.5, 10], "texture": "#0"},
				"south": {"uv": [9.25, 9.75, 10.25, 10], "texture": "#0"},
				"west": {"uv": [10, 0, 11, 0.25], "texture": "#0"},
				"up": {"uv": [8, 7.75, 7, 6.75], "texture": "#0"},
				"down": {"uv": [1, 7.25, 0, 8.25], "texture": "#0"}
			}
		},
		{
			"name": "hexadecagon",
			"from": [4, 5.62207, 13.1],
			"to": [8.4, 6.37793, 16.9],
			"rotation": {"angle": -22.5, "axis": "x", "origin": [8.2, 6, 15]},
			"faces": {
				"north": {"uv": [10, 0.25, 11, 0.5], "texture": "#0"},
				"east": {"uv": [10, 0.5, 11, 0.75], "texture": "#0"},
				"south": {"uv": [10, 0.75, 11, 1], "texture": "#0"},
				"west": {"uv": [10, 1, 11, 1.25], "texture": "#0"},
				"up": {"uv": [2, 8.25, 1, 7.25], "texture": "#0"},
				"down": {"uv": [3, 7.25, 2, 8.25], "texture": "#0"}
			}
		},
		{
			"name": "hexadecagon",
			"from": [4, 5.62207, 13.1],
			"to": [8.4, 6.37793, 16.9],
			"rotation": {"angle": 0, "axis": "z", "origin": [8.2, 6, 15]},
			"faces": {
				"north": {"uv": [10, 1.25, 11, 1.5], "texture": "#0"},
				"east": {"uv": [10, 2.25, 11, 2.5], "texture": "#0"},
				"south": {"uv": [10, 2.5, 11, 2.75], "texture": "#0"},
				"west": {"uv": [10, 2.75, 11, 3], "texture": "#0"},
				"up": {"uv": [4, 8.25, 3, 7.25], "texture": "#0"},
				"down": {"uv": [8.5, 0, 7.5, 1], "texture": "#0"}
			}
		},
		{
			"name": "hexadecagon",
			"from": [4, 5.62207, 13.1],
			"to": [8.4, 6.37793, 16.9],
			"rotation": {"angle": 22.5, "axis": "x", "origin": [8.2, 6, 15]},
			"faces": {
				"north": {"uv": [10, 3, 11, 3.25], "texture": "#0"},
				"east": {"uv": [3.5, 10, 4.5, 10.25], "texture": "#0"},
				"south": {"uv": [10, 4, 11, 4.25], "texture": "#0"},
				"west": {"uv": [10, 4.25, 11, 4.5], "texture": "#0"},
				"up": {"uv": [8.5, 2, 7.5, 1], "texture": "#0"},
				"down": {"uv": [8.5, 2, 7.5, 3], "texture": "#0"}
			}
		},
		{
			"name": "hexadecagon",
			"from": [4, 5.62207, 13.1],
			"to": [8.4, 6.37793, 16.9],
			"rotation": {"angle": 45, "axis": "x", "origin": [8.2, 6, 15]},
			"faces": {
				"north": {"uv": [4.5, 10, 5.5, 10.25], "texture": "#0"},
				"east": {"uv": [10, 4.5, 11, 4.75], "texture": "#0"},
				"south": {"uv": [10, 4.75, 11, 5], "texture": "#0"},
				"west": {"uv": [5.5, 10, 6.5, 10.25], "texture": "#0"},
				"up": {"uv": [5, 8.5, 4, 7.5], "texture": "#0"},
				"down": {"uv": [8.5, 4, 7.5, 5], "texture": "#0"}
			}
		},
		{
			"name": "hexadecagon",
			"from": [4, 4.1, 14.62207],
			"to": [8.4, 7.9, 15.37793],
			"rotation": {"angle": -22.5, "axis": "x", "origin": [8.2, 6, 15]},
			"faces": {
				"north": {"uv": [5, 7.5, 6, 8.5], "texture": "#0"},
				"east": {"uv": [1, 10, 1.25, 11], "texture": "#0"},
				"south": {"uv": [7.5, 5, 8.5, 6], "texture": "#0"},
				"west": {"uv": [1.25, 10, 1.5, 11], "texture": "#0"},
				"up": {"uv": [11, 6.25, 10, 6], "texture": "#0"},
				"down": {"uv": [11, 6.25, 10, 6.5], "texture": "#0"}
			}
		},
		{
			"name": "hexadecagon",
			"from": [4, 4.1, 14.62207],
			"to": [8.4, 7.9, 15.37793],
			"rotation": {"angle": 0, "axis": "z", "origin": [8.2, 6, 15]},
			"faces": {
				"north": {"uv": [6, 7.75, 7, 8.75], "texture": "#0"},
				"east": {"uv": [6.5, 10, 6.75, 11], "texture": "#0"},
				"south": {"uv": [7, 7.75, 8, 8.75], "texture": "#0"},
				"west": {"uv": [6.75, 10, 7, 11], "texture": "#0"},
				"up": {"uv": [11, 6.75, 10, 6.5], "texture": "#0"},
				"down": {"uv": [11, 6.75, 10, 7], "texture": "#0"}
			}
		},
		{
			"name": "hexadecagon",
			"from": [4, 4.1, 14.62207],
			"to": [8.4, 7.9, 15.37793],
			"rotation": {"angle": 22.5, "axis": "x", "origin": [8.2, 6, 15]},
			"faces": {
				"north": {"uv": [8, 3, 9, 4], "texture": "#0"},
				"east": {"uv": [7.5, 10, 7.75, 11], "texture": "#0"},
				"south": {"uv": [8, 6, 9, 7], "texture": "#0"},
				"west": {"uv": [7.75, 10, 8, 11], "texture": "#0"},
				"up": {"uv": [9, 10.25, 8, 10], "texture": "#0"},
				"down": {"uv": [11, 8.5, 10, 8.75], "texture": "#0"}
			}
		},
		{
			"name": "hexadecagon",
			"from": [-0.9, 5.62207, 6.1],
			"to": [3.5, 6.37793, 9.9],
			"rotation": {"angle": -45, "axis": "x", "origin": [3.3, 6, 8]},
			"faces": {
				"north": {"uv": [9, 8.5, 10, 8.75], "texture": "#0"},
				"east": {"uv": [9.25, 3.5, 10.25, 3.75], "texture": "#0"},
				"south": {"uv": [3.75, 9.25, 4.75, 9.5], "texture": "#0"},
				"west": {"uv": [9.25, 3.75, 10.25, 4], "texture": "#0"},
				"up": {"uv": [5.5, 6.5, 4.5, 5.5], "texture": "#0"},
				"down": {"uv": [6.5, 5.5, 5.5, 6.5], "texture": "#0"}
			}
		},
		{
			"name": "hexadecagon",
			"from": [-0.9, 5.62207, 6.1],
			"to": [3.5, 6.37793, 9.9],
			"rotation": {"angle": -22.5, "axis": "x", "origin": [3.3, 6, 8]},
			"faces": {
				"north": {"uv": [4.75, 9.25, 5.75, 9.5], "texture": "#0"},
				"east": {"uv": [9.25, 9, 10.25, 9.25], "texture": "#0"},
				"south": {"uv": [9.25, 9.25, 10.25, 9.5], "texture": "#0"},
				"west": {"uv": [3.75, 9.5, 4.75, 9.75], "texture": "#0"},
				"up": {"uv": [7, 4.75, 6, 3.75], "texture": "#0"},
				"down": {"uv": [1, 6.25, 0, 7.25], "texture": "#0"}
			}
		},
		{
			"name": "hexadecagon",
			"from": [-0.9, 5.62207, 6.1],
			"to": [3.5, 6.37793, 9.9],
			"rotation": {"angle": 0, "axis": "z", "origin": [3.3, 6, 8]},
			"faces": {
				"north": {"uv": [4.75, 9.5, 5.75, 9.75], "texture": "#0"},
				"east": {"uv": [9.5, 7, 10.5, 7.25], "texture": "#0"},
				"south": {"uv": [9.5, 7.25, 10.5, 7.5], "texture": "#0"},
				"west": {"uv": [9.5, 7.5, 10.5, 7.75], "texture": "#0"},
				"up": {"uv": [2, 7.25, 1, 6.25], "texture": "#0"},
				"down": {"uv": [3, 6.25, 2, 7.25], "texture": "#0"}
			}
		},
		{
			"name": "hexadecagon",
			"from": [-0.9, 5.62207, 6.1],
			"to": [3.5, 6.37793, 9.9],
			"rotation": {"angle": 22.5, "axis": "x", "origin": [3.3, 6, 8]},
			"faces": {
				"north": {"uv": [9.5, 7.75, 10.5, 8], "texture": "#0"},
				"east": {"uv": [9.5, 8, 10.5, 8.25], "texture": "#0"},
				"south": {"uv": [9.5, 8.25, 10.5, 8.5], "texture": "#0"},
				"west": {"uv": [9.5, 8.75, 10.5, 9], "texture": "#0"},
				"up": {"uv": [4, 7.25, 3, 6.25], "texture": "#0"},
				"down": {"uv": [7.5, 0, 6.5, 1], "texture": "#0"}
			}
		},
		{
			"name": "hexadecagon",
			"from": [-0.9, 5.62207, 6.1],
			"to": [3.5, 6.37793, 9.9],
			"rotation": {"angle": 45, "axis": "x", "origin": [3.3, 6, 8]},
			"faces": {
				"north": {"uv": [9.25, 9.5, 10.25, 9.75], "texture": "#0"},
				"east": {"uv": [9.75, 1.5, 10.75, 1.75], "texture": "#0"},
				"south": {"uv": [9.75, 1.75, 10.75, 2], "texture": "#0"},
				"west": {"uv": [9.75, 2, 10.75, 2.25], "texture": "#0"},
				"up": {"uv": [7.5, 2, 6.5, 1], "texture": "#0"},
				"down": {"uv": [7.5, 2, 6.5, 3], "texture": "#0"}
			}
		},
		{
			"name": "hexadecagon",
			"from": [-0.9, 4.1, 7.62207],
			"to": [3.5, 7.9, 8.37793],
			"rotation": {"angle": -22.5, "axis": "x", "origin": [3.3, 6, 8]},
			"faces": {
				"north": {"uv": [4, 6.5, 5, 7.5], "texture": "#0"},
				"east": {"uv": [9.75, 2.25, 10, 3.25], "texture": "#0"},
				"south": {"uv": [6.5, 4.75, 7.5, 5.75], "texture": "#0"},
				"west": {"uv": [3, 9.75, 3.25, 10.75], "texture": "#0"},
				"up": {"uv": [10.75, 3.5, 9.75, 3.25], "texture": "#0"},
				"down": {"uv": [4.75, 9.75, 3.75, 10], "texture": "#0"}
			}
		},
		{
			"name": "hexadecagon",
			"from": [-0.9, 4.1, 7.62207],
			"to": [3.5, 7.9, 8.37793],
			"rotation": {"angle": 0, "axis": "z", "origin": [3.3, 6, 8]},
			"faces": {
				"north": {"uv": [5, 6.5, 6, 7.5], "texture": "#0"},
				"east": {"uv": [3.25, 9.75, 3.5, 10.75], "texture": "#0"},
				"south": {"uv": [6.5, 5.75, 7.5, 6.75], "texture": "#0"},
				"west": {"uv": [9.75, 4, 10, 5], "texture": "#0"},
				"up": {"uv": [5.75, 10, 4.75, 9.75], "texture": "#0"},
				"down": {"uv": [10.75, 5, 9.75, 5.25], "texture": "#0"}
			}
		},
		{
			"name": "hexadecagon",
			"from": [-0.9, 4.1, 7.62207],
			"to": [3.5, 7.9, 8.37793],
			"rotation": {"angle": 22.5, "axis": "x", "origin": [3.3, 6, 8]},
			"faces": {
				"north": {"uv": [6, 6.75, 7, 7.75], "texture": "#0"},
				"east": {"uv": [7, 9.75, 7.25, 10.75], "texture": "#0"},
				"south": {"uv": [7, 3, 8, 4], "texture": "#0"},
				"west": {"uv": [7.25, 9.75, 7.5, 10.75], "texture": "#0"},
				"up": {"uv": [10.75, 5.5, 9.75, 5.25], "texture": "#0"},
				"down": {"uv": [10.75, 5.5, 9.75, 5.75], "texture": "#0"}
			}
		},
		{
			"name": "hexadecagon",
			"from": [-0.9, 5.62207, 13.1],
			"to": [3.5, 6.37793, 16.9],
			"rotation": {"angle": -45, "axis": "x", "origin": [3.3, 6, 15]},
			"faces": {
				"north": {"uv": [9, 8.5, 10, 8.75], "texture": "#0"},
				"east": {"uv": [9.25, 3.5, 10.25, 3.75], "texture": "#0"},
				"south": {"uv": [3.75, 9.25, 4.75, 9.5], "texture": "#0"},
				"west": {"uv": [9.25, 3.75, 10.25, 4], "texture": "#0"},
				"up": {"uv": [5.5, 6.5, 4.5, 5.5], "texture": "#0"},
				"down": {"uv": [6.5, 5.5, 5.5, 6.5], "texture": "#0"}
			}
		},
		{
			"name": "hexadecagon",
			"from": [-0.9, 5.62207, 13.1],
			"to": [3.5, 6.37793, 16.9],
			"rotation": {"angle": -22.5, "axis": "x", "origin": [3.3, 6, 15]},
			"faces": {
				"north": {"uv": [4.75, 9.25, 5.75, 9.5], "texture": "#0"},
				"east": {"uv": [9.25, 9, 10.25, 9.25], "texture": "#0"},
				"south": {"uv": [9.25, 9.25, 10.25, 9.5], "texture": "#0"},
				"west": {"uv": [3.75, 9.5, 4.75, 9.75], "texture": "#0"},
				"up": {"uv": [7, 4.75, 6, 3.75], "texture": "#0"},
				"down": {"uv": [1, 6.25, 0, 7.25], "texture": "#0"}
			}
		},
		{
			"name": "hexadecagon",
			"from": [-0.9, 5.62207, 13.1],
			"to": [3.5, 6.37793, 16.9],
			"rotation": {"angle": 0, "axis": "z", "origin": [3.3, 6, 15]},
			"faces": {
				"north": {"uv": [4.75, 9.5, 5.75, 9.75], "texture": "#0"},
				"east": {"uv": [9.5, 7, 10.5, 7.25], "texture": "#0"},
				"south": {"uv": [9.5, 7.25, 10.5, 7.5], "texture": "#0"},
				"west": {"uv": [9.5, 7.5, 10.5, 7.75], "texture": "#0"},
				"up": {"uv": [2, 7.25, 1, 6.25], "texture": "#0"},
				"down": {"uv": [3, 6.25, 2, 7.25], "texture": "#0"}
			}
		},
		{
			"name": "hexadecagon",
			"from": [-0.9, 5.62207, 13.1],
			"to": [3.5, 6.37793, 16.9],
			"rotation": {"angle": 22.5, "axis": "x", "origin": [3.3, 6, 15]},
			"faces": {
				"north": {"uv": [9.5, 7.75, 10.5, 8], "texture": "#0"},
				"east": {"uv": [9.5, 8, 10.5, 8.25], "texture": "#0"},
				"south": {"uv": [9.5, 8.25, 10.5, 8.5], "texture": "#0"},
				"west": {"uv": [9.5, 8.75, 10.5, 9], "texture": "#0"},
				"up": {"uv": [4, 7.25, 3, 6.25], "texture": "#0"},
				"down": {"uv": [7.5, 0, 6.5, 1], "texture": "#0"}
			}
		},
		{
			"name": "hexadecagon",
			"from": [-0.9, 5.62207, 13.1],
			"to": [3.5, 6.37793, 16.9],
			"rotation": {"angle": 45, "axis": "x", "origin": [3.3, 6, 15]},
			"faces": {
				"north": {"uv": [9.25, 9.5, 10.25, 9.75], "texture": "#0"},
				"east": {"uv": [9.75, 1.5, 10.75, 1.75], "texture": "#0"},
				"south": {"uv": [9.75, 1.75, 10.75, 2], "texture": "#0"},
				"west": {"uv": [9.75, 2, 10.75, 2.25], "texture": "#0"},
				"up": {"uv": [7.5, 2, 6.5, 1], "texture": "#0"},
				"down": {"uv": [7.5, 2, 6.5, 3], "texture": "#0"}
			}
		},
		{
			"name": "hexadecagon",
			"from": [-0.9, 4.1, 14.62207],
			"to": [3.5, 7.9, 15.37793],
			"rotation": {"angle": -22.5, "axis": "x", "origin": [3.3, 6, 15]},
			"faces": {
				"north": {"uv": [4, 6.5, 5, 7.5], "texture": "#0"},
				"east": {"uv": [9.75, 2.25, 10, 3.25], "texture": "#0"},
				"south": {"uv": [6.5, 4.75, 7.5, 5.75], "texture": "#0"},
				"west": {"uv": [3, 9.75, 3.25, 10.75], "texture": "#0"},
				"up": {"uv": [10.75, 3.5, 9.75, 3.25], "texture": "#0"},
				"down": {"uv": [4.75, 9.75, 3.75, 10], "texture": "#0"}
			}
		},
		{
			"name": "hexadecagon",
			"from": [-0.9, 4.1, 14.62207],
			"to": [3.5, 7.9, 15.37793],
			"rotation": {"angle": 0, "axis": "z", "origin": [3.3, 6, 15]},
			"faces": {
				"north": {"uv": [5, 6.5, 6, 7.5], "texture": "#0"},
				"east": {"uv": [3.25, 9.75, 3.5, 10.75], "texture": "#0"},
				"south": {"uv": [6.5, 5.75, 7.5, 6.75], "texture": "#0"},
				"west": {"uv": [9.75, 4, 10, 5], "texture": "#0"},
				"up": {"uv": [5.75, 10, 4.75, 9.75], "texture": "#0"},
				"down": {"uv": [10.75, 5, 9.75, 5.25], "texture": "#0"}
			}
		},
		{
			"name": "hexadecagon",
			"from": [-0.9, 4.1, 14.62207],
			"to": [3.5, 7.9, 15.37793],
			"rotation": {"angle": 22.5, "axis": "x", "origin": [3.3, 6, 15]},
			"faces": {
				"north": {"uv": [6, 6.75, 7, 7.75], "texture": "#0"},
				"east": {"uv": [7, 9.75, 7.25, 10.75], "texture": "#0"},
				"south": {"uv": [7, 3, 8, 4], "texture": "#0"},
				"west": {"uv": [7.25, 9.75, 7.5, 10.75], "texture": "#0"},
				"up": {"uv": [10.75, 5.5, 9.75, 5.25], "texture": "#0"},
				"down": {"uv": [10.75, 5.5, 9.75, 5.75], "texture": "#0"}
			}
		},
		{
			"name": "hexadecagon",
			"from": [-8.2, 5.70163, 6.5],
			"to": [-2.5, 6.29837, 9.5],
			"rotation": {"angle": -45, "axis": "x", "origin": [-2.7, 6, 8]},
			"faces": {
				"north": {"uv": [8, 7, 9.5, 7.25], "texture": "#0"},
				"east": {"uv": [10.25, 9.75, 11, 10], "texture": "#0"},
				"south": {"uv": [8, 7.25, 9.5, 7.5], "texture": "#0"},
				"west": {"uv": [4.75, 10.5, 5.5, 10.75], "texture": "#0"},
				"up": {"uv": [1.5, 4.75, 0, 4], "texture": "#0"},
				"down": {"uv": [3, 4, 1.5, 4.75], "texture": "#0"}
			}
		},
		{
			"name": "hexadecagon",
			"from": [-8.2, 5.70163, 6.5],
			"to": [-2.5, 6.29837, 9.5],
			"rotation": {"angle": -22.5, "axis": "x", "origin": [-2.7, 6, 8]},
			"faces": {
				"north": {"uv": [8, 7.5, 9.5, 7.75], "texture": "#0"},
				"east": {"uv": [10.5, 7, 11.25, 7.25], "texture": "#0"},
				"south": {"uv": [8, 7.75, 9.5, 8], "texture": "#0"},
				"west": {"uv": [10.5, 7.25, 11.25, 7.5], "texture": "#0"},
				"up": {"uv": [4.5, 4.75, 3, 4], "texture": "#0"},
				"down": {"uv": [6, 4, 4.5, 4.75], "texture": "#0"}
			}
		},
		{
			"name": "hexadecagon",
			"from": [-8.2, 5.70163, 6.5],
			"to": [-2.5, 6.29837, 9.5],
			"rotation": {"angle": 0, "axis": "z", "origin": [-2.7, 6, 8]},
			"faces": {
				"north": {"uv": [8, 8, 9.5, 8.25], "texture": "#0"},
				"east": {"uv": [10.5, 7.5, 11.25, 7.75], "texture": "#0"},
				"south": {"uv": [0, 8.25, 1.5, 8.5], "texture": "#0"},
				"west": {"uv": [10.5, 7.75, 11.25, 8], "texture": "#0"},
				"up": {"uv": [1.5, 5.5, 0, 4.75], "texture": "#0"},
				"down": {"uv": [3, 4.75, 1.5, 5.5], "texture": "#0"}
			}
		},
		{
			"name": "hexadecagon",
			"from": [-8.2, 5.70163, 6.5],
			"to": [-2.5, 6.29837, 9.5],
			"rotation": {"angle": 22.5, "axis": "x", "origin": [-2.7, 6, 8]},
			"faces": {
				"north": {"uv": [1.5, 8.25, 3, 8.5], "texture": "#0"},
				"east": {"uv": [8, 10.5, 8.75, 10.75], "texture": "#0"},
				"south": {"uv": [8, 8.25, 9.5, 8.5], "texture": "#0"},
				"west": {"uv": [10.5, 8, 11.25, 8.25], "texture": "#0"},
				"up": {"uv": [4.5, 5.5, 3, 4.75], "texture": "#0"},
				"down": {"uv": [6, 4.75, 4.5, 5.5], "texture": "#0"}
			}
		},
		{
			"name": "hexadecagon",
			"from": [-8.2, 5.70163, 6.5],
			"to": [-2.5, 6.29837, 9.5],
			"rotation": {"angle": 45, "axis": "x", "origin": [-2.7, 6, 8]},
			"faces": {
				"north": {"uv": [0, 8.5, 1.5, 8.75], "texture": "#0"},
				"east": {"uv": [10.5, 8.25, 11.25, 8.5], "texture": "#0"},
				"south": {"uv": [8.5, 0, 10, 0.25], "texture": "#0"},
				"west": {"uv": [8.75, 10.5, 9.5, 10.75], "texture": "#0"},
				"up": {"uv": [6.5, 0.75, 5, 0], "texture": "#0"},
				"down": {"uv": [6.5, 0.75, 5, 1.5], "texture": "#0"}
			}
		},
		{
			"name": "hexadecagon",
			"from": [-8.2, 4.5, 7.70163],
			"to": [-2.5, 7.5, 8.29837],
			"rotation": {"angle": -22.5, "axis": "x", "origin": [-2.7, 6, 8]},
			"faces": {
				"north": {"uv": [5, 1.5, 6.5, 2.25], "texture": "#0"},
				"east": {"uv": [3.75, 10.5, 4, 11.25], "texture": "#0"},
				"south": {"uv": [5, 2.25, 6.5, 3], "texture": "#0"},
				"west": {"uv": [4, 10.5, 4.25, 11.25], "texture": "#0"},
				"up": {"uv": [10, 0.5, 8.5, 0.25], "texture": "#0"},
				"down": {"uv": [10, 0.5, 8.5, 0.75], "texture": "#0"}
			}
		},
		{
			"name": "hexadecagon",
			"from": [-8.2, 4.5, 7.70163],
			"to": [-2.5, 7.5, 8.29837],
			"rotation": {"angle": 0, "axis": "z", "origin": [-2.7, 6, 8]},
			"faces": {
				"north": {"uv": [5, 3, 6.5, 3.75], "texture": "#0"},
				"east": {"uv": [10.5, 8.75, 10.75, 9.5], "texture": "#0"},
				"south": {"uv": [0, 5.5, 1.5, 6.25], "texture": "#0"},
				"west": {"uv": [10.5, 10, 10.75, 10.75], "texture": "#0"},
				"up": {"uv": [10, 1, 8.5, 0.75], "texture": "#0"},
				"down": {"uv": [10, 1, 8.5, 1.25], "texture": "#0"}
			}
		},
		{
			"name": "hexadecagon",
			"from": [-8.2, 4.5, 7.70163],
			"to": [-2.5, 7.5, 8.29837],
			"rotation": {"angle": 22.5, "axis": "x", "origin": [-2.7, 6, 8]},
			"faces": {
				"north": {"uv": [1.5, 5.5, 3, 6.25], "texture": "#0"},
				"east": {"uv": [10.75, 1.5, 11, 2.25], "texture": "#0"},
				"south": {"uv": [3, 5.5, 4.5, 6.25], "texture": "#0"},
				"west": {"uv": [3, 10.75, 3.25, 11.5], "texture": "#0"},
				"up": {"uv": [10, 1.5, 8.5, 1.25], "texture": "#0"},
				"down": {"uv": [3, 8.5, 1.5, 8.75], "texture": "#0"}
			}
		},
		{
			"name": "hexadecagon",
			"from": [-8.2, 5.70163, 13.5],
			"to": [-2.5, 6.29837, 16.5],
			"rotation": {"angle": -45, "axis": "x", "origin": [-2.7, 6, 15]},
			"faces": {
				"north": {"uv": [8, 7, 9.5, 7.25], "texture": "#0"},
				"east": {"uv": [10.25, 9.75, 11, 10], "texture": "#0"},
				"south": {"uv": [8, 7.25, 9.5, 7.5], "texture": "#0"},
				"west": {"uv": [4.75, 10.5, 5.5, 10.75], "texture": "#0"},
				"up": {"uv": [1.5, 4.75, 0, 4], "texture": "#0"},
				"down": {"uv": [3, 4, 1.5, 4.75], "texture": "#0"}
			}
		},
		{
			"name": "hexadecagon",
			"from": [-8.2, 5.70163, 13.5],
			"to": [-2.5, 6.29837, 16.5],
			"rotation": {"angle": -22.5, "axis": "x", "origin": [-2.7, 6, 15]},
			"faces": {
				"north": {"uv": [8, 7.5, 9.5, 7.75], "texture": "#0"},
				"east": {"uv": [10.5, 7, 11.25, 7.25], "texture": "#0"},
				"south": {"uv": [8, 7.75, 9.5, 8], "texture": "#0"},
				"west": {"uv": [10.5, 7.25, 11.25, 7.5], "texture": "#0"},
				"up": {"uv": [4.5, 4.75, 3, 4], "texture": "#0"},
				"down": {"uv": [6, 4, 4.5, 4.75], "texture": "#0"}
			}
		},
		{
			"name": "hexadecagon",
			"from": [-8.2, 5.70163, 13.5],
			"to": [-2.5, 6.29837, 16.5],
			"rotation": {"angle": 0, "axis": "z", "origin": [-2.7, 6, 15]},
			"faces": {
				"north": {"uv": [8, 8, 9.5, 8.25], "texture": "#0"},
				"east": {"uv": [10.5, 7.5, 11.25, 7.75], "texture": "#0"},
				"south": {"uv": [0, 8.25, 1.5, 8.5], "texture": "#0"},
				"west": {"uv": [10.5, 7.75, 11.25, 8], "texture": "#0"},
				"up": {"uv": [1.5, 5.5, 0, 4.75], "texture": "#0"},
				"down": {"uv": [3, 4.75, 1.5, 5.5], "texture": "#0"}
			}
		},
		{
			"name": "hexadecagon",
			"from": [-8.2, 5.70163, 13.5],
			"to": [-2.5, 6.29837, 16.5],
			"rotation": {"angle": 22.5, "axis": "x", "origin": [-2.7, 6, 15]},
			"faces": {
				"north": {"uv": [1.5, 8.25, 3, 8.5], "texture": "#0"},
				"east": {"uv": [8, 10.5, 8.75, 10.75], "texture": "#0"},
				"south": {"uv": [8, 8.25, 9.5, 8.5], "texture": "#0"},
				"west": {"uv": [10.5, 8, 11.25, 8.25], "texture": "#0"},
				"up": {"uv": [4.5, 5.5, 3, 4.75], "texture": "#0"},
				"down": {"uv": [6, 4.75, 4.5, 5.5], "texture": "#0"}
			}
		},
		{
			"name": "hexadecagon",
			"from": [-8.2, 5.70163, 13.5],
			"to": [-2.5, 6.29837, 16.5],
			"rotation": {"angle": 45, "axis": "x", "origin": [-2.7, 6, 15]},
			"faces": {
				"north": {"uv": [0, 8.5, 1.5, 8.75], "texture": "#0"},
				"east": {"uv": [10.5, 8.25, 11.25, 8.5], "texture": "#0"},
				"south": {"uv": [8.5, 0, 10, 0.25], "texture": "#0"},
				"west": {"uv": [8.75, 10.5, 9.5, 10.75], "texture": "#0"},
				"up": {"uv": [6.5, 0.75, 5, 0], "texture": "#0"},
				"down": {"uv": [6.5, 0.75, 5, 1.5], "texture": "#0"}
			}
		},
		{
			"name": "hexadecagon",
			"from": [-8.2, 4.5, 14.70163],
			"to": [-2.5, 7.5, 15.29837],
			"rotation": {"angle": -22.5, "axis": "x", "origin": [-2.7, 6, 15]},
			"faces": {
				"north": {"uv": [5, 1.5, 6.5, 2.25], "texture": "#0"},
				"east": {"uv": [3.75, 10.5, 4, 11.25], "texture": "#0"},
				"south": {"uv": [5, 2.25, 6.5, 3], "texture": "#0"},
				"west": {"uv": [4, 10.5, 4.25, 11.25], "texture": "#0"},
				"up": {"uv": [10, 0.5, 8.5, 0.25], "texture": "#0"},
				"down": {"uv": [10, 0.5, 8.5, 0.75], "texture": "#0"}
			}
		},
		{
			"name": "hexadecagon",
			"from": [-8.2, 4.5, 14.70163],
			"to": [-2.5, 7.5, 15.29837],
			"rotation": {"angle": 0, "axis": "z", "origin": [-2.7, 6, 15]},
			"faces": {
				"north": {"uv": [5, 3, 6.5, 3.75], "texture": "#0"},
				"east": {"uv": [10.5, 8.75, 10.75, 9.5], "texture": "#0"},
				"south": {"uv": [0, 5.5, 1.5, 6.25], "texture": "#0"},
				"west": {"uv": [10.5, 10, 10.75, 10.75], "texture": "#0"},
				"up": {"uv": [10, 1, 8.5, 0.75], "texture": "#0"},
				"down": {"uv": [10, 1, 8.5, 1.25], "texture": "#0"}
			}
		},
		{
			"name": "hexadecagon",
			"from": [-8.2, 4.5, 14.70163],
			"to": [-2.5, 7.5, 15.29837],
			"rotation": {"angle": 22.5, "axis": "x", "origin": [-2.7, 6, 15]},
			"faces": {
				"north": {"uv": [1.5, 5.5, 3, 6.25], "texture": "#0"},
				"east": {"uv": [10.75, 1.5, 11, 2.25], "texture": "#0"},
				"south": {"uv": [3, 5.5, 4.5, 6.25], "texture": "#0"},
				"west": {"uv": [3, 10.75, 3.25, 11.5], "texture": "#0"},
				"up": {"uv": [10, 1.5, 8.5, 1.25], "texture": "#0"},
				"down": {"uv": [3, 8.5, 1.5, 8.75], "texture": "#0"}
			}
		},
		{
			"name": "hexadecagon",
			"from": [-8.8, 5.88065, 7.4],
			"to": [-8.2, 6.11935, 8.6],
			"rotation": {"angle": -45, "axis": "x", "origin": [-8.4, 6, 8]},
			"faces": {
				"north": {"uv": [10.75, 9, 11, 9.25], "texture": "#0"},
				"east": {"uv": [9.25, 10.75, 9.5, 11], "texture": "#0"},
				"south": {"uv": [10.75, 9.25, 11, 9.5], "texture": "#0"},
				"west": {"uv": [10.75, 9.5, 11, 9.75], "texture": "#0"},
				"up": {"uv": [11, 10.25, 10.75, 10], "texture": "#0"},
				"down": {"uv": [11, 10.25, 10.75, 10.5], "texture": "#0"}
			}
		},
		{
			"name": "hexadecagon",
			"from": [-8.8, 5.88065, 7.4],
			"to": [-8.2, 6.11935, 8.6],
			"rotation": {"angle": -22.5, "axis": "x", "origin": [-8.4, 6, 8]},
			"faces": {
				"north": {"uv": [10.5, 10.75, 10.75, 11], "texture": "#0"},
				"east": {"uv": [10.75, 10.5, 11, 10.75], "texture": "#0"},
				"south": {"uv": [10.75, 10.75, 11, 11], "texture": "#0"},
				"west": {"uv": [0, 11, 0.25, 11.25], "texture": "#0"},
				"up": {"uv": [11.25, 0.25, 11, 0], "texture": "#0"},
				"down": {"uv": [0.5, 11, 0.25, 11.25], "texture": "#0"}
			}
		},
		{
			"name": "hexadecagon",
			"from": [-8.8, 5.88065, 7.4],
			"to": [-8.2, 6.11935, 8.6],
			"rotation": {"angle": 0, "axis": "z", "origin": [-8.4, 6, 8]},
			"faces": {
				"north": {"uv": [11, 0.25, 11.25, 0.5], "texture": "#0"},
				"east": {"uv": [0.5, 11, 0.75, 11.25], "texture": "#0"},
				"south": {"uv": [11, 0.5, 11.25, 0.75], "texture": "#0"},
				"west": {"uv": [0.75, 11, 1, 11.25], "texture": "#0"},
				"up": {"uv": [11.25, 1, 11, 0.75], "texture": "#0"},
				"down": {"uv": [1.25, 11, 1, 11.25], "texture": "#0"}
			}
		},
		{
			"name": "hexadecagon",
			"from": [-8.8, 5.88065, 7.4],
			"to": [-8.2, 6.11935, 8.6],
			"rotation": {"angle": 22.5, "axis": "x", "origin": [-8.4, 6, 8]},
			"faces": {
				"north": {"uv": [11, 1, 11.25, 1.25], "texture": "#0"},
				"east": {"uv": [1.25, 11, 1.5, 11.25], "texture": "#0"},
				"south": {"uv": [11, 1.25, 11.25, 1.5], "texture": "#0"},
				"west": {"uv": [11, 1.5, 11.25, 1.75], "texture": "#0"},
				"up": {"uv": [11.25, 2, 11, 1.75], "texture": "#0"},
				"down": {"uv": [11.25, 2, 11, 2.25], "texture": "#0"}
			}
		},
		{
			"name": "hexadecagon",
			"from": [-8.8, 5.88065, 7.4],
			"to": [-8.2, 6.11935, 8.6],
			"rotation": {"angle": 45, "axis": "x", "origin": [-8.4, 6, 8]},
			"faces": {
				"north": {"uv": [11, 2.25, 11.25, 2.5], "texture": "#0"},
				"east": {"uv": [11, 2.5, 11.25, 2.75], "texture": "#0"},
				"south": {"uv": [11, 2.75, 11.25, 3], "texture": "#0"},
				"west": {"uv": [11, 3, 11.25, 3.25], "texture": "#0"},
				"up": {"uv": [3.5, 11.25, 3.25, 11], "texture": "#0"},
				"down": {"uv": [11.25, 3.25, 11, 3.5], "texture": "#0"}
			}
		},
		{
			"name": "hexadecagon",
			"from": [-8.8, 5.4, 7.88065],
			"to": [-8.2, 6.6, 8.11935],
			"rotation": {"angle": -22.5, "axis": "x", "origin": [-8.4, 6, 8]},
			"faces": {
				"north": {"uv": [11, 3.5, 11.25, 3.75], "texture": "#0"},
				"east": {"uv": [11, 3.75, 11.25, 4], "texture": "#0"},
				"south": {"uv": [11, 4, 11.25, 4.25], "texture": "#0"},
				"west": {"uv": [4.25, 11, 4.5, 11.25], "texture": "#0"},
				"up": {"uv": [11.25, 4.5, 11, 4.25], "texture": "#0"},
				"down": {"uv": [4.75, 11, 4.5, 11.25], "texture": "#0"}
			}
		},
		{
			"name": "hexadecagon",
			"from": [-8.8, 5.4, 7.88065],
			"to": [-8.2, 6.6, 8.11935],
			"rotation": {"angle": 0, "axis": "z", "origin": [-8.4, 6, 8]},
			"faces": {
				"north": {"uv": [11, 4.5, 11.25, 4.75], "texture": "#0"},
				"east": {"uv": [4.75, 11, 5, 11.25], "texture": "#0"},
				"south": {"uv": [11, 4.75, 11.25, 5], "texture": "#0"},
				"west": {"uv": [5, 11, 5.25, 11.25], "texture": "#0"},
				"up": {"uv": [11.25, 5.25, 11, 5], "texture": "#0"},
				"down": {"uv": [5.5, 11, 5.25, 11.25], "texture": "#0"}
			}
		},
		{
			"name": "hexadecagon",
			"from": [-8.8, 5.4, 7.88065],
			"to": [-8.2, 6.6, 8.11935],
			"rotation": {"angle": 22.5, "axis": "x", "origin": [-8.4, 6, 8]},
			"faces": {
				"north": {"uv": [11, 5.25, 11.25, 5.5], "texture": "#0"},
				"east": {"uv": [5.5, 11, 5.75, 11.25], "texture": "#0"},
				"south": {"uv": [11, 5.5, 11.25, 5.75], "texture": "#0"},
				"west": {"uv": [5.75, 11, 6, 11.25], "texture": "#0"},
				"up": {"uv": [11.25, 6, 11, 5.75], "texture": "#0"},
				"down": {"uv": [6.25, 11, 6, 11.25], "texture": "#0"}
			}
		},
		{
			"from": [-9.4, 6.9, 7.3],
			"to": [-8, 7, 8.7],
			"rotation": {"angle": 0, "axis": "x", "origin": [-10, 6, 8]},
			"faces": {
				"north": {"uv": [7, 11, 6.75, 11.25], "rotation": 180, "texture": "#0"},
				"east": {"uv": [6.25, 11, 6.5, 11.25], "rotation": 270, "texture": "#0"},
				"south": {"uv": [11.25, 6.75, 11, 6.5], "texture": "#0"},
				"west": {"uv": [6.5, 11, 6.75, 11.25], "rotation": 90, "texture": "#0"},
				"up": {"uv": [11, 6, 11.25, 6.25], "rotation": 180, "texture": "#0"},
				"down": {"uv": [11, 6.25, 11.25, 6.5], "texture": "#0"}
			}
		},
		{
			"from": [-9.4, 5, 7.3],
			"to": [-8, 5.1, 8.7],
			"rotation": {"angle": 0, "axis": "x", "origin": [-10, 6, 8]},
			"faces": {
				"north": {"uv": [8.25, 11, 8, 11.25], "rotation": 180, "texture": "#0"},
				"east": {"uv": [7, 11, 7.25, 11.25], "rotation": 270, "texture": "#0"},
				"south": {"uv": [8, 11.25, 7.75, 11], "texture": "#0"},
				"west": {"uv": [7.5, 11, 7.75, 11.25], "rotation": 90, "texture": "#0"},
				"up": {"uv": [11, 6.75, 11.25, 7], "rotation": 180, "texture": "#0"},
				"down": {"uv": [7.25, 11, 7.5, 11.25], "texture": "#0"}
			}
		},
		{
			"name": "hexadecagon",
			"from": [-8.8, 5.88065, 14.4],
			"to": [-8.2, 6.11935, 15.6],
			"rotation": {"angle": -45, "axis": "x", "origin": [-8.4, 6, 15]},
			"faces": {
				"north": {"uv": [10.75, 9, 11, 9.25], "texture": "#0"},
				"east": {"uv": [9.25, 10.75, 9.5, 11], "texture": "#0"},
				"south": {"uv": [10.75, 9.25, 11, 9.5], "texture": "#0"},
				"west": {"uv": [10.75, 9.5, 11, 9.75], "texture": "#0"},
				"up": {"uv": [11, 10.25, 10.75, 10], "texture": "#0"},
				"down": {"uv": [11, 10.25, 10.75, 10.5], "texture": "#0"}
			}
		},
		{
			"name": "hexadecagon",
			"from": [-8.8, 5.88065, 14.4],
			"to": [-8.2, 6.11935, 15.6],
			"rotation": {"angle": -22.5, "axis": "x", "origin": [-8.4, 6, 15]},
			"faces": {
				"north": {"uv": [10.5, 10.75, 10.75, 11], "texture": "#0"},
				"east": {"uv": [10.75, 10.5, 11, 10.75], "texture": "#0"},
				"south": {"uv": [10.75, 10.75, 11, 11], "texture": "#0"},
				"west": {"uv": [0, 11, 0.25, 11.25], "texture": "#0"},
				"up": {"uv": [11.25, 0.25, 11, 0], "texture": "#0"},
				"down": {"uv": [0.5, 11, 0.25, 11.25], "texture": "#0"}
			}
		},
		{
			"name": "hexadecagon",
			"from": [-8.8, 5.88065, 14.4],
			"to": [-8.2, 6.11935, 15.6],
			"rotation": {"angle": 0, "axis": "z", "origin": [-8.4, 6, 15]},
			"faces": {
				"north": {"uv": [11, 0.25, 11.25, 0.5], "texture": "#0"},
				"east": {"uv": [0.5, 11, 0.75, 11.25], "texture": "#0"},
				"south": {"uv": [11, 0.5, 11.25, 0.75], "texture": "#0"},
				"west": {"uv": [0.75, 11, 1, 11.25], "texture": "#0"},
				"up": {"uv": [11.25, 1, 11, 0.75], "texture": "#0"},
				"down": {"uv": [1.25, 11, 1, 11.25], "texture": "#0"}
			}
		},
		{
			"name": "hexadecagon",
			"from": [-8.8, 5.88065, 14.4],
			"to": [-8.2, 6.11935, 15.6],
			"rotation": {"angle": 22.5, "axis": "x", "origin": [-8.4, 6, 15]},
			"faces": {
				"north": {"uv": [11, 1, 11.25, 1.25], "texture": "#0"},
				"east": {"uv": [1.25, 11, 1.5, 11.25], "texture": "#0"},
				"south": {"uv": [11, 1.25, 11.25, 1.5], "texture": "#0"},
				"west": {"uv": [11, 1.5, 11.25, 1.75], "texture": "#0"},
				"up": {"uv": [11.25, 2, 11, 1.75], "texture": "#0"},
				"down": {"uv": [11.25, 2, 11, 2.25], "texture": "#0"}
			}
		},
		{
			"name": "hexadecagon",
			"from": [-8.8, 5.88065, 14.4],
			"to": [-8.2, 6.11935, 15.6],
			"rotation": {"angle": 45, "axis": "x", "origin": [-8.4, 6, 15]},
			"faces": {
				"north": {"uv": [11, 2.25, 11.25, 2.5], "texture": "#0"},
				"east": {"uv": [11, 2.5, 11.25, 2.75], "texture": "#0"},
				"south": {"uv": [11, 2.75, 11.25, 3], "texture": "#0"},
				"west": {"uv": [11, 3, 11.25, 3.25], "texture": "#0"},
				"up": {"uv": [3.5, 11.25, 3.25, 11], "texture": "#0"},
				"down": {"uv": [11.25, 3.25, 11, 3.5], "texture": "#0"}
			}
		},
		{
			"name": "hexadecagon",
			"from": [-8.8, 5.4, 14.88065],
			"to": [-8.2, 6.6, 15.11935],
			"rotation": {"angle": -22.5, "axis": "x", "origin": [-8.4, 6, 15]},
			"faces": {
				"north": {"uv": [11, 3.5, 11.25, 3.75], "texture": "#0"},
				"east": {"uv": [11, 3.75, 11.25, 4], "texture": "#0"},
				"south": {"uv": [11, 4, 11.25, 4.25], "texture": "#0"},
				"west": {"uv": [4.25, 11, 4.5, 11.25], "texture": "#0"},
				"up": {"uv": [11.25, 4.5, 11, 4.25], "texture": "#0"},
				"down": {"uv": [4.75, 11, 4.5, 11.25], "texture": "#0"}
			}
		},
		{
			"name": "hexadecagon",
			"from": [-8.8, 5.4, 14.88065],
			"to": [-8.2, 6.6, 15.11935],
			"rotation": {"angle": 0, "axis": "z", "origin": [-8.4, 6, 15]},
			"faces": {
				"north": {"uv": [11, 4.5, 11.25, 4.75], "texture": "#0"},
				"east": {"uv": [4.75, 11, 5, 11.25], "texture": "#0"},
				"south": {"uv": [11, 4.75, 11.25, 5], "texture": "#0"},
				"west": {"uv": [5, 11, 5.25, 11.25], "texture": "#0"},
				"up": {"uv": [11.25, 5.25, 11, 5], "texture": "#0"},
				"down": {"uv": [5.5, 11, 5.25, 11.25], "texture": "#0"}
			}
		},
		{
			"name": "hexadecagon",
			"from": [-8.8, 5.4, 14.88065],
			"to": [-8.2, 6.6, 15.11935],
			"rotation": {"angle": 22.5, "axis": "x", "origin": [-8.4, 6, 15]},
			"faces": {
				"north": {"uv": [11, 5.25, 11.25, 5.5], "texture": "#0"},
				"east": {"uv": [5.5, 11, 5.75, 11.25], "texture": "#0"},
				"south": {"uv": [11, 5.5, 11.25, 5.75], "texture": "#0"},
				"west": {"uv": [5.75, 11, 6, 11.25], "texture": "#0"},
				"up": {"uv": [11.25, 6, 11, 5.75], "texture": "#0"},
				"down": {"uv": [6.25, 11, 6, 11.25], "texture": "#0"}
			}
		},
		{
			"from": [-9.4, 6.9, 14.3],
			"to": [-8, 7, 15.7],
			"rotation": {"angle": 0, "axis": "x", "origin": [-10, 6, 15]},
			"faces": {
				"north": {"uv": [7, 11, 6.75, 11.25], "rotation": 180, "texture": "#0"},
				"east": {"uv": [6.25, 11, 6.5, 11.25], "rotation": 270, "texture": "#0"},
				"south": {"uv": [11.25, 6.75, 11, 6.5], "texture": "#0"},
				"west": {"uv": [6.5, 11, 6.75, 11.25], "rotation": 90, "texture": "#0"},
				"up": {"uv": [11, 6, 11.25, 6.25], "rotation": 180, "texture": "#0"},
				"down": {"uv": [11, 6.25, 11.25, 6.5], "texture": "#0"}
			}
		},
		{
			"from": [-9.4, 5, 14.3],
			"to": [-8, 5.1, 15.7],
			"rotation": {"angle": 0, "axis": "x", "origin": [-10, 6, 15]},
			"faces": {
				"north": {"uv": [8.25, 11, 8, 11.25], "rotation": 180, "texture": "#0"},
				"east": {"uv": [7, 11, 7.25, 11.25], "rotation": 270, "texture": "#0"},
				"south": {"uv": [8, 11.25, 7.75, 11], "texture": "#0"},
				"west": {"uv": [7.5, 11, 7.75, 11.25], "rotation": 90, "texture": "#0"},
				"up": {"uv": [11, 6.75, 11.25, 7], "rotation": 180, "texture": "#0"},
				"down": {"uv": [7.25, 11, 7.5, 11.25], "texture": "#0"}
			}
		},
		{
			"from": [-2.6, 5.1, 7.1],
			"to": [-0.6, 6.9, 8.9],
			"rotation": {"angle": 0, "axis": "z", "origin": [-2.6, 5, 7]},
			"faces": {
				"north": {"uv": [6, 4.75, 6.5, 5.25], "texture": "#0"},
				"east": {"uv": [6.5, 3, 7, 3.5], "texture": "#0"},
				"south": {"uv": [7, 4, 7.5, 4.5], "texture": "#0"},
				"west": {"uv": [7.5, 6, 8, 6.5], "texture": "#0"},
				"up": {"uv": [3.5, 9.75, 3, 9.25], "texture": "#0"},
				"down": {"uv": [9.75, 3, 9.25, 3.5], "texture": "#0"}
			}
		},
		{
			"from": [-2.6, 5.1, 14.1],
			"to": [-0.6, 6.9, 15.9],
			"rotation": {"angle": 0, "axis": "z", "origin": [-2.6, 5, 14]},
			"faces": {
				"north": {"uv": [6, 4.75, 6.5, 5.25], "texture": "#0"},
				"east": {"uv": [6.5, 3, 7, 3.5], "texture": "#0"},
				"south": {"uv": [7, 4, 7.5, 4.5], "texture": "#0"},
				"west": {"uv": [7.5, 6, 8, 6.5], "texture": "#0"},
				"up": {"uv": [3.5, 9.75, 3, 9.25], "texture": "#0"},
				"down": {"uv": [9.75, 3, 9.25, 3.5], "texture": "#0"}
			}
		},
		{
			"name": "hexadecagon",
			"from": [3.5, 5.67179, 6.35],
			"to": [4, 6.32821, 9.65],
			"rotation": {"angle": -45, "axis": "x", "origin": [3.7, 6, 8]},
			"faces": {
				"north": {"uv": [10.75, 3.25, 11, 3.5], "texture": "#0"},
				"east": {"uv": [9, 10, 9.75, 10.25], "texture": "#0"},
				"south": {"uv": [4.75, 10.75, 5, 11], "texture": "#0"},
				"west": {"uv": [9.75, 10, 10.5, 10.25], "texture": "#0"},
				"up": {"uv": [0.25, 11, 0, 10.25], "texture": "#0"},
				"down": {"uv": [0.5, 10.25, 0.25, 11], "texture": "#0"}
			}
		},
		{
			"name": "hexadecagon",
			"from": [3.5, 5.67179, 6.35],
			"to": [4, 6.32821, 9.65],
			"rotation": {"angle": -22.5, "axis": "x", "origin": [3.7, 6, 8]},
			"faces": {
				"north": {"uv": [5, 10.75, 5.25, 11], "texture": "#0"},
				"east": {"uv": [1.5, 10.25, 2.25, 10.5], "texture": "#0"},
				"south": {"uv": [10.75, 5, 11, 5.25], "texture": "#0"},
				"west": {"uv": [2.25, 10.25, 3, 10.5], "texture": "#0"},
				"up": {"uv": [0.75, 11, 0.5, 10.25], "texture": "#0"},
				"down": {"uv": [1, 10.25, 0.75, 11], "texture": "#0"}
			}
		},
		{
			"name": "hexadecagon",
			"from": [3.5, 5.67179, 6.35],
			"to": [4, 6.32821, 9.65],
			"rotation": {"angle": 0, "axis": "z", "origin": [3.7, 6, 8]},
			"faces": {
				"north": {"uv": [5.25, 10.75, 5.5, 11], "texture": "#0"},
				"east": {"uv": [3.5, 10.25, 4.25, 10.5], "texture": "#0"},
				"south": {"uv": [10.75, 5.25, 11, 5.5], "texture": "#0"},
				"west": {"uv": [10.25, 3.5, 11, 3.75], "texture": "#0"},
				"up": {"uv": [4.5, 11, 4.25, 10.25], "texture": "#0"},
				"down": {"uv": [4.75, 10.25, 4.5, 11], "texture": "#0"}
			}
		},
		{
			"name": "hexadecagon",
			"from": [3.5, 5.67179, 6.35],
			"to": [4, 6.32821, 9.65],
			"rotation": {"angle": 22.5, "axis": "x", "origin": [3.7, 6, 8]},
			"faces": {
				"north": {"uv": [10.75, 5.5, 11, 5.75], "texture": "#0"},
				"east": {"uv": [10.25, 3.75, 11, 4], "texture": "#0"},
				"south": {"uv": [10.75, 5.75, 11, 6], "texture": "#0"},
				"west": {"uv": [4.75, 10.25, 5.5, 10.5], "texture": "#0"},
				"up": {"uv": [5.75, 11, 5.5, 10.25], "texture": "#0"},
				"down": {"uv": [6, 10.25, 5.75, 11], "texture": "#0"}
			}
		},
		{
			"name": "hexadecagon",
			"from": [3.5, 5.67179, 6.35],
			"to": [4, 6.32821, 9.65],
			"rotation": {"angle": 45, "axis": "x", "origin": [3.7, 6, 8]},
			"faces": {
				"north": {"uv": [7, 10.75, 7.25, 11], "texture": "#0"},
				"east": {"uv": [8, 10.25, 8.75, 10.5], "texture": "#0"},
				"south": {"uv": [7.25, 10.75, 7.5, 11], "texture": "#0"},
				"west": {"uv": [8.75, 10.25, 9.5, 10.5], "texture": "#0"},
				"up": {"uv": [6.25, 11, 6, 10.25], "texture": "#0"},
				"down": {"uv": [6.5, 10.25, 6.25, 11], "texture": "#0"}
			}
		},
		{
			"name": "hexadecagon",
			"from": [3.5, 4.35, 7.67179],
			"to": [4, 7.65, 8.32821],
			"rotation": {"angle": -22.5, "axis": "x", "origin": [3.7, 6, 8]},
			"faces": {
				"north": {"uv": [10.25, 9, 10.5, 9.75], "texture": "#0"},
				"east": {"uv": [9.5, 10.25, 9.75, 11], "texture": "#0"},
				"south": {"uv": [9.75, 10.25, 10, 11], "texture": "#0"},
				"west": {"uv": [10, 10.25, 10.25, 11], "texture": "#0"},
				"up": {"uv": [8.25, 11, 8, 10.75], "texture": "#0"},
				"down": {"uv": [8.5, 10.75, 8.25, 11], "texture": "#0"}
			}
		},
		{
			"name": "hexadecagon",
			"from": [3.5, 4.35, 7.67179],
			"to": [4, 7.65, 8.32821],
			"rotation": {"angle": 0, "axis": "z", "origin": [3.7, 6, 8]},
			"faces": {
				"north": {"uv": [10.25, 10.25, 10.5, 11], "texture": "#0"},
				"east": {"uv": [1.5, 10.5, 1.75, 11.25], "texture": "#0"},
				"south": {"uv": [1.75, 10.5, 2, 11.25], "texture": "#0"},
				"west": {"uv": [2, 10.5, 2.25, 11.25], "texture": "#0"},
				"up": {"uv": [8.75, 11, 8.5, 10.75], "texture": "#0"},
				"down": {"uv": [9, 10.75, 8.75, 11], "texture": "#0"}
			}
		},
		{
			"name": "hexadecagon",
			"from": [3.5, 4.35, 7.67179],
			"to": [4, 7.65, 8.32821],
			"rotation": {"angle": 22.5, "axis": "x", "origin": [3.7, 6, 8]},
			"faces": {
				"north": {"uv": [2.25, 10.5, 2.5, 11.25], "texture": "#0"},
				"east": {"uv": [2.5, 10.5, 2.75, 11.25], "texture": "#0"},
				"south": {"uv": [2.75, 10.5, 3, 11.25], "texture": "#0"},
				"west": {"uv": [3.5, 10.5, 3.75, 11.25], "texture": "#0"},
				"up": {"uv": [11, 9, 10.75, 8.75], "texture": "#0"},
				"down": {"uv": [9.25, 10.75, 9, 11], "texture": "#0"}
			}
		},
		{
			"name": "hexadecagon",
			"from": [3.5, 5.67179, 13.35],
			"to": [4, 6.32821, 16.65],
			"rotation": {"angle": -45, "axis": "x", "origin": [3.7, 6, 15]},
			"faces": {
				"north": {"uv": [10.75, 3.25, 11, 3.5], "texture": "#0"},
				"east": {"uv": [9, 10, 9.75, 10.25], "texture": "#0"},
				"south": {"uv": [4.75, 10.75, 5, 11], "texture": "#0"},
				"west": {"uv": [9.75, 10, 10.5, 10.25], "texture": "#0"},
				"up": {"uv": [0.25, 11, 0, 10.25], "texture": "#0"},
				"down": {"uv": [0.5, 10.25, 0.25, 11], "texture": "#0"}
			}
		},
		{
			"name": "hexadecagon",
			"from": [3.5, 5.67179, 13.35],
			"to": [4, 6.32821, 16.65],
			"rotation": {"angle": -22.5, "axis": "x", "origin": [3.7, 6, 15]},
			"faces": {
				"north": {"uv": [5, 10.75, 5.25, 11], "texture": "#0"},
				"east": {"uv": [1.5, 10.25, 2.25, 10.5], "texture": "#0"},
				"south": {"uv": [10.75, 5, 11, 5.25], "texture": "#0"},
				"west": {"uv": [2.25, 10.25, 3, 10.5], "texture": "#0"},
				"up": {"uv": [0.75, 11, 0.5, 10.25], "texture": "#0"},
				"down": {"uv": [1, 10.25, 0.75, 11], "texture": "#0"}
			}
		},
		{
			"name": "hexadecagon",
			"from": [3.5, 5.67179, 13.35],
			"to": [4, 6.32821, 16.65],
			"rotation": {"angle": 0, "axis": "z", "origin": [3.7, 6, 15]},
			"faces": {
				"north": {"uv": [5.25, 10.75, 5.5, 11], "texture": "#0"},
				"east": {"uv": [3.5, 10.25, 4.25, 10.5], "texture": "#0"},
				"south": {"uv": [10.75, 5.25, 11, 5.5], "texture": "#0"},
				"west": {"uv": [10.25, 3.5, 11, 3.75], "texture": "#0"},
				"up": {"uv": [4.5, 11, 4.25, 10.25], "texture": "#0"},
				"down": {"uv": [4.75, 10.25, 4.5, 11], "texture": "#0"}
			}
		},
		{
			"name": "hexadecagon",
			"from": [3.5, 5.67179, 13.35],
			"to": [4, 6.32821, 16.65],
			"rotation": {"angle": 22.5, "axis": "x", "origin": [3.7, 6, 15]},
			"faces": {
				"north": {"uv": [10.75, 5.5, 11, 5.75], "texture": "#0"},
				"east": {"uv": [10.25, 3.75, 11, 4], "texture": "#0"},
				"south": {"uv": [10.75, 5.75, 11, 6], "texture": "#0"},
				"west": {"uv": [4.75, 10.25, 5.5, 10.5], "texture": "#0"},
				"up": {"uv": [5.75, 11, 5.5, 10.25], "texture": "#0"},
				"down": {"uv": [6, 10.25, 5.75, 11], "texture": "#0"}
			}
		},
		{
			"name": "hexadecagon",
			"from": [3.5, 5.67179, 13.35],
			"to": [4, 6.32821, 16.65],
			"rotation": {"angle": 45, "axis": "x", "origin": [3.7, 6, 15]},
			"faces": {
				"north": {"uv": [7, 10.75, 7.25, 11], "texture": "#0"},
				"east": {"uv": [8, 10.25, 8.75, 10.5], "texture": "#0"},
				"south": {"uv": [7.25, 10.75, 7.5, 11], "texture": "#0"},
				"west": {"uv": [8.75, 10.25, 9.5, 10.5], "texture": "#0"},
				"up": {"uv": [6.25, 11, 6, 10.25], "texture": "#0"},
				"down": {"uv": [6.5, 10.25, 6.25, 11], "texture": "#0"}
			}
		},
		{
			"name": "hexadecagon",
			"from": [3.5, 4.35, 14.67179],
			"to": [4, 7.65, 15.32821],
			"rotation": {"angle": -22.5, "axis": "x", "origin": [3.7, 6, 15]},
			"faces": {
				"north": {"uv": [10.25, 9, 10.5, 9.75], "texture": "#0"},
				"east": {"uv": [9.5, 10.25, 9.75, 11], "texture": "#0"},
				"south": {"uv": [9.75, 10.25, 10, 11], "texture": "#0"},
				"west": {"uv": [10, 10.25, 10.25, 11], "texture": "#0"},
				"up": {"uv": [8.25, 11, 8, 10.75], "texture": "#0"},
				"down": {"uv": [8.5, 10.75, 8.25, 11], "texture": "#0"}
			}
		},
		{
			"name": "hexadecagon",
			"from": [3.5, 4.35, 14.67179],
			"to": [4, 7.65, 15.32821],
			"rotation": {"angle": 0, "axis": "z", "origin": [3.7, 6, 15]},
			"faces": {
				"north": {"uv": [10.25, 10.25, 10.5, 11], "texture": "#0"},
				"east": {"uv": [1.5, 10.5, 1.75, 11.25], "texture": "#0"},
				"south": {"uv": [1.75, 10.5, 2, 11.25], "texture": "#0"},
				"west": {"uv": [2, 10.5, 2.25, 11.25], "texture": "#0"},
				"up": {"uv": [8.75, 11, 8.5, 10.75], "texture": "#0"},
				"down": {"uv": [9, 10.75, 8.75, 11], "texture": "#0"}
			}
		},
		{
			"name": "hexadecagon",
			"from": [3.5, 4.35, 14.67179],
			"to": [4, 7.65, 15.32821],
			"rotation": {"angle": 22.5, "axis": "x", "origin": [3.7, 6, 15]},
			"faces": {
				"north": {"uv": [2.25, 10.5, 2.5, 11.25], "texture": "#0"},
				"east": {"uv": [2.5, 10.5, 2.75, 11.25], "texture": "#0"},
				"south": {"uv": [2.75, 10.5, 3, 11.25], "texture": "#0"},
				"west": {"uv": [3.5, 10.5, 3.75, 11.25], "texture": "#0"},
				"up": {"uv": [11, 9, 10.75, 8.75], "texture": "#0"},
				"down": {"uv": [9.25, 10.75, 9, 11], "texture": "#0"}
			}
		},
		{
			"name": "hexadecagon",
			"from": [8.4, 5.6519, 6.25],
			"to": [8.8, 6.3481, 9.75],
			"rotation": {"angle": -45, "axis": "x", "origin": [8.6, 6, 8]},
			"faces": {
				"north": {"uv": [6, 5.25, 6.25, 5.5], "texture": "#0"},
				"east": {"uv": [8.5, 8.75, 9.5, 9], "texture": "#0"},
				"south": {"uv": [4, 6.25, 4.25, 6.5], "texture": "#0"},
				"west": {"uv": [0, 9, 1, 9.25], "texture": "#0"},
				"up": {"uv": [1.25, 10, 1, 9], "texture": "#0"},
				"down": {"uv": [1.5, 9, 1.25, 10], "texture": "#0"}
			}
		},
		{
			"name": "hexadecagon",
			"from": [8.4, 5.6519, 6.25],
			"to": [8.8, 6.3481, 9.75],
			"rotation": {"angle": -22.5, "axis": "x", "origin": [8.6, 6, 8]},
			"faces": {
				"north": {"uv": [4.25, 6.25, 4.5, 6.5], "texture": "#0"},
				"east": {"uv": [1.5, 9, 2.5, 9.25], "texture": "#0"},
				"south": {"uv": [6.25, 5.25, 6.5, 5.5], "texture": "#0"},
				"west": {"uv": [2.5, 9, 3.5, 9.25], "texture": "#0"},
				"up": {"uv": [9.25, 4, 9, 3], "texture": "#0"},
				"down": {"uv": [3.75, 9, 3.5, 10], "texture": "#0"}
			}
		},
		{
			"name": "hexadecagon",
			"from": [8.4, 5.6519, 6.25],
			"to": [8.8, 6.3481, 9.75],
			"rotation": {"angle": 0, "axis": "z", "origin": [8.6, 6, 8]},
			"faces": {
				"north": {"uv": [6.5, 3.5, 6.75, 3.75], "texture": "#0"},
				"east": {"uv": [3.75, 9, 4.75, 9.25], "texture": "#0"},
				"south": {"uv": [6, 6.5, 6.25, 6.75], "texture": "#0"},
				"west": {"uv": [4.75, 9, 5.75, 9.25], "texture": "#0"},
				"up": {"uv": [6, 10, 5.75, 9], "texture": "#0"},
				"down": {"uv": [6.25, 9, 6, 10], "texture": "#0"}
			}
		},
		{
			"name": "hexadecagon",
			"from": [8.4, 5.6519, 6.25],
			"to": [8.8, 6.3481, 9.75],
			"rotation": {"angle": 22.5, "axis": "x", "origin": [8.6, 6, 8]},
			"faces": {
				"north": {"uv": [6.25, 6.5, 6.5, 6.75], "texture": "#0"},
				"east": {"uv": [9, 6, 10, 6.25], "texture": "#0"},
				"south": {"uv": [6.75, 3.5, 7, 3.75], "texture": "#0"},
				"west": {"uv": [9, 6.25, 10, 6.5], "texture": "#0"},
				"up": {"uv": [6.5, 10, 6.25, 9], "texture": "#0"},
				"down": {"uv": [6.75, 9, 6.5, 10], "texture": "#0"}
			}
		},
		{
			"name": "hexadecagon",
			"from": [8.4, 5.6519, 6.25],
			"to": [8.8, 6.3481, 9.75],
			"rotation": {"angle": 45, "axis": "x", "origin": [8.6, 6, 8]},
			"faces": {
				"north": {"uv": [7, 4.5, 7.25, 4.75], "texture": "#0"},
				"east": {"uv": [9, 6.5, 10, 6.75], "texture": "#0"},
				"south": {"uv": [7.25, 4.5, 7.5, 4.75], "texture": "#0"},
				"west": {"uv": [9, 6.75, 10, 7], "texture": "#0"},
				"up": {"uv": [7, 10, 6.75, 9], "texture": "#0"},
				"down": {"uv": [8.75, 9, 8.5, 10], "texture": "#0"}
			}
		},
		{
			"name": "hexadecagon",
			"from": [8.4, 4.25, 7.6519],
			"to": [8.8, 7.75, 8.3481],
			"rotation": {"angle": -22.5, "axis": "x", "origin": [8.6, 6, 8]},
			"faces": {
				"north": {"uv": [8.75, 9, 9, 10], "texture": "#0"},
				"east": {"uv": [9, 9, 9.25, 10], "texture": "#0"},
				"south": {"uv": [0, 9.25, 0.25, 10.25], "texture": "#0"},
				"west": {"uv": [0.25, 9.25, 0.5, 10.25], "texture": "#0"},
				"up": {"uv": [7.75, 6.75, 7.5, 6.5], "texture": "#0"},
				"down": {"uv": [8, 6.5, 7.75, 6.75], "texture": "#0"}
			}
		},
		{
			"name": "hexadecagon",
			"from": [8.4, 4.25, 7.6519],
			"to": [8.8, 7.75, 8.3481],
			"rotation": {"angle": 0, "axis": "z", "origin": [8.6, 6, 8]},
			"faces": {
				"north": {"uv": [0.5, 9.25, 0.75, 10.25], "texture": "#0"},
				"east": {"uv": [0.75, 9.25, 1, 10.25], "texture": "#0"},
				"south": {"uv": [1.5, 9.25, 1.75, 10.25], "texture": "#0"},
				"west": {"uv": [1.75, 9.25, 2, 10.25], "texture": "#0"},
				"up": {"uv": [5.75, 8.75, 5.5, 8.5], "texture": "#0"},
				"down": {"uv": [6, 8.5, 5.75, 8.75], "texture": "#0"}
			}
		},
		{
			"name": "hexadecagon",
			"from": [8.4, 4.25, 7.6519],
			"to": [8.8, 7.75, 8.3481],
			"rotation": {"angle": 22.5, "axis": "x", "origin": [8.6, 6, 8]},
			"faces": {
				"north": {"uv": [2, 9.25, 2.25, 10.25], "texture": "#0"},
				"east": {"uv": [2.25, 9.25, 2.5, 10.25], "texture": "#0"},
				"south": {"uv": [2.5, 9.25, 2.75, 10.25], "texture": "#0"},
				"west": {"uv": [2.75, 9.25, 3, 10.25], "texture": "#0"},
				"up": {"uv": [10.75, 9.75, 10.5, 9.5], "texture": "#0"},
				"down": {"uv": [3.5, 10.75, 3.25, 11], "texture": "#0"}
			}
		},
		{
			"name": "hexadecagon",
			"from": [8.4, 5.6519, 13.25],
			"to": [8.8, 6.3481, 16.75],
			"rotation": {"angle": -45, "axis": "x", "origin": [8.6, 6, 15]},
			"faces": {
				"north": {"uv": [6, 5.25, 6.25, 5.5], "texture": "#0"},
				"east": {"uv": [8.5, 8.75, 9.5, 9], "texture": "#0"},
				"south": {"uv": [4, 6.25, 4.25, 6.5], "texture": "#0"},
				"west": {"uv": [0, 9, 1, 9.25], "texture": "#0"},
				"up": {"uv": [1.25, 10, 1, 9], "texture": "#0"},
				"down": {"uv": [1.5, 9, 1.25, 10], "texture": "#0"}
			}
		},
		{
			"name": "hexadecagon",
			"from": [8.4, 5.6519, 13.25],
			"to": [8.8, 6.3481, 16.75],
			"rotation": {"angle": -22.5, "axis": "x", "origin": [8.6, 6, 15]},
			"faces": {
				"north": {"uv": [4.25, 6.25, 4.5, 6.5], "texture": "#0"},
				"east": {"uv": [1.5, 9, 2.5, 9.25], "texture": "#0"},
				"south": {"uv": [6.25, 5.25, 6.5, 5.5], "texture": "#0"},
				"west": {"uv": [2.5, 9, 3.5, 9.25], "texture": "#0"},
				"up": {"uv": [9.25, 4, 9, 3], "texture": "#0"},
				"down": {"uv": [3.75, 9, 3.5, 10], "texture": "#0"}
			}
		},
		{
			"name": "hexadecagon",
			"from": [8.4, 5.6519, 13.25],
			"to": [8.8, 6.3481, 16.75],
			"rotation": {"angle": 0, "axis": "z", "origin": [8.6, 6, 15]},
			"faces": {
				"north": {"uv": [6.5, 3.5, 6.75, 3.75], "texture": "#0"},
				"east": {"uv": [3.75, 9, 4.75, 9.25], "texture": "#0"},
				"south": {"uv": [6, 6.5, 6.25, 6.75], "texture": "#0"},
				"west": {"uv": [4.75, 9, 5.75, 9.25], "texture": "#0"},
				"up": {"uv": [6, 10, 5.75, 9], "texture": "#0"},
				"down": {"uv": [6.25, 9, 6, 10], "texture": "#0"}
			}
		},
		{
			"name": "hexadecagon",
			"from": [8.4, 5.6519, 13.25],
			"to": [8.8, 6.3481, 16.75],
			"rotation": {"angle": 22.5, "axis": "x", "origin": [8.6, 6, 15]},
			"faces": {
				"north": {"uv": [6.25, 6.5, 6.5, 6.75], "texture": "#0"},
				"east": {"uv": [9, 6, 10, 6.25], "texture": "#0"},
				"south": {"uv": [6.75, 3.5, 7, 3.75], "texture": "#0"},
				"west": {"uv": [9, 6.25, 10, 6.5], "texture": "#0"},
				"up": {"uv": [6.5, 10, 6.25, 9], "texture": "#0"},
				"down": {"uv": [6.75, 9, 6.5, 10], "texture": "#0"}
			}
		},
		{
			"name": "hexadecagon",
			"from": [8.4, 5.6519, 13.25],
			"to": [8.8, 6.3481, 16.75],
			"rotation": {"angle": 45, "axis": "x", "origin": [8.6, 6, 15]},
			"faces": {
				"north": {"uv": [7, 4.5, 7.25, 4.75], "texture": "#0"},
				"east": {"uv": [9, 6.5, 10, 6.75], "texture": "#0"},
				"south": {"uv": [7.25, 4.5, 7.5, 4.75], "texture": "#0"},
				"west": {"uv": [9, 6.75, 10, 7], "texture": "#0"},
				"up": {"uv": [7, 10, 6.75, 9], "texture": "#0"},
				"down": {"uv": [8.75, 9, 8.5, 10], "texture": "#0"}
			}
		},
		{
			"name": "hexadecagon",
			"from": [8.4, 4.25, 14.6519],
			"to": [8.8, 7.75, 15.3481],
			"rotation": {"angle": -22.5, "axis": "x", "origin": [8.6, 6, 15]},
			"faces": {
				"north": {"uv": [8.75, 9, 9, 10], "texture": "#0"},
				"east": {"uv": [9, 9, 9.25, 10], "texture": "#0"},
				"south": {"uv": [0, 9.25, 0.25, 10.25], "texture": "#0"},
				"west": {"uv": [0.25, 9.25, 0.5, 10.25], "texture": "#0"},
				"up": {"uv": [7.75, 6.75, 7.5, 6.5], "texture": "#0"},
				"down": {"uv": [8, 6.5, 7.75, 6.75], "texture": "#0"}
			}
		},
		{
			"name": "hexadecagon",
			"from": [8.4, 4.25, 14.6519],
			"to": [8.8, 7.75, 15.3481],
			"rotation": {"angle": 0, "axis": "z", "origin": [8.6, 6, 15]},
			"faces": {
				"north": {"uv": [0.5, 9.25, 0.75, 10.25], "texture": "#0"},
				"east": {"uv": [0.75, 9.25, 1, 10.25], "texture": "#0"},
				"south": {"uv": [1.5, 9.25, 1.75, 10.25], "texture": "#0"},
				"west": {"uv": [1.75, 9.25, 2, 10.25], "texture": "#0"},
				"up": {"uv": [5.75, 8.75, 5.5, 8.5], "texture": "#0"},
				"down": {"uv": [6, 8.5, 5.75, 8.75], "texture": "#0"}
			}
		},
		{
			"name": "hexadecagon",
			"from": [8.4, 4.25, 14.6519],
			"to": [8.8, 7.75, 15.3481],
			"rotation": {"angle": 22.5, "axis": "x", "origin": [8.6, 6, 15]},
			"faces": {
				"north": {"uv": [2, 9.25, 2.25, 10.25], "texture": "#0"},
				"east": {"uv": [2.25, 9.25, 2.5, 10.25], "texture": "#0"},
				"south": {"uv": [2.5, 9.25, 2.75, 10.25], "texture": "#0"},
				"west": {"uv": [2.75, 9.25, 3, 10.25], "texture": "#0"},
				"up": {"uv": [10.75, 9.75, 10.5, 9.5], "texture": "#0"},
				"down": {"uv": [3.5, 10.75, 3.25, 11], "texture": "#0"}
			}
		}
	],
	"display": {
		"thirdperson_righthand": {
			"rotation": [67, -90, 0],
			"translation": [-2.5, 0, 18.25]
		},
		"gui": {
			"rotation": [0, 90, 0],
			"translation": [-3.5, 2, 0]
		},
		"head": {
			"rotation": [30, -90, 0],
			"translation": [6.25, 2.75, -0.25],
			"scale": [1.74, 1.74, 1.74]
		}
	},
	"groups": [
		{
			"name": "hexadecagon",
			"origin": [8, 8, 8],
			"color": 0,
			"nbt": "{}",
			"children": [0, 1, 2, 3, 4, 5, 6, 7, 8, 9, 10, 11, 12, 13, 14, 15]
		},
		{
			"name": "hexadecagon",
			"origin": [8, 8, 8],
			"color": 0,
			"nbt": "{}",
			"children": [16, 17, 18, 19, 20, 21, 22, 23, 24, 25, 26, 27, 28, 29, 30, 31]
		},
		{
			"name": "hexadecagon",
			"origin": [8, 8, 8],
			"color": 0,
			"nbt": "{}",
			"children": [32, 33, 34, 35, 36, 37, 38, 39, 40, 41, 42, 43, 44, 45, 46, 47]
		},
		{
			"name": "hexadecagon",
			"origin": [8, 8, 8],
			"color": 0,
			"nbt": "{}",
			"children": [48, 49, 50, 51, 52, 53, 54, 55, 56, 57, 58, 59, 60, 61, 62, 63]
		},
		{
			"name": "hexadecagon",
			"origin": [8, 8, 8],
			"color": 0,
			"nbt": "{}",
			"children": [64, 65, 66, 67, 68, 69, 70, 71, 72, 73, 74, 75, 76, 77, 78, 79, 80, 81, 82, 83]
		},
		84,
		85,
		{
			"name": "hexadecagon",
			"origin": [8, 8, 8],
			"color": 0,
			"nbt": "{}",
			"children": [86, 87, 88, 89, 90, 91, 92, 93, 94, 95, 96, 97, 98, 99, 100, 101]
		},
		{
			"name": "hexadecagon",
			"origin": [8, 8, 8],
			"color": 0,
			"nbt": "{}",
			"children": [102, 103, 104, 105, 106, 107, 108, 109, 110, 111, 112, 113, 114, 115, 116, 117]
		}
	]
}
