{
	"credit": "Made with Blockbench",
	"texture_size": [64, 64],
	"textures": {
		"0": "item/custom/rotrdoor1texturenew",
		"1": "item/custom/rotrdoor1texturenew",
		"particle": "item/custom/rotrdoor1texturenew"
	},
	"elements": [
		{
			"from": [0, 0, 0],
			"to": [16, 25, 2],
			"faces": {
				"north": {"uv": [0, 0, 4, 6], "texture": "#1"},
				"east": {"uv": [0, 6, 0.5, 12], "texture": "#1"},
				"south": {"uv": [4, 0, 8, 6], "texture": "#1"},
				"west": {"uv": [0.5, 6, 1, 12], "texture": "#1"},
				"up": {"uv": [5, 7, 1, 6.5], "texture": "#0"},
				"down": {"uv": [9, 6.5, 5, 7], "texture": "#0"}
			}
		}
	]
}
