{
	"credit": "Made with Blockbench",
	"texture_size": [8, 8],
	"textures": {
		"2": "item/custom/rotrwallwhite",
		"particle": "item/custom/rotrwallwhite"
	},
	"elements": [
		{
			"from": [0, 0, 0],
			"to": [7.37931, 32, 2],
			"faces": {
				"north": {"uv": [0, 0, 3.5, 16], "texture": "#2"},
				"east": {"uv": [7, 0, 8, 16], "texture": "#2"},
				"south": {"uv": [3.5, 0, 7, 16], "texture": "#2"},
				"west": {"uv": [8, 0, 9, 16], "texture": "#2"},
				"up": {"uv": [12.5, 1, 9, 0], "texture": "#2"},
				"down": {"uv": [12.5, 1, 9, 2], "texture": "#2"}
			}
		}
	],
	"display": {
		"thirdperson_righthand": {
			"rotation": [90, 180, 0],
			"translation": [-13.25, 4.75, 3.5],
			"scale": [1.75, 1.75, 1]
		},
		"head": {
			"translation": [7, 0, 0],
			"scale": [1.63672, 1.79492, 1]
		}
	}
}
