{
	"credit": "Made with Blockbench",
	"texture_size": [64, 64],
	"textures": {
		"1": "item/custom/rotrfananimatenew",
		"particle": "item/custom/rotrfananimatenew"
	},
	"elements": [
		{
			"from": [4.9, 23.8, 5],
			"to": [11, 24, 11],
			"rotation": {"angle": 0, "axis": "y", "origin": [7, 23.8, 7]},
			"faces": {
				"north": {"uv": [6.75, 5.25, 8.25, 5.5], "texture": "#particle"},
				"east": {"uv": [5.75, 7, 7.25, 7.25], "texture": "#particle"},
				"south": {"uv": [7.25, 0.75, 8.75, 1], "texture": "#particle"},
				"west": {"uv": [7.25, 1, 8.75, 1.25], "texture": "#particle"},
				"up": {"uv": [6, 3, 4.5, 1.5], "texture": "#particle"},
				"down": {"uv": [4.5, 4.5, 3, 6], "texture": "#particle"}
			}
		},
		{
			"from": [4.9, 13.8, 5],
			"to": [11, 14, 11],
			"rotation": {"angle": 0, "axis": "y", "origin": [7, 13.8, 7]},
			"faces": {
				"north": {"uv": [7.25, 3.25, 8.75, 3.5], "texture": "#particle"},
				"east": {"uv": [7.25, 3.5, 8.75, 3.75], "texture": "#particle"},
				"south": {"uv": [5.75, 7.25, 7.25, 7.5], "texture": "#particle"},
				"west": {"uv": [7.25, 6.25, 8.75, 6.5], "texture": "#particle"},
				"up": {"uv": [6, 4.5, 4.5, 3], "texture": "#particle"},
				"down": {"uv": [6, 4.5, 4.5, 6], "texture": "#particle"}
			}
		},
		{
			"from": [15.24315, 14.6733, 5],
			"to": [15.44315, 17.4733, 11],
			"rotation": {"angle": 45, "axis": "z", "origin": [5.34315, 15.3733, 9]},
			"faces": {
				"north": {"uv": [1, 7.75, 1.25, 8.5], "texture": "#particle"},
				"east": {"uv": [0, 6, 1.5, 6.75], "texture": "#particle"},
				"south": {"uv": [1.25, 7.75, 1.5, 8.5], "texture": "#particle"},
				"west": {"uv": [6, 0, 7.5, 0.75], "texture": "#particle"},
				"up": {"uv": [5.25, 8.5, 5, 7], "texture": "#particle"},
				"down": {"uv": [7.5, 1.25, 7.25, 2.75], "texture": "#particle"}
			}
		},
		{
			"from": [1.37157, 21.75858, 5],
			"to": [4.17157, 21.95858, 11],
			"rotation": {"angle": 45, "axis": "z", "origin": [2.07157, 23.85858, 7]},
			"faces": {
				"north": {"uv": [7.75, 1.25, 8.5, 1.5], "texture": "#particle"},
				"east": {"uv": [7.25, 2.75, 8.75, 3], "texture": "#particle"},
				"south": {"uv": [7.75, 1.5, 8.5, 1.75], "texture": "#particle"},
				"west": {"uv": [7.25, 3, 8.75, 3.25], "texture": "#particle"},
				"up": {"uv": [6.75, 2.25, 6, 0.75], "texture": "#particle"},
				"down": {"uv": [2.25, 6, 1.5, 7.5], "texture": "#particle"}
			}
		},
		{
			"from": [0.97157, 14.85858, 5],
			"to": [3.77157, 15.05858, 11],
			"rotation": {"angle": -45, "axis": "z", "origin": [3.07157, 12.95858, 7]},
			"faces": {
				"north": {"uv": [7.75, 1.75, 8.5, 2], "texture": "#particle"},
				"east": {"uv": [7.25, 6.5, 8.75, 6.75], "texture": "#particle"},
				"south": {"uv": [7.75, 2, 8.5, 2.25], "texture": "#particle"},
				"west": {"uv": [7.25, 6.75, 8.75, 7], "texture": "#particle"},
				"up": {"uv": [3, 7.5, 2.25, 6], "texture": "#particle"},
				"down": {"uv": [6.75, 2.25, 6, 3.75], "texture": "#particle"}
			}
		},
		{
			"from": [11.87157, 15.05858, 5],
			"to": [12.07157, 17.85858, 11],
			"rotation": {"angle": -45, "axis": "z", "origin": [9.97157, 15.75858, 7]},
			"faces": {
				"north": {"uv": [8, 0, 8.25, 0.75], "texture": "#particle"},
				"east": {"uv": [3, 6, 4.5, 6.75], "texture": "#particle"},
				"south": {"uv": [8, 3.75, 8.25, 4.5], "texture": "#particle"},
				"west": {"uv": [6, 3.75, 7.5, 4.5], "texture": "#particle"},
				"up": {"uv": [7.5, 8.5, 7.25, 7], "texture": "#particle"},
				"down": {"uv": [7.75, 1.25, 7.5, 2.75], "texture": "#particle"}
			}
		},
		{
			"from": [2.9, 15.8, 5],
			"to": [3.1, 22, 11],
			"rotation": {"angle": 0, "axis": "z", "origin": [2.9, 20, 7]},
			"faces": {
				"north": {"uv": [3, 6.75, 3.25, 8.25], "texture": "#particle"},
				"east": {"uv": [3, 0, 4.5, 1.5], "texture": "#particle"},
				"south": {"uv": [3.25, 6.75, 3.5, 8.25], "texture": "#particle"},
				"west": {"uv": [3, 1.5, 4.5, 3], "texture": "#particle"},
				"up": {"uv": [3.75, 8.25, 3.5, 6.75], "texture": "#particle"},
				"down": {"uv": [4, 6.75, 3.75, 8.25], "texture": "#particle"}
			}
		},
		{
			"from": [2.7, 13.8, 7.5],
			"to": [2.9, 20, 8.5],
			"rotation": {"angle": 0, "axis": "z", "origin": [2.7, 18, 6.5]},
			"faces": {
				"north": {"uv": [1.5, 7.5, 1.75, 9], "texture": "#particle"},
				"east": {"uv": [1.75, 7.5, 2, 9], "texture": "#particle"},
				"south": {"uv": [2, 7.5, 2.25, 9], "texture": "#particle"},
				"west": {"uv": [2.25, 7.5, 2.5, 9], "texture": "#particle"},
				"up": {"uv": [1, 8.5, 0.75, 8.25], "texture": "#particle"},
				"down": {"uv": [8.5, 5.25, 8.25, 5.5], "texture": "#particle"}
			}
		},
		{
			"from": [4.3, 12.2, 7.5],
			"to": [11.6, 12.4, 8.5],
			"rotation": {"angle": 0, "axis": "z", "origin": [7.7, 12.4, 6.5]},
			"faces": {
				"north": {"uv": [6, 5.75, 7.75, 6], "texture": "#particle"},
				"east": {"uv": [8.25, 7.75, 8.5, 8], "texture": "#particle"},
				"south": {"uv": [6.75, 4.5, 8.5, 4.75], "texture": "#particle"},
				"west": {"uv": [8.25, 8, 8.5, 8.25], "texture": "#particle"},
				"up": {"uv": [8.5, 5, 6.75, 4.75], "texture": "#particle"},
				"down": {"uv": [8.5, 5, 6.75, 5.25], "texture": "#particle"}
			}
		},
		{
			"from": [6.5, 12, 6.5],
			"to": [9.4, 12.2, 9.5],
			"rotation": {"angle": 0, "axis": "z", "origin": [7.2, 12.2, 6.5]},
			"faces": {
				"north": {"uv": [7.75, 2.25, 8.5, 2.5], "texture": "#particle"},
				"east": {"uv": [7.75, 2.5, 8.5, 2.75], "texture": "#particle"},
				"south": {"uv": [7.75, 5.75, 8.5, 6], "texture": "#particle"},
				"west": {"uv": [6.25, 8, 7, 8.25], "texture": "#particle"},
				"up": {"uv": [6.5, 7, 5.75, 6.25], "texture": "#particle"},
				"down": {"uv": [7.25, 6.25, 6.5, 7], "texture": "#particle"}
			}
		},
		{
			"from": [5.9, 7.7, 7.3],
			"to": [7.5, 12, 9],
			"rotation": {"angle": 45, "axis": "y", "origin": [7.2, 12, 6.5]},
			"faces": {
				"north": {"uv": [0, 6.75, 0.5, 7.75], "texture": "#particle"},
				"east": {"uv": [0.5, 6.75, 1, 7.75], "texture": "#particle"},
				"south": {"uv": [6.75, 0.75, 7.25, 1.75], "texture": "#particle"},
				"west": {"uv": [1, 6.75, 1.5, 7.75], "texture": "#particle"},
				"up": {"uv": [6.75, 8, 6.25, 7.5], "texture": "#particle"},
				"down": {"uv": [7.25, 7.5, 6.75, 8], "texture": "#particle"}
			}
		},
		{
			"from": [5.5, 4.5, 6.9],
			"to": [7.9, 8.8, 9.4],
			"rotation": {"angle": 45, "axis": "y", "origin": [7.2, 12, 6.5]},
			"faces": {
				"north": {"uv": [6.75, 1.75, 7.25, 2.75], "texture": "#particle"},
				"east": {"uv": [4.5, 6, 5.25, 7], "texture": "#particle"},
				"south": {"uv": [6.75, 2.75, 7.25, 3.75], "texture": "#particle"},
				"west": {"uv": [6, 4.5, 6.75, 5.5], "texture": "#particle"},
				"up": {"uv": [8, 0.75, 7.5, 0], "texture": "#particle"},
				"down": {"uv": [8, 3.75, 7.5, 4.5], "texture": "#particle"}
			}
		},
		{
			"from": [5.8, 9.2, 7.2],
			"to": [7.6, 9.8, 9.1],
			"rotation": {"angle": 45, "axis": "y", "origin": [7.2, 12, 6.5]},
			"faces": {
				"north": {"uv": [0.25, 8.25, 0.75, 8.5], "texture": "#particle"},
				"east": {"uv": [8.25, 0.5, 8.75, 0.75], "texture": "#particle"},
				"south": {"uv": [3, 8.25, 3.5, 8.5], "texture": "#particle"},
				"west": {"uv": [3.5, 8.25, 4, 8.5], "texture": "#particle"},
				"up": {"uv": [8, 7.5, 7.5, 7], "texture": "#particle"},
				"down": {"uv": [8, 7.5, 7.5, 8], "texture": "#particle"}
			}
		},
		{
			"from": [5.8, 8.7, 7.2],
			"to": [7.6, 9.1, 9.1],
			"rotation": {"angle": 45, "axis": "y", "origin": [7.2, 12, 6.5]},
			"faces": {
				"north": {"uv": [8.25, 3.75, 8.75, 4], "texture": "#particle"},
				"east": {"uv": [4, 8.25, 4.5, 8.5], "texture": "#particle"},
				"south": {"uv": [8.25, 4, 8.75, 4.25], "texture": "#particle"},
				"west": {"uv": [8.25, 4.25, 8.75, 4.5], "texture": "#particle"},
				"up": {"uv": [0.5, 8.25, 0, 7.75], "texture": "#particle"},
				"down": {"uv": [1, 7.75, 0.5, 8.25], "texture": "#particle"}
			}
		},
		{
			"from": [13, 13.8, 7.5],
			"to": [13.2, 20, 8.5],
			"rotation": {"angle": 0, "axis": "z", "origin": [13, 18, 6.5]},
			"faces": {
				"north": {"uv": [2.5, 7.5, 2.75, 9], "texture": "#particle"},
				"east": {"uv": [2.75, 7.5, 3, 9], "texture": "#particle"},
				"south": {"uv": [5.75, 7.5, 6, 9], "texture": "#particle"},
				"west": {"uv": [6, 7.5, 6.25, 9], "texture": "#particle"},
				"up": {"uv": [7, 8.5, 6.75, 8.25], "texture": "#particle"},
				"down": {"uv": [8.5, 7, 8.25, 7.25], "texture": "#particle"}
			}
		},
		{
			"from": [4.1, 12.1, 7.5],
			"to": [4.3, 14.4, 8.5],
			"rotation": {"angle": 45, "axis": "z", "origin": [4.1, 12.4, 6.5]},
			"faces": {
				"north": {"uv": [7, 8, 7.25, 8.5], "texture": "#particle"},
				"east": {"uv": [8, 7, 8.25, 7.5], "texture": "#particle"},
				"south": {"uv": [7.5, 8, 7.75, 8.5], "texture": "#particle"},
				"west": {"uv": [8, 7.5, 8.25, 8], "texture": "#particle"},
				"up": {"uv": [6.5, 8.5, 6.25, 8.25], "texture": "#particle"},
				"down": {"uv": [6.75, 8.25, 6.5, 8.5], "texture": "#particle"}
			}
		},
		{
			"from": [11.6, 12.3, 7.5],
			"to": [11.8, 14.5, 8.5],
			"rotation": {"angle": -45, "axis": "z", "origin": [11.6, 12.5, 6.5]},
			"faces": {
				"north": {"uv": [7.75, 8, 8, 8.5], "texture": "#particle"},
				"east": {"uv": [8, 8, 8.25, 8.5], "texture": "#particle"},
				"south": {"uv": [0, 8.25, 0.25, 8.75], "texture": "#particle"},
				"west": {"uv": [8.25, 0, 8.5, 0.5], "texture": "#particle"},
				"up": {"uv": [8.5, 7.5, 8.25, 7.25], "texture": "#particle"},
				"down": {"uv": [8.5, 7.5, 8.25, 7.75], "texture": "#particle"}
			}
		},
		{
			"from": [12.8, 15.8, 5],
			"to": [13, 22, 11],
			"rotation": {"angle": 0, "axis": "z", "origin": [12.8, 20, 7]},
			"faces": {
				"north": {"uv": [4, 6.75, 4.25, 8.25], "texture": "#particle"},
				"east": {"uv": [3, 3, 4.5, 4.5], "texture": "#particle"},
				"south": {"uv": [4.25, 6.75, 4.5, 8.25], "texture": "#particle"},
				"west": {"uv": [4.5, 0, 6, 1.5], "texture": "#particle"},
				"up": {"uv": [4.75, 8.5, 4.5, 7], "texture": "#particle"},
				"down": {"uv": [5, 7, 4.75, 8.5], "texture": "#particle"}
			}
		},
		{
			"from": [2.1, 12.8, 8],
			"to": [13.8, 25, 8],
			"rotation": {"angle": 0, "axis": "y", "origin": [12.8, 20, 7]},
			"faces": {
				"north": {"uv": [3, 3, 0, 0], "texture": "#1"},
				"east": {"uv": [5.25, 6, 5.5, 9], "texture": "#1"},
				"south": {"uv": [0, 3, 3, 6], "texture": "#1"},
				"west": {"uv": [5.5, 6, 5.75, 9], "texture": "#1"},
				"up": {"uv": [9, 5.75, 6, 5.5], "texture": "#1"},
				"down": {"uv": [8.75, 6, 5.75, 6.25], "texture": "#1"}
			}
		}
	],
	"display": {
		"head": {
			"translation": [0, -26.75, 0],
			"scale": [3.73, 3.71, 4]
		}
	},
	"groups": [
		{
			"name": "group",
			"origin": [12.8, 20, 7],
			"color": 0,
			"children": [0, 1, 2, 3, 4, 5, 6, 7, 8, 9, 10, 11, 12, 13, 14, 15, 16, 17, 18]
		}
	]
}
