{
	"credit": "Made with Blockbench",
	"texture_size": [32, 32],
	"textures": {
		"1": "item/custom/stormtrooperarm",
		"particle": "item/custom/stormtrooperblaster"
	},
	"elements": [
		{
			"from": [5.8, 0, 7],
			"to": [11.8, 2, 9],
			"rotation": {"angle": 0, "axis": "z", "origin": [14.8, 4, 9]},
			"faces": {
				"north": {"uv": [0, 0, 4.5, 2], "rotation": 180, "texture": "#1"},
				"east": {"uv": [4, 4, 6, 6], "rotation": 180, "texture": "#1"},
				"south": {"uv": [0, 2, 4.5, 4], "rotation": 180, "texture": "#1"},
				"west": {"uv": [4.5, 0, 6.5, 2], "rotation": 180, "texture": "#1"},
				"up": {"uv": [4, 4, 2, 8.5], "rotation": 270, "texture": "#1"},
				"down": {"uv": [2, 8.5, 0, 4], "rotation": 90, "texture": "#1"}
			}
		}
	],
	"display": {
		"thirdperson_righthand": {
			"rotation": [-90, -90, -90],
			"translation": [0, 13.25, 3.5],
			"scale": [1.65, 2.16, 2.16]
		},
		"thirdperson_lefthand": {
			"rotation": [-90, 90, 90],
			"translation": [0, 13, 3.5],
			"scale": [1.65, 2.16, 2.16]
		},
		"firstperson_righthand": {
			"rotation": [0, -91, 0],
			"translation": [0, 10.75, 1.25],
			"scale": [1, 1.29, 1]
		},
		"firstperson_lefthand": {
			"rotation": [0, 90, 0],
			"translation": [0, 10.75, 1.25],
			"scale": [1, 1.29, 1]
		},
		"ground": {
			"rotation": [90, 0, 0],
			"translation": [1.75, -3.25, 4.5]
		},
		"gui": {
			"rotation": [0, 180, 0],
			"translation": [-2.75, 8.5, 0],
			"scale": [1.6, 1.6, 1.6]
		},
		"head": {
			"translation": [0, 19.5, 0],
			"scale": [1.67, 1.67, 1.67]
		},
		"fixed": {
			"translation": [3.5, 10.25, 0],
			"scale": [1.92, 1.92, 1.92]
		}
	},
	"groups": [
		0,
		{
			"name": "group",
			"origin": [2.25412, 4.13066, 8],
			"color": 0,
			"children": []
		},
		{
			"name": "hexadecagon",
			"origin": [8, 8, 8],
			"color": 0,
			"children": []
		},
		{
			"name": "hexadecagon",
			"origin": [8, 8, 8],
			"color": 0,
			"children": []
		},
		{
			"name": "hexadecagon",
			"origin": [8, 8, 8],
			"color": 0,
			"children": []
		},
		{
			"name": "hexadecagon",
			"origin": [8, 8, 8],
			"color": 0,
			"children": []
		},
		{
			"name": "hexadecagon",
			"origin": [8, 8, 8],
			"color": 0,
			"children": []
		},
		{
			"name": "hexadecagon",
			"origin": [8, 8, 8],
			"color": 0,
			"children": []
		},
		{
			"name": "hexadecagon",
			"origin": [8, 8, 8],
			"color": 0,
			"children": []
		},
		{
			"name": "hexadecagon",
			"origin": [8, 8, 8],
			"color": 0,
			"children": []
		},
		{
			"name": "hexadecagon",
			"origin": [8, 8, 8],
			"color": 0,
			"children": []
		},
		{
			"name": "hexadecagon",
			"origin": [8, 8, 8],
			"color": 0,
			"children": []
		},
		{
			"name": "hexadecagon",
			"origin": [8, 8, 8],
			"color": 0,
			"children": []
		},
		{
			"name": "hexadecagon",
			"origin": [8, 8, 8],
			"color": 0,
			"children": []
		},
		{
			"name": "hexadecagon",
			"origin": [8, 8, 8],
			"color": 0,
			"children": []
		},
		{
			"name": "hexadecagon",
			"origin": [8, 8, 8],
			"color": 0,
			"children": []
		},
		{
			"name": "hexadecagon",
			"origin": [8, 8, 8],
			"color": 0,
			"children": []
		},
		{
			"name": "hexadecagon",
			"origin": [8, 8, 8],
			"color": 0,
			"children": []
		},
		{
			"name": "hexadecagon",
			"origin": [8, 8, 8],
			"color": 0,
			"children": []
		},
		{
			"name": "hexadecagon",
			"origin": [8, 8, 8],
			"color": 0,
			"children": []
		},
		{
			"name": "hexadecagon",
			"origin": [8, 8, 8],
			"color": 0,
			"children": []
		}
	]
}
