{
	"credit": "Made with Blockbench",
	"textures": {
		"0": "item/custom/tbawheel1",
		"1": "item/custom/tbawheel2",
		"particle": "item/custom/tbawheel1"
	},
	"elements": [
		{
			"from": [7.6, 0, 7.5],
			"to": [7.8, 0.5, 8.5],
			"rotation": {"angle": 0, "axis": "y", "origin": [6.7, 0, 7.2]},
			"faces": {
				"north": {"uv": [0, 0, 1, 1], "texture": "#0"},
				"east": {"uv": [0, 1, 1, 2], "texture": "#0"},
				"south": {"uv": [1, 0, 2, 1], "texture": "#0"},
				"west": {"uv": [1, 1, 2, 2], "texture": "#0"},
				"up": {"uv": [1, 3, 0, 2], "texture": "#0"},
				"down": {"uv": [3, 0, 2, 1], "texture": "#0"}
			}
		},
		{
			"from": [7.6, 0.49749, 6.59896],
			"to": [7.8, 0.99749, 7.59896],
			"rotation": {"angle": 22.5, "axis": "x", "origin": [6.7, 0.49749, 6.29896]},
			"faces": {
				"north": {"uv": [1, 2, 2, 3], "texture": "#0"},
				"east": {"uv": [2, 1, 3, 2], "texture": "#0"},
				"south": {"uv": [2, 2, 3, 3], "texture": "#0"},
				"west": {"uv": [0, 3, 1, 4], "texture": "#0"},
				"up": {"uv": [4, 1, 3, 0], "texture": "#0"},
				"down": {"uv": [2, 3, 1, 4], "texture": "#0"}
			}
		},
		{
			"from": [7.6, 1.30192, 5.95688],
			"to": [7.8, 1.80192, 6.95688],
			"rotation": {"angle": 45, "axis": "x", "origin": [6.7, 1.30192, 5.65688]},
			"faces": {
				"north": {"uv": [3, 1, 4, 2], "texture": "#0"},
				"east": {"uv": [2, 3, 3, 4], "texture": "#0"},
				"south": {"uv": [3, 2, 4, 3], "texture": "#0"},
				"west": {"uv": [3, 3, 4, 4], "texture": "#0"},
				"up": {"uv": [1, 5, 0, 4], "texture": "#0"},
				"down": {"uv": [5, 0, 4, 1], "texture": "#0"}
			}
		},
		{
			"from": [7.6, 0.99083, 5.37153],
			"to": [7.8, 1.99083, 5.87153],
			"rotation": {"angle": -22.5, "axis": "x", "origin": [6.7, 2.29083, 5.37153]},
			"faces": {
				"north": {"uv": [1, 4, 2, 5], "texture": "#0"},
				"east": {"uv": [4, 1, 5, 2], "texture": "#0"},
				"south": {"uv": [2, 4, 3, 5], "texture": "#0"},
				"west": {"uv": [4, 2, 5, 3], "texture": "#0"},
				"up": {"uv": [4, 5, 3, 4], "texture": "#0"},
				"down": {"uv": [5, 3, 4, 4], "texture": "#0"}
			}
		},
		{
			"from": [7.6, 2.01367, 5.48633],
			"to": [7.8, 3.01367, 5.98633],
			"rotation": {"angle": 0, "axis": "y", "origin": [6.7, 3.31367, 5.48633]},
			"faces": {
				"north": {"uv": [4, 4, 5, 5], "texture": "#0"},
				"east": {"uv": [0, 5, 1, 6], "texture": "#0"},
				"south": {"uv": [5, 0, 6, 1], "texture": "#0"},
				"west": {"uv": [1, 5, 2, 6], "texture": "#0"},
				"up": {"uv": [6, 2, 5, 1], "texture": "#0"},
				"down": {"uv": [3, 5, 2, 6], "texture": "#0"}
			}
		},
		{
			"from": [7.6, 2.91471, 5.98382],
			"to": [7.8, 3.91471, 6.48382],
			"rotation": {"angle": 22.5, "axis": "x", "origin": [6.7, 4.21471, 5.98382]},
			"faces": {
				"north": {"uv": [5, 2, 6, 3], "texture": "#0"},
				"east": {"uv": [3, 5, 4, 6], "texture": "#0"},
				"south": {"uv": [5, 3, 6, 4], "texture": "#0"},
				"west": {"uv": [4, 5, 5, 6], "texture": "#0"},
				"up": {"uv": [6, 5, 5, 4], "texture": "#0"},
				"down": {"uv": [6, 5, 5, 6], "texture": "#0"}
			}
		},
		{
			"from": [7.6, 4.35679, 5.48825],
			"to": [7.8, 4.85679, 6.48825],
			"rotation": {"angle": -45, "axis": "x", "origin": [6.7, 4.85679, 6.78825]},
			"faces": {
				"north": {"uv": [0, 6, 1, 7], "texture": "#0"},
				"east": {"uv": [6, 0, 7, 1], "texture": "#0"},
				"south": {"uv": [1, 6, 2, 7], "texture": "#0"},
				"west": {"uv": [6, 1, 7, 2], "texture": "#0"},
				"up": {"uv": [3, 7, 2, 6], "texture": "#0"},
				"down": {"uv": [7, 2, 6, 3], "texture": "#0"}
			}
		},
		{
			"from": [7.6, 4.64214, 6.47716],
			"to": [7.8, 5.14214, 7.47716],
			"rotation": {"angle": -22.5, "axis": "x", "origin": [6.7, 5.14214, 7.77716]},
			"faces": {
				"north": {"uv": [3, 6, 4, 7], "texture": "#0"},
				"east": {"uv": [6, 3, 7, 4], "texture": "#0"},
				"south": {"uv": [4, 6, 5, 7], "texture": "#0"},
				"west": {"uv": [6, 4, 7, 5], "texture": "#0"},
				"up": {"uv": [6, 7, 5, 6], "texture": "#0"},
				"down": {"uv": [7, 5, 6, 6], "texture": "#0"}
			}
		},
		{
			"from": [7.6, 4.52734, 7.5],
			"to": [7.8, 5.02734, 8.5],
			"rotation": {"angle": 0, "axis": "y", "origin": [6.7, 5.02734, 8.8]},
			"faces": {
				"north": {"uv": [6, 6, 7, 7], "texture": "#0"},
				"east": {"uv": [0, 7, 1, 8], "texture": "#0"},
				"south": {"uv": [7, 0, 8, 1], "texture": "#0"},
				"west": {"uv": [1, 7, 2, 8], "texture": "#0"},
				"up": {"uv": [8, 2, 7, 1], "texture": "#0"},
				"down": {"uv": [3, 7, 2, 8], "texture": "#0"}
			}
		},
		{
			"from": [7.6, 4.02985, 8.40104],
			"to": [7.8, 4.52985, 9.40104],
			"rotation": {"angle": 22.5, "axis": "x", "origin": [6.7, 4.52985, 9.70104]},
			"faces": {
				"north": {"uv": [7, 2, 8, 3], "texture": "#0"},
				"east": {"uv": [3, 7, 4, 8], "texture": "#0"},
				"south": {"uv": [7, 3, 8, 4], "texture": "#0"},
				"west": {"uv": [4, 7, 5, 8], "texture": "#0"},
				"up": {"uv": [8, 5, 7, 4], "texture": "#0"},
				"down": {"uv": [6, 7, 5, 8], "texture": "#0"}
			}
		},
		{
			"from": [7.6, 3.22542, 9.04312],
			"to": [7.8, 3.72542, 10.04312],
			"rotation": {"angle": 45, "axis": "x", "origin": [6.7, 3.72542, 10.34312]},
			"faces": {
				"north": {"uv": [7, 5, 8, 6], "texture": "#0"},
				"east": {"uv": [6, 7, 7, 8], "texture": "#0"},
				"south": {"uv": [7, 6, 8, 7], "texture": "#0"},
				"west": {"uv": [7, 7, 8, 8], "texture": "#0"},
				"up": {"uv": [1, 9, 0, 8], "texture": "#0"},
				"down": {"uv": [9, 0, 8, 1], "texture": "#0"}
			}
		},
		{
			"from": [7.6, 3.03651, 10.12847],
			"to": [7.8, 4.03651, 10.62847],
			"rotation": {"angle": -22.5, "axis": "x", "origin": [6.7, 2.73651, 10.62847]},
			"faces": {
				"north": {"uv": [1, 8, 2, 9], "texture": "#0"},
				"east": {"uv": [8, 1, 9, 2], "texture": "#0"},
				"south": {"uv": [2, 8, 3, 9], "texture": "#0"},
				"west": {"uv": [8, 2, 9, 3], "texture": "#0"},
				"up": {"uv": [4, 9, 3, 8], "texture": "#0"},
				"down": {"uv": [9, 3, 8, 4], "texture": "#0"}
			}
		},
		{
			"from": [7.6, 2.01367, 10.01367],
			"to": [7.8, 3.01367, 10.51367],
			"rotation": {"angle": 0, "axis": "y", "origin": [6.7, 1.71367, 10.51367]},
			"faces": {
				"north": {"uv": [4, 8, 5, 9], "texture": "#0"},
				"east": {"uv": [8, 4, 9, 5], "texture": "#0"},
				"south": {"uv": [5, 8, 6, 9], "texture": "#0"},
				"west": {"uv": [8, 5, 9, 6], "texture": "#0"},
				"up": {"uv": [7, 9, 6, 8], "texture": "#0"},
				"down": {"uv": [9, 6, 8, 7], "texture": "#0"}
			}
		},
		{
			"from": [7.6, 1.11263, 9.51618],
			"to": [7.8, 2.11263, 10.01618],
			"rotation": {"angle": 22.5, "axis": "x", "origin": [6.7, 0.81263, 10.01618]},
			"faces": {
				"north": {"uv": [7, 8, 8, 9], "texture": "#0"},
				"east": {"uv": [8, 7, 9, 8], "texture": "#0"},
				"south": {"uv": [8, 8, 9, 9], "texture": "#0"},
				"west": {"uv": [0, 9, 1, 10], "texture": "#0"},
				"up": {"uv": [10, 1, 9, 0], "texture": "#0"},
				"down": {"uv": [2, 9, 1, 10], "texture": "#0"}
			}
		},
		{
			"from": [7.60039, 0.46555, 8.79983],
			"to": [7.80039, 1.46555, 9.29983],
			"rotation": {"angle": 44.99461, "axis": "x", "origin": [7.79582, 0.27416, 9.26172]},
			"rotated": [44.99461, 0.36451, 0.41595],
			"faces": {
				"north": {"uv": [9, 1, 10, 2], "texture": "#0"},
				"east": {"uv": [2, 9, 3, 10], "texture": "#0"},
				"south": {"uv": [9, 2, 10, 3], "texture": "#0"},
				"west": {"uv": [3, 9, 4, 10], "texture": "#0"},
				"up": {"uv": [10, 4, 9, 3], "texture": "#0"},
				"down": {"uv": [5, 9, 4, 10], "texture": "#0"}
			}
		},
		{
			"from": [7.60064, -0.11489, 8.52292],
			"to": [7.80064, 0.38511, 9.52292],
			"rotation": {"angle": -22.5, "axis": "x", "origin": [6.70064, -0.11489, 8.22292]},
			"faces": {
				"north": {"uv": [9, 4, 10, 5], "texture": "#0"},
				"east": {"uv": [5, 9, 6, 10], "texture": "#0"},
				"south": {"uv": [9, 5, 10, 6], "texture": "#0"},
				"west": {"uv": [6, 9, 7, 10], "texture": "#0"},
				"up": {"uv": [10, 7, 9, 6], "texture": "#0"},
				"down": {"uv": [8, 9, 7, 10], "texture": "#0"}
			}
		},
		{
			"from": [7.6, 0.99083, 5.37153],
			"to": [7.8, 1.99083, 5.87153],
			"rotation": {"angle": -22.5, "axis": "x", "origin": [6.7, 2.29083, 5.37153]},
			"faces": {
				"north": {"uv": [9, 7, 10, 8], "texture": "#0"},
				"east": {"uv": [8, 9, 9, 10], "texture": "#0"},
				"south": {"uv": [9, 8, 10, 9], "texture": "#0"},
				"west": {"uv": [9, 9, 10, 10], "texture": "#0"},
				"up": {"uv": [1, 11, 0, 10], "texture": "#0"},
				"down": {"uv": [11, 0, 10, 1], "texture": "#0"}
			}
		},
		{
			"from": [6.2, 0, 7.5],
			"to": [6.4, 0.5, 8.5],
			"rotation": {"angle": 0, "axis": "y", "origin": [5.3, 0, 7.2]},
			"faces": {
				"north": {"uv": [1, 10, 2, 11], "texture": "#0"},
				"east": {"uv": [10, 1, 11, 2], "texture": "#0"},
				"south": {"uv": [2, 10, 3, 11], "texture": "#0"},
				"west": {"uv": [10, 2, 11, 3], "texture": "#0"},
				"up": {"uv": [4, 11, 3, 10], "texture": "#0"},
				"down": {"uv": [11, 3, 10, 4], "texture": "#0"}
			}
		},
		{
			"from": [6.2, 0.1, 7.6],
			"to": [7.7, 0.2, 8.5],
			"rotation": {"angle": 0, "axis": "y", "origin": [5.3, 0, 7.2]},
			"faces": {
				"north": {"uv": [1, 10, 2, 11], "texture": "#0"},
				"east": {"uv": [10, 1, 11, 2], "texture": "#0"},
				"south": {"uv": [2, 10, 3, 11], "texture": "#0"},
				"west": {"uv": [10, 2, 11, 3], "texture": "#0"},
				"up": {"uv": [4, 11, 3, 10], "texture": "#0"},
				"down": {"uv": [11, 3, 10, 4], "texture": "#0"}
			}
		},
		{
			"from": [6.2, 0.49749, 6.59896],
			"to": [6.4, 0.99749, 7.59896],
			"rotation": {"angle": 22.5, "axis": "x", "origin": [5.3, 0.49749, 6.29896]},
			"faces": {
				"north": {"uv": [4, 10, 5, 11], "texture": "#0"},
				"east": {"uv": [10, 4, 11, 5], "texture": "#0"},
				"south": {"uv": [5, 10, 6, 11], "texture": "#0"},
				"west": {"uv": [10, 5, 11, 6], "texture": "#0"},
				"up": {"uv": [7, 11, 6, 10], "texture": "#0"},
				"down": {"uv": [11, 6, 10, 7], "texture": "#0"}
			}
		},
		{
			"from": [6.2, 0.59749, 6.69896],
			"to": [7.7, 0.69749, 7.59896],
			"rotation": {"angle": 22.5, "axis": "x", "origin": [5.3, 0.49749, 6.29896]},
			"faces": {
				"north": {"uv": [4, 10, 5, 11], "texture": "#0"},
				"east": {"uv": [10, 4, 11, 5], "texture": "#0"},
				"south": {"uv": [5, 10, 6, 11], "texture": "#0"},
				"west": {"uv": [10, 5, 11, 6], "texture": "#0"},
				"up": {"uv": [7, 11, 6, 10], "texture": "#0"},
				"down": {"uv": [11, 6, 10, 7], "texture": "#0"}
			}
		},
		{
			"from": [6.2, 1.30192, 5.95688],
			"to": [6.4, 1.80192, 6.95688],
			"rotation": {"angle": 45, "axis": "x", "origin": [5.3, 1.30192, 5.65688]},
			"faces": {
				"north": {"uv": [7, 10, 8, 11], "texture": "#0"},
				"east": {"uv": [10, 7, 11, 8], "texture": "#0"},
				"south": {"uv": [8, 10, 9, 11], "texture": "#0"},
				"west": {"uv": [10, 8, 11, 9], "texture": "#0"},
				"up": {"uv": [10, 11, 9, 10], "texture": "#0"},
				"down": {"uv": [11, 9, 10, 10], "texture": "#0"}
			}
		},
		{
			"from": [6.4, 1.40192, 6.05688],
			"to": [7.6, 1.50192, 6.95688],
			"rotation": {"angle": 45, "axis": "x", "origin": [5.3, 1.30192, 5.65688]},
			"faces": {
				"north": {"uv": [7, 10, 8, 11], "texture": "#0"},
				"east": {"uv": [10, 7, 11, 8], "texture": "#0"},
				"south": {"uv": [8, 10, 9, 11], "texture": "#0"},
				"west": {"uv": [10, 8, 11, 9], "texture": "#0"},
				"up": {"uv": [10, 11, 9, 10], "texture": "#0"},
				"down": {"uv": [11, 9, 10, 10], "texture": "#0"}
			}
		},
		{
			"from": [6.2, 0.99083, 5.37153],
			"to": [6.4, 1.99083, 5.87153],
			"rotation": {"angle": -22.5, "axis": "x", "origin": [5.3, 2.29083, 5.37153]},
			"faces": {
				"north": {"uv": [10, 10, 11, 11], "texture": "#0"},
				"east": {"uv": [0, 11, 1, 12], "texture": "#0"},
				"south": {"uv": [11, 0, 12, 1], "texture": "#0"},
				"west": {"uv": [1, 11, 2, 12], "texture": "#0"},
				"up": {"uv": [12, 2, 11, 1], "texture": "#0"},
				"down": {"uv": [3, 11, 2, 12], "texture": "#0"}
			}
		},
		{
			"from": [6.3, 0.99083, 5.47153],
			"to": [7.6, 1.89083, 5.57153],
			"rotation": {"angle": -22.5, "axis": "x", "origin": [5.3, 2.29083, 5.37153]},
			"faces": {
				"north": {"uv": [10, 10, 11, 11], "texture": "#0"},
				"east": {"uv": [0, 11, 1, 12], "texture": "#0"},
				"south": {"uv": [11, 0, 12, 1], "texture": "#0"},
				"west": {"uv": [1, 11, 2, 12], "texture": "#0"},
				"up": {"uv": [12, 2, 11, 1], "texture": "#0"},
				"down": {"uv": [3, 11, 2, 12], "texture": "#0"}
			}
		},
		{
			"from": [6.2, 2.01367, 5.48633],
			"to": [6.4, 3.01367, 5.98633],
			"rotation": {"angle": 0, "axis": "y", "origin": [5.3, 3.31367, 5.48633]},
			"faces": {
				"north": {"uv": [11, 2, 12, 3], "texture": "#0"},
				"east": {"uv": [3, 11, 4, 12], "texture": "#0"},
				"south": {"uv": [11, 3, 12, 4], "texture": "#0"},
				"west": {"uv": [4, 11, 5, 12], "texture": "#0"},
				"up": {"uv": [12, 5, 11, 4], "texture": "#0"},
				"down": {"uv": [6, 11, 5, 12], "texture": "#0"}
			}
		},
		{
			"from": [6.3, 2.01367, 5.58633],
			"to": [7.6, 2.91367, 5.68633],
			"rotation": {"angle": 0, "axis": "y", "origin": [5.3, 3.31367, 5.48633]},
			"faces": {
				"north": {"uv": [11, 2, 12, 3], "texture": "#0"},
				"east": {"uv": [3, 11, 4, 12], "texture": "#0"},
				"south": {"uv": [11, 3, 12, 4], "texture": "#0"},
				"west": {"uv": [4, 11, 5, 12], "texture": "#0"},
				"up": {"uv": [12, 5, 11, 4], "texture": "#0"},
				"down": {"uv": [6, 11, 5, 12], "texture": "#0"}
			}
		},
		{
			"from": [6.2, 2.91471, 5.98382],
			"to": [6.4, 3.91471, 6.48382],
			"rotation": {"angle": 22.5, "axis": "x", "origin": [5.3, 4.21471, 5.98382]},
			"faces": {
				"north": {"uv": [11, 5, 12, 6], "texture": "#0"},
				"east": {"uv": [6, 11, 7, 12], "texture": "#0"},
				"south": {"uv": [11, 6, 12, 7], "texture": "#0"},
				"west": {"uv": [7, 11, 8, 12], "texture": "#0"},
				"up": {"uv": [12, 8, 11, 7], "texture": "#0"},
				"down": {"uv": [9, 11, 8, 12], "texture": "#0"}
			}
		},
		{
			"from": [6.4, 2.91471, 6.08382],
			"to": [7.6, 3.91471, 6.18382],
			"rotation": {"angle": 22.5, "axis": "x", "origin": [5.3, 4.21471, 5.98382]},
			"faces": {
				"north": {"uv": [11, 5, 12, 6], "texture": "#0"},
				"east": {"uv": [6, 11, 7, 12], "texture": "#0"},
				"south": {"uv": [11, 6, 12, 7], "texture": "#0"},
				"west": {"uv": [7, 11, 8, 12], "texture": "#0"},
				"up": {"uv": [12, 8, 11, 7], "texture": "#0"},
				"down": {"uv": [9, 11, 8, 12], "texture": "#0"}
			}
		},
		{
			"from": [6.2, 4.35679, 5.48825],
			"to": [6.4, 4.85679, 6.48825],
			"rotation": {"angle": -45, "axis": "x", "origin": [5.3, 4.85679, 6.78825]},
			"faces": {
				"north": {"uv": [11, 8, 12, 9], "texture": "#0"},
				"east": {"uv": [9, 11, 10, 12], "texture": "#0"},
				"south": {"uv": [11, 9, 12, 10], "texture": "#0"},
				"west": {"uv": [10, 11, 11, 12], "texture": "#0"},
				"up": {"uv": [12, 11, 11, 10], "texture": "#0"},
				"down": {"uv": [12, 11, 11, 12], "texture": "#0"}
			}
		},
		{
			"from": [6.375, 4.65679, 5.58825],
			"to": [7.7, 4.75679, 6.48825],
			"rotation": {"angle": -45, "axis": "x", "origin": [5.3, 4.85679, 6.78825]},
			"faces": {
				"north": {"uv": [11, 8, 12, 9], "texture": "#0"},
				"east": {"uv": [9, 11, 10, 12], "texture": "#0"},
				"south": {"uv": [11, 9, 12, 10], "texture": "#0"},
				"west": {"uv": [10, 11, 11, 12], "texture": "#0"},
				"up": {"uv": [12, 11, 11, 10], "texture": "#0"},
				"down": {"uv": [12, 11, 11, 12], "texture": "#0"}
			}
		},
		{
			"from": [6.2, 4.64214, 6.47716],
			"to": [6.4, 5.14214, 7.47716],
			"rotation": {"angle": -22.5, "axis": "x", "origin": [5.3, 5.14214, 7.77716]},
			"faces": {
				"north": {"uv": [0, 12, 1, 13], "texture": "#0"},
				"east": {"uv": [12, 0, 13, 1], "texture": "#0"},
				"south": {"uv": [1, 12, 2, 13], "texture": "#0"},
				"west": {"uv": [12, 1, 13, 2], "texture": "#0"},
				"up": {"uv": [3, 13, 2, 12], "texture": "#0"},
				"down": {"uv": [13, 2, 12, 3], "texture": "#0"}
			}
		},
		{
			"from": [6.2, 4.94214, 6.57716],
			"to": [7.7, 5.04214, 7.37716],
			"rotation": {"angle": -22.5, "axis": "x", "origin": [5.3, 5.14214, 7.77716]},
			"faces": {
				"north": {"uv": [0, 12, 1, 13], "texture": "#0"},
				"east": {"uv": [12, 0, 13, 1], "texture": "#0"},
				"south": {"uv": [1, 12, 2, 13], "texture": "#0"},
				"west": {"uv": [12, 1, 13, 2], "texture": "#0"},
				"up": {"uv": [3, 13, 2, 12], "texture": "#0"},
				"down": {"uv": [13, 2, 12, 3], "texture": "#0"}
			}
		},
		{
			"from": [6.2, 4.52734, 7.5],
			"to": [6.4, 5.02734, 8.5],
			"rotation": {"angle": 0, "axis": "y", "origin": [5.3, 5.02734, 8.8]},
			"faces": {
				"north": {"uv": [3, 12, 4, 13], "texture": "#0"},
				"east": {"uv": [12, 3, 13, 4], "texture": "#0"},
				"south": {"uv": [4, 12, 5, 13], "texture": "#0"},
				"west": {"uv": [12, 4, 13, 5], "texture": "#0"},
				"up": {"uv": [6, 13, 5, 12], "texture": "#0"},
				"down": {"uv": [13, 5, 12, 6], "texture": "#0"}
			}
		},
		{
			"from": [6.2, 4.82734, 7.5],
			"to": [7.7, 4.92734, 8.4],
			"rotation": {"angle": 0, "axis": "y", "origin": [5.3, 5.02734, 8.8]},
			"faces": {
				"north": {"uv": [3, 12, 4, 13], "texture": "#0"},
				"east": {"uv": [12, 3, 13, 4], "texture": "#0"},
				"south": {"uv": [4, 12, 5, 13], "texture": "#0"},
				"west": {"uv": [12, 4, 13, 5], "texture": "#0"},
				"up": {"uv": [6, 13, 5, 12], "texture": "#0"},
				"down": {"uv": [13, 5, 12, 6], "texture": "#0"}
			}
		},
		{
			"from": [6.2, 4.02985, 8.40104],
			"to": [6.4, 4.52985, 9.40104],
			"rotation": {"angle": 22.5, "axis": "x", "origin": [5.3, 4.52985, 9.70104]},
			"faces": {
				"north": {"uv": [6, 12, 7, 13], "texture": "#0"},
				"east": {"uv": [12, 6, 13, 7], "texture": "#0"},
				"south": {"uv": [7, 12, 8, 13], "texture": "#0"},
				"west": {"uv": [12, 7, 13, 8], "texture": "#0"},
				"up": {"uv": [9, 13, 8, 12], "texture": "#0"},
				"down": {"uv": [13, 8, 12, 9], "texture": "#0"}
			}
		},
		{
			"from": [6.2, 4.32985, 8.40104],
			"to": [7.7, 4.42985, 9.30104],
			"rotation": {"angle": 22.5, "axis": "x", "origin": [5.3, 4.52985, 9.70104]},
			"faces": {
				"north": {"uv": [6, 12, 7, 13], "texture": "#0"},
				"east": {"uv": [12, 6, 13, 7], "texture": "#0"},
				"south": {"uv": [7, 12, 8, 13], "texture": "#0"},
				"west": {"uv": [12, 7, 13, 8], "texture": "#0"},
				"up": {"uv": [9, 13, 8, 12], "texture": "#0"},
				"down": {"uv": [13, 8, 12, 9], "texture": "#0"}
			}
		},
		{
			"from": [6.2, 3.22542, 9.04312],
			"to": [6.4, 3.72542, 10.04312],
			"rotation": {"angle": 45, "axis": "x", "origin": [5.3, 3.72542, 10.34312]},
			"faces": {
				"north": {"uv": [9, 12, 10, 13], "texture": "#0"},
				"east": {"uv": [12, 9, 13, 10], "texture": "#0"},
				"south": {"uv": [10, 12, 11, 13], "texture": "#0"},
				"west": {"uv": [12, 10, 13, 11], "texture": "#0"},
				"up": {"uv": [12, 13, 11, 12], "texture": "#0"},
				"down": {"uv": [13, 11, 12, 12], "texture": "#0"}
			}
		},
		{
			"from": [6.4, 3.52542, 9.04312],
			"to": [7.7, 3.62542, 9.94312],
			"rotation": {"angle": 45, "axis": "x", "origin": [5.3, 3.72542, 10.34312]},
			"faces": {
				"north": {"uv": [9, 12, 10, 13], "texture": "#0"},
				"east": {"uv": [12, 9, 13, 10], "texture": "#0"},
				"south": {"uv": [10, 12, 11, 13], "texture": "#0"},
				"west": {"uv": [12, 10, 13, 11], "texture": "#0"},
				"up": {"uv": [12, 13, 11, 12], "texture": "#0"},
				"down": {"uv": [13, 11, 12, 12], "texture": "#0"}
			}
		},
		{
			"from": [6.2, 3.03651, 10.12847],
			"to": [6.4, 4.03651, 10.62847],
			"rotation": {"angle": -22.5, "axis": "x", "origin": [5.3, 2.73651, 10.62847]},
			"faces": {
				"north": {"uv": [12, 12, 13, 13], "texture": "#0"},
				"east": {"uv": [0, 13, 1, 14], "texture": "#0"},
				"south": {"uv": [13, 0, 14, 1], "texture": "#0"},
				"west": {"uv": [1, 13, 2, 14], "texture": "#0"},
				"up": {"uv": [14, 2, 13, 1], "texture": "#0"},
				"down": {"uv": [3, 13, 2, 14], "texture": "#0"}
			}
		},
		{
			"from": [6.2, 3.13651, 10.42847],
			"to": [7.6, 4.03651, 10.52847],
			"rotation": {"angle": -22.5, "axis": "x", "origin": [5.3, 2.73651, 10.62847]},
			"faces": {
				"north": {"uv": [12, 12, 13, 13], "texture": "#0"},
				"east": {"uv": [0, 13, 1, 14], "texture": "#0"},
				"south": {"uv": [13, 0, 14, 1], "texture": "#0"},
				"west": {"uv": [1, 13, 2, 14], "texture": "#0"},
				"up": {"uv": [14, 2, 13, 1], "texture": "#0"},
				"down": {"uv": [3, 13, 2, 14], "texture": "#0"}
			}
		},
		{
			"from": [6.2, 2.01367, 10.01367],
			"to": [6.4, 3.01367, 10.51367],
			"rotation": {"angle": 0, "axis": "y", "origin": [5.3, 1.71367, 10.51367]},
			"faces": {
				"north": {"uv": [13, 2, 14, 3], "texture": "#0"},
				"east": {"uv": [3, 13, 4, 14], "texture": "#0"},
				"south": {"uv": [13, 3, 14, 4], "texture": "#0"},
				"west": {"uv": [4, 13, 5, 14], "texture": "#0"},
				"up": {"uv": [14, 5, 13, 4], "texture": "#0"},
				"down": {"uv": [6, 13, 5, 14], "texture": "#0"}
			}
		},
		{
			"from": [6.2, 2.11367, 10.31367],
			"to": [7.6, 3.01367, 10.41367],
			"rotation": {"angle": 0, "axis": "y", "origin": [5.3, 1.71367, 10.51367]},
			"faces": {
				"north": {"uv": [13, 2, 14, 3], "texture": "#0"},
				"east": {"uv": [3, 13, 4, 14], "texture": "#0"},
				"south": {"uv": [13, 3, 14, 4], "texture": "#0"},
				"west": {"uv": [4, 13, 5, 14], "texture": "#0"},
				"up": {"uv": [14, 5, 13, 4], "texture": "#0"},
				"down": {"uv": [6, 13, 5, 14], "texture": "#0"}
			}
		},
		{
			"from": [6.2, 1.11263, 9.51618],
			"to": [6.4, 2.11263, 10.01618],
			"rotation": {"angle": 22.5, "axis": "x", "origin": [5.3, 0.81263, 10.01618]},
			"faces": {
				"north": {"uv": [13, 5, 14, 6], "texture": "#0"},
				"east": {"uv": [6, 13, 7, 14], "texture": "#0"},
				"south": {"uv": [13, 6, 14, 7], "texture": "#0"},
				"west": {"uv": [7, 13, 8, 14], "texture": "#0"},
				"up": {"uv": [14, 8, 13, 7], "texture": "#0"},
				"down": {"uv": [9, 13, 8, 14], "texture": "#0"}
			}
		},
		{
			"from": [6.2, 1.21263, 9.81618],
			"to": [7.7, 2.11263, 9.91618],
			"rotation": {"angle": 22.5, "axis": "x", "origin": [5.3, 0.81263, 10.01618]},
			"faces": {
				"north": {"uv": [13, 5, 14, 6], "texture": "#0"},
				"east": {"uv": [6, 13, 7, 14], "texture": "#0"},
				"south": {"uv": [13, 6, 14, 7], "texture": "#0"},
				"west": {"uv": [7, 13, 8, 14], "texture": "#0"},
				"up": {"uv": [14, 8, 13, 7], "texture": "#0"},
				"down": {"uv": [9, 13, 8, 14], "texture": "#0"}
			}
		},
		{
			"from": [6.20039, 0.46555, 8.79983],
			"to": [6.40039, 1.46555, 9.29983],
			"rotation": {"angle": 44.99461, "axis": "x", "origin": [6.39582, 0.27416, 9.26172]},
			"rotated": [44.99461, 0.36451, 0.41595],
			"faces": {
				"north": {"uv": [13, 8, 14, 9], "texture": "#0"},
				"east": {"uv": [9, 13, 10, 14], "texture": "#0"},
				"south": {"uv": [13, 9, 14, 10], "texture": "#0"},
				"west": {"uv": [10, 13, 11, 14], "texture": "#0"},
				"up": {"uv": [14, 11, 13, 10], "texture": "#0"},
				"down": {"uv": [12, 13, 11, 14], "texture": "#0"}
			}
		},
		{
			"from": [6.30039, 0.56555, 9.09983],
			"to": [7.60039, 1.46555, 9.19983],
			"rotation": {"angle": 44.99461, "axis": "x", "origin": [6.39582, 0.27416, 9.26172]},
			"rotated": [44.99461, 0.36451, 0.41595],
			"faces": {
				"north": {"uv": [13, 8, 14, 9], "texture": "#0"},
				"east": {"uv": [9, 13, 10, 14], "texture": "#0"},
				"south": {"uv": [13, 9, 14, 10], "texture": "#0"},
				"west": {"uv": [10, 13, 11, 14], "texture": "#0"},
				"up": {"uv": [14, 11, 13, 10], "texture": "#0"},
				"down": {"uv": [12, 13, 11, 14], "texture": "#0"}
			}
		},
		{
			"from": [6.20064, -0.11489, 8.52292],
			"to": [6.40064, 0.38511, 9.52292],
			"rotation": {"angle": -22.5, "axis": "x", "origin": [5.30064, -0.11489, 8.22292]},
			"faces": {
				"north": {"uv": [13, 11, 14, 12], "texture": "#0"},
				"east": {"uv": [12, 13, 13, 14], "texture": "#0"},
				"south": {"uv": [13, 12, 14, 13], "texture": "#0"},
				"west": {"uv": [13, 13, 14, 14], "texture": "#0"},
				"up": {"uv": [1, 15, 0, 14], "texture": "#0"},
				"down": {"uv": [15, 0, 14, 1], "texture": "#0"}
			}
		},
		{
			"from": [6.30064, -0.01489, 8.62292],
			"to": [7.60064, 0.08511, 9.52292],
			"rotation": {"angle": -22.5, "axis": "x", "origin": [5.30064, -0.11489, 8.22292]},
			"faces": {
				"north": {"uv": [13, 11, 14, 12], "texture": "#0"},
				"east": {"uv": [12, 13, 13, 14], "texture": "#0"},
				"south": {"uv": [13, 12, 14, 13], "texture": "#0"},
				"west": {"uv": [13, 13, 14, 14], "texture": "#0"},
				"up": {"uv": [1, 15, 0, 14], "texture": "#0"},
				"down": {"uv": [15, 0, 14, 1], "texture": "#0"}
			}
		},
		{
			"from": [6.2, 0.99083, 5.37153],
			"to": [6.4, 1.99083, 5.87153],
			"rotation": {"angle": -22.5, "axis": "x", "origin": [5.3, 2.29083, 5.37153]},
			"faces": {
				"north": {"uv": [1, 14, 2, 15], "texture": "#0"},
				"east": {"uv": [14, 1, 15, 2], "texture": "#0"},
				"south": {"uv": [2, 14, 3, 15], "texture": "#0"},
				"west": {"uv": [14, 2, 15, 3], "texture": "#0"},
				"up": {"uv": [4, 15, 3, 14], "texture": "#0"},
				"down": {"uv": [15, 3, 14, 4], "texture": "#0"}
			}
		},
		{
			"from": [7.8, 3.9, 6.925],
			"to": [7.9, 4.1, 11.95],
			"rotation": {"angle": 45, "axis": "x", "origin": [6, 5, 6.925]},
			"faces": {
				"north": {"uv": [6, 1, 7, 2], "texture": "#1"},
				"east": {"uv": [0, 0, 5, 1], "texture": "#1"},
				"south": {"uv": [6, 2, 7, 3], "texture": "#1"},
				"west": {"uv": [0, 1, 5, 2], "texture": "#1"},
				"up": {"uv": [1, 7, 0, 2], "texture": "#1"},
				"down": {"uv": [2, 2, 1, 7], "texture": "#1"}
			}
		},
		{
			"from": [7.8, 1.5, 6.4],
			"to": [7.9, 6.525, 6.6],
			"rotation": {"angle": 45, "axis": "x", "origin": [6, 1.5, 5.5]},
			"faces": {
				"north": {"uv": [2, 2, 3, 7], "texture": "#1"},
				"east": {"uv": [3, 2, 4, 7], "texture": "#1"},
				"south": {"uv": [4, 2, 5, 7], "texture": "#1"},
				"west": {"uv": [5, 0, 6, 5], "texture": "#1"},
				"up": {"uv": [7, 4, 6, 3], "texture": "#1"},
				"down": {"uv": [7, 4, 6, 5], "texture": "#1"}
			}
		},
		{
			"from": [7.8, 2.4, 5.475],
			"to": [7.9, 2.6, 10.5],
			"rotation": {"angle": 0, "axis": "y", "origin": [6, 3.5, 5.475]},
			"faces": {
				"north": {"uv": [7, 1, 8, 2], "texture": "#1"},
				"east": {"uv": [5, 5, 10, 6], "texture": "#1"},
				"south": {"uv": [7, 2, 8, 3], "texture": "#1"},
				"west": {"uv": [6, 0, 11, 1], "texture": "#1"},
				"up": {"uv": [6, 11, 5, 6], "texture": "#1"},
				"down": {"uv": [7, 6, 6, 11], "texture": "#1"}
			}
		},
		{
			"from": [7.8, 0, 7.9],
			"to": [7.9, 5.025, 8.1],
			"rotation": {"angle": 0, "axis": "y", "origin": [6, 0, 7]},
			"faces": {
				"north": {"uv": [0, 7, 1, 12], "texture": "#1"},
				"east": {"uv": [1, 7, 2, 12], "texture": "#1"},
				"south": {"uv": [2, 7, 3, 12], "texture": "#1"},
				"west": {"uv": [3, 7, 4, 12], "texture": "#1"},
				"up": {"uv": [8, 4, 7, 3], "texture": "#1"},
				"down": {"uv": [5, 7, 4, 8], "texture": "#1"}
			}
		},
		{
			"from": [6.1, 3.9, 6.925],
			"to": [6.2, 4.1, 11.95],
			"rotation": {"angle": 45, "axis": "x", "origin": [4.3, 5, 6.925]},
			"faces": {
				"north": {"uv": [6, 1, 7, 2], "texture": "#1"},
				"east": {"uv": [0, 0, 5, 1], "texture": "#1"},
				"south": {"uv": [6, 2, 7, 3], "texture": "#1"},
				"west": {"uv": [0, 1, 5, 2], "texture": "#1"},
				"up": {"uv": [1, 7, 0, 2], "texture": "#1"},
				"down": {"uv": [2, 2, 1, 7], "texture": "#1"}
			}
		},
		{
			"from": [6.1, 1.5, 6.4],
			"to": [6.2, 6.525, 6.6],
			"rotation": {"angle": 45, "axis": "x", "origin": [4.3, 1.5, 5.5]},
			"faces": {
				"north": {"uv": [2, 2, 3, 7], "texture": "#1"},
				"east": {"uv": [3, 2, 4, 7], "texture": "#1"},
				"south": {"uv": [4, 2, 5, 7], "texture": "#1"},
				"west": {"uv": [5, 0, 6, 5], "texture": "#1"},
				"up": {"uv": [7, 4, 6, 3], "texture": "#1"},
				"down": {"uv": [7, 4, 6, 5], "texture": "#1"}
			}
		},
		{
			"from": [6.1, 2.4, 5.475],
			"to": [6.2, 2.6, 10.5],
			"rotation": {"angle": 0, "axis": "y", "origin": [4.3, 3.5, 5.475]},
			"faces": {
				"north": {"uv": [7, 1, 8, 2], "texture": "#1"},
				"east": {"uv": [5, 5, 10, 6], "texture": "#1"},
				"south": {"uv": [7, 2, 8, 3], "texture": "#1"},
				"west": {"uv": [6, 0, 11, 1], "texture": "#1"},
				"up": {"uv": [6, 11, 5, 6], "texture": "#1"},
				"down": {"uv": [7, 6, 6, 11], "texture": "#1"}
			}
		},
		{
			"from": [6.1, 0, 7.9],
			"to": [6.2, 5.025, 8.1],
			"rotation": {"angle": 0, "axis": "y", "origin": [4.3, 0, 7]},
			"faces": {
				"north": {"uv": [0, 7, 1, 12], "texture": "#1"},
				"east": {"uv": [1, 7, 2, 12], "texture": "#1"},
				"south": {"uv": [2, 7, 3, 12], "texture": "#1"},
				"west": {"uv": [3, 7, 4, 12], "texture": "#1"},
				"up": {"uv": [8, 4, 7, 3], "texture": "#1"},
				"down": {"uv": [5, 7, 4, 8], "texture": "#1"}
			}
		},
		{
			"from": [6.175, 2.5, 7.95],
			"to": [7.8, 2.575, 8.05],
			"rotation": {"angle": 0, "axis": "y", "origin": [6, 0, 7]},
			"faces": {
				"north": {"uv": [0, 7, 1, 12], "texture": "#1"},
				"east": {"uv": [1, 7, 2, 12], "texture": "#1"},
				"south": {"uv": [2, 7, 3, 12], "texture": "#1"},
				"west": {"uv": [3, 7, 4, 12], "texture": "#1"},
				"up": {"uv": [8, 4, 7, 3], "texture": "#1"},
				"down": {"uv": [5, 7, 4, 8], "texture": "#1"}
			}
		}
	],
	"groups": [
		{
			"name": "group",
			"origin": [6, 0, 7],
			"color": 0,
			"children": [
				0,
				1,
				2,
				3,
				4,
				5,
				6,
				7,
				8,
				9,
				10,
				11,
				12,
				13,
				14,
				15,
				16,
				17,
				18,
				19,
				20,
				21,
				22,
				23,
				24,
				25,
				26,
				27,
				28,
				29,
				30,
				31,
				32,
				33,
				34,
				35,
				36,
				37,
				38,
				39,
				40,
				41,
				42,
				43,
				44,
				45,
				46,
				47,
				48,
				49,
				50,
				51,
				52,
				53,
				54,
				55,
				56,
				57,
				58
			]
		}
	]
}
