{
	"credit": "Made with Blockbench",
	"textures": {
		"0": "item/bucket",
		"1": "item/custom/mk/tl/space-mountain/space-mountain-sign",
		"particle": "item/bucket"
	},
	"elements": [
		{
			"from": [-9.25, 0, -5.40625],
			"to": [-6.75, 4.5, 17.40625],
			"rotation": {"angle": 0, "axis": "y", "origin": [-11.5, 0, 0]},
			"faces": {
				"north": {"uv": [0, 0, 2.5, 4.5], "texture": "#0"},
				"east": {"uv": [2.5, 7, 13, 11], "texture": "#0"},
				"south": {"uv": [5, 8.5, 7.5, 13], "texture": "#0"},
				"west": {"uv": [3, 7, 13, 11], "texture": "#0"},
				"up": {"uv": [8, 7.5, 10.5, 13.5], "texture": "#0"},
				"down": {"uv": [5.5, 7, 8.5, 13], "texture": "#0"}
			}
		},
		{
			"from": [-9.28125, -0.0625, -4.90625],
			"to": [-9.03125, 8.9375, 16.90625],
			"rotation": {"angle": 0, "axis": "y", "origin": [-11.5, 0, 0]},
			"faces": {
				"north": {"uv": [0, 0, 2.5, 4.5], "texture": "#1"},
				"east": {"uv": [16, 0, 0, 16], "texture": "#1"},
				"south": {"uv": [0, 0, 2.5, 4.5], "texture": "#1"},
				"west": {"uv": [0, 0, 16, 16], "texture": "#1"},
				"up": {"uv": [0, 0, 2.5, 6], "texture": "#1"},
				"down": {"uv": [0, 0, 3, 6], "texture": "#1"}
			}
		},
		{
			"from": [-15.75, 0, -6.78125],
			"to": [-13.25, 4.5, -0.78125],
			"rotation": {"angle": -45, "axis": "y", "origin": [-6.96875, 0, 4.71875]},
			"faces": {
				"north": {"uv": [5.5, 7, 8, 11.5], "texture": "#0"},
				"east": {"uv": [3, 7, 13, 9], "texture": "#0"},
				"south": {"uv": [6.5, 7.5, 9, 12], "texture": "#0"},
				"west": {"uv": [3, 7, 13, 11], "texture": "#0"},
				"up": {"uv": [3, 7, 13, 9], "texture": "#0"},
				"down": {"uv": [7, 7.5, 9.5, 13.5], "texture": "#0"}
			}
		},
		{
			"from": [-16, 3, -6.78125],
			"to": [-15.75, 3.5, -0.78125],
			"rotation": {"angle": -45, "axis": "y", "origin": [-6.96875, 0, 4.71875]},
			"faces": {
				"north": {"uv": [8, 9.5, 8.25, 10], "texture": "#0"},
				"east": {"uv": [5.5, 8.5, 11.5, 9], "texture": "#0"},
				"south": {"uv": [6, 8.5, 6.25, 9], "texture": "#0"},
				"west": {"uv": [6.5, 8.5, 12.5, 9], "texture": "#0"},
				"up": {"uv": [7, 7, 7.25, 13], "texture": "#0"},
				"down": {"uv": [9, 7, 9.25, 13], "texture": "#0"}
			}
		},
		{
			"from": [-16, 2, -6.78125],
			"to": [-15.75, 2.5, -0.78125],
			"rotation": {"angle": -45, "axis": "y", "origin": [-6.96875, 0, 4.71875]},
			"faces": {
				"north": {"uv": [8, 9.5, 8.25, 10], "texture": "#0"},
				"east": {"uv": [5.5, 8.5, 11.5, 9], "texture": "#0"},
				"south": {"uv": [6, 8.5, 6.25, 9], "texture": "#0"},
				"west": {"uv": [6.5, 8.5, 12.5, 9], "texture": "#0"},
				"up": {"uv": [7, 7, 7.25, 13], "texture": "#0"},
				"down": {"uv": [9, 7, 9.25, 13], "texture": "#0"}
			}
		},
		{
			"from": [-16, 1, -6.78125],
			"to": [-15.75, 1.5, -0.78125],
			"rotation": {"angle": -45, "axis": "y", "origin": [-6.96875, 0, 4.71875]},
			"faces": {
				"north": {"uv": [8, 9.5, 8.25, 10], "texture": "#0"},
				"east": {"uv": [5.5, 8.5, 11.5, 9], "texture": "#0"},
				"south": {"uv": [6, 8.5, 6.25, 9], "texture": "#0"},
				"west": {"uv": [6.5, 8.5, 12.5, 9], "texture": "#0"},
				"up": {"uv": [7, 7, 7.25, 13], "texture": "#0"},
				"down": {"uv": [9, 7, 9.25, 13], "texture": "#0"}
			}
		},
		{
			"from": [-1.46875, 0, -8.0625],
			"to": [4.53125, 4.5, -5.5625],
			"rotation": {"angle": 22.5, "axis": "y", "origin": [-6.96875, 0, 0.71875]},
			"faces": {
				"north": {"uv": [3, 7, 13, 11], "texture": "#0"},
				"east": {"uv": [5.5, 7, 8, 11.5], "texture": "#0"},
				"south": {"uv": [3, 7, 13, 9], "texture": "#0"},
				"west": {"uv": [6.5, 7.5, 9, 12], "texture": "#0"},
				"up": {"uv": [3, 7, 13, 9], "rotation": 90, "texture": "#0"},
				"down": {"uv": [7, 7.5, 9.5, 13.5], "rotation": 270, "texture": "#0"}
			}
		},
		{
			"from": [-1.46875, 3, -8.3125],
			"to": [4.53125, 3.5, -8.0625],
			"rotation": {"angle": 22.5, "axis": "y", "origin": [-6.96875, 0, 0.71875]},
			"faces": {
				"north": {"uv": [6.5, 8.5, 12.5, 9], "texture": "#0"},
				"east": {"uv": [8, 9.5, 8.25, 10], "texture": "#0"},
				"south": {"uv": [5.5, 8.5, 11.5, 9], "texture": "#0"},
				"west": {"uv": [6, 8.5, 6.25, 9], "texture": "#0"},
				"up": {"uv": [7, 7, 7.25, 13], "rotation": 90, "texture": "#0"},
				"down": {"uv": [9, 7, 9.25, 13], "rotation": 270, "texture": "#0"}
			}
		},
		{
			"from": [-1.46875, 2, -8.3125],
			"to": [4.53125, 2.5, -8.0625],
			"rotation": {"angle": 22.5, "axis": "y", "origin": [-6.96875, 0, 0.71875]},
			"faces": {
				"north": {"uv": [6.5, 8.5, 12.5, 9], "texture": "#0"},
				"east": {"uv": [8, 9.5, 8.25, 10], "texture": "#0"},
				"south": {"uv": [5.5, 8.5, 11.5, 9], "texture": "#0"},
				"west": {"uv": [6, 8.5, 6.25, 9], "texture": "#0"},
				"up": {"uv": [7, 7, 7.25, 13], "rotation": 90, "texture": "#0"},
				"down": {"uv": [9, 7, 9.25, 13], "rotation": 270, "texture": "#0"}
			}
		},
		{
			"from": [-1.46875, 1, -8.3125],
			"to": [4.53125, 1.5, -8.0625],
			"rotation": {"angle": 22.5, "axis": "y", "origin": [-6.96875, 0, 0.71875]},
			"faces": {
				"north": {"uv": [6.5, 8.5, 12.5, 9], "texture": "#0"},
				"east": {"uv": [8, 9.5, 8.25, 10], "texture": "#0"},
				"south": {"uv": [5.5, 8.5, 11.5, 9], "texture": "#0"},
				"west": {"uv": [6, 8.5, 6.25, 9], "texture": "#0"},
				"up": {"uv": [7, 7, 7.25, 13], "rotation": 90, "texture": "#0"},
				"down": {"uv": [9, 7, 9.25, 13], "rotation": 270, "texture": "#0"}
			}
		},
		{
			"from": [0.03125, 0, -11.8125],
			"to": [13.03125, 4.5, -9.3125],
			"rotation": {"angle": 0, "axis": "y", "origin": [4.03125, 0, -3.03125]},
			"faces": {
				"north": {"uv": [3, 7, 13, 11], "texture": "#0"},
				"east": {"uv": [5.5, 7, 8, 11.5], "texture": "#0"},
				"south": {"uv": [3, 7, 13, 9], "texture": "#0"},
				"west": {"uv": [6.5, 7.5, 9, 12], "texture": "#0"},
				"up": {"uv": [3, 7, 13, 9], "rotation": 90, "texture": "#0"},
				"down": {"uv": [7, 7.5, 9.5, 13.5], "rotation": 270, "texture": "#0"}
			}
		},
		{
			"from": [0.03125, 3, -12.0625],
			"to": [13.03125, 3.5, -11.8125],
			"rotation": {"angle": 0, "axis": "y", "origin": [4.03125, 0, -3.03125]},
			"faces": {
				"north": {"uv": [6.5, 8.5, 12.5, 9], "texture": "#0"},
				"east": {"uv": [8, 9.5, 8.25, 10], "texture": "#0"},
				"south": {"uv": [5.5, 8.5, 11.5, 9], "texture": "#0"},
				"west": {"uv": [6, 8.5, 6.25, 9], "texture": "#0"},
				"up": {"uv": [7, 7, 7.25, 13], "rotation": 90, "texture": "#0"},
				"down": {"uv": [9, 7, 9.25, 13], "rotation": 270, "texture": "#0"}
			}
		},
		{
			"from": [0.03125, 2, -12.0625],
			"to": [13.03125, 2.5, -11.8125],
			"rotation": {"angle": 0, "axis": "y", "origin": [4.03125, 0, -3.03125]},
			"faces": {
				"north": {"uv": [6.5, 8.5, 12.5, 9], "texture": "#0"},
				"east": {"uv": [8, 9.5, 8.25, 10], "texture": "#0"},
				"south": {"uv": [5.5, 8.5, 11.5, 9], "texture": "#0"},
				"west": {"uv": [6, 8.5, 6.25, 9], "texture": "#0"},
				"up": {"uv": [7, 7, 7.25, 13], "rotation": 90, "texture": "#0"},
				"down": {"uv": [9, 7, 9.25, 13], "rotation": 270, "texture": "#0"}
			}
		},
		{
			"from": [0.03125, 1, -12.0625],
			"to": [13.03125, 1.5, -11.8125],
			"rotation": {"angle": 0, "axis": "y", "origin": [4.03125, 0, -3.03125]},
			"faces": {
				"north": {"uv": [6.5, 8.5, 12.5, 9], "texture": "#0"},
				"east": {"uv": [8, 9.5, 8.25, 10], "texture": "#0"},
				"south": {"uv": [5.5, 8.5, 11.5, 9], "texture": "#0"},
				"west": {"uv": [6, 8.5, 6.25, 9], "texture": "#0"},
				"up": {"uv": [7, 7, 7.25, 13], "rotation": 90, "texture": "#0"},
				"down": {"uv": [9, 7, 9.25, 13], "rotation": 270, "texture": "#0"}
			}
		},
		{
			"from": [8.6875, 0, -15.5],
			"to": [14.6875, 4.5, -13],
			"rotation": {"angle": -22.5, "axis": "y", "origin": [1.53125, 0, -3.03125]},
			"faces": {
				"north": {"uv": [3, 7, 13, 11], "texture": "#0"},
				"east": {"uv": [5.5, 7, 8, 11.5], "texture": "#0"},
				"south": {"uv": [3, 7, 13, 9], "texture": "#0"},
				"west": {"uv": [6.5, 7.5, 9, 12], "texture": "#0"},
				"up": {"uv": [3, 7, 13, 9], "rotation": 90, "texture": "#0"},
				"down": {"uv": [7, 7.5, 9.5, 13.5], "rotation": 270, "texture": "#0"}
			}
		},
		{
			"from": [8.6875, 3, -15.75],
			"to": [14.6875, 3.5, -15.5],
			"rotation": {"angle": -22.5, "axis": "y", "origin": [1.53125, 0, -3.03125]},
			"faces": {
				"north": {"uv": [6.5, 8.5, 12.5, 9], "texture": "#0"},
				"east": {"uv": [8, 9.5, 8.25, 10], "texture": "#0"},
				"south": {"uv": [5.5, 8.5, 11.5, 9], "texture": "#0"},
				"west": {"uv": [6, 8.5, 6.25, 9], "texture": "#0"},
				"up": {"uv": [7, 7, 7.25, 13], "rotation": 90, "texture": "#0"},
				"down": {"uv": [9, 7, 9.25, 13], "rotation": 270, "texture": "#0"}
			}
		},
		{
			"from": [8.6875, 2, -15.75],
			"to": [14.6875, 2.5, -15.5],
			"rotation": {"angle": -22.5, "axis": "y", "origin": [1.53125, 0, -3.03125]},
			"faces": {
				"north": {"uv": [6.5, 8.5, 12.5, 9], "texture": "#0"},
				"east": {"uv": [8, 9.5, 8.25, 10], "texture": "#0"},
				"south": {"uv": [5.5, 8.5, 11.5, 9], "texture": "#0"},
				"west": {"uv": [6, 8.5, 6.25, 9], "texture": "#0"},
				"up": {"uv": [7, 7, 7.25, 13], "rotation": 90, "texture": "#0"},
				"down": {"uv": [9, 7, 9.25, 13], "rotation": 270, "texture": "#0"}
			}
		},
		{
			"from": [8.6875, 1, -15.75],
			"to": [14.6875, 1.5, -15.5],
			"rotation": {"angle": -22.5, "axis": "y", "origin": [1.53125, 0, -3.03125]},
			"faces": {
				"north": {"uv": [6.5, 8.5, 12.5, 9], "texture": "#0"},
				"east": {"uv": [8, 9.5, 8.25, 10], "texture": "#0"},
				"south": {"uv": [5.5, 8.5, 11.5, 9], "texture": "#0"},
				"west": {"uv": [6, 8.5, 6.25, 9], "texture": "#0"},
				"up": {"uv": [7, 7, 7.25, 13], "rotation": 90, "texture": "#0"},
				"down": {"uv": [9, 7, 9.25, 13], "rotation": 270, "texture": "#0"}
			}
		},
		{
			"from": [16.96875, 1, 1.375],
			"to": [17.21875, 1.5, 7.375],
			"rotation": {"angle": 45, "axis": "y", "origin": [4.5, 0, -5.78125]},
			"faces": {
				"north": {"uv": [6, 8.5, 6.25, 9], "texture": "#0"},
				"east": {"uv": [6.5, 8.5, 12.5, 9], "texture": "#0"},
				"south": {"uv": [8, 9.5, 8.25, 10], "texture": "#0"},
				"west": {"uv": [5.5, 8.5, 11.5, 9], "texture": "#0"},
				"up": {"uv": [7, 7, 7.25, 13], "rotation": 180, "texture": "#0"},
				"down": {"uv": [9, 7, 9.25, 13], "rotation": 180, "texture": "#0"}
			}
		},
		{
			"from": [16.96875, 2, 1.375],
			"to": [17.21875, 2.5, 7.375],
			"rotation": {"angle": 45, "axis": "y", "origin": [4.5, 0, -5.78125]},
			"faces": {
				"north": {"uv": [6, 8.5, 6.25, 9], "texture": "#0"},
				"east": {"uv": [6.5, 8.5, 12.5, 9], "texture": "#0"},
				"south": {"uv": [8, 9.5, 8.25, 10], "texture": "#0"},
				"west": {"uv": [5.5, 8.5, 11.5, 9], "texture": "#0"},
				"up": {"uv": [7, 7, 7.25, 13], "rotation": 180, "texture": "#0"},
				"down": {"uv": [9, 7, 9.25, 13], "rotation": 180, "texture": "#0"}
			}
		},
		{
			"from": [16.96875, 3, 1.375],
			"to": [17.21875, 3.5, 7.375],
			"rotation": {"angle": 45, "axis": "y", "origin": [4.5, 0, -5.78125]},
			"faces": {
				"north": {"uv": [6, 8.5, 6.25, 9], "texture": "#0"},
				"east": {"uv": [6.5, 8.5, 12.5, 9], "texture": "#0"},
				"south": {"uv": [8, 9.5, 8.25, 10], "texture": "#0"},
				"west": {"uv": [5.5, 8.5, 11.5, 9], "texture": "#0"},
				"up": {"uv": [7, 7, 7.25, 13], "rotation": 180, "texture": "#0"},
				"down": {"uv": [9, 7, 9.25, 13], "rotation": 180, "texture": "#0"}
			}
		},
		{
			"from": [14.46875, 0, 1.375],
			"to": [16.96875, 4.5, 7.375],
			"rotation": {"angle": 45, "axis": "y", "origin": [4.5, 0, -5.78125]},
			"faces": {
				"north": {"uv": [6.5, 7.5, 9, 12], "texture": "#0"},
				"east": {"uv": [3, 7, 13, 11], "texture": "#0"},
				"south": {"uv": [5.5, 7, 8, 11.5], "texture": "#0"},
				"west": {"uv": [3, 7, 13, 9], "texture": "#0"},
				"up": {"uv": [3, 7, 13, 9], "rotation": 180, "texture": "#0"},
				"down": {"uv": [7, 7.5, 9.5, 13.5], "rotation": 180, "texture": "#0"}
			}
		},
		{
			"from": [20.84375, 1, -0.03125],
			"to": [21.09375, 1.5, 5.96875],
			"rotation": {"angle": 22.5, "axis": "y", "origin": [8.375, 0, -7.1875]},
			"faces": {
				"north": {"uv": [6, 8.5, 6.25, 9], "texture": "#0"},
				"east": {"uv": [6.5, 8.5, 12.5, 9], "texture": "#0"},
				"south": {"uv": [8, 9.5, 8.25, 10], "texture": "#0"},
				"west": {"uv": [5.5, 8.5, 11.5, 9], "texture": "#0"},
				"up": {"uv": [7, 7, 7.25, 13], "rotation": 180, "texture": "#0"},
				"down": {"uv": [9, 7, 9.25, 13], "rotation": 180, "texture": "#0"}
			}
		},
		{
			"from": [20.84375, 2, -0.03125],
			"to": [21.09375, 2.5, 5.96875],
			"rotation": {"angle": 22.5, "axis": "y", "origin": [8.375, 0, -7.1875]},
			"faces": {
				"north": {"uv": [6, 8.5, 6.25, 9], "texture": "#0"},
				"east": {"uv": [6.5, 8.5, 12.5, 9], "texture": "#0"},
				"south": {"uv": [8, 9.5, 8.25, 10], "texture": "#0"},
				"west": {"uv": [5.5, 8.5, 11.5, 9], "texture": "#0"},
				"up": {"uv": [7, 7, 7.25, 13], "rotation": 180, "texture": "#0"},
				"down": {"uv": [9, 7, 9.25, 13], "rotation": 180, "texture": "#0"}
			}
		},
		{
			"from": [20.84375, 3, -0.03125],
			"to": [21.09375, 3.5, 5.96875],
			"rotation": {"angle": 22.5, "axis": "y", "origin": [8.375, 0, -7.1875]},
			"faces": {
				"north": {"uv": [6, 8.5, 6.25, 9], "texture": "#0"},
				"east": {"uv": [6.5, 8.5, 12.5, 9], "texture": "#0"},
				"south": {"uv": [8, 9.5, 8.25, 10], "texture": "#0"},
				"west": {"uv": [5.5, 8.5, 11.5, 9], "texture": "#0"},
				"up": {"uv": [7, 7, 7.25, 13], "rotation": 180, "texture": "#0"},
				"down": {"uv": [9, 7, 9.25, 13], "rotation": 180, "texture": "#0"}
			}
		},
		{
			"from": [18.34375, 0, -0.03125],
			"to": [20.84375, 4.5, 5.96875],
			"rotation": {"angle": 22.5, "axis": "y", "origin": [8.375, 0, -7.1875]},
			"faces": {
				"north": {"uv": [6.5, 7.5, 9, 12], "texture": "#0"},
				"east": {"uv": [3, 7, 13, 11], "texture": "#0"},
				"south": {"uv": [5.5, 7, 8, 11.5], "texture": "#0"},
				"west": {"uv": [3, 7, 13, 9], "texture": "#0"},
				"up": {"uv": [3, 7, 13, 9], "rotation": 180, "texture": "#0"},
				"down": {"uv": [7, 7.5, 9.5, 13.5], "rotation": 180, "texture": "#0"}
			}
		},
		{
			"from": [14.46875, 0, 4.625],
			"to": [16.96875, 4.5, 10.625],
			"rotation": {"angle": -45, "axis": "y", "origin": [4.5, 0, 17.78125]},
			"faces": {
				"north": {"uv": [8, 7, 5.5, 11.5], "texture": "#0"},
				"east": {"uv": [13, 7, 3, 11], "texture": "#0"},
				"south": {"uv": [9, 7.5, 6.5, 12], "texture": "#0"},
				"west": {"uv": [13, 7, 3, 9], "texture": "#0"},
				"up": {"uv": [3, 9, 13, 7], "rotation": 180, "texture": "#0"},
				"down": {"uv": [7, 13.5, 9.5, 7.5], "rotation": 180, "texture": "#0"}
			}
		},
		{
			"from": [16.96875, 3, 4.625],
			"to": [17.21875, 3.5, 10.625],
			"rotation": {"angle": -45, "axis": "y", "origin": [4.5, 0, 17.78125]},
			"faces": {
				"north": {"uv": [8.25, 9.5, 8, 10], "texture": "#0"},
				"east": {"uv": [12.5, 8.5, 6.5, 9], "texture": "#0"},
				"south": {"uv": [6.25, 8.5, 6, 9], "texture": "#0"},
				"west": {"uv": [11.5, 8.5, 5.5, 9], "texture": "#0"},
				"up": {"uv": [7, 13, 7.25, 7], "rotation": 180, "texture": "#0"},
				"down": {"uv": [9, 13, 9.25, 7], "rotation": 180, "texture": "#0"}
			}
		},
		{
			"from": [16.96875, 2, 4.625],
			"to": [17.21875, 2.5, 10.625],
			"rotation": {"angle": -45, "axis": "y", "origin": [4.5, 0, 17.78125]},
			"faces": {
				"north": {"uv": [8.25, 9.5, 8, 10], "texture": "#0"},
				"east": {"uv": [12.5, 8.5, 6.5, 9], "texture": "#0"},
				"south": {"uv": [6.25, 8.5, 6, 9], "texture": "#0"},
				"west": {"uv": [11.5, 8.5, 5.5, 9], "texture": "#0"},
				"up": {"uv": [7, 13, 7.25, 7], "rotation": 180, "texture": "#0"},
				"down": {"uv": [9, 13, 9.25, 7], "rotation": 180, "texture": "#0"}
			}
		},
		{
			"from": [16.96875, 1, 4.625],
			"to": [17.21875, 1.5, 10.625],
			"rotation": {"angle": -45, "axis": "y", "origin": [4.5, 0, 17.78125]},
			"faces": {
				"north": {"uv": [8.25, 9.5, 8, 10], "texture": "#0"},
				"east": {"uv": [12.5, 8.5, 6.5, 9], "texture": "#0"},
				"south": {"uv": [6.25, 8.5, 6, 9], "texture": "#0"},
				"west": {"uv": [11.5, 8.5, 5.5, 9], "texture": "#0"},
				"up": {"uv": [7, 13, 7.25, 7], "rotation": 180, "texture": "#0"},
				"down": {"uv": [9, 13, 9.25, 7], "rotation": 180, "texture": "#0"}
			}
		},
		{
			"from": [18.34375, 0, 6.03125],
			"to": [20.84375, 4.5, 12.03125],
			"rotation": {"angle": -22.5, "axis": "y", "origin": [8.375, 0, 19.1875]},
			"faces": {
				"north": {"uv": [8, 7, 5.5, 11.5], "texture": "#0"},
				"east": {"uv": [13, 7, 3, 11], "texture": "#0"},
				"south": {"uv": [9, 7.5, 6.5, 12], "texture": "#0"},
				"west": {"uv": [13, 7, 3, 9], "texture": "#0"},
				"up": {"uv": [3, 9, 13, 7], "rotation": 180, "texture": "#0"},
				"down": {"uv": [7, 13.5, 9.5, 7.5], "rotation": 180, "texture": "#0"}
			}
		},
		{
			"from": [20.84375, 3, 6.03125],
			"to": [21.09375, 3.5, 12.03125],
			"rotation": {"angle": -22.5, "axis": "y", "origin": [8.375, 0, 19.1875]},
			"faces": {
				"north": {"uv": [8.25, 9.5, 8, 10], "texture": "#0"},
				"east": {"uv": [12.5, 8.5, 6.5, 9], "texture": "#0"},
				"south": {"uv": [6.25, 8.5, 6, 9], "texture": "#0"},
				"west": {"uv": [11.5, 8.5, 5.5, 9], "texture": "#0"},
				"up": {"uv": [7, 13, 7.25, 7], "rotation": 180, "texture": "#0"},
				"down": {"uv": [9, 13, 9.25, 7], "rotation": 180, "texture": "#0"}
			}
		},
		{
			"from": [20.84375, 2, 6.03125],
			"to": [21.09375, 2.5, 12.03125],
			"rotation": {"angle": -22.5, "axis": "y", "origin": [8.375, 0, 19.1875]},
			"faces": {
				"north": {"uv": [8.25, 9.5, 8, 10], "texture": "#0"},
				"east": {"uv": [12.5, 8.5, 6.5, 9], "texture": "#0"},
				"south": {"uv": [6.25, 8.5, 6, 9], "texture": "#0"},
				"west": {"uv": [11.5, 8.5, 5.5, 9], "texture": "#0"},
				"up": {"uv": [7, 13, 7.25, 7], "rotation": 180, "texture": "#0"},
				"down": {"uv": [9, 13, 9.25, 7], "rotation": 180, "texture": "#0"}
			}
		},
		{
			"from": [20.84375, 1, 6.03125],
			"to": [21.09375, 1.5, 12.03125],
			"rotation": {"angle": -22.5, "axis": "y", "origin": [8.375, 0, 19.1875]},
			"faces": {
				"north": {"uv": [8.25, 9.5, 8, 10], "texture": "#0"},
				"east": {"uv": [12.5, 8.5, 6.5, 9], "texture": "#0"},
				"south": {"uv": [6.25, 8.5, 6, 9], "texture": "#0"},
				"west": {"uv": [11.5, 8.5, 5.5, 9], "texture": "#0"},
				"up": {"uv": [7, 13, 7.25, 7], "rotation": 180, "texture": "#0"},
				"down": {"uv": [9, 13, 9.25, 7], "rotation": 180, "texture": "#0"}
			}
		},
		{
			"from": [22.34375, 0, 0.0625],
			"to": [24.84375, 4.5, 11.875],
			"rotation": {"angle": 0, "axis": "y", "origin": [8.375, 0, 23.1875]},
			"faces": {
				"north": {"uv": [8, 7, 5.5, 11.5], "texture": "#0"},
				"east": {"uv": [13, 7, 3, 11], "texture": "#0"},
				"south": {"uv": [9, 7.5, 6.5, 12], "texture": "#0"},
				"west": {"uv": [13, 7, 3, 9], "texture": "#0"},
				"up": {"uv": [3, 9, 13, 7], "rotation": 180, "texture": "#0"},
				"down": {"uv": [7, 13.5, 9.5, 7.5], "rotation": 180, "texture": "#0"}
			}
		},
		{
			"from": [24.84375, 3, 0.0625],
			"to": [25.09375, 3.5, 11.875],
			"rotation": {"angle": 0, "axis": "y", "origin": [8.375, 0, 23.1875]},
			"faces": {
				"north": {"uv": [8.25, 9.5, 8, 10], "texture": "#0"},
				"east": {"uv": [12.5, 8.5, 6.5, 9], "texture": "#0"},
				"south": {"uv": [6.25, 8.5, 6, 9], "texture": "#0"},
				"west": {"uv": [11.5, 8.5, 5.5, 9], "texture": "#0"},
				"up": {"uv": [7, 13, 7.25, 7], "rotation": 180, "texture": "#0"},
				"down": {"uv": [9, 13, 9.25, 7], "rotation": 180, "texture": "#0"}
			}
		},
		{
			"from": [24.84375, 2, 0.0625],
			"to": [25.09375, 2.5, 11.875],
			"rotation": {"angle": 0, "axis": "y", "origin": [8.375, 0, 23.1875]},
			"faces": {
				"north": {"uv": [8.25, 9.5, 8, 10], "texture": "#0"},
				"east": {"uv": [12.5, 8.5, 6.5, 9], "texture": "#0"},
				"south": {"uv": [6.25, 8.5, 6, 9], "texture": "#0"},
				"west": {"uv": [11.5, 8.5, 5.5, 9], "texture": "#0"},
				"up": {"uv": [7, 13, 7.25, 7], "rotation": 180, "texture": "#0"},
				"down": {"uv": [9, 13, 9.25, 7], "rotation": 180, "texture": "#0"}
			}
		},
		{
			"from": [24.84375, 1, 0.0625],
			"to": [25.09375, 1.5, 11.875],
			"rotation": {"angle": 0, "axis": "y", "origin": [8.375, 0, 23.1875]},
			"faces": {
				"north": {"uv": [8.25, 9.5, 8, 10], "texture": "#0"},
				"east": {"uv": [12.5, 8.5, 6.5, 9], "texture": "#0"},
				"south": {"uv": [6.25, 8.5, 6, 9], "texture": "#0"},
				"west": {"uv": [11.5, 8.5, 5.5, 9], "texture": "#0"},
				"up": {"uv": [7, 13, 7.25, 7], "rotation": 180, "texture": "#0"},
				"down": {"uv": [9, 13, 9.25, 7], "rotation": 180, "texture": "#0"}
			}
		},
		{
			"from": [-16, 1, 12.78125],
			"to": [-15.75, 1.5, 18.78125],
			"rotation": {"angle": 45, "axis": "y", "origin": [-6.96875, 0, 7.28125]},
			"faces": {
				"north": {"uv": [6.25, 8.5, 6, 9], "texture": "#0"},
				"east": {"uv": [11.5, 8.5, 5.5, 9], "texture": "#0"},
				"south": {"uv": [8.25, 9.5, 8, 10], "texture": "#0"},
				"west": {"uv": [12.5, 8.5, 6.5, 9], "texture": "#0"},
				"up": {"uv": [7, 13, 7.25, 7], "texture": "#0"},
				"down": {"uv": [9, 13, 9.25, 7], "texture": "#0"}
			}
		},
		{
			"from": [-16, 2, 12.78125],
			"to": [-15.75, 2.5, 18.78125],
			"rotation": {"angle": 45, "axis": "y", "origin": [-6.96875, 0, 7.28125]},
			"faces": {
				"north": {"uv": [6.25, 8.5, 6, 9], "texture": "#0"},
				"east": {"uv": [11.5, 8.5, 5.5, 9], "texture": "#0"},
				"south": {"uv": [8.25, 9.5, 8, 10], "texture": "#0"},
				"west": {"uv": [12.5, 8.5, 6.5, 9], "texture": "#0"},
				"up": {"uv": [7, 13, 7.25, 7], "texture": "#0"},
				"down": {"uv": [9, 13, 9.25, 7], "texture": "#0"}
			}
		},
		{
			"from": [-16, 3, 12.78125],
			"to": [-15.75, 3.5, 18.78125],
			"rotation": {"angle": 45, "axis": "y", "origin": [-6.96875, 0, 7.28125]},
			"faces": {
				"north": {"uv": [6.25, 8.5, 6, 9], "texture": "#0"},
				"east": {"uv": [11.5, 8.5, 5.5, 9], "texture": "#0"},
				"south": {"uv": [8.25, 9.5, 8, 10], "texture": "#0"},
				"west": {"uv": [12.5, 8.5, 6.5, 9], "texture": "#0"},
				"up": {"uv": [7, 13, 7.25, 7], "texture": "#0"},
				"down": {"uv": [9, 13, 9.25, 7], "texture": "#0"}
			}
		},
		{
			"from": [-15.75, 0, 12.78125],
			"to": [-13.25, 4.5, 18.78125],
			"rotation": {"angle": 45, "axis": "y", "origin": [-6.96875, 0, 7.28125]},
			"faces": {
				"north": {"uv": [9, 7.5, 6.5, 12], "texture": "#0"},
				"east": {"uv": [13, 7, 3, 9], "texture": "#0"},
				"south": {"uv": [8, 7, 5.5, 11.5], "texture": "#0"},
				"west": {"uv": [13, 7, 3, 11], "texture": "#0"},
				"up": {"uv": [3, 9, 13, 7], "texture": "#0"},
				"down": {"uv": [7, 13.5, 9.5, 7.5], "texture": "#0"}
			}
		},
		{
			"from": [-1.46875, 1, 20.0625],
			"to": [4.53125, 1.5, 20.3125],
			"rotation": {"angle": -22.5, "axis": "y", "origin": [-6.96875, 0, 11.28125]},
			"faces": {
				"north": {"uv": [11.5, 8.5, 5.5, 9], "texture": "#0"},
				"east": {"uv": [8.25, 9.5, 8, 10], "texture": "#0"},
				"south": {"uv": [12.5, 8.5, 6.5, 9], "texture": "#0"},
				"west": {"uv": [6.25, 8.5, 6, 9], "texture": "#0"},
				"up": {"uv": [7.25, 7, 7, 13], "rotation": 90, "texture": "#0"},
				"down": {"uv": [9.25, 7, 9, 13], "rotation": 270, "texture": "#0"}
			}
		},
		{
			"from": [-1.46875, 2, 20.0625],
			"to": [4.53125, 2.5, 20.3125],
			"rotation": {"angle": -22.5, "axis": "y", "origin": [-6.96875, 0, 11.28125]},
			"faces": {
				"north": {"uv": [11.5, 8.5, 5.5, 9], "texture": "#0"},
				"east": {"uv": [8.25, 9.5, 8, 10], "texture": "#0"},
				"south": {"uv": [12.5, 8.5, 6.5, 9], "texture": "#0"},
				"west": {"uv": [6.25, 8.5, 6, 9], "texture": "#0"},
				"up": {"uv": [7.25, 7, 7, 13], "rotation": 90, "texture": "#0"},
				"down": {"uv": [9.25, 7, 9, 13], "rotation": 270, "texture": "#0"}
			}
		},
		{
			"from": [-1.46875, 3, 20.0625],
			"to": [4.53125, 3.5, 20.3125],
			"rotation": {"angle": -22.5, "axis": "y", "origin": [-6.96875, 0, 11.28125]},
			"faces": {
				"north": {"uv": [11.5, 8.5, 5.5, 9], "texture": "#0"},
				"east": {"uv": [8.25, 9.5, 8, 10], "texture": "#0"},
				"south": {"uv": [12.5, 8.5, 6.5, 9], "texture": "#0"},
				"west": {"uv": [6.25, 8.5, 6, 9], "texture": "#0"},
				"up": {"uv": [7.25, 7, 7, 13], "rotation": 90, "texture": "#0"},
				"down": {"uv": [9.25, 7, 9, 13], "rotation": 270, "texture": "#0"}
			}
		},
		{
			"from": [-1.46875, 0, 17.5625],
			"to": [4.53125, 4.5, 20.0625],
			"rotation": {"angle": -22.5, "axis": "y", "origin": [-6.96875, 0, 11.28125]},
			"faces": {
				"north": {"uv": [13, 7, 3, 9], "texture": "#0"},
				"east": {"uv": [8, 7, 5.5, 11.5], "texture": "#0"},
				"south": {"uv": [13, 7, 3, 11], "texture": "#0"},
				"west": {"uv": [9, 7.5, 6.5, 12], "texture": "#0"},
				"up": {"uv": [13, 7, 3, 9], "rotation": 90, "texture": "#0"},
				"down": {"uv": [9.5, 7.5, 7, 13.5], "rotation": 270, "texture": "#0"}
			}
		},
		{
			"from": [0.03125, 1, 23.8125],
			"to": [13.03125, 1.5, 24.0625],
			"rotation": {"angle": 0, "axis": "y", "origin": [4.03125, 0, 15.03125]},
			"faces": {
				"north": {"uv": [11.5, 8.5, 5.5, 9], "texture": "#0"},
				"east": {"uv": [8.25, 9.5, 8, 10], "texture": "#0"},
				"south": {"uv": [12.5, 8.5, 6.5, 9], "texture": "#0"},
				"west": {"uv": [6.25, 8.5, 6, 9], "texture": "#0"},
				"up": {"uv": [7.25, 7, 7, 13], "rotation": 90, "texture": "#0"},
				"down": {"uv": [9.25, 7, 9, 13], "rotation": 270, "texture": "#0"}
			}
		},
		{
			"from": [0.03125, 2, 23.8125],
			"to": [13.03125, 2.5, 24.0625],
			"rotation": {"angle": 0, "axis": "y", "origin": [4.03125, 0, 15.03125]},
			"faces": {
				"north": {"uv": [11.5, 8.5, 5.5, 9], "texture": "#0"},
				"east": {"uv": [8.25, 9.5, 8, 10], "texture": "#0"},
				"south": {"uv": [12.5, 8.5, 6.5, 9], "texture": "#0"},
				"west": {"uv": [6.25, 8.5, 6, 9], "texture": "#0"},
				"up": {"uv": [7.25, 7, 7, 13], "rotation": 90, "texture": "#0"},
				"down": {"uv": [9.25, 7, 9, 13], "rotation": 270, "texture": "#0"}
			}
		},
		{
			"from": [0.03125, 3, 23.8125],
			"to": [13.03125, 3.5, 24.0625],
			"rotation": {"angle": 0, "axis": "y", "origin": [4.03125, 0, 15.03125]},
			"faces": {
				"north": {"uv": [11.5, 8.5, 5.5, 9], "texture": "#0"},
				"east": {"uv": [8.25, 9.5, 8, 10], "texture": "#0"},
				"south": {"uv": [12.5, 8.5, 6.5, 9], "texture": "#0"},
				"west": {"uv": [6.25, 8.5, 6, 9], "texture": "#0"},
				"up": {"uv": [7.25, 7, 7, 13], "rotation": 90, "texture": "#0"},
				"down": {"uv": [9.25, 7, 9, 13], "rotation": 270, "texture": "#0"}
			}
		},
		{
			"from": [0.03125, 0, 21.3125],
			"to": [13.03125, 4.5, 23.8125],
			"rotation": {"angle": 0, "axis": "y", "origin": [4.03125, 0, 15.03125]},
			"faces": {
				"north": {"uv": [13, 7, 3, 9], "texture": "#0"},
				"east": {"uv": [8, 7, 5.5, 11.5], "texture": "#0"},
				"south": {"uv": [13, 7, 3, 11], "texture": "#0"},
				"west": {"uv": [9, 7.5, 6.5, 12], "texture": "#0"},
				"up": {"uv": [13, 7, 3, 9], "rotation": 90, "texture": "#0"},
				"down": {"uv": [9.5, 7.5, 7, 13.5], "rotation": 270, "texture": "#0"}
			}
		},
		{
			"from": [8.6875, 1, 27.5],
			"to": [14.6875, 1.5, 27.75],
			"rotation": {"angle": 22.5, "axis": "y", "origin": [1.53125, 0, 15.03125]},
			"faces": {
				"north": {"uv": [11.5, 8.5, 5.5, 9], "texture": "#0"},
				"east": {"uv": [8.25, 9.5, 8, 10], "texture": "#0"},
				"south": {"uv": [12.5, 8.5, 6.5, 9], "texture": "#0"},
				"west": {"uv": [6.25, 8.5, 6, 9], "texture": "#0"},
				"up": {"uv": [7.25, 7, 7, 13], "rotation": 90, "texture": "#0"},
				"down": {"uv": [9.25, 7, 9, 13], "rotation": 270, "texture": "#0"}
			}
		},
		{
			"from": [8.6875, 2, 27.5],
			"to": [14.6875, 2.5, 27.75],
			"rotation": {"angle": 22.5, "axis": "y", "origin": [1.53125, 0, 15.03125]},
			"faces": {
				"north": {"uv": [11.5, 8.5, 5.5, 9], "texture": "#0"},
				"east": {"uv": [8.25, 9.5, 8, 10], "texture": "#0"},
				"south": {"uv": [12.5, 8.5, 6.5, 9], "texture": "#0"},
				"west": {"uv": [6.25, 8.5, 6, 9], "texture": "#0"},
				"up": {"uv": [7.25, 7, 7, 13], "rotation": 90, "texture": "#0"},
				"down": {"uv": [9.25, 7, 9, 13], "rotation": 270, "texture": "#0"}
			}
		},
		{
			"from": [8.6875, 3, 27.5],
			"to": [14.6875, 3.5, 27.75],
			"rotation": {"angle": 22.5, "axis": "y", "origin": [1.53125, 0, 15.03125]},
			"faces": {
				"north": {"uv": [11.5, 8.5, 5.5, 9], "texture": "#0"},
				"east": {"uv": [8.25, 9.5, 8, 10], "texture": "#0"},
				"south": {"uv": [12.5, 8.5, 6.5, 9], "texture": "#0"},
				"west": {"uv": [6.25, 8.5, 6, 9], "texture": "#0"},
				"up": {"uv": [7.25, 7, 7, 13], "rotation": 90, "texture": "#0"},
				"down": {"uv": [9.25, 7, 9, 13], "rotation": 270, "texture": "#0"}
			}
		},
		{
			"from": [8.6875, 0, 25],
			"to": [14.6875, 4.5, 27.5],
			"rotation": {"angle": 22.5, "axis": "y", "origin": [1.53125, 0, 15.03125]},
			"faces": {
				"north": {"uv": [13, 7, 3, 9], "texture": "#0"},
				"east": {"uv": [8, 7, 5.5, 11.5], "texture": "#0"},
				"south": {"uv": [13, 7, 3, 11], "texture": "#0"},
				"west": {"uv": [9, 7.5, 6.5, 12], "texture": "#0"},
				"up": {"uv": [13, 7, 3, 9], "rotation": 90, "texture": "#0"},
				"down": {"uv": [9.5, 7.5, 7, 13.5], "rotation": 270, "texture": "#0"}
			}
		}
	],
	"display": {
		"head": {
			"translation": [1.5, -8.5, 3],
			"scale": [2.8, 2.8, 2.8]
		}
	}
}