{
	"credit": "Made with Blockbench",
	"textures": {
		"0": "item/custom/trashcan",
		"1": "item/custom/trashcandoor",
		"particle": "item/custom/trashcan"
	},
	"elements": [
		{
			"from": [3, 19.2, 5],
			"to": [13, 22.2, 5],
			"rotation": {"angle": -45, "axis": "x", "origin": [8, 19.2, 5]},
			"faces": {
				"north": {"uv": [0, 0, 10, 3], "texture": "#1"},
				"east": {"uv": [0, 0, 0, 3], "texture": "#1"},
				"south": {"uv": [0, 3, 10, 6], "texture": "#1"},
				"west": {"uv": [0, 0, 0, 3], "texture": "#1"},
				"up": {"uv": [10, 0, 0, 0], "texture": "#1"},
				"down": {"uv": [10, 0, 0, 0], "texture": "#1"}
			}
		},
		{
			"from": [4, 21.3, 2.9],
			"to": [12, 22.3, 2.9],
			"rotation": {"angle": -45, "axis": "x", "origin": [8, 21.3, 2.9]},
			"faces": {
				"north": {"uv": [0, 6, 8, 7], "texture": "#1"},
				"east": {"uv": [0, 0, 0, 1], "texture": "#1"},
				"south": {"uv": [0, 7, 8, 8], "texture": "#1"},
				"west": {"uv": [0, 0, 0, 1], "texture": "#1"},
				"up": {"uv": [8, 0, 0, 0], "texture": "#1"},
				"down": {"uv": [8, 0, 0, 0], "texture": "#1"}
			}
		},
		{
			"from": [13, 0, 2],
			"to": [14, 2, 3],
			"rotation": {"angle": 0, "axis": "y", "origin": [12, 0, 1]},
			"faces": {
				"north": {"uv": [1.5, 11.75, 1.75, 12.25], "texture": "#0"},
				"east": {"uv": [1.75, 11.75, 2, 12.25], "texture": "#0"},
				"south": {"uv": [2, 11.75, 2.25, 12.25], "texture": "#0"},
				"west": {"uv": [2.25, 11.75, 2.5, 12.25], "texture": "#0"},
				"up": {"uv": [12, 12, 11.75, 11.75], "texture": "#0"},
				"down": {"uv": [12.25, 2.25, 12, 2.5], "texture": "#0"}
			}
		},
		{
			"from": [12, 1, 2],
			"to": [13, 2, 3],
			"rotation": {"angle": 0, "axis": "y", "origin": [11, 0, 1]},
			"faces": {
				"north": {"uv": [12, 4, 12.25, 4.25], "texture": "#0"},
				"east": {"uv": [12, 4.25, 12.25, 4.5], "texture": "#0"},
				"south": {"uv": [12, 4.5, 12.25, 4.75], "texture": "#0"},
				"west": {"uv": [5, 12, 5.25, 12.25], "texture": "#0"},
				"up": {"uv": [5.5, 12.25, 5.25, 12], "texture": "#0"},
				"down": {"uv": [5.75, 12, 5.5, 12.25], "texture": "#0"}
			}
		},
		{
			"from": [3, 1, 2],
			"to": [4, 2, 3],
			"rotation": {"angle": 0, "axis": "y", "origin": [2, 0, 1]},
			"faces": {
				"north": {"uv": [5.75, 12, 6, 12.25], "texture": "#0"},
				"east": {"uv": [6, 12, 6.25, 12.25], "texture": "#0"},
				"south": {"uv": [6.25, 12, 6.5, 12.25], "texture": "#0"},
				"west": {"uv": [6.5, 12, 6.75, 12.25], "texture": "#0"},
				"up": {"uv": [7, 12.25, 6.75, 12], "texture": "#0"},
				"down": {"uv": [7.25, 12, 7, 12.25], "texture": "#0"}
			}
		},
		{
			"from": [3, 2, 3],
			"to": [13, 3, 13],
			"rotation": {"angle": 0, "axis": "y", "origin": [2, 1, 2]},
			"faces": {
				"north": {"uv": [11.5, 4.75, 14, 5], "texture": "#0"},
				"east": {"uv": [11.5, 5, 14, 5.25], "texture": "#0"},
				"south": {"uv": [11.5, 5.25, 14, 5.5], "texture": "#0"},
				"west": {"uv": [11.5, 5.5, 14, 5.75], "texture": "#0"},
				"up": {"uv": [2.5, 11.5, 0, 9], "texture": "#0"},
				"down": {"uv": [5, 9, 2.5, 11.5], "texture": "#0"}
			}
		},
		{
			"name": "trash",
			"from": [3, 17, 3],
			"to": [13, 18, 13],
			"rotation": {"angle": 0, "axis": "y", "origin": [2, 16, 2]},
			"faces": {
				"north": {"uv": [11.5, 4.75, 14, 5], "texture": "#0"},
				"east": {"uv": [11.5, 5, 14, 5.25], "texture": "#0"},
				"south": {"uv": [11.5, 5.25, 14, 5.5], "texture": "#0"},
				"west": {"uv": [11.5, 5.5, 14, 5.75], "texture": "#0"},
				"up": {"uv": [2.5, 11.5, 0, 9], "texture": "#0"},
				"down": {"uv": [5, 9, 2.5, 11.5], "texture": "#0"}
			}
		},
		{
			"from": [3, 1, 13],
			"to": [4, 2, 14],
			"rotation": {"angle": 0, "axis": "y", "origin": [2, 0, 12]},
			"faces": {
				"north": {"uv": [12, 11.5, 12.25, 11.75], "texture": "#0"},
				"east": {"uv": [11.75, 12, 12, 12.25], "texture": "#0"},
				"south": {"uv": [12, 11.75, 12.25, 12], "texture": "#0"},
				"west": {"uv": [12, 12, 12.25, 12.25], "texture": "#0"},
				"up": {"uv": [1.75, 12.5, 1.5, 12.25], "texture": "#0"},
				"down": {"uv": [2, 12.25, 1.75, 12.5], "texture": "#0"}
			}
		},
		{
			"from": [12, 1, 13],
			"to": [13, 2, 14],
			"rotation": {"angle": 0, "axis": "y", "origin": [11, 0, 12]},
			"faces": {
				"north": {"uv": [12, 10.25, 12.25, 10.5], "texture": "#0"},
				"east": {"uv": [12, 10.5, 12.25, 10.75], "texture": "#0"},
				"south": {"uv": [12, 10.75, 12.25, 11], "texture": "#0"},
				"west": {"uv": [12, 11, 12.25, 11.25], "texture": "#0"},
				"up": {"uv": [12.25, 11.5, 12, 11.25], "texture": "#0"},
				"down": {"uv": [11.75, 12, 11.5, 12.25], "texture": "#0"}
			}
		},
		{
			"from": [2, 1, 3],
			"to": [3, 2, 4],
			"rotation": {"angle": 0, "axis": "y", "origin": [1, 0, 2]},
			"faces": {
				"north": {"uv": [7.25, 12, 7.5, 12.25], "texture": "#0"},
				"east": {"uv": [7.5, 12, 7.75, 12.25], "texture": "#0"},
				"south": {"uv": [7.75, 12, 8, 12.25], "texture": "#0"},
				"west": {"uv": [8, 12, 8.25, 12.25], "texture": "#0"},
				"up": {"uv": [8.5, 12.25, 8.25, 12], "texture": "#0"},
				"down": {"uv": [8.75, 12, 8.5, 12.25], "texture": "#0"}
			}
		},
		{
			"from": [2, 1, 12],
			"to": [3, 2, 13],
			"rotation": {"angle": 0, "axis": "y", "origin": [1, 0, 11]},
			"faces": {
				"north": {"uv": [8.75, 12, 9, 12.25], "texture": "#0"},
				"east": {"uv": [12, 9, 12.25, 9.25], "texture": "#0"},
				"south": {"uv": [12, 9.25, 12.25, 9.5], "texture": "#0"},
				"west": {"uv": [12, 9.5, 12.25, 9.75], "texture": "#0"},
				"up": {"uv": [12.25, 10, 12, 9.75], "texture": "#0"},
				"down": {"uv": [12.25, 10, 12, 10.25], "texture": "#0"}
			}
		},
		{
			"from": [13, 1, 12],
			"to": [14, 2, 13],
			"rotation": {"angle": 0, "axis": "y", "origin": [12, 0, 11]},
			"faces": {
				"north": {"uv": [12.25, 2.75, 12.5, 3], "texture": "#0"},
				"east": {"uv": [3, 12.25, 3.25, 12.5], "texture": "#0"},
				"south": {"uv": [12.25, 3, 12.5, 3.25], "texture": "#0"},
				"west": {"uv": [3.25, 12.25, 3.5, 12.5], "texture": "#0"},
				"up": {"uv": [12.5, 3.5, 12.25, 3.25], "texture": "#0"},
				"down": {"uv": [3.75, 12.25, 3.5, 12.5], "texture": "#0"}
			}
		},
		{
			"from": [13, 1, 3],
			"to": [14, 2, 4],
			"rotation": {"angle": 0, "axis": "y", "origin": [12, 0, 2]},
			"faces": {
				"north": {"uv": [2, 12.25, 2.25, 12.5], "texture": "#0"},
				"east": {"uv": [2.25, 12.25, 2.5, 12.5], "texture": "#0"},
				"south": {"uv": [12.25, 2.25, 12.5, 2.5], "texture": "#0"},
				"west": {"uv": [2.5, 12.25, 2.75, 12.5], "texture": "#0"},
				"up": {"uv": [12.5, 2.75, 12.25, 2.5], "texture": "#0"},
				"down": {"uv": [3, 12.25, 2.75, 12.5], "texture": "#0"}
			}
		},
		{
			"from": [2, 2, 2],
			"to": [14, 18, 3],
			"rotation": {"angle": 0, "axis": "y", "origin": [12, 2, 0]},
			"faces": {
				"north": {"uv": [0, 0, 3, 4.5], "texture": "#0"},
				"east": {"uv": [11, 2.25, 11.25, 6.75], "texture": "#0"},
				"south": {"uv": [3, 0, 6, 4.5], "texture": "#0"},
				"west": {"uv": [11.25, 2.25, 11.5, 6.75], "texture": "#0"},
				"up": {"uv": [14, 7, 11, 6.75], "texture": "#0"},
				"down": {"uv": [14, 7, 11, 7.25], "texture": "#0"}
			}
		},
		{
			"from": [2, 2, 3],
			"to": [3, 18, 13],
			"rotation": {"angle": 0, "axis": "y", "origin": [12, 2, 0]},
			"faces": {
				"north": {"uv": [9.5, 11.25, 9.75, 15.75], "texture": "#0"},
				"east": {"uv": [6, 0, 8.5, 4.5], "texture": "#0"},
				"south": {"uv": [9.75, 11.25, 10, 15.75], "texture": "#0"},
				"west": {"uv": [6, 4.5, 8.5, 9], "texture": "#0"},
				"up": {"uv": [11.75, 4.75, 11.5, 2.25], "texture": "#0"},
				"down": {"uv": [4.25, 11.5, 4, 14], "texture": "#0"}
			}
		},
		{
			"from": [13, 2, 3],
			"to": [14, 18, 13],
			"rotation": {"angle": 0, "axis": "y", "origin": [23, 2, 0]},
			"faces": {
				"north": {"uv": [10, 11.25, 10.25, 15.75], "texture": "#0"},
				"east": {"uv": [8.5, 0, 11, 4.5], "texture": "#0"},
				"south": {"uv": [10.25, 11.25, 10.5, 15.75], "texture": "#0"},
				"west": {"uv": [8.5, 4.5, 11, 9], "texture": "#0"},
				"up": {"uv": [4.5, 14, 4.25, 11.5], "texture": "#0"},
				"down": {"uv": [4.75, 11.5, 4.5, 14], "texture": "#0"}
			}
		},
		{
			"from": [2, 2, 13],
			"to": [14, 18, 14],
			"rotation": {"angle": 0, "axis": "y", "origin": [12, 2, 11]},
			"faces": {
				"north": {"uv": [0, 4.5, 3, 9], "texture": "#0"},
				"east": {"uv": [9, 11.25, 9.25, 15.75], "texture": "#0"},
				"south": {"uv": [3, 4.5, 6, 9], "texture": "#0"},
				"west": {"uv": [9.25, 11.25, 9.5, 15.75], "texture": "#0"},
				"up": {"uv": [14, 9, 11, 8.75], "texture": "#0"},
				"down": {"uv": [4, 11.5, 1, 11.75], "texture": "#0"}
			}
		},
		{
			"from": [2, 0, 2],
			"to": [3, 2, 3],
			"rotation": {"angle": 0, "axis": "y", "origin": [2, 0, 1]},
			"faces": {
				"north": {"uv": [11.75, 2.25, 12, 2.75], "texture": "#0"},
				"east": {"uv": [2.5, 11.75, 2.75, 12.25], "texture": "#0"},
				"south": {"uv": [2.75, 11.75, 3, 12.25], "texture": "#0"},
				"west": {"uv": [11.75, 2.75, 12, 3.25], "texture": "#0"},
				"up": {"uv": [12.25, 2.75, 12, 2.5], "texture": "#0"},
				"down": {"uv": [12.25, 2.75, 12, 3], "texture": "#0"}
			}
		},
		{
			"from": [13, 18, 2],
			"to": [14, 21, 14],
			"rotation": {"angle": 0, "axis": "y", "origin": [12, 18, 1]},
			"faces": {
				"north": {"uv": [4.75, 11.5, 5, 12.25], "texture": "#0"},
				"east": {"uv": [9, 9, 12, 9.75], "texture": "#0"},
				"south": {"uv": [11.5, 11.25, 11.75, 12], "texture": "#0"},
				"west": {"uv": [9, 9.75, 12, 10.5], "texture": "#0"},
				"up": {"uv": [10.75, 14.25, 10.5, 11.25], "texture": "#0"},
				"down": {"uv": [11, 11.25, 10.75, 14.25], "texture": "#0"}
			}
		},
		{
			"from": [12, 21, 2],
			"to": [13, 22, 14],
			"rotation": {"angle": 0, "axis": "y", "origin": [11, 20, 1]},
			"faces": {
				"north": {"uv": [12.25, 3.75, 12.5, 4], "texture": "#0"},
				"east": {"uv": [11, 7.75, 14, 8], "texture": "#0"},
				"south": {"uv": [12.25, 4, 12.5, 4.25], "texture": "#0"},
				"west": {"uv": [11, 8, 14, 8.25], "texture": "#0"},
				"up": {"uv": [0.75, 14.5, 0.5, 11.5], "texture": "#0"},
				"down": {"uv": [1, 11.5, 0.75, 14.5], "texture": "#0"}
			}
		},
		{
			"from": [3, 21, 2],
			"to": [4, 22, 14],
			"rotation": {"angle": 0, "axis": "y", "origin": [2, 20, 1]},
			"faces": {
				"north": {"uv": [12.25, 3.5, 12.5, 3.75], "texture": "#0"},
				"east": {"uv": [11, 7.25, 14, 7.5], "texture": "#0"},
				"south": {"uv": [3.75, 12.25, 4, 12.5], "texture": "#0"},
				"west": {"uv": [11, 7.5, 14, 7.75], "texture": "#0"},
				"up": {"uv": [0.25, 14.5, 0, 11.5], "texture": "#0"},
				"down": {"uv": [0.5, 11.5, 0.25, 14.5], "texture": "#0"}
			}
		},
		{
			"from": [4, 22, 2],
			"to": [12, 23, 14],
			"rotation": {"angle": 0, "axis": "y", "origin": [10, 21, 1]},
			"faces": {
				"north": {"uv": [11.5, 5.75, 13.5, 6], "texture": "#0"},
				"east": {"uv": [11, 8.25, 14, 8.5], "texture": "#0"},
				"south": {"uv": [11.5, 6, 13.5, 6.25], "texture": "#0"},
				"west": {"uv": [11, 8.5, 14, 8.75], "texture": "#0"},
				"up": {"uv": [7, 12, 5, 9], "texture": "#0"},
				"down": {"uv": [9, 9, 7, 12], "texture": "#0"}
			}
		},
		{
			"from": [2, 18, 2],
			"to": [3, 21, 14],
			"rotation": {"angle": 0, "axis": "y", "origin": [2, 18, 1]},
			"faces": {
				"north": {"uv": [1, 11.75, 1.25, 12.5], "texture": "#0"},
				"east": {"uv": [9, 10.5, 12, 11.25], "texture": "#0"},
				"south": {"uv": [1.25, 11.75, 1.5, 12.5], "texture": "#0"},
				"west": {"uv": [11, 0, 14, 0.75], "texture": "#0"},
				"up": {"uv": [11.25, 14.25, 11, 11.25], "texture": "#0"},
				"down": {"uv": [11.5, 11.25, 11.25, 14.25], "texture": "#0"}
			}
		},
		{
			"from": [3, 18, 14],
			"to": [13, 21, 14],
			"rotation": {"angle": 0, "axis": "y", "origin": [3, 18, 1]},
			"faces": {
				"north": {"uv": [11, 0.75, 13.5, 1.5], "texture": "#0"},
				"east": {"uv": [0, 0, 0, 0.75], "texture": "#0"},
				"south": {"uv": [11, 1.5, 13.5, 2.25], "texture": "#0"},
				"west": {"uv": [0, 0, 0, 0.75], "texture": "#0"},
				"up": {"uv": [2.5, 0, 0, 0], "texture": "#0"},
				"down": {"uv": [2.5, 0, 0, 0], "texture": "#0"}
			}
		},
		{
			"from": [4, 21, 14],
			"to": [12, 22, 14],
			"rotation": {"angle": 0, "axis": "y", "origin": [3, 19, 1]},
			"faces": {
				"north": {"uv": [11.5, 6.25, 13.5, 6.5], "texture": "#0"},
				"east": {"uv": [0, 0, 0, 0.25], "texture": "#0"},
				"south": {"uv": [11.5, 6.5, 13.5, 6.75], "texture": "#0"},
				"west": {"uv": [0, 0, 0, 0.25], "texture": "#0"},
				"up": {"uv": [2, 0, 0, 0], "texture": "#0"},
				"down": {"uv": [2, 0, 0, 0], "texture": "#0"}
			}
		},
		{
			"from": [13, 0, 13],
			"to": [14, 2, 14],
			"rotation": {"angle": 0, "axis": "y", "origin": [12, 0, 12]},
			"faces": {
				"north": {"uv": [3.75, 11.75, 4, 12.25], "texture": "#0"},
				"east": {"uv": [11.75, 3.75, 12, 4.25], "texture": "#0"},
				"south": {"uv": [11.75, 4.25, 12, 4.75], "texture": "#0"},
				"west": {"uv": [11.75, 11.25, 12, 11.75], "texture": "#0"},
				"up": {"uv": [12.25, 3.75, 12, 3.5], "texture": "#0"},
				"down": {"uv": [12.25, 3.75, 12, 4], "texture": "#0"}
			}
		},
		{
			"from": [2, 0, 13],
			"to": [3, 2, 14],
			"rotation": {"angle": 0, "axis": "y", "origin": [2, 0, 12]},
			"faces": {
				"north": {"uv": [3, 11.75, 3.25, 12.25], "texture": "#0"},
				"east": {"uv": [3.25, 11.75, 3.5, 12.25], "texture": "#0"},
				"south": {"uv": [11.75, 3.25, 12, 3.75], "texture": "#0"},
				"west": {"uv": [3.5, 11.75, 3.75, 12.25], "texture": "#0"},
				"up": {"uv": [12.25, 3.25, 12, 3], "texture": "#0"},
				"down": {"uv": [12.25, 3.25, 12, 3.5], "texture": "#0"}
			}
		}
	],
	"display": {
		"gui": {
			"translation": [0, -2.75, 0],
			"scale": [0.81, 0.71, 1]
		},
		"head": {
			"scale": [1.27, 1.25, 1.25]
		}
	}
}
