{
	"credit": "Made with Blockbench",
	"texture_size": [32, 32],
	"textures": {
		"0": "item/custom/mk/tl/textureanakinlightsaber1",
		"1": "item/custom/mk/tl/textureanakinlightsaber2",
		"2": "item/custom/mk/tl/textureanakinlightsaber3",
		"3": "item/custom/mk/tl/textureanakin lightsaber4",
		"4": "item/custom/mk/tl/textureanakinlightsaber5",
		"5": "item/custom/mk/tl/textureanakinlightsaber6",
		"6": "item/custom/mk/tl/textureanakinlightsaberblade",
		"particle": "item/custom/mk/tl/textureanakinlightsaber1"
	},
	"elements": [
		{
			"from": [0.82759, 11.03448, 0],
			"to": [2, 12.89655, 0.06897],
			"faces": {
				"north": {"uv": [0, 0, 2, 3], "texture": "#3"},
				"east": {"uv": [2, 0, 4, 3], "texture": "#3"},
				"south": {"uv": [0, 3, 2, 6], "texture": "#3"},
				"west": {"uv": [2, 3, 4, 6], "texture": "#3"},
				"up": {"uv": [6, 2, 4, 0], "texture": "#3"},
				"down": {"uv": [6, 2, 4, 4], "texture": "#3"}
			}
		},
		{
			"from": [1.93103, 11.03448, -0.06897],
			"to": [2, 12.89655, 1.10345],
			"faces": {
				"north": {"uv": [2, 0, 4, 3], "texture": "#3"},
				"east": {"uv": [0, 3, 2, 6], "texture": "#3"},
				"south": {"uv": [2, 3, 4, 6], "texture": "#3"},
				"west": {"uv": [0, 0, 2, 3], "texture": "#3"},
				"up": {"uv": [6, 2, 4, 0], "rotation": 270, "texture": "#3"},
				"down": {"uv": [6, 2, 4, 4], "rotation": 90, "texture": "#3"}
			}
		},
		{
			"from": [1.93103, 11.03448, 1.03448],
			"to": [2, 12.34483, 1.65517],
			"faces": {
				"north": {"uv": [2, 0, 4, 3], "texture": "#3"},
				"east": {"uv": [0, 3, 2, 6], "texture": "#3"},
				"south": {"uv": [2, 3, 4, 6], "texture": "#3"},
				"west": {"uv": [0, 0, 2, 3], "texture": "#3"},
				"up": {"uv": [6, 2, 4, 0], "rotation": 270, "texture": "#3"},
				"down": {"uv": [6, 2, 4, 4], "rotation": 90, "texture": "#3"}
			}
		},
		{
			"from": [0.2069, 11.03448, 0.06897],
			"to": [0.82759, 12.34483, 0.13793],
			"faces": {
				"north": {"uv": [0, 3, 2, 6], "texture": "#3"},
				"east": {"uv": [2, 3, 4, 6], "texture": "#3"},
				"south": {"uv": [0, 0, 2, 3], "texture": "#3"},
				"west": {"uv": [2, 0, 4, 3], "texture": "#3"},
				"up": {"uv": [6, 2, 4, 0], "rotation": 180, "texture": "#3"},
				"down": {"uv": [6, 2, 4, 4], "rotation": 180, "texture": "#3"}
			}
		},
		{
			"from": [-0.13793, 4.13793, -0.13793],
			"to": [2.13793, 6.96552, 2.13793],
			"faces": {
				"north": {"uv": [0, 0, 2, 3], "texture": "#3"},
				"east": {"uv": [2, 0, 4, 3], "texture": "#3"},
				"south": {"uv": [0, 3, 2, 6], "texture": "#3"},
				"west": {"uv": [2, 3, 4, 6], "texture": "#3"},
				"up": {"uv": [6, 2, 4, 0], "texture": "#3"},
				"down": {"uv": [6, 2, 4, 4], "texture": "#3"}
			}
		},
		{
			"from": [-0.27586, 6.34483, -0.27586],
			"to": [2.27586, 6.96552, 2.27586],
			"faces": {
				"north": {"uv": [0, 0, 2, 3], "texture": "#3"},
				"east": {"uv": [2, 0, 4, 3], "texture": "#3"},
				"south": {"uv": [0, 3, 2, 6], "texture": "#3"},
				"west": {"uv": [2, 3, 4, 6], "texture": "#3"},
				"up": {"uv": [6, 2, 4, 0], "texture": "#3"},
				"down": {"uv": [6, 2, 4, 4], "texture": "#3"}
			}
		},
		{
			"from": [0, 0, 0],
			"to": [2, 11.10345, 2],
			"faces": {
				"north": {"uv": [0, 0, 2, 10], "texture": "#0"},
				"east": {"uv": [2, 0, 4, 10], "texture": "#0"},
				"south": {"uv": [4, 0, 6, 10], "texture": "#0"},
				"west": {"uv": [6, 0, 8, 10], "texture": "#0"},
				"up": {"uv": [10, 2, 8, 0], "texture": "#0"},
				"down": {"uv": [10, 2, 8, 4], "texture": "#0"}
			}
		},
		{
			"from": [1.93103, 0, 1.51724],
			"to": [2.55172, 4.2069, 1.86207],
			"faces": {
				"north": {"uv": [0, 0, 1, 4], "texture": "#1"},
				"east": {"uv": [1, 0, 2, 4], "texture": "#1"},
				"south": {"uv": [2, 0, 3, 4], "texture": "#1"},
				"west": {"uv": [3, 0, 4, 4], "texture": "#1"},
				"up": {"uv": [1, 5, 0, 4], "texture": "#1"},
				"down": {"uv": [5, 0, 4, 1], "texture": "#1"}
			}
		},
		{
			"from": [1.93103, 0, 0.82759],
			"to": [2.55172, 4.2069, 1.17241],
			"faces": {
				"north": {"uv": [0, 0, 1, 4], "texture": "#1"},
				"east": {"uv": [1, 0, 2, 4], "texture": "#1"},
				"south": {"uv": [2, 0, 3, 4], "texture": "#1"},
				"west": {"uv": [3, 0, 4, 4], "texture": "#1"},
				"up": {"uv": [1, 5, 0, 4], "texture": "#1"},
				"down": {"uv": [5, 0, 4, 1], "texture": "#1"}
			}
		},
		{
			"from": [1.93103, 0, 0.13793],
			"to": [2.55172, 4.2069, 0.48276],
			"faces": {
				"north": {"uv": [0, 0, 1, 4], "texture": "#1"},
				"east": {"uv": [1, 0, 2, 4], "texture": "#1"},
				"south": {"uv": [2, 0, 3, 4], "texture": "#1"},
				"west": {"uv": [3, 0, 4, 4], "texture": "#1"},
				"up": {"uv": [1, 5, 0, 4], "texture": "#1"},
				"down": {"uv": [5, 0, 4, 1], "texture": "#1"}
			}
		},
		{
			"from": [-0.55172, 0, 1.51724],
			"to": [0.06897, 4.2069, 1.86207],
			"faces": {
				"north": {"uv": [0, 0, 1, 4], "texture": "#1"},
				"east": {"uv": [1, 0, 2, 4], "texture": "#1"},
				"south": {"uv": [2, 0, 3, 4], "texture": "#1"},
				"west": {"uv": [3, 0, 4, 4], "texture": "#1"},
				"up": {"uv": [1, 5, 0, 4], "texture": "#1"},
				"down": {"uv": [5, 0, 4, 1], "texture": "#1"}
			}
		},
		{
			"from": [-0.55172, 0, 0.82759],
			"to": [0.06897, 4.2069, 1.17241],
			"faces": {
				"north": {"uv": [0, 0, 1, 4], "texture": "#1"},
				"east": {"uv": [1, 0, 2, 4], "texture": "#1"},
				"south": {"uv": [2, 0, 3, 4], "texture": "#1"},
				"west": {"uv": [3, 0, 4, 4], "texture": "#1"},
				"up": {"uv": [1, 5, 0, 4], "texture": "#1"},
				"down": {"uv": [5, 0, 4, 1], "texture": "#1"}
			}
		},
		{
			"from": [-0.55172, 0, 0.13793],
			"to": [0.06897, 4.2069, 0.48276],
			"faces": {
				"north": {"uv": [0, 0, 1, 4], "texture": "#1"},
				"east": {"uv": [1, 0, 2, 4], "texture": "#1"},
				"south": {"uv": [2, 0, 3, 4], "texture": "#1"},
				"west": {"uv": [3, 0, 4, 4], "texture": "#1"},
				"up": {"uv": [1, 5, 0, 4], "texture": "#1"},
				"down": {"uv": [5, 0, 4, 1], "texture": "#1"}
			}
		},
		{
			"from": [1.51724, 0, 2],
			"to": [1.86207, 4.2069, 2.62069],
			"faces": {
				"north": {"uv": [1, 0, 2, 4], "texture": "#1"},
				"east": {"uv": [2, 0, 3, 4], "texture": "#1"},
				"south": {"uv": [3, 0, 4, 4], "texture": "#1"},
				"west": {"uv": [0, 0, 1, 4], "texture": "#1"},
				"up": {"uv": [1, 5, 0, 4], "rotation": 270, "texture": "#1"},
				"down": {"uv": [5, 0, 4, 1], "rotation": 90, "texture": "#1"}
			}
		},
		{
			"from": [0.82759, 0, 2],
			"to": [1.17241, 4.2069, 2.62069],
			"faces": {
				"north": {"uv": [1, 0, 2, 4], "texture": "#1"},
				"east": {"uv": [2, 0, 3, 4], "texture": "#1"},
				"south": {"uv": [3, 0, 4, 4], "texture": "#1"},
				"west": {"uv": [0, 0, 1, 4], "texture": "#1"},
				"up": {"uv": [1, 5, 0, 4], "rotation": 270, "texture": "#1"},
				"down": {"uv": [5, 0, 4, 1], "rotation": 90, "texture": "#1"}
			}
		},
		{
			"from": [0.13793, 0, 2],
			"to": [0.48276, 4.2069, 2.62069],
			"faces": {
				"north": {"uv": [1, 0, 2, 4], "texture": "#1"},
				"east": {"uv": [2, 0, 3, 4], "texture": "#1"},
				"south": {"uv": [3, 0, 4, 4], "texture": "#1"},
				"west": {"uv": [0, 0, 1, 4], "texture": "#1"},
				"up": {"uv": [1, 5, 0, 4], "rotation": 270, "texture": "#1"},
				"down": {"uv": [5, 0, 4, 1], "rotation": 90, "texture": "#1"}
			}
		},
		{
			"from": [1.51724, 0, -0.62069],
			"to": [1.86207, 4.2069, 0],
			"faces": {
				"north": {"uv": [1, 0, 2, 4], "texture": "#1"},
				"east": {"uv": [2, 0, 3, 4], "texture": "#1"},
				"south": {"uv": [3, 0, 4, 4], "texture": "#1"},
				"west": {"uv": [0, 0, 1, 4], "texture": "#1"},
				"up": {"uv": [1, 5, 0, 4], "rotation": 270, "texture": "#1"},
				"down": {"uv": [5, 0, 4, 1], "rotation": 90, "texture": "#1"}
			}
		},
		{
			"from": [0.82759, 0, -0.62069],
			"to": [1.17241, 4.2069, 0],
			"faces": {
				"north": {"uv": [1, 0, 2, 4], "texture": "#1"},
				"east": {"uv": [2, 0, 3, 4], "texture": "#1"},
				"south": {"uv": [3, 0, 4, 4], "texture": "#1"},
				"west": {"uv": [0, 0, 1, 4], "texture": "#1"},
				"up": {"uv": [1, 5, 0, 4], "rotation": 270, "texture": "#1"},
				"down": {"uv": [5, 0, 4, 1], "rotation": 90, "texture": "#1"}
			}
		},
		{
			"from": [0.13793, 0, -0.62069],
			"to": [0.48276, 4.2069, 0],
			"faces": {
				"north": {"uv": [1, 0, 2, 4], "texture": "#1"},
				"east": {"uv": [2, 0, 3, 4], "texture": "#1"},
				"south": {"uv": [3, 0, 4, 4], "texture": "#1"},
				"west": {"uv": [0, 0, 1, 4], "texture": "#1"},
				"up": {"uv": [1, 5, 0, 4], "rotation": 270, "texture": "#1"},
				"down": {"uv": [5, 0, 4, 1], "rotation": 90, "texture": "#1"}
			}
		},
		{
			"from": [0.68966, 4.55172, 0.13793],
			"to": [1.44828, 6.82759, 2.55172],
			"faces": {
				"north": {"uv": [2, 0, 3, 2], "texture": "#2"},
				"east": {"uv": [0, 0, 2, 2], "texture": "#2"},
				"south": {"uv": [2, 2, 3, 4], "texture": "#2"},
				"west": {"uv": [0, 2, 2, 4], "texture": "#2"},
				"up": {"uv": [4, 2, 3, 0], "texture": "#2"},
				"down": {"uv": [4, 2, 3, 4], "texture": "#2"}
			}
		},
		{
			"from": [0.96552, 6.48276, 2.2069],
			"to": [1.17241, 6.68966, 2.68966],
			"faces": {
				"north": {"uv": [0, 0, 1, 1], "texture": "#4"},
				"east": {"uv": [0, 1, 1, 2], "texture": "#4"},
				"south": {"uv": [1, 0, 2, 1], "texture": "#4"},
				"west": {"uv": [1, 1, 2, 2], "texture": "#4"},
				"up": {"uv": [1, 3, 0, 2], "texture": "#4"},
				"down": {"uv": [3, 0, 2, 1], "texture": "#4"}
			}
		},
		{
			"from": [0.96552, 6.2069, 2.2069],
			"to": [1.17241, 6.41379, 2.68966],
			"faces": {
				"north": {"uv": [0, 0, 1, 1], "texture": "#4"},
				"east": {"uv": [0, 1, 1, 2], "texture": "#4"},
				"south": {"uv": [1, 0, 2, 1], "texture": "#4"},
				"west": {"uv": [1, 1, 2, 2], "texture": "#4"},
				"up": {"uv": [1, 3, 0, 2], "texture": "#4"},
				"down": {"uv": [3, 0, 2, 1], "texture": "#4"}
			}
		},
		{
			"from": [0.96552, 5.93103, 2.2069],
			"to": [1.17241, 6.13793, 2.68966],
			"faces": {
				"north": {"uv": [0, 0, 1, 1], "texture": "#4"},
				"east": {"uv": [0, 1, 1, 2], "texture": "#4"},
				"south": {"uv": [1, 0, 2, 1], "texture": "#4"},
				"west": {"uv": [1, 1, 2, 2], "texture": "#4"},
				"up": {"uv": [1, 3, 0, 2], "texture": "#4"},
				"down": {"uv": [3, 0, 2, 1], "texture": "#4"}
			}
		},
		{
			"from": [0.96552, 5.65517, 2.2069],
			"to": [1.17241, 5.86207, 2.68966],
			"faces": {
				"north": {"uv": [0, 0, 1, 1], "texture": "#4"},
				"east": {"uv": [0, 1, 1, 2], "texture": "#4"},
				"south": {"uv": [1, 0, 2, 1], "texture": "#4"},
				"west": {"uv": [1, 1, 2, 2], "texture": "#4"},
				"up": {"uv": [1, 3, 0, 2], "texture": "#4"},
				"down": {"uv": [3, 0, 2, 1], "texture": "#4"}
			}
		},
		{
			"from": [0.96552, 5.37931, 2.2069],
			"to": [1.17241, 5.58621, 2.68966],
			"faces": {
				"north": {"uv": [0, 0, 1, 1], "texture": "#4"},
				"east": {"uv": [0, 1, 1, 2], "texture": "#4"},
				"south": {"uv": [1, 0, 2, 1], "texture": "#4"},
				"west": {"uv": [1, 1, 2, 2], "texture": "#4"},
				"up": {"uv": [1, 3, 0, 2], "texture": "#4"},
				"down": {"uv": [3, 0, 2, 1], "texture": "#4"}
			}
		},
		{
			"from": [0.96552, 5.10345, 2.2069],
			"to": [1.17241, 5.31034, 2.68966],
			"faces": {
				"north": {"uv": [0, 0, 1, 1], "texture": "#4"},
				"east": {"uv": [0, 1, 1, 2], "texture": "#4"},
				"south": {"uv": [1, 0, 2, 1], "texture": "#4"},
				"west": {"uv": [1, 1, 2, 2], "texture": "#4"},
				"up": {"uv": [1, 3, 0, 2], "texture": "#4"},
				"down": {"uv": [3, 0, 2, 1], "texture": "#4"}
			}
		},
		{
			"from": [0.96552, 4.82759, 2.2069],
			"to": [1.17241, 5.03448, 2.68966],
			"faces": {
				"north": {"uv": [0, 0, 1, 1], "texture": "#4"},
				"east": {"uv": [0, 1, 1, 2], "texture": "#4"},
				"south": {"uv": [1, 0, 2, 1], "texture": "#4"},
				"west": {"uv": [1, 1, 2, 2], "texture": "#4"},
				"up": {"uv": [1, 3, 0, 2], "texture": "#4"},
				"down": {"uv": [3, 0, 2, 1], "texture": "#4"}
			}
		},
		{
			"from": [0.96552, 8.55172, 0.27586],
			"to": [2, 9.58621, 1.58621],
			"rotation": {"angle": -45, "axis": "y", "origin": [0, 0, 0]},
			"faces": {
				"north": {"uv": [0, 0, 1, 1], "texture": "#5"},
				"east": {"uv": [0, 1, 1, 2], "texture": "#5"},
				"south": {"uv": [1, 0, 2, 1], "texture": "#5"},
				"west": {"uv": [1, 1, 2, 2], "texture": "#5"},
				"up": {"uv": [1, 3, 0, 2], "texture": "#5"},
				"down": {"uv": [3, 0, 2, 1], "texture": "#5"}
			}
		},
		{
			"from": [0.41379, 9.93103, 0.82759],
			"to": [1.31034, 10.82759, 2.13793],
			"faces": {
				"north": {"uv": [0, 0, 1, 1], "texture": "#5"},
				"east": {"uv": [0, 1, 1, 2], "texture": "#5"},
				"south": {"uv": [1, 0, 2, 1], "texture": "#5"},
				"west": {"uv": [1, 1, 2, 2], "texture": "#5"},
				"up": {"uv": [1, 3, 0, 2], "texture": "#5"},
				"down": {"uv": [3, 0, 2, 1], "texture": "#5"}
			}
		},
		{
			"from": [-0.2069, 9.93103, 0.82759],
			"to": [1.10345, 10.82759, 1.72414],
			"faces": {
				"north": {"uv": [1, 1, 2, 2], "texture": "#5"},
				"east": {"uv": [0, 0, 1, 1], "texture": "#5"},
				"south": {"uv": [0, 1, 1, 2], "texture": "#5"},
				"west": {"uv": [1, 0, 2, 1], "texture": "#5"},
				"up": {"uv": [1, 3, 0, 2], "rotation": 90, "texture": "#5"},
				"down": {"uv": [3, 0, 2, 1], "rotation": 270, "texture": "#5"}
			}
		},
		{
			"from": [0.13793, 10.89655, 0.27586],
			"to": [1.72414, 32, 1.86207],
			"faces": {
				"north": {"uv": [0, 0, 1, 9], "texture": "#6"},
				"east": {"uv": [1, 0, 2, 9], "texture": "#6"},
				"south": {"uv": [2, 0, 3, 9], "texture": "#6"},
				"west": {"uv": [3, 0, 4, 9], "texture": "#6"},
				"up": {"uv": [5, 1, 4, 0], "texture": "#6"},
				"down": {"uv": [5, 1, 4, 2], "texture": "#6"}
			}
		}
	],
	"display": {
		"thirdperson_righthand": {
			"translation": [-5.25, 1.25, 8.75]
		},
		"thirdperson_lefthand": {
			"translation": [-19, 0, 8.75]
		},
		"firstperson_righthand": {
			"translation": [19, 0, 0]
		},
		"firstperson_lefthand": {
			"rotation": [0, 180, 0],
			"translation": [19, 0, -16]
		},
		"ground": {
			"translation": [7.5, 6, 5.75]
		},
		"gui": {
			"rotation": [0, 0, 43],
			"translation": [6.25, -0.75, 0],
			"scale": [0.6, 0.6, 0.6]
		}
	},
	"groups": [
		0,
		1,
		2,
		3,
		4,
		5,
		6,
		{
			"name": "group",
			"origin": [8, 8, 8],
			"color": 0,
			"children": [7, 8, 9]
		},
		{
			"name": "group",
			"origin": [8, 8, 8],
			"color": 0,
			"children": [10, 11, 12]
		},
		{
			"name": "group",
			"origin": [8, 8, 8],
			"color": 0,
			"children": [13, 14, 15]
		},
		{
			"name": "group",
			"origin": [8, 8, 8],
			"color": 0,
			"children": [16, 17, 18]
		},
		19,
		20,
		21,
		22,
		23,
		24,
		25,
		26,
		27,
		28,
		29,
		30
	]
}
