{
	"credit": "Made with Blockbench",
	"textures": {
		"0": "block/smooth_stone",
		"1": "block/anvil",
		"2": "block/black_concrete",
		"3": "block/orange_concrete",
		"4": "block/white_concrete",
		"5": "block/gray_concrete",
		"particle": "block/smooth_stone"
	},
	"elements": [
		{
			"from": [0, 5, 13],
			"to": [16.5, 8, 14],
			"rotation": {"angle": 0, "axis": "y", "origin": [0, -3.5, -5.5]},
			"faces": {
				"north": {"uv": [0, 0, 16, 3], "texture": "#3"},
				"east": {"uv": [0, 0, 1, 3], "texture": "#2"},
				"south": {"uv": [0, 0, 16, 3], "texture": "#2"},
				"west": {"uv": [0, 0, 1, 3], "texture": "#2"},
				"up": {"uv": [0, 0, 16, 1], "texture": "#2"},
				"down": {"uv": [0, 0, 16, 1], "texture": "#2"}
			}
		},
		{
			"from": [0.5, 5, 9],
			"to": [16, 5.5, 13.5],
			"rotation": {"angle": 0, "axis": "y", "origin": [0, -3.5, -3.5]},
			"faces": {
				"north": {"uv": [0, 0, 15.5, 0.5], "texture": "#2"},
				"east": {"uv": [0, 0, 4.5, 0.5], "texture": "#2"},
				"south": {"uv": [0, 0, 15.5, 0.5], "texture": "#2"},
				"west": {"uv": [0, 0, 4.5, 0.5], "texture": "#2"},
				"up": {"uv": [0, 0, 15.5, 4.5], "texture": "#3"},
				"down": {"uv": [0, 0, 15.5, 4.5], "texture": "#2"}
			}
		},
		{
			"from": [0, 5, -0.5],
			"to": [0.5, 7, 13],
			"rotation": {"angle": 0, "axis": "y", "origin": [0, -3.5, -3.5]},
			"faces": {
				"north": {"uv": [0, 0, 0.5, 2], "texture": "#2"},
				"east": {"uv": [0, 0, 13.5, 2], "texture": "#3"},
				"south": {"uv": [0, 0, 0.5, 2], "texture": "#2"},
				"west": {"uv": [0, 0, 13.5, 2], "texture": "#2"},
				"up": {"uv": [0, 0, 0.5, 13.5], "texture": "#2"},
				"down": {"uv": [0, 0, 0.5, 13.5], "texture": "#2"}
			}
		},
		{
			"from": [16, 5, -0.5],
			"to": [16.5, 7, 13],
			"rotation": {"angle": 0, "axis": "y", "origin": [0, -3.5, -5.5]},
			"faces": {
				"north": {"uv": [0, 0, 0.5, 2], "texture": "#2"},
				"east": {"uv": [0, 0, 13.5, 2], "texture": "#2"},
				"south": {"uv": [0, 0, 0.5, 2], "texture": "#2"},
				"west": {"uv": [0, 0, 13.5, 2], "texture": "#3"},
				"up": {"uv": [0, 0, 0.5, 13.5], "texture": "#2"},
				"down": {"uv": [0, 0, 0.5, 13.5], "texture": "#2"}
			}
		},
		{
			"from": [0.5, 5, -0.5],
			"to": [16, 7, 9],
			"rotation": {"angle": 0, "axis": "y", "origin": [0, -3.5, -3.5]},
			"faces": {
				"north": {"uv": [0, 0, 15.5, 2], "texture": "#2"},
				"east": {"uv": [0, 0, 9.5, 2], "texture": "#2"},
				"south": {"uv": [0, 0, 15.5, 2], "texture": "#3"},
				"west": {"uv": [0, 0, 9.5, 2], "texture": "#2"},
				"up": {"uv": [0, 0, 15.5, 9.5], "texture": "#2"},
				"down": {"uv": [0, 0, 15.5, 9.5], "texture": "#2"}
			}
		},
		{
			"from": [0, 7, -0.5],
			"to": [16.5, 8, 9],
			"rotation": {"angle": 0, "axis": "y", "origin": [0, -3.5, -3.5]},
			"faces": {
				"north": {"uv": [0, 0, 16, 1], "texture": "#3"},
				"east": {"uv": [0, 0, 9.5, 1], "texture": "#3"},
				"south": {"uv": [0, 0, 16, 1], "texture": "#3"},
				"west": {"uv": [0, 0, 9.5, 1], "texture": "#3"},
				"up": {"uv": [0, 0, 16, 9.5], "texture": "#3"},
				"down": {"uv": [0, 0, 16, 9.5], "texture": "#3"}
			}
		},
		{
			"from": [1.5, 6, 3.5],
			"to": [15, 8.25, 8],
			"rotation": {"angle": 0, "axis": "y", "origin": [0, -3.5, -3.5]},
			"faces": {
				"north": {"uv": [0, 0, 13.5, 2.25], "texture": "#2"},
				"east": {"uv": [0, 0, 4.5, 2.25], "texture": "#2"},
				"south": {"uv": [0, 0, 13.5, 2.25], "texture": "#2"},
				"west": {"uv": [0, 0, 4.5, 2.25], "texture": "#2"},
				"up": {"uv": [0, 0, 13.5, 4.5], "texture": "#2"},
				"down": {"uv": [0, 0, 13.5, 4.5], "texture": "#2"}
			}
		},
		{
			"from": [-0.5, 8, 22.5],
			"to": [17, 10, 25.5],
			"rotation": {"angle": 0, "axis": "y", "origin": [0, -3.5, -5.5]},
			"faces": {
				"north": {"uv": [0, 0, 16, 2], "texture": "#3"},
				"east": {"uv": [0, 0, 3, 2], "texture": "#3"},
				"south": {"uv": [0, 0, 16, 2], "texture": "#3"},
				"west": {"uv": [0, 0, 3, 2], "texture": "#3"},
				"up": {"uv": [0, 0, 16, 3], "texture": "#3"},
				"down": {"uv": [0, 0, 16, 3], "texture": "#3"}
			}
		},
		{
			"from": [-0.5, 8, 13],
			"to": [17, 11, 22.5],
			"rotation": {"angle": 0, "axis": "y", "origin": [0, -3.5, -5.5]},
			"faces": {
				"north": {"uv": [0, 0, 16, 3], "texture": "#3"},
				"east": {"uv": [0, 0, 9.5, 3], "texture": "#3"},
				"south": {"uv": [0, 0, 16, 3], "texture": "#3"},
				"west": {"uv": [0, 0, 9.5, 3], "texture": "#3"},
				"up": {"uv": [0, 0, 16, 9.5], "texture": "#3"},
				"down": {"uv": [0, 0, 16, 9.5], "texture": "#3"}
			}
		},
		{
			"from": [3.5, 4, 14],
			"to": [13, 8, 20.5],
			"rotation": {"angle": 0, "axis": "y", "origin": [0, -3.5, -5.5]},
			"faces": {
				"north": {"uv": [0, 0, 9.5, 4], "texture": "#2"},
				"east": {"uv": [0, 0, 6.5, 4], "texture": "#2"},
				"south": {"uv": [0, 0, 9.5, 4], "texture": "#2"},
				"west": {"uv": [0, 0, 6.5, 4], "texture": "#2"},
				"up": {"uv": [0, 0, 9.5, 6.5], "texture": "#2"},
				"down": {"uv": [0, 0, 9.5, 6.5], "texture": "#2"}
			}
		},
		{
			"from": [0.5, 4.25, 16.5],
			"to": [16, 5.75, 18],
			"rotation": {"angle": 0, "axis": "y", "origin": [0, -3.5, -5.5]},
			"faces": {
				"north": {"uv": [0, 0, 15.5, 1.5], "texture": "#1"},
				"east": {"uv": [0, 0, 1.5, 1.5], "texture": "#1"},
				"south": {"uv": [0, 0, 15.5, 1.5], "texture": "#1"},
				"west": {"uv": [0, 0, 1.5, 1.5], "texture": "#1"},
				"up": {"uv": [0, 0, 15.5, 1.5], "texture": "#1"},
				"down": {"uv": [0, 0, 15.5, 1.5], "texture": "#1"}
			}
		},
		{
			"from": [0.5, 4.25, -4.5],
			"to": [16, 5.75, -3],
			"rotation": {"angle": 0, "axis": "y", "origin": [0, -3.5, -3.5]},
			"faces": {
				"north": {"uv": [0, 0, 15.5, 1.5], "texture": "#1"},
				"east": {"uv": [0, 0, 1.5, 1.5], "texture": "#1"},
				"south": {"uv": [0, 0, 15.5, 1.5], "texture": "#1"},
				"west": {"uv": [0, 0, 1.5, 1.5], "texture": "#1"},
				"up": {"uv": [0, 0, 15.5, 1.5], "texture": "#1"},
				"down": {"uv": [0, 0, 15.5, 1.5], "texture": "#1"}
			}
		},
		{
			"from": [3.5, 4, -6.5],
			"to": [13, 8, -0.5],
			"rotation": {"angle": 0, "axis": "y", "origin": [0, -3.5, -3.5]},
			"faces": {
				"north": {"uv": [0, 0, 9.5, 4], "texture": "#2"},
				"east": {"uv": [0, 0, 6, 4], "texture": "#2"},
				"south": {"uv": [0, 0, 9.5, 4], "texture": "#2"},
				"west": {"uv": [0, 0, 6, 4], "texture": "#2"},
				"up": {"uv": [0, 0, 9.5, 6], "texture": "#2"},
				"down": {"uv": [0, 0, 9.5, 6], "texture": "#2"}
			}
		},
		{
			"from": [0.5, 5, -10],
			"to": [16, 8, -4],
			"rotation": {"angle": 0, "axis": "y", "origin": [0, -3.5, -3.5]},
			"faces": {
				"north": {"uv": [0, 0, 15.5, 3], "texture": "#2"},
				"east": {"uv": [0, 0, 6, 3], "texture": "#2"},
				"south": {"uv": [0, 0, 15.5, 3], "texture": "#2"},
				"west": {"uv": [0, 0, 6, 3], "texture": "#2"},
				"up": {"uv": [0, 0, 15.5, 6], "texture": "#2"},
				"down": {"uv": [0, 0, 15.5, 6], "texture": "#2"}
			}
		},
		{
			"from": [0, 6, 20.5],
			"to": [16.25, 9, 26],
			"rotation": {"angle": 0, "axis": "y", "origin": [0, -3.5, -5.5]},
			"faces": {
				"north": {"uv": [0, 0, 16, 3], "texture": "#2"},
				"east": {"uv": [0, 0, 5.5, 3], "texture": "#2"},
				"south": {"uv": [0, 0, 16, 3], "texture": "#2"},
				"west": {"uv": [0, 0, 5.5, 3], "texture": "#2"},
				"up": {"uv": [0, 0, 16, 5.5], "texture": "#2"},
				"down": {"uv": [0, 0, 16, 5.5], "texture": "#2"}
			}
		},
		{
			"from": [-0.5, 6.5, -9.5],
			"to": [17, 9, -6.5],
			"rotation": {"angle": 0, "axis": "y", "origin": [0, -3.5, -3.5]},
			"faces": {
				"north": {"uv": [0, 0, 16, 2.5], "texture": "#3"},
				"east": {"uv": [0, 0, 3, 2.5], "texture": "#3"},
				"south": {"uv": [0, 0, 16, 2.5], "texture": "#3"},
				"west": {"uv": [0, 0, 3, 2.5], "texture": "#3"},
				"up": {"uv": [0, 0, 16, 3], "texture": "#3"},
				"down": {"uv": [0, 0, 16, 3], "texture": "#3"}
			}
		},
		{
			"from": [-0.5, 8, -8.5],
			"to": [17, 11, 2.5],
			"rotation": {"angle": 0, "axis": "y", "origin": [0, -3.5, -3.5]},
			"faces": {
				"north": {"uv": [0, 0, 16, 3], "texture": "#3"},
				"east": {"uv": [0, 0, 11, 3], "texture": "#3"},
				"south": {"uv": [0, 0, 16, 3], "texture": "#3"},
				"west": {"uv": [0, 0, 11, 3], "texture": "#3"},
				"up": {"uv": [0, 0, 16, 11], "texture": "#3"},
				"down": {"uv": [0, 0, 16, 11], "texture": "#3"}
			}
		},
		{
			"from": [-0.5, 7, 2.5],
			"to": [0.5, 11, 13],
			"rotation": {"angle": 0, "axis": "y", "origin": [0, -3.5, -3.5]},
			"faces": {
				"north": {"uv": [0, 0, 1, 4], "texture": "#3"},
				"east": {"uv": [0, 0, 10.5, 4], "texture": "#3"},
				"south": {"uv": [0, 0, 1, 4], "texture": "#3"},
				"west": {"uv": [0, 0, 10.5, 4], "texture": "#3"},
				"up": {"uv": [0, 0, 1, 10.5], "texture": "#3"},
				"down": {"uv": [0, 0, 1, 10.5], "texture": "#3"}
			}
		},
		{
			"from": [16, 7, 2.5],
			"to": [17, 11, 13],
			"rotation": {"angle": 0, "axis": "y", "origin": [0, -3.5, -3.5]},
			"faces": {
				"north": {"uv": [0, 0, 1, 4], "texture": "#3"},
				"east": {"uv": [0, 0, 10.5, 4], "texture": "#3"},
				"south": {"uv": [0, 0, 1, 4], "texture": "#3"},
				"west": {"uv": [0, 0, 10.5, 4], "texture": "#3"},
				"up": {"uv": [0, 0, 1, 10.5], "texture": "#3"},
				"down": {"uv": [0, 0, 1, 10.5], "texture": "#3"}
			}
		},
		{
			"from": [0.5, 11, -7.5],
			"to": [16, 12, -0.5],
			"rotation": {"angle": 0, "axis": "y", "origin": [0, -3.5, -3.5]},
			"faces": {
				"north": {"uv": [0, 0, 15.5, 1], "texture": "#3"},
				"east": {"uv": [0, 0, 7, 1], "texture": "#3"},
				"south": {"uv": [0, 0, 15.5, 1], "texture": "#3"},
				"west": {"uv": [0, 0, 7, 1], "texture": "#3"},
				"up": {"uv": [0, 0, 15.5, 7], "texture": "#3"},
				"down": {"uv": [0, 0, 15.5, 7], "texture": "#3"}
			}
		},
		{
			"from": [0.5, 12, -4],
			"to": [16, 13, -0.5],
			"rotation": {"angle": 0, "axis": "y", "origin": [0, -3.5, -3.5]},
			"faces": {
				"north": {"uv": [0, 0, 15.5, 1], "texture": "#3"},
				"east": {"uv": [0, 0, 3.5, 1], "texture": "#3"},
				"south": {"uv": [0, 0, 15.5, 1], "texture": "#3"},
				"west": {"uv": [0, 0, 3.5, 1], "texture": "#3"},
				"up": {"uv": [0, 0, 15.5, 3.5], "texture": "#3"},
				"down": {"uv": [0, 0, 15.5, 3.5], "texture": "#3"}
			}
		},
		{
			"from": [-0.5, 11, -0.5],
			"to": [17, 14, 2],
			"rotation": {"angle": 0, "axis": "y", "origin": [0, -3.5, -3.5]},
			"faces": {
				"north": {"uv": [0, 0, 16, 3], "texture": "#3"},
				"east": {"uv": [0, 0, 2.5, 3], "texture": "#3"},
				"south": {"uv": [0, 0, 16, 3], "texture": "#3"},
				"west": {"uv": [0, 0, 2.5, 3], "texture": "#3"},
				"up": {"uv": [0, 0, 16, 2.5], "texture": "#3"},
				"down": {"uv": [0, 0, 16, 2.5], "texture": "#3"}
			}
		},
		{
			"from": [-0.25, 12, -0.25],
			"to": [16.75, 14.5, 2.25],
			"rotation": {"angle": 0, "axis": "y", "origin": [0, -3.5, -3.5]},
			"faces": {
				"north": {"uv": [0, 0, 16, 2.5], "texture": "#2"},
				"east": {"uv": [0, 0, 2.5, 2.5], "texture": "#2"},
				"south": {"uv": [0, 0, 16, 2.5], "texture": "#2"},
				"west": {"uv": [0, 0, 2.5, 2.5], "texture": "#2"},
				"up": {"uv": [0, 0, 16, 2.5], "texture": "#2"},
				"down": {"uv": [0, 0, 16, 2.5], "texture": "#2"}
			}
		},
		{
			"from": [0, 10.75, 13.25],
			"to": [16.5, 13.25, 14.25],
			"rotation": {"angle": 22.5, "axis": "x", "origin": [0, 13.5, 10.5]},
			"faces": {
				"north": {"uv": [0, 0, 16, 2.5], "texture": "#2"},
				"east": {"uv": [0, 0, 1, 2.5], "texture": "#2"},
				"south": {"uv": [0, 0, 16, 2.5], "texture": "#2"},
				"west": {"uv": [0, 0, 1, 2.5], "texture": "#2"},
				"up": {"uv": [0, 0, 16, 1], "texture": "#2"},
				"down": {"uv": [0, 0, 16, 1], "texture": "#2"}
			}
		},
		{
			"from": [0, 10.77164, 14.4457],
			"to": [16.5, 11.77164, 16.4457],
			"rotation": {"angle": 22.5, "axis": "x", "origin": [0, 13.5, 13.5]},
			"faces": {
				"north": {"uv": [0, 0, 16, 1], "rotation": 180, "texture": "#3"},
				"east": {"uv": [0, 0, 1, 2], "rotation": 270, "texture": "#3"},
				"south": {"uv": [0, 0, 16, 1], "texture": "#3"},
				"west": {"uv": [0, 0, 1, 2], "rotation": 90, "texture": "#3"},
				"up": {"uv": [0, 0, 16, 2], "rotation": 180, "texture": "#3"},
				"down": {"uv": [0, 0, 16, 2], "texture": "#3"}
			}
		},
		{
			"from": [4.5, 11.5, 12.25],
			"to": [5, 12, 13.25],
			"rotation": {"angle": 22.5, "axis": "x", "origin": [0, 13.5, 10.5]},
			"faces": {
				"north": {"uv": [0, 0, 0.5, 0.5], "texture": "#0"},
				"east": {"uv": [0, 0, 1, 0.5], "texture": "#0"},
				"south": {"uv": [0, 0, 0.5, 0.5], "texture": "#0"},
				"west": {"uv": [0, 0, 1, 0.5], "texture": "#0"},
				"up": {"uv": [0, 0, 0.5, 1], "texture": "#0"},
				"down": {"uv": [0, 0, 0.5, 1], "texture": "#0"}
			}
		},
		{
			"from": [4, 11, 11.75],
			"to": [5.5, 12.5, 12.25],
			"rotation": {"angle": 22.5, "axis": "x", "origin": [0, 13.5, 10.5]},
			"faces": {
				"north": {"uv": [0, 0, 1.5, 1.5], "texture": "#0"},
				"east": {"uv": [0, 0, 0.5, 1.5], "texture": "#0"},
				"south": {"uv": [0, 0, 1.5, 1.5], "texture": "#0"},
				"west": {"uv": [0, 0, 0.5, 1.5], "texture": "#0"},
				"up": {"uv": [0, 0, 1.5, 0.5], "texture": "#0"},
				"down": {"uv": [0, 0, 1.5, 0.5], "texture": "#0"}
			}
		},
		{
			"from": [4.5, 12.5, 11.6875],
			"to": [5, 13.5, 12.1875],
			"rotation": {"angle": 22.5, "axis": "x", "origin": [0, 13.5, 10.5]},
			"faces": {
				"north": {"uv": [0, 0, 0.5, 1], "texture": "#0"},
				"east": {"uv": [0, 0, 0.5, 1], "texture": "#0"},
				"south": {"uv": [0, 0, 0.5, 1], "texture": "#0"},
				"west": {"uv": [0, 0, 0.5, 1], "texture": "#0"},
				"up": {"uv": [0, 0, 0.5, 0.5], "texture": "#0"},
				"down": {"uv": [0, 0, 0.5, 0.5], "texture": "#0"}
			}
		},
		{
			"from": [4.5, 10, 11.6875],
			"to": [5, 11, 12.1875],
			"rotation": {"angle": 22.5, "axis": "x", "origin": [0, 13.5, 10.5]},
			"faces": {
				"north": {"uv": [0, 0, 0.5, 1], "texture": "#0"},
				"east": {"uv": [0, 0, 0.5, 1], "texture": "#0"},
				"south": {"uv": [0, 0, 0.5, 1], "texture": "#0"},
				"west": {"uv": [0, 0, 0.5, 1], "texture": "#0"},
				"up": {"uv": [0, 0, 0.5, 0.5], "texture": "#0"},
				"down": {"uv": [0, 0, 0.5, 0.5], "texture": "#0"}
			}
		},
		{
			"from": [5.5, 11.5, 11.6875],
			"to": [6.5, 12, 12.1875],
			"rotation": {"angle": 22.5, "axis": "x", "origin": [4.5, 13.5, 10.5]},
			"faces": {
				"north": {"uv": [0, 0, 1, 0.5], "texture": "#0"},
				"east": {"uv": [0, 0, 0.5, 0.5], "texture": "#0"},
				"south": {"uv": [0, 0, 1, 0.5], "texture": "#0"},
				"west": {"uv": [0, 0, 0.5, 0.5], "texture": "#0"},
				"up": {"uv": [0, 0, 1, 0.5], "texture": "#0"},
				"down": {"uv": [0, 0, 1, 0.5], "texture": "#0"}
			}
		},
		{
			"from": [3, 11.5, 11.6875],
			"to": [4, 12, 12.1875],
			"rotation": {"angle": 22.5, "axis": "x", "origin": [4.5, 13.5, 10.5]},
			"faces": {
				"north": {"uv": [0, 0, 1, 0.5], "texture": "#0"},
				"east": {"uv": [0, 0, 0.5, 0.5], "texture": "#0"},
				"south": {"uv": [0, 0, 1, 0.5], "texture": "#0"},
				"west": {"uv": [0, 0, 0.5, 0.5], "texture": "#0"},
				"up": {"uv": [0, 0, 1, 0.5], "texture": "#0"},
				"down": {"uv": [0, 0, 1, 0.5], "texture": "#0"}
			}
		},
		{
			"from": [3.25, 13.25, 11.5],
			"to": [6.25, 13.75, 12],
			"rotation": {"angle": 22.5, "axis": "x", "origin": [0, 13.5, 10.5]},
			"faces": {
				"north": {"uv": [0, 0, 3, 0.5], "texture": "#2"},
				"east": {"uv": [0, 0, 0.5, 0.5], "texture": "#2"},
				"south": {"uv": [0, 0, 3, 0.5], "texture": "#2"},
				"west": {"uv": [0, 0, 0.5, 0.5], "texture": "#2"},
				"up": {"uv": [0, 0, 3, 0.5], "texture": "#2"},
				"down": {"uv": [0, 0, 3, 0.5], "texture": "#2"}
			}
		},
		{
			"from": [3.25, 9.75, 11.5],
			"to": [6.25, 10.25, 12],
			"rotation": {"angle": 22.5, "axis": "x", "origin": [0, 13.5, 10.5]},
			"faces": {
				"north": {"uv": [0, 0, 3, 0.5], "texture": "#2"},
				"east": {"uv": [0, 0, 0.5, 0.5], "texture": "#2"},
				"south": {"uv": [0, 0, 3, 0.5], "texture": "#2"},
				"west": {"uv": [0, 0, 0.5, 0.5], "texture": "#2"},
				"up": {"uv": [0, 0, 3, 0.5], "texture": "#2"},
				"down": {"uv": [0, 0, 3, 0.5], "texture": "#2"}
			}
		},
		{
			"from": [6.25, 10.25, 11.5],
			"to": [6.75, 13.25, 12],
			"rotation": {"angle": 22.5, "axis": "x", "origin": [0, 13.5, 10.5]},
			"faces": {
				"north": {"uv": [0, 0, 0.5, 3], "texture": "#2"},
				"east": {"uv": [0, 0, 0.5, 3], "texture": "#2"},
				"south": {"uv": [0, 0, 0.5, 3], "texture": "#2"},
				"west": {"uv": [0, 0, 0.5, 3], "texture": "#2"},
				"up": {"uv": [0, 0, 0.5, 0.5], "texture": "#2"},
				"down": {"uv": [0, 0, 0.5, 0.5], "texture": "#2"}
			}
		},
		{
			"from": [2.75, 10.25, 11.5],
			"to": [3.25, 13.25, 12],
			"rotation": {"angle": 22.5, "axis": "x", "origin": [0, 13.5, 10.5]},
			"faces": {
				"north": {"uv": [0, 0, 0.5, 3], "texture": "#2"},
				"east": {"uv": [0, 0, 0.5, 3], "texture": "#2"},
				"south": {"uv": [0, 0, 0.5, 3], "texture": "#2"},
				"west": {"uv": [0, 0, 0.5, 3], "texture": "#2"},
				"up": {"uv": [0, 0, 0.5, 0.5], "texture": "#2"},
				"down": {"uv": [0, 0, 0.5, 0.5], "texture": "#2"}
			}
		},
		{
			"from": [1.5, 15.5, 1.25],
			"to": [6, 18, 2.25],
			"rotation": {"angle": 0, "axis": "y", "origin": [0, -3.5, -3.5]},
			"faces": {
				"north": {"uv": [0, 0, 4.5, 2.5], "texture": "#2"},
				"east": {"uv": [0, 0, 1, 2.5], "texture": "#2"},
				"south": {"uv": [0, 0, 4.5, 2.5], "texture": "#2"},
				"west": {"uv": [0, 0, 1, 2.5], "texture": "#2"},
				"up": {"uv": [0, 0, 4.5, 1], "texture": "#2"},
				"down": {"uv": [0, 0, 4.5, 1], "texture": "#2"}
			}
		},
		{
			"from": [3, 14.5, 1],
			"to": [4.5, 16, 2],
			"rotation": {"angle": 0, "axis": "y", "origin": [0, -3.5, -3.5]},
			"faces": {
				"north": {"uv": [0, 0, 1.5, 1.5], "texture": "#2"},
				"east": {"uv": [0, 0, 1, 1.5], "texture": "#2"},
				"south": {"uv": [0, 0, 1.5, 1.5], "texture": "#2"},
				"west": {"uv": [0, 0, 1, 1.5], "texture": "#2"},
				"up": {"uv": [0, 0, 1.5, 1], "texture": "#2"},
				"down": {"uv": [0, 0, 1.5, 1], "texture": "#2"}
			}
		},
		{
			"from": [12, 14.5, 1],
			"to": [13.5, 16, 2],
			"rotation": {"angle": 0, "axis": "y", "origin": [0, -3.5, -3.5]},
			"faces": {
				"north": {"uv": [0, 0, 1.5, 1.5], "texture": "#2"},
				"east": {"uv": [0, 0, 1, 1.5], "texture": "#2"},
				"south": {"uv": [0, 0, 1.5, 1.5], "texture": "#2"},
				"west": {"uv": [0, 0, 1, 1.5], "texture": "#2"},
				"up": {"uv": [0, 0, 1.5, 1], "texture": "#2"},
				"down": {"uv": [0, 0, 1.5, 1], "texture": "#2"}
			}
		},
		{
			"from": [10.5, 15.5, 1.25],
			"to": [15, 18, 2.25],
			"rotation": {"angle": 0, "axis": "y", "origin": [0, -3.5, -3.5]},
			"faces": {
				"north": {"uv": [0, 0, 4.5, 2.5], "texture": "#2"},
				"east": {"uv": [0, 0, 1, 2.5], "texture": "#2"},
				"south": {"uv": [0, 0, 4.5, 2.5], "texture": "#2"},
				"west": {"uv": [0, 0, 1, 2.5], "texture": "#2"},
				"up": {"uv": [0, 0, 4.5, 1], "texture": "#2"},
				"down": {"uv": [0, 0, 4.5, 1], "texture": "#2"}
			}
		},
		{
			"from": [-0.5, 14, -0.5],
			"to": [0, 17.5, 0],
			"rotation": {"angle": 0, "axis": "y", "origin": [0, -3.5, -3.5]},
			"faces": {
				"north": {"uv": [0, 0, 0.5, 3.5], "texture": "#2"},
				"east": {"uv": [0, 0, 0.5, 3.5], "texture": "#2"},
				"south": {"uv": [0, 0, 0.5, 3.5], "texture": "#2"},
				"west": {"uv": [0, 0, 0.5, 3.5], "texture": "#2"},
				"up": {"uv": [0, 0, 0.5, 0.5], "texture": "#2"},
				"down": {"uv": [0, 0, 0.5, 0.5], "texture": "#2"}
			}
		},
		{
			"from": [16.5, 14, -0.5],
			"to": [17, 17.5, 0],
			"rotation": {"angle": 0, "axis": "y", "origin": [0, -3.5, -3.5]},
			"faces": {
				"north": {"uv": [0, 0, 0.5, 3.5], "texture": "#2"},
				"east": {"uv": [0, 0, 0.5, 3.5], "texture": "#2"},
				"south": {"uv": [0, 0, 0.5, 3.5], "texture": "#2"},
				"west": {"uv": [0, 0, 0.5, 3.5], "texture": "#2"},
				"up": {"uv": [0, 0, 0.5, 0.5], "texture": "#2"},
				"down": {"uv": [0, 0, 0.5, 0.5], "texture": "#2"}
			}
		},
		{
			"from": [0, 17, -0.5],
			"to": [16.5, 17.5, 0],
			"rotation": {"angle": 0, "axis": "z", "origin": [0, 15.5, -3.5]},
			"faces": {
				"north": {"uv": [0, 0, 0.5, 16], "rotation": 270, "texture": "#2"},
				"east": {"uv": [0, 0, 0.5, 0.5], "rotation": 90, "texture": "#2"},
				"south": {"uv": [0, 0, 0.5, 16], "rotation": 90, "texture": "#2"},
				"west": {"uv": [0, 0, 0.5, 0.5], "rotation": 90, "texture": "#2"},
				"up": {"uv": [0, 0, 0.5, 16], "rotation": 90, "texture": "#2"},
				"down": {"uv": [0, 0, 0.5, 16], "rotation": 90, "texture": "#2"}
			}
		},
		{
			"from": [-0.5, 11, 15],
			"to": [0, 12, 16],
			"rotation": {"angle": 0, "axis": "y", "origin": [0, -3.5, -5.5]},
			"faces": {
				"north": {"uv": [0, 0, 0.5, 1], "texture": "#0"},
				"east": {"uv": [0, 0, 1, 1], "texture": "#0"},
				"south": {"uv": [0, 0, 0.5, 1], "texture": "#0"},
				"west": {"uv": [0, 0, 1, 1], "texture": "#0"},
				"up": {"uv": [0, 0, 0.5, 1], "texture": "#0"},
				"down": {"uv": [0, 0, 0.5, 1], "texture": "#0"}
			}
		},
		{
			"from": [16.5, 11, 15],
			"to": [17, 12, 16],
			"rotation": {"angle": 0, "axis": "y", "origin": [0, -3.5, -5.5]},
			"faces": {
				"north": {"uv": [0, 0, 0.5, 1], "texture": "#0"},
				"east": {"uv": [0, 0, 1, 1], "texture": "#0"},
				"south": {"uv": [0, 0, 0.5, 1], "texture": "#0"},
				"west": {"uv": [0, 0, 1, 1], "texture": "#0"},
				"up": {"uv": [0, 0, 0.5, 1], "texture": "#0"},
				"down": {"uv": [0, 0, 0.5, 1], "texture": "#0"}
			}
		},
		{
			"from": [-0.5, 11.875, 15.09375],
			"to": [17, 12.375, 15.59375],
			"rotation": {"angle": 0, "axis": "z", "origin": [0, 15.5, -5.5]},
			"faces": {
				"north": {"uv": [0, 0, 0.5, 16], "rotation": 270, "texture": "#0"},
				"east": {"uv": [0, 0, 0.5, 0.5], "rotation": 90, "texture": "#0"},
				"south": {"uv": [0, 0, 0.5, 16], "rotation": 90, "texture": "#0"},
				"west": {"uv": [0, 0, 0.5, 0.5], "rotation": 90, "texture": "#0"},
				"up": {"uv": [0, 0, 0.5, 16], "rotation": 90, "texture": "#0"},
				"down": {"uv": [0, 0, 0.5, 16], "rotation": 90, "texture": "#0"}
			}
		},
		{
			"from": [-0.75, 3.5, 15.75],
			"to": [2, 6.5, 18.75],
			"rotation": {"angle": 0, "axis": "y", "origin": [0, -3.5, -5.5]},
			"faces": {
				"north": {"uv": [0, 0, 2.75, 4], "texture": "#0"},
				"east": {"uv": [0, 0, 4, 4], "texture": "#0"},
				"south": {"uv": [0, 0, 2.75, 4], "texture": "#0"},
				"west": {"uv": [5, 6, 9, 10], "texture": "#0"},
				"up": {"uv": [0, 0, 2.75, 4], "texture": "#0"},
				"down": {"uv": [0, 0, 2.75, 4], "texture": "#0"}
			}
		},
		{
			"from": [-1, 6.5, 15.5],
			"to": [2, 7.5, 19],
			"rotation": {"angle": 0, "axis": "y", "origin": [0, -3.5, -5.5]},
			"faces": {
				"north": {"uv": [0, 0, 3, 1], "texture": "#1"},
				"east": {"uv": [0, 0, 3.5, 1], "texture": "#1"},
				"south": {"uv": [0, 0, 3, 1], "texture": "#1"},
				"west": {"uv": [0, 0, 3.5, 1], "texture": "#1"},
				"up": {"uv": [0, 0, 3, 3.5], "texture": "#1"},
				"down": {"uv": [0, 0, 3, 3.5], "texture": "#1"}
			}
		},
		{
			"from": [-1, 2.5, 15.5],
			"to": [2, 3.5, 19],
			"rotation": {"angle": 0, "axis": "y", "origin": [0, -3.5, -5.5]},
			"faces": {
				"north": {"uv": [0, 0, 3, 1], "texture": "#1"},
				"east": {"uv": [0, 0, 3.5, 1], "texture": "#1"},
				"south": {"uv": [0, 0, 3, 1], "texture": "#1"},
				"west": {"uv": [0, 0, 3.5, 1], "texture": "#1"},
				"up": {"uv": [0, 0, 3, 3.5], "texture": "#1"},
				"down": {"uv": [0, 0, 3, 3.5], "texture": "#1"}
			}
		},
		{
			"from": [-1, 3.25, 18.75],
			"to": [2, 6.75, 19.75],
			"rotation": {"angle": 0, "axis": "y", "origin": [0, -3.5, -5.5]},
			"faces": {
				"north": {"uv": [0, 0, 3, 3.5], "texture": "#1"},
				"east": {"uv": [0, 0, 1, 3.5], "texture": "#1"},
				"south": {"uv": [0, 0, 3, 3.5], "texture": "#1"},
				"west": {"uv": [0, 0, 1, 3.5], "texture": "#1"},
				"up": {"uv": [0, 0, 3, 1], "texture": "#1"},
				"down": {"uv": [0, 0, 3, 1], "texture": "#1"}
			}
		},
		{
			"from": [-1, 3.25, 14.75],
			"to": [2, 6.75, 15.75],
			"rotation": {"angle": 0, "axis": "y", "origin": [0, -3.5, -5.5]},
			"faces": {
				"north": {"uv": [0, 0, 3, 3.5], "texture": "#1"},
				"east": {"uv": [0, 0, 1, 3.5], "texture": "#1"},
				"south": {"uv": [0, 0, 3, 3.5], "texture": "#1"},
				"west": {"uv": [0, 0, 1, 3.5], "texture": "#1"},
				"up": {"uv": [0, 0, 3, 1], "texture": "#1"},
				"down": {"uv": [0, 0, 3, 1], "texture": "#1"}
			}
		},
		{
			"from": [-0.75, 3.5, -5.25],
			"to": [2, 6.5, -2.25],
			"rotation": {"angle": 0, "axis": "y", "origin": [0, -3.5, -3.5]},
			"faces": {
				"north": {"uv": [0, 0, 2.75, 4], "texture": "#0"},
				"east": {"uv": [0, 0, 4, 4], "texture": "#0"},
				"south": {"uv": [0, 0, 2.75, 4], "texture": "#0"},
				"west": {"uv": [5, 6, 9, 10], "texture": "#0"},
				"up": {"uv": [0, 0, 2.75, 4], "texture": "#0"},
				"down": {"uv": [0, 0, 2.75, 4], "texture": "#0"}
			}
		},
		{
			"from": [-1, 6.5, -5.25],
			"to": [2, 7.5, -2.25],
			"rotation": {"angle": 0, "axis": "y", "origin": [0, -3.5, -3.5]},
			"faces": {
				"north": {"uv": [0, 0, 3, 1], "texture": "#5"},
				"east": {"uv": [0, 0, 3, 1], "texture": "#5"},
				"south": {"uv": [0, 0, 3, 1], "texture": "#5"},
				"west": {"uv": [0, 0, 3, 1], "texture": "#5"},
				"up": {"uv": [0, 0, 3, 3], "texture": "#5"},
				"down": {"uv": [0, 0, 3, 3], "texture": "#5"}
			}
		},
		{
			"from": [-1, 2.5, -5.25],
			"to": [2, 3.5, -2.25],
			"rotation": {"angle": 0, "axis": "y", "origin": [0, -3.5, -3.5]},
			"faces": {
				"north": {"uv": [0, 0, 3, 1], "texture": "#5"},
				"east": {"uv": [0, 0, 3, 1], "texture": "#5"},
				"south": {"uv": [0, 0, 3, 1], "texture": "#5"},
				"west": {"uv": [0, 0, 3, 1], "texture": "#5"},
				"up": {"uv": [0, 0, 3, 3], "texture": "#5"},
				"down": {"uv": [0, 0, 3, 3], "texture": "#5"}
			}
		},
		{
			"from": [-1, 3.5, -2.25],
			"to": [2, 6.5, -1.25],
			"rotation": {"angle": 0, "axis": "y", "origin": [0, -3.5, -3.5]},
			"faces": {
				"north": {"uv": [0, 0, 3, 3], "texture": "#5"},
				"east": {"uv": [0, 0, 1, 3], "texture": "#5"},
				"south": {"uv": [0, 0, 3, 3], "texture": "#5"},
				"west": {"uv": [0, 0, 1, 3], "texture": "#5"},
				"up": {"uv": [0, 0, 3, 1], "texture": "#5"},
				"down": {"uv": [0, 0, 3, 1], "texture": "#5"}
			}
		},
		{
			"from": [-1, 3.5, -6.25],
			"to": [2, 6.5, -5.25],
			"rotation": {"angle": 0, "axis": "y", "origin": [0, -3.5, -3.5]},
			"faces": {
				"north": {"uv": [0, 0, 3, 3], "texture": "#5"},
				"east": {"uv": [0, 0, 1, 3], "texture": "#5"},
				"south": {"uv": [0, 0, 3, 3], "texture": "#5"},
				"west": {"uv": [0, 0, 1, 3], "texture": "#5"},
				"up": {"uv": [0, 0, 3, 1], "texture": "#5"},
				"down": {"uv": [0, 0, 3, 1], "texture": "#5"}
			}
		},
		{
			"from": [14.5, 3.5, 15.75],
			"to": [17.25, 6.5, 18.75],
			"rotation": {"angle": 0, "axis": "y", "origin": [16, -3.5, -5.5]},
			"faces": {
				"north": {"uv": [2.75, 0, 5.5, 4], "texture": "#0"},
				"east": {"uv": [4, 0, 8, 4], "texture": "#0"},
				"south": {"uv": [2.75, 0, 5.5, 4], "texture": "#0"},
				"west": {"uv": [9, 6, 13, 10], "texture": "#0"},
				"up": {"uv": [2.75, 0, 5.5, 4], "texture": "#0"},
				"down": {"uv": [2.75, 0, 5.5, 4], "texture": "#0"}
			}
		},
		{
			"from": [14.5, 6.5, 15.5],
			"to": [17.5, 7.5, 19],
			"rotation": {"angle": 0, "axis": "y", "origin": [16, -3.5, -5.5]},
			"faces": {
				"north": {"uv": [3, 0, 6, 1], "texture": "#5"},
				"east": {"uv": [3, 0, 6.5, 1], "texture": "#5"},
				"south": {"uv": [3, 0, 6, 1], "texture": "#5"},
				"west": {"uv": [3, 0, 6.5, 1], "texture": "#5"},
				"up": {"uv": [3, 0, 6, 3.5], "texture": "#5"},
				"down": {"uv": [3, 0, 6, 3.5], "texture": "#5"}
			}
		},
		{
			"from": [14.5, 2.5, 15.5],
			"to": [17.5, 3.5, 19],
			"rotation": {"angle": 0, "axis": "y", "origin": [16, -3.5, -5.5]},
			"faces": {
				"north": {"uv": [3, 0, 6, 1], "texture": "#5"},
				"east": {"uv": [3, 0, 6.5, 1], "texture": "#5"},
				"south": {"uv": [3, 0, 6, 1], "texture": "#5"},
				"west": {"uv": [3, 0, 6.5, 1], "texture": "#5"},
				"up": {"uv": [3, 0, 6, 3.5], "texture": "#5"},
				"down": {"uv": [3, 0, 6, 3.5], "texture": "#5"}
			}
		},
		{
			"from": [14.5, 3.25, 18.75],
			"to": [17.5, 6.75, 19.75],
			"rotation": {"angle": 0, "axis": "y", "origin": [16, -3.5, -5.5]},
			"faces": {
				"north": {"uv": [3, 0, 6, 3.5], "texture": "#5"},
				"east": {"uv": [0.5, 0, 1.5, 3.5], "texture": "#5"},
				"south": {"uv": [3, 0, 6, 3.5], "texture": "#5"},
				"west": {"uv": [0.5, 0, 1.5, 3.5], "texture": "#5"},
				"up": {"uv": [3, 0, 6, 1], "texture": "#5"},
				"down": {"uv": [3, 0, 6, 1], "texture": "#5"}
			}
		},
		{
			"from": [14.5, 3.25, 14.75],
			"to": [17.5, 6.75, 15.75],
			"rotation": {"angle": 0, "axis": "y", "origin": [16, -3.5, -5.5]},
			"faces": {
				"north": {"uv": [3, 0, 6, 3.5], "texture": "#5"},
				"east": {"uv": [0.5, 0, 1.5, 3.5], "texture": "#5"},
				"south": {"uv": [3, 0, 6, 3.5], "texture": "#5"},
				"west": {"uv": [0.5, 0, 1.5, 3.5], "texture": "#5"},
				"up": {"uv": [3, 0, 6, 1], "texture": "#5"},
				"down": {"uv": [3, 0, 6, 1], "texture": "#5"}
			}
		},
		{
			"from": [14.5, 3.5, -5.25],
			"to": [17.25, 6.5, -2.25],
			"rotation": {"angle": 0, "axis": "y", "origin": [16, -3.5, -3.5]},
			"faces": {
				"north": {"uv": [2.75, 0, 5.5, 4], "texture": "#0"},
				"east": {"uv": [4, 0, 8, 4], "texture": "#0"},
				"south": {"uv": [2.75, 0, 5.5, 4], "texture": "#0"},
				"west": {"uv": [9, 6, 13, 10], "texture": "#0"},
				"up": {"uv": [2.75, 0, 5.5, 4], "texture": "#0"},
				"down": {"uv": [2.75, 0, 5.5, 4], "texture": "#0"}
			}
		},
		{
			"from": [14.5, 6.5, -5.5],
			"to": [17.5, 7.5, -2],
			"rotation": {"angle": 0, "axis": "y", "origin": [16, -3.5, -3.5]},
			"faces": {
				"north": {"uv": [3, 0, 6, 1], "texture": "#5"},
				"east": {"uv": [3, 0, 6.5, 1], "texture": "#5"},
				"south": {"uv": [3, 0, 6, 1], "texture": "#5"},
				"west": {"uv": [3, 0, 6.5, 1], "texture": "#5"},
				"up": {"uv": [3, 0, 6, 3.5], "texture": "#5"},
				"down": {"uv": [3, 0, 6, 3.5], "texture": "#5"}
			}
		},
		{
			"from": [14.5, 2.5, -5.5],
			"to": [17.5, 3.5, -2],
			"rotation": {"angle": 0, "axis": "y", "origin": [16, -3.5, -3.5]},
			"faces": {
				"north": {"uv": [3, 0, 6, 1], "texture": "#5"},
				"east": {"uv": [3, 0, 6.5, 1], "texture": "#5"},
				"south": {"uv": [3, 0, 6, 1], "texture": "#5"},
				"west": {"uv": [3, 0, 6.5, 1], "texture": "#5"},
				"up": {"uv": [3, 0, 6, 3.5], "texture": "#5"},
				"down": {"uv": [3, 0, 6, 3.5], "texture": "#5"}
			}
		},
		{
			"from": [14.5, 3.25, -2.25],
			"to": [17.5, 6.75, -1.25],
			"rotation": {"angle": 0, "axis": "y", "origin": [16, -3.5, -3.5]},
			"faces": {
				"north": {"uv": [3, 0, 6, 3.5], "texture": "#5"},
				"east": {"uv": [0.5, 0, 1.5, 3.5], "texture": "#5"},
				"south": {"uv": [3, 0, 6, 3.5], "texture": "#5"},
				"west": {"uv": [0.5, 0, 1.5, 3.5], "texture": "#5"},
				"up": {"uv": [3, 0, 6, 1], "texture": "#5"},
				"down": {"uv": [3, 0, 6, 1], "texture": "#5"}
			}
		},
		{
			"from": [14.5, 3.25, -6.25],
			"to": [17.5, 6.75, -5.25],
			"rotation": {"angle": 0, "axis": "y", "origin": [16, -3.5, -3.5]},
			"faces": {
				"north": {"uv": [3, 0, 6, 3.5], "texture": "#5"},
				"east": {"uv": [0.5, 0, 1.5, 3.5], "texture": "#5"},
				"south": {"uv": [3, 0, 6, 3.5], "texture": "#5"},
				"west": {"uv": [0.5, 0, 1.5, 3.5], "texture": "#5"},
				"up": {"uv": [3, 0, 6, 1], "texture": "#5"},
				"down": {"uv": [3, 0, 6, 1], "texture": "#5"}
			}
		},
		{
			"from": [12.25, 6.71875, 25.5],
			"to": [14.25, 8.71875, 26.5],
			"rotation": {"angle": 0, "axis": "y", "origin": [0, -3.5, -5.5]},
			"faces": {
				"north": {"uv": [0, 0, 2, 2], "texture": "#1"},
				"east": {"uv": [0, 0, 1, 2], "texture": "#1"},
				"south": {"uv": [0, 0, 2, 2], "texture": "#1"},
				"west": {"uv": [0, 0, 1, 2], "texture": "#1"},
				"up": {"uv": [0, 0, 2, 1], "texture": "#1"},
				"down": {"uv": [0, 0, 2, 1], "texture": "#1"}
			}
		},
		{
			"from": [12.5, 6.96875, 25.5],
			"to": [14, 8.46875, 29.5],
			"rotation": {"angle": 0, "axis": "y", "origin": [0, -3.5, -5.5]},
			"faces": {
				"north": {"uv": [0, 0, 1.5, 1.5], "texture": "#0"},
				"east": {"uv": [0, 0, 4, 1.5], "texture": "#0"},
				"south": {"uv": [0, 0, 1.5, 1.5], "texture": "#0"},
				"west": {"uv": [0, 0, 4, 1.5], "texture": "#0"},
				"up": {"uv": [0, 0, 1.5, 4], "texture": "#0"},
				"down": {"uv": [0, 0, 1.5, 4], "texture": "#0"}
			}
		},
		{
			"from": [1, 6.8125, 29.3125],
			"to": [15.5, 8.5625, 29.5625],
			"rotation": {"angle": 0, "axis": "y", "origin": [0, -3.5, -5.5]},
			"faces": {
				"north": {"uv": [0, 0, 14.5, 1.75], "texture": "#1"},
				"east": {"uv": [0, 0, 0.25, 1.75], "texture": "#1"},
				"south": {"uv": [0, 0, 14.5, 1.75], "texture": "#1"},
				"west": {"uv": [0, 0, 0.25, 1.75], "texture": "#1"},
				"up": {"uv": [0, 0, 14.5, 0.25], "texture": "#1"},
				"down": {"uv": [0, 0, 14.5, 0.25], "texture": "#1"}
			}
		},
		{
			"from": [2.5, 6.96875, 25.5],
			"to": [4, 8.46875, 29.5],
			"rotation": {"angle": 0, "axis": "y", "origin": [0, -3.5, -5.5]},
			"faces": {
				"north": {"uv": [0, 0, 1.5, 1.5], "texture": "#0"},
				"east": {"uv": [0, 0, 4, 1.5], "texture": "#0"},
				"south": {"uv": [0, 0, 1.5, 1.5], "texture": "#0"},
				"west": {"uv": [0, 0, 4, 1.5], "texture": "#0"},
				"up": {"uv": [0, 0, 1.5, 4], "texture": "#0"},
				"down": {"uv": [0, 0, 1.5, 4], "texture": "#0"}
			}
		},
		{
			"from": [2.25, 6.71875, 25.5],
			"to": [4.25, 8.71875, 26.5],
			"rotation": {"angle": 0, "axis": "y", "origin": [0, -3.5, -5.5]},
			"faces": {
				"north": {"uv": [0, 0, 2, 2], "texture": "#1"},
				"east": {"uv": [0, 0, 1, 2], "texture": "#1"},
				"south": {"uv": [0, 0, 2, 2], "texture": "#1"},
				"west": {"uv": [0, 0, 1, 2], "texture": "#1"},
				"up": {"uv": [0, 0, 2, 1], "texture": "#1"},
				"down": {"uv": [0, 0, 2, 1], "texture": "#1"}
			}
		},
		{
			"from": [12.25, 5.71875, -10.25],
			"to": [14.25, 7.71875, -9.25],
			"rotation": {"angle": 0, "axis": "y", "origin": [0, -3.5, 25.5]},
			"faces": {
				"north": {"uv": [2, 0, 4, 2], "texture": "#1"},
				"east": {"uv": [1, 0, 2, 2], "texture": "#1"},
				"south": {"uv": [2, 0, 4, 2], "texture": "#1"},
				"west": {"uv": [1, 0, 2, 2], "texture": "#1"},
				"up": {"uv": [0, 1, 2, 2], "texture": "#1"},
				"down": {"uv": [0, 1, 2, 2], "texture": "#1"}
			}
		},
		{
			"from": [12.5, 5.96875, -13.25],
			"to": [14, 7.46875, -9.25],
			"rotation": {"angle": 0, "axis": "y", "origin": [0, -3.5, 25.5]},
			"faces": {
				"north": {"uv": [1.5, 0, 3, 1.5], "texture": "#0"},
				"east": {"uv": [4, 0, 8, 1.5], "texture": "#0"},
				"south": {"uv": [1.5, 0, 3, 1.5], "texture": "#0"},
				"west": {"uv": [4, 0, 8, 1.5], "texture": "#0"},
				"up": {"uv": [0, 4, 1.5, 8], "texture": "#0"},
				"down": {"uv": [0, 4, 1.5, 8], "texture": "#0"}
			}
		},
		{
			"from": [1, 5.8125, -13.3125],
			"to": [15.5, 7.5625, -13.0625],
			"rotation": {"angle": 0, "axis": "y", "origin": [0, -3.5, 25.5]},
			"faces": {
				"north": {"uv": [1.5, 0, 16, 1.75], "texture": "#1"},
				"east": {"uv": [0.25, 0, 0.5, 1.75], "texture": "#1"},
				"south": {"uv": [1.5, 0, 16, 1.75], "texture": "#1"},
				"west": {"uv": [0.25, 0, 0.5, 1.75], "texture": "#1"},
				"up": {"uv": [0, 0.25, 14.5, 0.5], "texture": "#1"},
				"down": {"uv": [0, 0.25, 14.5, 0.5], "texture": "#1"}
			}
		},
		{
			"from": [2.5, 5.96875, -13.25],
			"to": [4, 7.46875, -9.25],
			"rotation": {"angle": 0, "axis": "y", "origin": [0, -3.5, 25.5]},
			"faces": {
				"north": {"uv": [1.5, 0, 3, 1.5], "texture": "#0"},
				"east": {"uv": [4, 0, 8, 1.5], "texture": "#0"},
				"south": {"uv": [1.5, 0, 3, 1.5], "texture": "#0"},
				"west": {"uv": [4, 0, 8, 1.5], "texture": "#0"},
				"up": {"uv": [0, 4, 1.5, 8], "texture": "#0"},
				"down": {"uv": [0, 4, 1.5, 8], "texture": "#0"}
			}
		},
		{
			"from": [2.25, 5.71875, -10.25],
			"to": [4.25, 7.71875, -9.25],
			"rotation": {"angle": 0, "axis": "y", "origin": [0, -3.5, 25.5]},
			"faces": {
				"north": {"uv": [2, 0, 4, 2], "texture": "#1"},
				"east": {"uv": [1, 0, 2, 2], "texture": "#1"},
				"south": {"uv": [2, 0, 4, 2], "texture": "#1"},
				"west": {"uv": [1, 0, 2, 2], "texture": "#1"},
				"up": {"uv": [0, 1, 2, 2], "texture": "#1"},
				"down": {"uv": [0, 1, 2, 2], "texture": "#1"}
			}
		},
		{
			"from": [4, 11, 13],
			"to": [7, 11.09375, 22.5],
			"rotation": {"angle": 0, "axis": "y", "origin": [0, -3.5, -5.5]},
			"faces": {
				"north": {"uv": [0, 0, 3, 0.09375], "texture": "#4"},
				"east": {"uv": [0, 0, 9.5, 0.09375], "texture": "#4"},
				"south": {"uv": [0, 0, 3, 0.09375], "texture": "#4"},
				"west": {"uv": [0, 0, 9.5, 0.09375], "texture": "#4"},
				"up": {"uv": [0, 0, 3, 9.5], "texture": "#4"},
				"down": {"uv": [0, 0, 3, 9.5], "texture": "#4"}
			}
		},
		{
			"from": [9.5, 11, 13],
			"to": [12.5, 11.09375, 22.5],
			"rotation": {"angle": 0, "axis": "y", "origin": [0, -3.5, -5.5]},
			"faces": {
				"north": {"uv": [0, 0, 3, 0.09375], "texture": "#4"},
				"east": {"uv": [0, 0, 9.5, 0.09375], "texture": "#4"},
				"south": {"uv": [0, 0, 3, 0.09375], "texture": "#4"},
				"west": {"uv": [0, 0, 9.5, 0.09375], "texture": "#4"},
				"up": {"uv": [0, 0, 3, 9.5], "texture": "#4"},
				"down": {"uv": [0, 0, 3, 9.5], "texture": "#4"}
			}
		},
		{
			"from": [9.5, 10, 22.5],
			"to": [12.5, 10.09375, 25.5],
			"rotation": {"angle": 0, "axis": "y", "origin": [0, -3.5, -5.5]},
			"faces": {
				"north": {"uv": [0, 0, 3, 0.09375], "texture": "#4"},
				"east": {"uv": [0, 0, 3, 0.09375], "texture": "#4"},
				"south": {"uv": [0, 0, 3, 0.09375], "texture": "#4"},
				"west": {"uv": [0, 0, 3, 0.09375], "texture": "#4"},
				"up": {"uv": [0, 0, 3, 3], "texture": "#4"},
				"down": {"uv": [0, 0, 3, 3], "texture": "#4"}
			}
		},
		{
			"from": [4, 10, 22.5],
			"to": [7, 10.09375, 25.5],
			"rotation": {"angle": 0, "axis": "y", "origin": [0, -3.5, -5.5]},
			"faces": {
				"north": {"uv": [0, 0, 3, 0.09375], "texture": "#4"},
				"east": {"uv": [0, 0, 3, 0.09375], "texture": "#4"},
				"south": {"uv": [0, 0, 3, 0.09375], "texture": "#4"},
				"west": {"uv": [0, 0, 3, 0.09375], "texture": "#4"},
				"up": {"uv": [0, 0, 3, 3], "texture": "#4"},
				"down": {"uv": [0, 0, 3, 3], "texture": "#4"}
			}
		},
		{
			"from": [9.5, 10, 22.5],
			"to": [12.5, 11, 22.59375],
			"rotation": {"angle": 0, "axis": "x", "origin": [0, -3.5, -5.5]},
			"faces": {
				"north": {"uv": [0, 0, 3, 1], "rotation": 180, "texture": "#4"},
				"east": {"uv": [0, 0, 1, 0.09375], "rotation": 90, "texture": "#4"},
				"south": {"uv": [0, 0, 3, 1], "texture": "#4"},
				"west": {"uv": [0, 0, 1, 0.09375], "rotation": 270, "texture": "#4"},
				"up": {"uv": [0, 0, 3, 0.09375], "texture": "#4"},
				"down": {"uv": [0, 0, 3, 0.09375], "rotation": 180, "texture": "#4"}
			}
		},
		{
			"from": [4, 10, 22.5],
			"to": [7, 11, 22.59375],
			"rotation": {"angle": 0, "axis": "x", "origin": [0, -3.5, -5.5]},
			"faces": {
				"north": {"uv": [0, 0, 3, 1], "rotation": 180, "texture": "#4"},
				"east": {"uv": [0, 0, 1, 0.09375], "rotation": 90, "texture": "#4"},
				"south": {"uv": [0, 0, 3, 1], "texture": "#4"},
				"west": {"uv": [0, 0, 1, 0.09375], "rotation": 270, "texture": "#4"},
				"up": {"uv": [0, 0, 3, 0.09375], "texture": "#4"},
				"down": {"uv": [0, 0, 3, 0.09375], "rotation": 180, "texture": "#4"}
			}
		},
		{
			"from": [4, 10.09375, 12],
			"to": [7, 10.1875, 14],
			"rotation": {"angle": 22.5, "axis": "x", "origin": [0, 7, 16.5]},
			"faces": {
				"north": {"uv": [0, 0, 3, 0.09375], "texture": "#4"},
				"east": {"uv": [0, 0, 2, 0.09375], "texture": "#4"},
				"south": {"uv": [0, 0, 3, 0.09375], "texture": "#4"},
				"west": {"uv": [0, 0, 2, 0.09375], "texture": "#4"},
				"up": {"uv": [0, 0, 3, 2], "texture": "#4"},
				"down": {"uv": [0, 0, 3, 2], "texture": "#4"}
			}
		},
		{
			"from": [9.5, 10.09375, 12],
			"to": [12.5, 10.1875, 14],
			"rotation": {"angle": 22.5, "axis": "x", "origin": [0, 7, 16.5]},
			"faces": {
				"north": {"uv": [0, 0, 3, 0.09375], "texture": "#4"},
				"east": {"uv": [0, 0, 2, 0.09375], "texture": "#4"},
				"south": {"uv": [0, 0, 3, 0.09375], "texture": "#4"},
				"west": {"uv": [0, 0, 2, 0.09375], "texture": "#4"},
				"up": {"uv": [0, 0, 3, 2], "texture": "#4"},
				"down": {"uv": [0, 0, 3, 2], "texture": "#4"}
			}
		},
		{
			"from": [4, 11, -8.5],
			"to": [7, 11.09375, -7.5],
			"rotation": {"angle": 0, "axis": "y", "origin": [0, -3.5, -3.5]},
			"faces": {
				"north": {"uv": [0, 0, 3, 0.09375], "texture": "#4"},
				"east": {"uv": [0, 0, 1, 0.09375], "texture": "#4"},
				"south": {"uv": [0, 0, 3, 0.09375], "texture": "#4"},
				"west": {"uv": [0, 0, 1, 0.09375], "texture": "#4"},
				"up": {"uv": [0, 0, 3, 1], "texture": "#4"},
				"down": {"uv": [0, 0, 3, 1], "texture": "#4"}
			}
		},
		{
			"from": [9.5, 11, -8.5],
			"to": [12.5, 11.09375, -7.5],
			"rotation": {"angle": 0, "axis": "y", "origin": [0, -3.5, -3.5]},
			"faces": {
				"north": {"uv": [0, 0, 3, 0.09375], "texture": "#4"},
				"east": {"uv": [0, 0, 1, 0.09375], "texture": "#4"},
				"south": {"uv": [0, 0, 3, 0.09375], "texture": "#4"},
				"west": {"uv": [0, 0, 1, 0.09375], "texture": "#4"},
				"up": {"uv": [0, 0, 3, 1], "texture": "#4"},
				"down": {"uv": [0, 0, 3, 1], "texture": "#4"}
			}
		},
		{
			"from": [9.5, 9, -9.5],
			"to": [12.5, 9.09375, -8.5],
			"rotation": {"angle": 0, "axis": "y", "origin": [0, -3.5, -3.5]},
			"faces": {
				"north": {"uv": [0, 0, 3, 0.09375], "texture": "#4"},
				"east": {"uv": [0, 0, 1, 0.09375], "texture": "#4"},
				"south": {"uv": [0, 0, 3, 0.09375], "texture": "#4"},
				"west": {"uv": [0, 0, 1, 0.09375], "texture": "#4"},
				"up": {"uv": [0, 0, 3, 1], "texture": "#4"},
				"down": {"uv": [0, 0, 3, 1], "texture": "#4"}
			}
		},
		{
			"from": [4, 9, -9.5],
			"to": [7, 9.09375, -8.5],
			"rotation": {"angle": 0, "axis": "y", "origin": [0, -3.5, -3.5]},
			"faces": {
				"north": {"uv": [0, 0, 3, 0.09375], "texture": "#4"},
				"east": {"uv": [0, 0, 1, 0.09375], "texture": "#4"},
				"south": {"uv": [0, 0, 3, 0.09375], "texture": "#4"},
				"west": {"uv": [0, 0, 1, 0.09375], "texture": "#4"},
				"up": {"uv": [0, 0, 3, 1], "texture": "#4"},
				"down": {"uv": [0, 0, 3, 1], "texture": "#4"}
			}
		},
		{
			"from": [4, 12, -7.5],
			"to": [7, 12.09375, -4],
			"rotation": {"angle": 0, "axis": "y", "origin": [0, -3.5, -3.5]},
			"faces": {
				"north": {"uv": [0, 0, 3, 0.09375], "texture": "#4"},
				"east": {"uv": [0, 0, 3.5, 0.09375], "texture": "#4"},
				"south": {"uv": [0, 0, 3, 0.09375], "texture": "#4"},
				"west": {"uv": [0, 0, 3.5, 0.09375], "texture": "#4"},
				"up": {"uv": [0, 0, 3, 3.5], "texture": "#4"},
				"down": {"uv": [0, 0, 3, 3.5], "texture": "#4"}
			}
		},
		{
			"from": [9.5, 12, -7.5],
			"to": [12.5, 12.09375, -4],
			"rotation": {"angle": 0, "axis": "y", "origin": [0, -3.5, -3.5]},
			"faces": {
				"north": {"uv": [0, 0, 3, 0.09375], "texture": "#4"},
				"east": {"uv": [0, 0, 3.5, 0.09375], "texture": "#4"},
				"south": {"uv": [0, 0, 3, 0.09375], "texture": "#4"},
				"west": {"uv": [0, 0, 3.5, 0.09375], "texture": "#4"},
				"up": {"uv": [0, 0, 3, 3.5], "texture": "#4"},
				"down": {"uv": [0, 0, 3, 3.5], "texture": "#4"}
			}
		},
		{
			"from": [4, 13, -4],
			"to": [7, 13.09375, -0.5],
			"rotation": {"angle": 0, "axis": "y", "origin": [0, -3.5, -3.5]},
			"faces": {
				"north": {"uv": [0, 0, 3, 0.09375], "texture": "#4"},
				"east": {"uv": [0, 0, 3.5, 0.09375], "texture": "#4"},
				"south": {"uv": [0, 0, 3, 0.09375], "texture": "#4"},
				"west": {"uv": [0, 0, 3.5, 0.09375], "texture": "#4"},
				"up": {"uv": [0, 0, 3, 3.5], "texture": "#4"},
				"down": {"uv": [0, 0, 3, 3.5], "texture": "#4"}
			}
		},
		{
			"from": [9.5, 13, -4],
			"to": [12.5, 13.09375, -0.5],
			"rotation": {"angle": 0, "axis": "y", "origin": [0, -3.5, -3.5]},
			"faces": {
				"north": {"uv": [0, 0, 3, 0.09375], "texture": "#4"},
				"east": {"uv": [0, 0, 3.5, 0.09375], "texture": "#4"},
				"south": {"uv": [0, 0, 3, 0.09375], "texture": "#4"},
				"west": {"uv": [0, 0, 3.5, 0.09375], "texture": "#4"},
				"up": {"uv": [0, 0, 3, 3.5], "texture": "#4"},
				"down": {"uv": [0, 0, 3, 3.5], "texture": "#4"}
			}
		},
		{
			"from": [4, 11.5, -0.59375],
			"to": [7, 14, -0.5],
			"rotation": {"angle": 0, "axis": "x", "origin": [0, 9, 0]},
			"faces": {
				"north": {"uv": [0, 0, 3, 2.5], "rotation": 180, "texture": "#4"},
				"east": {"uv": [0, 0, 2.5, 0.09375], "rotation": 270, "texture": "#4"},
				"south": {"uv": [0, 0, 3, 2.5], "texture": "#4"},
				"west": {"uv": [0, 0, 2.5, 0.09375], "rotation": 90, "texture": "#4"},
				"up": {"uv": [0, 0, 3, 0.09375], "rotation": 180, "texture": "#4"},
				"down": {"uv": [0, 0, 3, 0.09375], "texture": "#4"}
			}
		},
		{
			"from": [9.5, 11.5, -0.59375],
			"to": [12.5, 14, -0.5],
			"rotation": {"angle": 0, "axis": "x", "origin": [0, 9, 0]},
			"faces": {
				"north": {"uv": [0, 0, 3, 2.5], "rotation": 180, "texture": "#4"},
				"east": {"uv": [0, 0, 2.5, 0.09375], "rotation": 270, "texture": "#4"},
				"south": {"uv": [0, 0, 3, 2.5], "texture": "#4"},
				"west": {"uv": [0, 0, 2.5, 0.09375], "rotation": 90, "texture": "#4"},
				"up": {"uv": [0, 0, 3, 0.09375], "rotation": 180, "texture": "#4"},
				"down": {"uv": [0, 0, 3, 0.09375], "texture": "#4"}
			}
		},
		{
			"from": [4, 11.5, -4.09375],
			"to": [7, 13, -4],
			"rotation": {"angle": 0, "axis": "x", "origin": [0, 9, 0]},
			"faces": {
				"north": {"uv": [0, 0, 3, 1.5], "rotation": 180, "texture": "#4"},
				"east": {"uv": [0, 0, 1.5, 0.09375], "rotation": 270, "texture": "#4"},
				"south": {"uv": [0, 0, 3, 1.5], "texture": "#4"},
				"west": {"uv": [0, 0, 1.5, 0.09375], "rotation": 90, "texture": "#4"},
				"up": {"uv": [0, 0, 3, 0.09375], "rotation": 180, "texture": "#4"},
				"down": {"uv": [0, 0, 3, 0.09375], "texture": "#4"}
			}
		},
		{
			"from": [9.5, 11.5, -4.09375],
			"to": [12.5, 13, -4],
			"rotation": {"angle": 0, "axis": "x", "origin": [0, 9, 0]},
			"faces": {
				"north": {"uv": [0, 0, 3, 1.5], "rotation": 180, "texture": "#4"},
				"east": {"uv": [0, 0, 1.5, 0.09375], "rotation": 270, "texture": "#4"},
				"south": {"uv": [0, 0, 3, 1.5], "texture": "#4"},
				"west": {"uv": [0, 0, 1.5, 0.09375], "rotation": 90, "texture": "#4"},
				"up": {"uv": [0, 0, 3, 0.09375], "rotation": 180, "texture": "#4"},
				"down": {"uv": [0, 0, 3, 0.09375], "texture": "#4"}
			}
		},
		{
			"from": [4, 11, -7.59375],
			"to": [7, 12, -7.5],
			"rotation": {"angle": 0, "axis": "x", "origin": [0, 9, 0]},
			"faces": {
				"north": {"uv": [0, 0, 3, 1], "rotation": 180, "texture": "#4"},
				"east": {"uv": [0, 0, 1, 0.09375], "rotation": 270, "texture": "#4"},
				"south": {"uv": [0, 0, 3, 1], "texture": "#4"},
				"west": {"uv": [0, 0, 1, 0.09375], "rotation": 90, "texture": "#4"},
				"up": {"uv": [0, 0, 3, 0.09375], "rotation": 180, "texture": "#4"},
				"down": {"uv": [0, 0, 3, 0.09375], "texture": "#4"}
			}
		},
		{
			"from": [9.5, 11, -7.59375],
			"to": [12.5, 12, -7.5],
			"rotation": {"angle": 0, "axis": "x", "origin": [0, 9, 0]},
			"faces": {
				"north": {"uv": [0, 0, 3, 1], "rotation": 180, "texture": "#4"},
				"east": {"uv": [0, 0, 1, 0.09375], "rotation": 270, "texture": "#4"},
				"south": {"uv": [0, 0, 3, 1], "texture": "#4"},
				"west": {"uv": [0, 0, 1, 0.09375], "rotation": 90, "texture": "#4"},
				"up": {"uv": [0, 0, 3, 0.09375], "rotation": 180, "texture": "#4"},
				"down": {"uv": [0, 0, 3, 0.09375], "texture": "#4"}
			}
		},
		{
			"from": [9.5, 9, -8.59375],
			"to": [12.5, 11, -8.5],
			"rotation": {"angle": 0, "axis": "x", "origin": [0, 9, 0]},
			"faces": {
				"north": {"uv": [0, 0, 3, 2], "rotation": 180, "texture": "#4"},
				"east": {"uv": [0, 0, 2, 0.09375], "rotation": 270, "texture": "#4"},
				"south": {"uv": [0, 0, 3, 2], "texture": "#4"},
				"west": {"uv": [0, 0, 2, 0.09375], "rotation": 90, "texture": "#4"},
				"up": {"uv": [0, 0, 3, 0.09375], "rotation": 180, "texture": "#4"},
				"down": {"uv": [0, 0, 3, 0.09375], "texture": "#4"}
			}
		},
		{
			"from": [4, 9, -8.59375],
			"to": [7, 11, -8.5],
			"rotation": {"angle": 0, "axis": "x", "origin": [0, 9, 0]},
			"faces": {
				"north": {"uv": [0, 0, 3, 2], "rotation": 180, "texture": "#4"},
				"east": {"uv": [0, 0, 2, 0.09375], "rotation": 270, "texture": "#4"},
				"south": {"uv": [0, 0, 3, 2], "texture": "#4"},
				"west": {"uv": [0, 0, 2, 0.09375], "rotation": 90, "texture": "#4"},
				"up": {"uv": [0, 0, 3, 0.09375], "rotation": 180, "texture": "#4"},
				"down": {"uv": [0, 0, 3, 0.09375], "texture": "#4"}
			}
		}
	],
	"display": {
		"head": {
			"translation": [0, -26.5, -29.75],
			"scale": [3.3, 3.3, 3.3]
		}
	},
	"groups": [
		0,
		1,
		2,
		3,
		4,
		5,
		6,
		7,
		8,
		9,
		10,
		11,
		12,
		13,
		14,
		15,
		16,
		17,
		18,
		19,
		20,
		21,
		22,
		23,
		24,
		25,
		26,
		27,
		28,
		29,
		30,
		31,
		32,
		33,
		34,
		{
			"name": "group",
			"origin": [0, 0, 0],
			"color": 0,
			"children": [35, 36, 37, 38, 39, 40, 41, 42, 43, 44]
		},
		{
			"name": "group",
			"origin": [0, 0, -7],
			"color": 0,
			"children": [45, 46, 47, 48, 49, 50, 51, 52, 53, 54]
		},
		{
			"name": "group",
			"origin": [0, 0, -7],
			"color": 0,
			"children": [55, 56, 57, 58, 59, 60, 61, 62, 63, 64]
		},
		{
			"name": "group",
			"origin": [0, 0, -7],
			"color": 0,
			"children": [65, 66, 67, 68, 69]
		},
		{
			"name": "group",
			"origin": [0, 0, -7],
			"color": 0,
			"children": [70, 71, 72, 73, 74]
		},
		{
			"name": "group",
			"origin": [0, -3.5, -3.5],
			"color": 0,
			"children": [75, 76, 77, 78, 79, 80, 81, 82]
		},
		{
			"name": "group",
			"origin": [0, -3.5, -3.5],
			"color": 0,
			"children": [83, 84, 85, 86]
		},
		{
			"name": "group",
			"origin": [0, -3.5, -3.5],
			"color": 0,
			"children": [87, 88]
		},
		{
			"name": "group",
			"origin": [0, -3.5, -3.5],
			"color": 0,
			"children": [89, 90]
		},
		{
			"name": "group",
			"origin": [0, -3.5, -3.5],
			"color": 0,
			"children": [91, 92]
		},
		{
			"name": "group",
			"origin": [0, -3.5, -3.5],
			"color": 0,
			"children": [93, 94]
		},
		{
			"name": "group",
			"origin": [0, -3.5, -3.5],
			"color": 0,
			"children": [95, 96, 97, 98]
		}
	]
}