{
	"format_version": "1.21.6",
	"credit": "made by bellymustache for mcilluminations",
	"textures": {
		"3": "item/custom/mk/tl/tron_small_text",
		"4": "item/custom/mk/tl/tron_full",
		"6": "item/custom/mk/tl/tron_smaller_text",
		"7": "item/custom/mk/tl/tron_stand"
	},
	"elements": [
		{
			"from": [3, 2.87678, 6.60089],
			"to": [4.75, 4.37678, 7.35089],
			"rotation": {"angle": 0, "axis": "z", "origin": [8.08671, -0.9432, 8]},
			"faces": {
				"north": {"uv": [5, 8, 6.75, 9.5], "texture": "#7"},
				"east": {"uv": [12, 13, 12.75, 14.5], "texture": "#7"},
				"south": {"uv": [9, 6, 10.75, 7.5], "texture": "#7"},
				"west": {"uv": [13, 13, 13.75, 14.5], "texture": "#7"},
				"up": {"uv": [1.75, 13.75, 0, 13], "texture": "#7"},
				"down": {"uv": [7.75, 13, 6, 13.75], "texture": "#7"}
			}
		},
		{
			"from": [1.72936, -0.75185, 6.603],
			"to": [3.87936, 0.49815, 7.349],
			"rotation": {"angle": -35, "axis": "z", "origin": [8.08671, -0.9432, 8]},
			"faces": {
				"north": {"uv": [2, 8, 4.25, 9.25], "texture": "#7"},
				"east": {"uv": [1, 14, 1.75, 15.25], "texture": "#7"},
				"south": {"uv": [9, 0, 11.25, 1.25], "texture": "#7"},
				"west": {"uv": [2, 14, 2.75, 15.25], "texture": "#7"},
				"up": {"uv": [14.25, 12.75, 12, 12], "texture": "#7"},
				"down": {"uv": [15.25, 6, 13, 6.75], "texture": "#7"}
			}
		},
		{
			"from": [12.15201, -0.65238, 6.603],
			"to": [14.30201, 0.59762, 7.349],
			"rotation": {"angle": 35, "axis": "z", "origin": [8.08671, -0.9432, 8]},
			"faces": {
				"north": {"uv": [9, 2, 11.25, 3.25], "texture": "#7"},
				"east": {"uv": [14, 2, 14.75, 3.25], "texture": "#7"},
				"south": {"uv": [9, 4, 11.25, 5.25], "texture": "#7"},
				"west": {"uv": [3, 14, 3.75, 15.25], "texture": "#7"},
				"up": {"uv": [15.25, 7.75, 13, 7], "texture": "#7"},
				"down": {"uv": [15.25, 8, 13, 8.75], "texture": "#7"}
			}
		},
		{
			"from": [11.25, 2.87678, 6.60089],
			"to": [13, 4.37678, 7.35089],
			"rotation": {"angle": 0, "axis": "z", "origin": [8.08671, -0.9432, 8]},
			"faces": {
				"north": {"uv": [7, 9, 8.75, 10.5], "texture": "#7"},
				"east": {"uv": [0, 14, 0.75, 15.5], "texture": "#7"},
				"south": {"uv": [9, 8, 10.75, 9.5], "texture": "#7"},
				"west": {"uv": [14, 0, 14.75, 1.5], "texture": "#7"},
				"up": {"uv": [14.75, 9.75, 13, 9], "texture": "#7"},
				"down": {"uv": [14.75, 10, 13, 10.75], "texture": "#7"}
			}
		},
		{
			"from": [7.25, 0, 8.67411],
			"to": [8.75, 2.25, 10.17411],
			"rotation": {"angle": 0, "axis": "y", "origin": [8.08671, -0.9432, 8]},
			"faces": {
				"north": {"uv": [7, 0, 8.5, 2.25], "texture": "#7"},
				"east": {"uv": [7, 3, 8.5, 5.25], "texture": "#7"},
				"south": {"uv": [7, 6, 8.5, 8.25], "texture": "#7"},
				"west": {"uv": [0, 8, 1.5, 10.25], "texture": "#7"},
				"up": {"uv": [13.5, 1.5, 12, 0], "texture": "#7"},
				"down": {"uv": [3.5, 12, 2, 13.5], "texture": "#7"}
			}
		},
		{
			"from": [7.251, -0.2226, 10.29526],
			"to": [8.749, 1.5274, 11.79526],
			"rotation": {"angle": -45, "axis": "x", "origin": [8.08671, -0.9432, 8]},
			"faces": {
				"north": {"uv": [2, 10, 3.5, 11.75], "texture": "#7"},
				"east": {"uv": [4, 10, 5.5, 11.75], "texture": "#7"},
				"south": {"uv": [9, 10, 10.5, 11.75], "texture": "#7"},
				"west": {"uv": [0, 11, 1.5, 12.75], "texture": "#7"},
				"up": {"uv": [13.5, 3.5, 12, 2], "texture": "#7"},
				"down": {"uv": [5.5, 12, 4, 13.5], "texture": "#7"}
			}
		},
		{
			"from": [7.25, 2.00862, 5.41984],
			"to": [8.75, 3.50862, 7.16984],
			"rotation": {"angle": 22.5, "axis": "x", "origin": [8.08671, -0.9432, 8]},
			"faces": {
				"north": {"uv": [12, 4, 13.5, 5.5], "texture": "#7"},
				"east": {"uv": [6, 11, 7.75, 12.5], "texture": "#7"},
				"south": {"uv": [8, 12, 9.5, 13.5], "texture": "#7"},
				"west": {"uv": [11, 6, 12.75, 7.5], "texture": "#7"},
				"up": {"uv": [12.5, 9.75, 11, 8], "texture": "#7"},
				"down": {"uv": [12.5, 10, 11, 11.75], "texture": "#7"}
			}
		},
		{
			"from": [4.75, 1.62678, 6.60089],
			"to": [11.25, 4.37678, 7.35089],
			"rotation": {"angle": 0, "axis": "y", "origin": [8.08671, -0.9432, 8]},
			"faces": {
				"north": {"uv": [0, 0, 6.5, 2.75], "texture": "#7"},
				"east": {"uv": [10, 12, 10.75, 14.75], "texture": "#7"},
				"south": {"uv": [0, 3, 6.5, 5.75], "texture": "#7"},
				"west": {"uv": [11, 12, 11.75, 14.75], "texture": "#7"},
				"up": {"uv": [6.5, 6.75, 0, 6], "texture": "#7"},
				"down": {"uv": [6.5, 7, 0, 7.75], "texture": "#7"}
			}
		},
		{
			"from": [12, 4.37678, 6.85089],
			"to": [12.25, 5.12678, 7.10089],
			"rotation": {"angle": 0, "axis": "y", "origin": [8, -0.93572, 8]},
			"faces": {
				"north": {"uv": [7, 3, 7.125, 3.375], "texture": "#4"},
				"east": {"uv": [3.5, 7, 3.625, 7.375], "texture": "#4"},
				"south": {"uv": [7, 3.5, 7.125, 3.875], "texture": "#4"},
				"west": {"uv": [4, 7, 4.125, 7.375], "texture": "#4"},
				"up": {"uv": [7.625, 8.125, 7.5, 8], "texture": "#4"},
				"down": {"uv": [8.125, 7.5, 8, 7.625], "texture": "#4"}
			}
		},
		{
			"from": [10.5, 4.37678, 6.85089],
			"to": [10.75, 5.12678, 7.10089],
			"rotation": {"angle": 0, "axis": "y", "origin": [8, -0.93572, 8]},
			"faces": {
				"north": {"uv": [7, 4, 7.125, 4.375], "texture": "#4"},
				"east": {"uv": [4.5, 7, 4.625, 7.375], "texture": "#4"},
				"south": {"uv": [7, 4.5, 7.125, 4.875], "texture": "#4"},
				"west": {"uv": [5, 7, 5.125, 7.375], "texture": "#4"},
				"up": {"uv": [8.125, 8.125, 8, 8], "texture": "#4"},
				"down": {"uv": [0.125, 8.5, 0, 8.625], "texture": "#4"}
			}
		},
		{
			"from": [7, 4.37678, 6.85089],
			"to": [7.25, 5.12678, 7.10089],
			"rotation": {"angle": 0, "axis": "y", "origin": [8, -0.93572, 8]},
			"faces": {
				"north": {"uv": [7, 6, 7.125, 6.375], "texture": "#4"},
				"east": {"uv": [6.5, 7, 6.625, 7.375], "texture": "#4"},
				"south": {"uv": [7, 6.5, 7.125, 6.875], "texture": "#4"},
				"west": {"uv": [7, 7, 7.125, 7.375], "texture": "#4"},
				"up": {"uv": [8.625, 0.625, 8.5, 0.5], "texture": "#4"},
				"down": {"uv": [1.125, 8.5, 1, 8.625], "texture": "#4"}
			}
		},
		{
			"from": [5.25, 4.37678, 6.85089],
			"to": [5.5, 5.12678, 7.10089],
			"rotation": {"angle": 0, "axis": "y", "origin": [8, -0.93572, 8]},
			"faces": {
				"north": {"uv": [7.5, 0, 7.625, 0.375], "texture": "#4"},
				"east": {"uv": [7.5, 0.5, 7.625, 0.875], "texture": "#4"},
				"south": {"uv": [7.5, 1, 7.625, 1.375], "texture": "#4"},
				"west": {"uv": [7.5, 1.5, 7.625, 1.875], "texture": "#4"},
				"up": {"uv": [8.625, 1.125, 8.5, 1], "texture": "#4"},
				"down": {"uv": [1.625, 8.5, 1.5, 8.625], "texture": "#4"}
			}
		},
		{
			"from": [3.5, 4.37678, 6.85089],
			"to": [3.75, 5.12678, 7.10089],
			"rotation": {"angle": 0, "axis": "y", "origin": [8, -0.93572, 8]},
			"faces": {
				"north": {"uv": [7.5, 2, 7.625, 2.375], "texture": "#4"},
				"east": {"uv": [2.5, 7.5, 2.625, 7.875], "texture": "#4"},
				"south": {"uv": [7.5, 2.5, 7.625, 2.875], "texture": "#4"},
				"west": {"uv": [3, 7.5, 3.125, 7.875], "texture": "#4"},
				"up": {"uv": [8.625, 1.625, 8.5, 1.5], "texture": "#4"},
				"down": {"uv": [2.125, 8.5, 2, 8.625], "texture": "#4"}
			}
		},
		{
			"from": [9, 4.37678, 6.85089],
			"to": [9.25, 5.12678, 7.10089],
			"rotation": {"angle": 0, "axis": "y", "origin": [8, -0.93572, 8]},
			"faces": {
				"north": {"uv": [7, 5, 7.125, 5.375], "texture": "#4"},
				"east": {"uv": [5.5, 7, 5.625, 7.375], "texture": "#4"},
				"south": {"uv": [7, 5.5, 7.125, 5.875], "texture": "#4"},
				"west": {"uv": [6, 7, 6.125, 7.375], "texture": "#4"},
				"up": {"uv": [8.625, 0.125, 8.5, 0], "texture": "#4"},
				"down": {"uv": [0.625, 8.5, 0.5, 8.625], "texture": "#4"}
			}
		},
		{
			"name": "test_tron_0",
			"from": [6.75, 6.37678, 6.60089],
			"to": [7.5, 7.37678, 7.35089],
			"rotation": {"angle": 0, "axis": "y", "origin": [8, -0.91072, 8]},
			"faces": {
				"north": {"uv": [2.5, 1, 2.875, 1.5], "texture": "#4"},
				"east": {"uv": [2.5, 4.5, 2.875, 5], "texture": "#4"},
				"south": {"uv": [3, 4.5, 3.375, 5], "texture": "#4"},
				"west": {"uv": [4.5, 3, 4.875, 3.5], "texture": "#4"},
				"up": {"uv": [5.375, 2.375, 5, 2], "texture": "#4"},
				"down": {"uv": [2.875, 5, 2.5, 5.375], "texture": "#4"}
			}
		},
		{
			"name": "test_tron_1",
			"from": [11.75, 6.37678, 6.60089],
			"to": [12.5, 7.12678, 7.35089],
			"rotation": {"angle": 0, "axis": "y", "origin": [8, -0.91072, 8]},
			"faces": {
				"north": {"uv": [5, 2.5, 5.375, 2.875], "texture": "#4"},
				"east": {"uv": [3, 5, 3.375, 5.375], "texture": "#4"},
				"south": {"uv": [5, 3, 5.375, 3.375], "texture": "#4"},
				"west": {"uv": [3.5, 5, 3.875, 5.375], "texture": "#4"},
				"up": {"uv": [5.375, 3.875, 5, 3.5], "texture": "#4"},
				"down": {"uv": [4.375, 5, 4, 5.375], "texture": "#4"}
			}
		},
		{
			"name": "test_tron_2",
			"from": [8.5, 6.37678, 6.60089],
			"to": [11.5, 7.12678, 7.35089],
			"rotation": {"angle": 0, "axis": "y", "origin": [8, -0.91072, 8]},
			"faces": {
				"north": {"uv": [0, 0, 1.5, 0.375], "texture": "#4"},
				"east": {"uv": [5, 4, 5.375, 4.375], "texture": "#4"},
				"south": {"uv": [0, 0.5, 1.5, 0.875], "texture": "#4"},
				"west": {"uv": [4.5, 5, 4.875, 5.375], "texture": "#4"},
				"up": {"uv": [1.5, 1.375, 0, 1], "texture": "#4"},
				"down": {"uv": [1.5, 1.5, 0, 1.875], "texture": "#4"}
			}
		},
		{
			"name": "test_tron_3",
			"from": [7.5, 4.87678, 6.60089],
			"to": [8, 7.12678, 7.35089],
			"rotation": {"angle": 0, "axis": "y", "origin": [8, -0.91072, 8]},
			"faces": {
				"north": {"uv": [2, 3, 2.25, 4.125], "texture": "#4"},
				"east": {"uv": [1.5, 0, 1.875, 1.125], "texture": "#4"},
				"south": {"uv": [3, 2, 3.25, 3.125], "texture": "#4"},
				"west": {"uv": [1.5, 1.5, 1.875, 2.625], "texture": "#4"},
				"up": {"uv": [5.25, 5.875, 5, 5.5], "texture": "#4"},
				"down": {"uv": [5.75, 5.5, 5.5, 5.875], "texture": "#4"}
			}
		},
		{
			"name": "test_tron_4",
			"from": [6.25, 4.87678, 6.60089],
			"to": [6.75, 7.12678, 7.35089],
			"rotation": {"angle": 0, "axis": "y", "origin": [8, -0.91072, 8]},
			"faces": {
				"north": {"uv": [2.5, 3, 2.75, 4.125], "texture": "#4"},
				"east": {"uv": [0, 2, 0.375, 3.125], "texture": "#4"},
				"south": {"uv": [0, 3.5, 0.25, 4.625], "texture": "#4"},
				"west": {"uv": [2, 0, 2.375, 1.125], "texture": "#4"},
				"up": {"uv": [0.25, 6.375, 0, 6], "texture": "#4"},
				"down": {"uv": [6.25, 0, 6, 0.375], "texture": "#4"}
			}
		},
		{
			"name": "test_tron_5",
			"from": [4.75, 5.37678, 6.60089],
			"to": [5.5, 7.12678, 7.35089],
			"rotation": {"angle": 0, "axis": "y", "origin": [8, -0.91072, 8]},
			"faces": {
				"north": {"uv": [2, 2, 2.375, 2.875], "texture": "#4"},
				"east": {"uv": [2.5, 0, 2.875, 0.875], "texture": "#4"},
				"south": {"uv": [0.5, 2.5, 0.875, 3.375], "texture": "#4"},
				"west": {"uv": [1, 2.5, 1.375, 3.375], "texture": "#4"},
				"up": {"uv": [5.375, 4.875, 5, 4.5], "texture": "#4"},
				"down": {"uv": [5.375, 5, 5, 5.375], "texture": "#4"}
			}
		},
		{
			"name": "test_tron_6",
			"from": [3, 5.87678, 6.60089],
			"to": [3.75, 7.12678, 7.35089],
			"rotation": {"angle": 0, "axis": "y", "origin": [8, -0.91072, 8]},
			"faces": {
				"north": {"uv": [3, 3.5, 3.375, 4.125], "texture": "#4"},
				"east": {"uv": [3.5, 3, 3.875, 3.625], "texture": "#4"},
				"south": {"uv": [4, 0, 4.375, 0.625], "texture": "#4"},
				"west": {"uv": [4, 1, 4.375, 1.625], "texture": "#4"},
				"up": {"uv": [0.375, 5.875, 0, 5.5], "texture": "#4"},
				"down": {"uv": [5.875, 0, 5.5, 0.375], "texture": "#4"}
			}
		},
		{
			"name": "test_tron_7",
			"from": [12.5, 6.37678, 6.60089],
			"to": [12.75, 6.87678, 7.35089],
			"rotation": {"angle": 0, "axis": "y", "origin": [8, -0.91072, 8]},
			"faces": {
				"north": {"uv": [4.5, 8, 4.625, 8.25], "texture": "#4"},
				"east": {"uv": [0.5, 6, 0.875, 6.25], "texture": "#4"},
				"south": {"uv": [8, 4.5, 8.125, 4.75], "texture": "#4"},
				"west": {"uv": [6, 0.5, 6.375, 0.75], "texture": "#4"},
				"up": {"uv": [7.625, 3.375, 7.5, 3], "texture": "#4"},
				"down": {"uv": [3.625, 7.5, 3.5, 7.875], "texture": "#4"}
			}
		},
		{
			"name": "test_tron_8",
			"from": [11.5, 5.37678, 6.60089],
			"to": [11.75, 6.87678, 7.35089],
			"rotation": {"angle": 0, "axis": "y", "origin": [8, -0.91072, 8]},
			"faces": {
				"north": {"uv": [1, 6, 1.125, 6.75], "texture": "#4"},
				"east": {"uv": [3.5, 0, 3.875, 0.75], "texture": "#4"},
				"south": {"uv": [6, 1, 6.125, 1.75], "texture": "#4"},
				"west": {"uv": [0.5, 3.5, 0.875, 4.25], "texture": "#4"},
				"up": {"uv": [7.625, 3.875, 7.5, 3.5], "texture": "#4"},
				"down": {"uv": [4.125, 7.5, 4, 7.875], "texture": "#4"}
			}
		},
		{
			"name": "test_tron_9",
			"from": [8, 5.62678, 6.60089],
			"to": [8.5, 6.87678, 7.35089],
			"rotation": {"angle": 0, "axis": "y", "origin": [8, -0.91072, 8]},
			"faces": {
				"north": {"uv": [5, 1, 5.25, 1.625], "texture": "#4"},
				"east": {"uv": [1.5, 4, 1.875, 4.625], "texture": "#4"},
				"south": {"uv": [1.5, 5, 1.75, 5.625], "texture": "#4"},
				"west": {"uv": [4, 3, 4.375, 3.625], "texture": "#4"},
				"up": {"uv": [1.75, 6.375, 1.5, 6], "texture": "#4"},
				"down": {"uv": [2.25, 6, 2, 6.375], "texture": "#4"}
			}
		},
		{
			"name": "test_tron_10",
			"from": [6, 5.12678, 6.60089],
			"to": [6.25, 6.87678, 7.35089],
			"rotation": {"angle": 0, "axis": "y", "origin": [8, -0.91072, 8]},
			"faces": {
				"north": {"uv": [5.5, 3.5, 5.625, 4.375], "texture": "#4"},
				"east": {"uv": [2.5, 2, 2.875, 2.875], "texture": "#4"},
				"south": {"uv": [4, 5.5, 4.125, 6.375], "texture": "#4"},
				"west": {"uv": [3, 0, 3.375, 0.875], "texture": "#4"},
				"up": {"uv": [7.625, 4.375, 7.5, 4], "texture": "#4"},
				"down": {"uv": [4.625, 7.5, 4.5, 7.875], "texture": "#4"}
			}
		},
		{
			"name": "test_tron_11",
			"from": [4.5, 5.62678, 6.60089],
			"to": [4.75, 6.87678, 7.35089],
			"rotation": {"angle": 0, "axis": "y", "origin": [8, -0.91072, 8]},
			"faces": {
				"north": {"uv": [6.5, 6, 6.625, 6.625], "texture": "#4"},
				"east": {"uv": [3.5, 4, 3.875, 4.625], "texture": "#4"},
				"south": {"uv": [0, 7, 0.125, 7.625], "texture": "#4"},
				"west": {"uv": [4, 4, 4.375, 4.625], "texture": "#4"},
				"up": {"uv": [7.625, 4.875, 7.5, 4.5], "texture": "#4"},
				"down": {"uv": [5.125, 7.5, 5, 7.875], "texture": "#4"}
			}
		},
		{
			"name": "test_tron_12",
			"from": [3.75, 4.87678, 6.60089],
			"to": [4, 6.62678, 7.35089],
			"rotation": {"angle": 0, "axis": "y", "origin": [8, -0.91072, 8]},
			"faces": {
				"north": {"uv": [4.5, 5.5, 4.625, 6.375], "texture": "#4"},
				"east": {"uv": [3, 1, 3.375, 1.875], "texture": "#4"},
				"south": {"uv": [5.5, 4.5, 5.625, 5.375], "texture": "#4"},
				"west": {"uv": [1.5, 3, 1.875, 3.875], "texture": "#4"},
				"up": {"uv": [7.625, 5.375, 7.5, 5], "texture": "#4"},
				"down": {"uv": [5.625, 7.5, 5.5, 7.875], "texture": "#4"}
			}
		},
		{
			"name": "test_tron_13",
			"from": [11.75, 4.87678, 6.60089],
			"to": [12, 6.37678, 7.35089],
			"rotation": {"angle": 0, "axis": "y", "origin": [8, -0.91072, 8]},
			"faces": {
				"north": {"uv": [6, 2, 6.125, 2.75], "texture": "#4"},
				"east": {"uv": [1, 3.5, 1.375, 4.25], "texture": "#4"},
				"south": {"uv": [2.5, 6, 2.625, 6.75], "texture": "#4"},
				"west": {"uv": [3.5, 1, 3.875, 1.75], "texture": "#4"},
				"up": {"uv": [7.625, 5.875, 7.5, 5.5], "texture": "#4"},
				"down": {"uv": [6.125, 7.5, 6, 7.875], "texture": "#4"}
			}
		},
		{
			"name": "test_tron_14",
			"from": [11.25, 6.12678, 6.60089],
			"to": [11.5, 6.37678, 7.35089],
			"rotation": {"angle": 0, "axis": "y", "origin": [8, -0.91072, 8]},
			"faces": {
				"north": {"uv": [8.5, 2, 8.625, 2.125], "texture": "#4"},
				"east": {"uv": [7.5, 6, 7.875, 6.125], "texture": "#4"},
				"south": {"uv": [2.5, 8.5, 2.625, 8.625], "texture": "#4"},
				"west": {"uv": [6.5, 7.5, 6.875, 7.625], "texture": "#4"},
				"up": {"uv": [7.625, 6.875, 7.5, 6.5], "texture": "#4"},
				"down": {"uv": [7.125, 7.5, 7, 7.875], "texture": "#4"}
			}
		},
		{
			"name": "test_tron_15",
			"from": [8.5, 5.87678, 6.60089],
			"to": [10.5, 6.37678, 7.35089],
			"rotation": {"angle": 0, "axis": "y", "origin": [8, -0.91072, 8]},
			"faces": {
				"north": {"uv": [3.5, 2, 4.5, 2.25], "texture": "#4"},
				"east": {"uv": [3, 6, 3.375, 6.25], "texture": "#4"},
				"south": {"uv": [3.5, 2.5, 4.5, 2.75], "texture": "#4"},
				"west": {"uv": [6, 3, 6.375, 3.25], "texture": "#4"},
				"up": {"uv": [1.5, 2.375, 0.5, 2], "texture": "#4"},
				"down": {"uv": [3, 1.5, 2, 1.875], "texture": "#4"}
			}
		},
		{
			"name": "test_tron_16",
			"from": [5.75, 5.62678, 6.60089],
			"to": [6, 6.37678, 7.35089],
			"rotation": {"angle": 0, "axis": "y", "origin": [8, -0.91072, 8]},
			"faces": {
				"north": {"uv": [7.5, 7, 7.625, 7.375], "texture": "#4"},
				"east": {"uv": [0.5, 5.5, 0.875, 5.875], "texture": "#4"},
				"south": {"uv": [7.5, 7.5, 7.625, 7.875], "texture": "#4"},
				"west": {"uv": [5.5, 0.5, 5.875, 0.875], "texture": "#4"},
				"up": {"uv": [0.125, 8.375, 0, 8], "texture": "#4"},
				"down": {"uv": [8.125, 0, 8, 0.375], "texture": "#4"}
			}
		},
		{
			"name": "test_tron_17",
			"from": [4, 5.62678, 6.60089],
			"to": [4.5, 6.37678, 7.35089],
			"rotation": {"angle": 0, "axis": "y", "origin": [8, -0.91072, 8]},
			"faces": {
				"north": {"uv": [3.5, 6, 3.75, 6.375], "texture": "#4"},
				"east": {"uv": [1, 5.5, 1.375, 5.875], "texture": "#4"},
				"south": {"uv": [6, 3.5, 6.25, 3.875], "texture": "#4"},
				"west": {"uv": [5.5, 1, 5.875, 1.375], "texture": "#4"},
				"up": {"uv": [6.25, 4.375, 6, 4], "texture": "#4"},
				"down": {"uv": [6.25, 4.5, 6, 4.875], "texture": "#4"}
			}
		},
		{
			"name": "test_tron_18",
			"from": [12, 4.87678, 6.60089],
			"to": [12.25, 6.12678, 7.35089],
			"rotation": {"angle": 0, "axis": "y", "origin": [8, -0.91072, 8]},
			"faces": {
				"north": {"uv": [7, 0, 7.125, 0.625], "texture": "#4"},
				"east": {"uv": [4.5, 0, 4.875, 0.625], "texture": "#4"},
				"south": {"uv": [0.5, 7, 0.625, 7.625], "texture": "#4"},
				"west": {"uv": [0.5, 4.5, 0.875, 5.125], "texture": "#4"},
				"up": {"uv": [0.625, 8.375, 0.5, 8], "texture": "#4"},
				"down": {"uv": [8.125, 0.5, 8, 0.875], "texture": "#4"}
			}
		},
		{
			"name": "test_tron_19",
			"from": [10.5, 4.87678, 6.60089],
			"to": [10.75, 6.12678, 7.35089],
			"rotation": {"angle": 0, "axis": "y", "origin": [8, -0.91072, 8]},
			"faces": {
				"north": {"uv": [1, 7, 1.125, 7.625], "texture": "#4"},
				"east": {"uv": [1, 4.5, 1.375, 5.125], "texture": "#4"},
				"south": {"uv": [7, 1, 7.125, 1.625], "texture": "#4"},
				"west": {"uv": [4.5, 1, 4.875, 1.625], "texture": "#4"},
				"up": {"uv": [1.125, 8.375, 1, 8], "texture": "#4"},
				"down": {"uv": [8.125, 1, 8, 1.375], "texture": "#4"}
			}
		},
		{
			"name": "test_tron_20",
			"from": [5.5, 4.87678, 6.60089],
			"to": [5.75, 6.12678, 7.35089],
			"rotation": {"angle": 0, "axis": "y", "origin": [8, -0.91072, 8]},
			"faces": {
				"north": {"uv": [1.5, 7, 1.625, 7.625], "texture": "#4"},
				"east": {"uv": [2, 4.5, 2.375, 5.125], "texture": "#4"},
				"south": {"uv": [2, 7, 2.125, 7.625], "texture": "#4"},
				"west": {"uv": [4.5, 2, 4.875, 2.625], "texture": "#4"},
				"up": {"uv": [1.625, 8.375, 1.5, 8], "texture": "#4"},
				"down": {"uv": [8.125, 1.5, 8, 1.875], "texture": "#4"}
			}
		},
		{
			"name": "test_tron_21",
			"from": [10, 5.37678, 6.60089],
			"to": [10.5, 5.87678, 7.35089],
			"rotation": {"angle": 0, "axis": "y", "origin": [8, -0.91072, 8]},
			"faces": {
				"north": {"uv": [7, 2, 7.25, 2.25], "texture": "#4"},
				"east": {"uv": [5, 6, 5.375, 6.25], "texture": "#4"},
				"south": {"uv": [2.5, 7, 2.75, 7.25], "texture": "#4"},
				"west": {"uv": [6, 5, 6.375, 5.25], "texture": "#4"},
				"up": {"uv": [5.75, 6.375, 5.5, 6], "texture": "#4"},
				"down": {"uv": [6.25, 5.5, 6, 5.875], "texture": "#4"}
			}
		},
		{
			"name": "test_tron_22",
			"from": [9, 5.37678, 6.60089],
			"to": [9.75, 5.87678, 7.35089],
			"rotation": {"angle": 0, "axis": "y", "origin": [8, -0.91072, 8]},
			"faces": {
				"north": {"uv": [6, 6, 6.375, 6.25], "texture": "#4"},
				"east": {"uv": [0, 6.5, 0.375, 6.75], "texture": "#4"},
				"south": {"uv": [6.5, 0, 6.875, 0.25], "texture": "#4"},
				"west": {"uv": [0.5, 6.5, 0.875, 6.75], "texture": "#4"},
				"up": {"uv": [5.875, 1.875, 5.5, 1.5], "texture": "#4"},
				"down": {"uv": [2.375, 5.5, 2, 5.875], "texture": "#4"}
			}
		},
		{
			"name": "test_tron_23",
			"from": [3.25, 4.87678, 6.60089],
			"to": [3.75, 5.87678, 7.35089],
			"rotation": {"angle": 0, "axis": "y", "origin": [8, -0.91072, 8]},
			"faces": {
				"north": {"uv": [5.5, 3, 5.75, 3.5], "texture": "#4"},
				"east": {"uv": [4.5, 3.5, 4.875, 4], "texture": "#4"},
				"south": {"uv": [3.5, 5.5, 3.75, 6], "texture": "#4"},
				"west": {"uv": [4.5, 4, 4.875, 4.5], "texture": "#4"},
				"up": {"uv": [6.75, 0.875, 6.5, 0.5], "texture": "#4"},
				"down": {"uv": [6.75, 1, 6.5, 1.375], "texture": "#4"}
			}
		},
		{
			"name": "test_tron_24",
			"from": [8, 5.12678, 6.60089],
			"to": [8.25, 5.62678, 7.35089],
			"rotation": {"angle": 0, "axis": "y", "origin": [8, -0.91072, 8]},
			"faces": {
				"north": {"uv": [5, 8, 5.125, 8.25], "texture": "#4"},
				"east": {"uv": [1.5, 6.5, 1.875, 6.75], "texture": "#4"},
				"south": {"uv": [8, 5, 8.125, 5.25], "texture": "#4"},
				"west": {"uv": [6.5, 1.5, 6.875, 1.75], "texture": "#4"},
				"up": {"uv": [2.125, 8.375, 2, 8], "texture": "#4"},
				"down": {"uv": [8.125, 2, 8, 2.375], "texture": "#4"}
			}
		},
		{
			"name": "test_tron_25",
			"from": [6.75, 4.62678, 6.60089],
			"to": [7.5, 5.62678, 7.35089],
			"rotation": {"angle": 0, "axis": "y", "origin": [8, -0.91072, 8]},
			"faces": {
				"north": {"uv": [4.5, 4.5, 4.875, 5], "texture": "#4"},
				"east": {"uv": [0, 5, 0.375, 5.5], "texture": "#4"},
				"south": {"uv": [5, 0, 5.375, 0.5], "texture": "#4"},
				"west": {"uv": [5, 0.5, 5.375, 1], "texture": "#4"},
				"up": {"uv": [5.875, 2.375, 5.5, 2], "texture": "#4"},
				"down": {"uv": [2.875, 5.5, 2.5, 5.875], "texture": "#4"}
			}
		},
		{
			"name": "test_tron_26",
			"from": [4, 5.12678, 6.60089],
			"to": [4.25, 5.62678, 7.35089],
			"rotation": {"angle": 0, "axis": "y", "origin": [8, -0.91072, 8]},
			"faces": {
				"north": {"uv": [5.5, 8, 5.625, 8.25], "texture": "#4"},
				"east": {"uv": [2, 6.5, 2.375, 6.75], "texture": "#4"},
				"south": {"uv": [8, 5.5, 8.125, 5.75], "texture": "#4"},
				"west": {"uv": [6.5, 2, 6.875, 2.25], "texture": "#4"},
				"up": {"uv": [2.625, 8.375, 2.5, 8], "texture": "#4"},
				"down": {"uv": [8.125, 2.5, 8, 2.875], "texture": "#4"}
			}
		},
		{
			"name": "test_tron_27",
			"from": [12.25, 4.87678, 6.60089],
			"to": [12.5, 5.37678, 7.35089],
			"rotation": {"angle": 0, "axis": "y", "origin": [8, -0.91072, 8]},
			"faces": {
				"north": {"uv": [6, 8, 6.125, 8.25], "texture": "#4"},
				"east": {"uv": [6.5, 2.5, 6.875, 2.75], "texture": "#4"},
				"south": {"uv": [8, 6, 8.125, 6.25], "texture": "#4"},
				"west": {"uv": [3, 6.5, 3.375, 6.75], "texture": "#4"},
				"up": {"uv": [3.125, 8.375, 3, 8], "texture": "#4"},
				"down": {"uv": [8.125, 3, 8, 3.375], "texture": "#4"}
			}
		},
		{
			"name": "test_tron_28",
			"from": [10.75, 4.87678, 6.60089],
			"to": [11, 5.37678, 7.35089],
			"rotation": {"angle": 0, "axis": "y", "origin": [8, -0.91072, 8]},
			"faces": {
				"north": {"uv": [6.5, 8, 6.625, 8.25], "texture": "#4"},
				"east": {"uv": [6.5, 3, 6.875, 3.25], "texture": "#4"},
				"south": {"uv": [8, 6.5, 8.125, 6.75], "texture": "#4"},
				"west": {"uv": [3.5, 6.5, 3.875, 6.75], "texture": "#4"},
				"up": {"uv": [3.625, 8.375, 3.5, 8], "texture": "#4"},
				"down": {"uv": [8.125, 3.5, 8, 3.875], "texture": "#4"}
			}
		},
		{
			"name": "test_tron_29",
			"from": [10.25, 4.87678, 6.60089],
			"to": [10.5, 5.37678, 7.35089],
			"rotation": {"angle": 0, "axis": "y", "origin": [8, -0.91072, 8]},
			"faces": {
				"north": {"uv": [7, 8, 7.125, 8.25], "texture": "#4"},
				"east": {"uv": [6.5, 3.5, 6.875, 3.75], "texture": "#4"},
				"south": {"uv": [8, 7, 8.125, 7.25], "texture": "#4"},
				"west": {"uv": [4, 6.5, 4.375, 6.75], "texture": "#4"},
				"up": {"uv": [4.125, 8.375, 4, 8], "texture": "#4"},
				"down": {"uv": [8.125, 4, 8, 4.375], "texture": "#4"}
			}
		},
		{
			"name": "test_tron_30",
			"from": [8.75, 4.87678, 6.60089],
			"to": [9.5, 5.37678, 7.35089],
			"rotation": {"angle": 0, "axis": "y", "origin": [8, -0.91072, 8]},
			"faces": {
				"north": {"uv": [6.5, 4, 6.875, 4.25], "texture": "#4"},
				"east": {"uv": [4.5, 6.5, 4.875, 6.75], "texture": "#4"},
				"south": {"uv": [6.5, 4.5, 6.875, 4.75], "texture": "#4"},
				"west": {"uv": [5, 6.5, 5.375, 6.75], "texture": "#4"},
				"up": {"uv": [5.875, 2.875, 5.5, 2.5], "texture": "#4"},
				"down": {"uv": [3.375, 5.5, 3, 5.875], "texture": "#4"}
			}
		},
		{
			"name": "test_tron_31",
			"from": [5, 4.87678, 6.60089],
			"to": [5.5, 5.37678, 7.35089],
			"rotation": {"angle": 0, "axis": "y", "origin": [8, -0.91072, 8]},
			"faces": {
				"north": {"uv": [7, 2.5, 7.25, 2.75], "texture": "#4"},
				"east": {"uv": [6.5, 5, 6.875, 5.25], "texture": "#4"},
				"south": {"uv": [3, 7, 3.25, 7.25], "texture": "#4"},
				"west": {"uv": [5.5, 6.5, 5.875, 6.75], "texture": "#4"},
				"up": {"uv": [6.75, 5.875, 6.5, 5.5], "texture": "#4"},
				"down": {"uv": [6.25, 6.5, 6, 6.875], "texture": "#4"}
			}
		},
		{
			"from": [3, 1.60178, 6.57589],
			"to": [13, 4.35178, 6.57589],
			"rotation": {"angle": 0, "axis": "y", "origin": [8.08671, -0.9432, 8]},
			"faces": {
				"north": {"uv": [0, 0, 10, 2.75], "texture": "#3"},
				"east": {"uv": [0, 0, 0, 2.75], "texture": "#3"},
				"south": {"uv": [0, 3, 10, 5.75], "texture": "#3"},
				"west": {"uv": [0, 0, 0, 2.75], "texture": "#3"},
				"up": {"uv": [10, 0, 0, 0], "texture": "#3"},
				"down": {"uv": [10, 0, 0, 0], "texture": "#3"}
			}
		},
		{
			"from": [6.25, 2.565, 6.57589],
			"to": [9.75, 3.065, 6.57589],
			"rotation": {"angle": 0, "axis": "y", "origin": [8.08671, -0.9432, 8]},
			"faces": {
				"north": {"uv": [0, 0, 14, 2], "texture": "#6"},
				"east": {"uv": [0, 0, 0, 2], "texture": "#6"},
				"south": {"uv": [0, 4, 14, 6], "texture": "#6"},
				"west": {"uv": [0, 0, 0, 2], "texture": "#6"},
				"up": {"uv": [14, 0, 0, 0], "texture": "#6"},
				"down": {"uv": [14, 0, 0, 0], "texture": "#6"}
			}
		}
	],
	"display": {
		"head": {
			"scale": [4, 4, 4]
		}
	},
	"groups": [
		{
			"name": "stand",
			"origin": [12.33671, 5.2693, 7.35089],
			"color": 0,
			"children": [0, 1, 2, 3, 4, 5, 6, 7, 8, 9, 10, 11, 12, 13]
		},
		{
			"name": "text",
			"origin": [8, 8, 8],
			"color": 0,
			"children": [14, 15, 16, 17, 18, 19, 20, 21, 22, 23, 24, 25, 26, 27, 28, 29, 30, 31, 32, 33, 34, 35, 36, 37, 38, 39, 40, 41, 42, 43, 44, 45]
		},
		{
			"name": "small_text",
			"origin": [11, 3.65178, 4.57589],
			"color": 0,
			"children": [46, 47]
		}
	]
}