{
	"credit": "Made by Jakeplays12",
	"texture_size": [64, 64],
	"textures": {
		"0": "item/custom/cosmetics/hardhats/tech",
		"1": "_fonts/logo",
		"particle": "item/custom/cosmetics/hardhats/tech"
	},
	"elements": [
		{
			"from": [7, 9, -2.2],
			"to": [9, 11, 0.8],
			"rotation": {"angle": 0, "axis": "y", "origin": [7, 9, -2.2]},
			"faces": {
				"north": {"uv": [10, 4.75, 10.5, 5.25], "texture": "#0"},
				"east": {"uv": [10.5, 4.75, 11, 5.25], "texture": "#0"},
				"south": {"uv": [11, 4.75, 11.5, 5.25], "texture": "#0"},
				"west": {"uv": [4, 11.25, 4.5, 11.75], "texture": "#0"},
				"up": {"uv": [5, 11.75, 4.5, 11.25], "texture": "#0"},
				"down": {"uv": [5.5, 11.25, 5, 11.75], "texture": "#0"}
			}
		},
		{
			"from": [7, 8.5021, 0.30314],
			"to": [9, 10.5021, 3.30314],
			"rotation": {"angle": 22.5, "axis": "x", "origin": [8, 9.5021, 1.80314]},
			"faces": {
				"north": {"uv": [11, 4.75, 11.5, 5.25], "rotation": 180, "texture": "#0"},
				"east": {"uv": [10.5, 4.75, 11, 5.25], "rotation": 180, "texture": "#0"},
				"south": {"uv": [10, 4.75, 10.5, 5.25], "rotation": 180, "texture": "#0"},
				"west": {"uv": [4, 11.25, 4.5, 11.75], "rotation": 180, "texture": "#0"},
				"up": {"uv": [5.5, 11.25, 5, 11.75], "texture": "#0"},
				"down": {"uv": [5, 11.75, 4.5, 11.25], "texture": "#0"}
			}
		},
		{
			"from": [6.9, 8.9, -2.2],
			"to": [9.1, 11.1, -0.7],
			"rotation": {"angle": 0, "axis": "y", "origin": [6.9, 9, -2.2]},
			"faces": {
				"east": {"uv": [4, 11.75, 4.5, 12.25], "rotation": 180, "texture": "#0"},
				"west": {"uv": [4, 11.75, 4.5, 12.25], "texture": "#0"},
				"up": {"uv": [4, 11.75, 4.5, 12.25], "rotation": 90, "texture": "#0"},
				"down": {"uv": [4, 11.75, 4.5, 12.25], "rotation": 270, "texture": "#0"}
			}
		},
		{
			"from": [-2, 4, -2.5],
			"to": [18, 5, 18.5],
			"rotation": {"angle": 0, "axis": "y", "origin": [7.5, 4.75, 8.5]},
			"faces": {
				"north": {"uv": [10, 4.25, 15, 4.5], "texture": "#0"},
				"east": {"uv": [10, 3.75, 15.25, 4], "texture": "#0"},
				"south": {"uv": [10, 4.5, 15, 4.75], "texture": "#0"},
				"west": {"uv": [10, 4, 15.25, 4.25], "texture": "#0"},
				"up": {"uv": [5, 5.25, 0, 0], "texture": "#0"},
				"down": {"uv": [10, 0, 5, 5.25], "texture": "#0"}
			}
		},
		{
			"from": [-1, 5, -0.5],
			"to": [17, 10, 16.5],
			"rotation": {"angle": 0, "axis": "y", "origin": [8, 7.625, 6.5]},
			"faces": {
				"north": {"uv": [9.5, 9.75, 14, 11], "texture": "#0"},
				"east": {"uv": [10, 1.25, 14.25, 2.5], "texture": "#0"},
				"south": {"uv": [10, 0, 14.5, 1.25], "texture": "#0"},
				"west": {"uv": [10, 2.5, 14.25, 3.75], "texture": "#0"},
				"up": {"uv": [4.5, 9.5, 0, 5.25], "texture": "#0"}
			}
		},
		{
			"from": [14, 5, -1.5],
			"to": [16, 10.95, 17.5],
			"rotation": {"angle": 0, "axis": "y", "origin": [19, 8.625, 8.5]},
			"faces": {
				"north": {"uv": [0, 11.25, 0.5, 12.75], "texture": "#0"},
				"east": {"uv": [4.5, 5.25, 9.25, 6.75], "texture": "#0"},
				"south": {"uv": [0.5, 11.25, 1, 12.75], "texture": "#0"},
				"west": {"uv": [4.5, 6.75, 9.25, 8.25], "texture": "#0"},
				"up": {"uv": [10, 15.75, 9.5, 11], "texture": "#0"}
			}
		},
		{
			"from": [10, 5, -1.5],
			"to": [12, 10.95, 17.5],
			"rotation": {"angle": 0, "axis": "y", "origin": [15, 8.625, 8.5]},
			"faces": {
				"north": {"uv": [1, 11.25, 1.5, 12.75], "texture": "#0"},
				"east": {"uv": [4.5, 8.25, 9.25, 9.75], "texture": "#0"},
				"south": {"uv": [1.5, 11.25, 2, 12.75], "texture": "#0"},
				"west": {"uv": [9.25, 5.25, 14, 6.75], "texture": "#0"},
				"up": {"uv": [10.5, 15.75, 10, 11], "texture": "#0"}
			}
		},
		{
			"from": [4, 5, -1.5],
			"to": [6, 10.95, 17.5],
			"rotation": {"angle": 0, "axis": "y", "origin": [9, 8.625, 8.5]},
			"faces": {
				"north": {"uv": [2, 11.25, 2.5, 12.75], "texture": "#0"},
				"east": {"uv": [9.25, 6.75, 14, 8.25], "texture": "#0"},
				"south": {"uv": [2.5, 11.25, 3, 12.75], "texture": "#0"},
				"west": {"uv": [9.25, 8.25, 14, 9.75], "texture": "#0"},
				"up": {"uv": [11, 15.75, 10.5, 11], "texture": "#0"}
			}
		},
		{
			"from": [0, 5, -1.5],
			"to": [2, 10.95, 17.5],
			"rotation": {"angle": 0, "axis": "y", "origin": [5, 8.625, 8.5]},
			"faces": {
				"north": {"uv": [3, 11.25, 3.5, 12.75], "texture": "#0"},
				"east": {"uv": [0, 9.75, 4.75, 11.25], "texture": "#0"},
				"south": {"uv": [3.5, 11.25, 4, 12.75], "texture": "#0"},
				"west": {"uv": [4.75, 9.75, 9.5, 11.25], "texture": "#0"},
				"up": {"uv": [11.5, 15.75, 11, 11], "texture": "#0"}
			}
		},
		{
			"from": [6.5, 5.7, -0.6],
			"to": [9.5, 8.7, -0.6],
			"rotation": {"angle": 0, "axis": "y", "origin": [6.5, 5.7, -0.6]},
			"faces": {
				"north": {"uv": [0, 0, 16, 16], "texture": "#1"},
				"east": {"uv": [0, 0, 0, 0.5], "texture": "#1"},
				"south": {"uv": [0, 0, 0.5, 0.5], "texture": "#1"},
				"west": {"uv": [0, 0, 0, 0.5], "texture": "#1"},
				"up": {"uv": [0, 0, 0.5, 0], "texture": "#1"},
				"down": {"uv": [0, 0, 0.5, 0], "texture": "#1"}
			}
		}
	],
	"display": {
		"thirdperson_righthand": {
			"rotation": [70.79, 10, -0.56],
			"translation": [-0.5, 2.5, 0],
			"scale": [0.4, 0.4, 0.4]
		},
		"thirdperson_lefthand": {
			"rotation": [70.79, 10, -0.56],
			"translation": [-0.5, 2.5, 0],
			"scale": [0.4, 0.4, 0.4]
		},
		"firstperson_righthand": {
			"rotation": [8.75, 2.23, -0.35],
			"translation": [5, 1.25, 0],
			"scale": [0.4, 0.4, 0.4]
		},
		"firstperson_lefthand": {
			"rotation": [8.75, 2.23, -0.35],
			"translation": [5, 1.25, 0],
			"scale": [0.4, 0.4, 0.4]
		},
		"ground": {
			"scale": [0.7, 0.7, 0.7]
		},
		"gui": {
			"rotation": [-162.25, -21, -180],
			"scale": [0.6, 0.6, 0.6]
		},
		"head": {
			"translation": [0, 6, -0.5],
			"scale": [0.83, 0.83, 0.84]
		},
		"fixed": {
			"rotation": [-90, 0, 0],
			"translation": [0, 0, -4]
		}
	},
	"groups": [
		{
			"name": "group",
			"origin": [6.9, 9, -2],
			"color": 0,
			"children": [0, 1, 2]
		},
		3,
		4,
		5,
		6,
		7,
		8,
		9
	]
}