{
	"credit": "Made with Blockbench",
	"textures": {
		"0": "block/quartz_block_side",
		"1": "block/red_glazed_terracotta",
		"2": "block/bamboo_small_leaves",
		"3": "block/yellow_glazed_terracotta",
		"particle": "block/quartz_block_side"
	},
	"elements": [
		{
			"from": [-3.25, 1, 0.25],
			"to": [1.5, 1.25, 3],
			"faces": {
				"north": {"uv": [7, 4.5, 8.75, 9.5], "texture": "#0"},
				"east": {"uv": [7, 4.5, 8.75, 9.5], "texture": "#0"},
				"south": {"uv": [7, 4.5, 8.75, 9.5], "texture": "#0"},
				"west": {"uv": [7, 4.5, 8.75, 9.5], "texture": "#0"},
				"up": {"uv": [7, 4.5, 8.75, 10.75], "texture": "#0"},
				"down": {"uv": [7, 4.5, 8.75, 10.75], "texture": "#0"}
			}
		},
		{
			"from": [-3.25, 1.25, 0.35547],
			"to": [1.5, 1.29688, 3],
			"faces": {
				"north": {"uv": [0, 9.75, 1.75, 14.75], "texture": "#2"},
				"east": {"uv": [0, 9.75, 1.75, 14.75], "texture": "#2"},
				"south": {"uv": [0, 9.75, 1.75, 14.75], "texture": "#2"},
				"west": {"uv": [0, 9.75, 1.75, 14.75], "texture": "#2"},
				"up": {"uv": [0, 0, 16, 15.5], "texture": "#2"},
				"down": {"uv": [0, 9.75, 1.75, 16], "texture": "#2"}
			}
		},
		{
			"from": [0.42188, 1.24609, 2.85938],
			"to": [0.85938, 1.32031, 3.29297],
			"rotation": {"angle": -45, "axis": "y", "origin": [0, 0, -0.125]},
			"faces": {
				"north": {"uv": [7, 4.5, 8.75, 9.5], "texture": "#3"},
				"east": {"uv": [7, 4.5, 8.75, 9.5], "texture": "#3"},
				"south": {"uv": [7, 4.5, 8.75, 9.5], "texture": "#3"},
				"west": {"uv": [7, 4.5, 8.75, 9.5], "texture": "#3"},
				"up": {"uv": [0, 0, 9, 9], "texture": "#3"},
				"down": {"uv": [7, 4.5, 8.75, 10.75], "texture": "#3"}
			}
		},
		{
			"from": [0.27344, 1.24609, 0.20703],
			"to": [0.71094, 1.32031, 0.64063],
			"rotation": {"angle": -45, "axis": "y", "origin": [0, 0, -0.125]},
			"faces": {
				"north": {"uv": [7, 4.5, 8.75, 9.5], "texture": "#3"},
				"east": {"uv": [7, 4.5, 8.75, 9.5], "texture": "#3"},
				"south": {"uv": [7, 4.5, 8.75, 9.5], "texture": "#3"},
				"west": {"uv": [7, 4.5, 8.75, 9.5], "texture": "#3"},
				"up": {"uv": [0, 0, 9, 9], "texture": "#3"},
				"down": {"uv": [7, 4.5, 8.75, 10.75], "texture": "#3"}
			}
		},
		{
			"from": [2.42969, 1.24609, 0.81641],
			"to": [2.86719, 1.32031, 1.25],
			"rotation": {"angle": -45, "axis": "y", "origin": [0, 0, -0.125]},
			"faces": {
				"north": {"uv": [7, 4.5, 8.75, 9.5], "texture": "#3"},
				"east": {"uv": [7, 4.5, 8.75, 9.5], "texture": "#3"},
				"south": {"uv": [7, 4.5, 8.75, 9.5], "texture": "#3"},
				"west": {"uv": [7, 4.5, 8.75, 9.5], "texture": "#3"},
				"up": {"uv": [0, 0, 9, 9], "texture": "#3"},
				"down": {"uv": [7, 4.5, 8.75, 10.75], "texture": "#3"}
			}
		},
		{
			"from": [0.29688, 1.25, 1.81641],
			"to": [1.20313, 1.84375, 2.25391],
			"rotation": {"angle": -22.5, "axis": "y", "origin": [0.30859, 0, 0.87891]},
			"faces": {
				"north": {"uv": [9, 7.5, 10.75, 10], "texture": "#1"},
				"east": {"uv": [9, 7.5, 10.75, 10], "texture": "#1"},
				"south": {"uv": [6, 8.5, 7.75, 11], "texture": "#1"},
				"west": {"uv": [8, 8, 9.75, 10.5], "texture": "#1"},
				"up": {"uv": [6.5, 5.5, 10.25, 8.25], "rotation": 270, "texture": "#1"},
				"down": {"uv": [8, 8, 9.75, 10.75], "rotation": 90, "texture": "#1"}
			}
		},
		{
			"from": [0.51563, 1.25, 2.25391],
			"to": [0.98438, 1.625, 2.56641],
			"rotation": {"angle": -22.5, "axis": "y", "origin": [0.30859, 0, 0.87891]},
			"faces": {
				"north": {"uv": [9, 7.5, 10.75, 10], "texture": "#1"},
				"east": {"uv": [9, 7.5, 10.75, 10], "texture": "#1"},
				"south": {"uv": [6, 8.5, 7.75, 11], "texture": "#1"},
				"west": {"uv": [8, 8, 9.75, 10.5], "texture": "#1"},
				"up": {"uv": [6.5, 5.5, 10.25, 8.25], "rotation": 270, "texture": "#1"},
				"down": {"uv": [8, 8, 9.75, 10.75], "rotation": 90, "texture": "#1"}
			}
		},
		{
			"from": [0.29688, 1.25, 1.25391],
			"to": [1.20313, 1.84375, 1.66016],
			"rotation": {"angle": -22.5, "axis": "y", "origin": [0.30859, 0, 0.87891]},
			"faces": {
				"north": {"uv": [9, 7.5, 10.75, 10], "texture": "#1"},
				"east": {"uv": [9, 7.5, 10.75, 10], "texture": "#1"},
				"south": {"uv": [6, 8.5, 7.75, 11], "texture": "#1"},
				"west": {"uv": [8, 8, 9.75, 10.5], "texture": "#1"},
				"up": {"uv": [6.5, 5.5, 10.25, 8.25], "rotation": 270, "texture": "#1"},
				"down": {"uv": [8, 8, 9.75, 10.75], "rotation": 90, "texture": "#1"}
			}
		},
		{
			"from": [0.29688, 1.25, 0.66016],
			"to": [1.20313, 1.84375, 1.09766],
			"rotation": {"angle": -22.5, "axis": "y", "origin": [0.30859, 0, 0.87891]},
			"faces": {
				"north": {"uv": [9, 7.5, 10.75, 10], "texture": "#1"},
				"east": {"uv": [9, 7.5, 10.75, 10], "texture": "#1"},
				"south": {"uv": [6, 8.5, 7.75, 11], "texture": "#1"},
				"west": {"uv": [8, 8, 9.75, 10.5], "texture": "#1"},
				"up": {"uv": [6.5, 5.5, 10.25, 8.25], "rotation": 270, "texture": "#1"},
				"down": {"uv": [8, 8, 9.75, 10.75], "rotation": 90, "texture": "#1"}
			}
		},
		{
			"from": [0.39063, 1.25, 1.03516],
			"to": [1.10938, 1.75, 1.87891],
			"rotation": {"angle": -22.5, "axis": "y", "origin": [0.30859, 0, 0.87891]},
			"faces": {
				"north": {"uv": [3.5, 0, 5.25, 1.5], "texture": "#1"},
				"east": {"uv": [3.5, 0, 5.25, 1.5], "texture": "#1"},
				"south": {"uv": [0, 0.5, 1.75, 1.5], "texture": "#1"},
				"west": {"uv": [2, 0, 3.75, 1], "texture": "#1"},
				"up": {"uv": [0.5, 0, 6.25, 1.75], "rotation": 270, "texture": "#1"},
				"down": {"uv": [2, 0, 3.75, 1.25], "rotation": 90, "texture": "#1"}
			}
		},
		{
			"from": [-0.95312, 1.25, 2.31641],
			"to": [-0.04687, 1.84375, 2.75391],
			"rotation": {"angle": -22.5, "axis": "y", "origin": [0.30859, 0, 0.87891]},
			"faces": {
				"north": {"uv": [9, 7.5, 10.75, 10], "texture": "#1"},
				"east": {"uv": [9, 7.5, 10.75, 10], "texture": "#1"},
				"south": {"uv": [6, 8.5, 7.75, 11], "texture": "#1"},
				"west": {"uv": [8, 8, 9.75, 10.5], "texture": "#1"},
				"up": {"uv": [6.5, 5.5, 10.25, 8.25], "rotation": 270, "texture": "#1"},
				"down": {"uv": [8, 8, 9.75, 10.75], "rotation": 90, "texture": "#1"}
			}
		},
		{
			"from": [-0.73437, 1.25, 2.75391],
			"to": [-0.26562, 1.625, 3.06641],
			"rotation": {"angle": -22.5, "axis": "y", "origin": [0.30859, 0, 0.87891]},
			"faces": {
				"north": {"uv": [9, 7.5, 10.75, 10], "texture": "#1"},
				"east": {"uv": [9, 7.5, 10.75, 10], "texture": "#1"},
				"south": {"uv": [6, 8.5, 7.75, 11], "texture": "#1"},
				"west": {"uv": [8, 8, 9.75, 10.5], "texture": "#1"},
				"up": {"uv": [6.5, 5.5, 10.25, 8.25], "rotation": 270, "texture": "#1"},
				"down": {"uv": [8, 8, 9.75, 10.75], "rotation": 90, "texture": "#1"}
			}
		},
		{
			"from": [-0.95312, 1.25, 1.75391],
			"to": [-0.04687, 1.84375, 2.16016],
			"rotation": {"angle": -22.5, "axis": "y", "origin": [0.30859, 0, 0.87891]},
			"faces": {
				"north": {"uv": [9, 7.5, 10.75, 10], "texture": "#1"},
				"east": {"uv": [9, 7.5, 10.75, 10], "texture": "#1"},
				"south": {"uv": [6, 8.5, 7.75, 11], "texture": "#1"},
				"west": {"uv": [8, 8, 9.75, 10.5], "texture": "#1"},
				"up": {"uv": [6.5, 5.5, 10.25, 8.25], "rotation": 270, "texture": "#1"},
				"down": {"uv": [8, 8, 9.75, 10.75], "rotation": 90, "texture": "#1"}
			}
		},
		{
			"from": [-0.95312, 1.25, 1.16016],
			"to": [-0.04687, 1.84375, 1.59766],
			"rotation": {"angle": -22.5, "axis": "y", "origin": [0.30859, 0, 0.87891]},
			"faces": {
				"north": {"uv": [9, 7.5, 10.75, 10], "texture": "#1"},
				"east": {"uv": [9, 7.5, 10.75, 10], "texture": "#1"},
				"south": {"uv": [6, 8.5, 7.75, 11], "texture": "#1"},
				"west": {"uv": [8, 8, 9.75, 10.5], "texture": "#1"},
				"up": {"uv": [6.5, 5.5, 10.25, 8.25], "rotation": 270, "texture": "#1"},
				"down": {"uv": [8, 8, 9.75, 10.75], "rotation": 90, "texture": "#1"}
			}
		},
		{
			"from": [-0.85937, 1.25, 1.53516],
			"to": [-0.14062, 1.75, 2.37891],
			"rotation": {"angle": -22.5, "axis": "y", "origin": [0.30859, 0, 0.87891]},
			"faces": {
				"north": {"uv": [3.5, 0, 5.25, 1.5], "texture": "#1"},
				"east": {"uv": [3.5, 0, 5.25, 1.5], "texture": "#1"},
				"south": {"uv": [0, 0.5, 1.75, 1.5], "texture": "#1"},
				"west": {"uv": [2, 0, 3.75, 1], "texture": "#1"},
				"up": {"uv": [0.5, 0, 6.25, 1.75], "rotation": 270, "texture": "#1"},
				"down": {"uv": [2, 0, 3.75, 1.25], "rotation": 90, "texture": "#1"}
			}
		},
		{
			"from": [-2.20312, 1.25, 2.81641],
			"to": [-1.29687, 1.84375, 3.25391],
			"rotation": {"angle": -22.5, "axis": "y", "origin": [0.30859, 0, 0.87891]},
			"faces": {
				"north": {"uv": [9, 7.5, 10.75, 10], "texture": "#1"},
				"east": {"uv": [9, 7.5, 10.75, 10], "texture": "#1"},
				"south": {"uv": [6, 8.5, 7.75, 11], "texture": "#1"},
				"west": {"uv": [8, 8, 9.75, 10.5], "texture": "#1"},
				"up": {"uv": [6.5, 5.5, 10.25, 8.25], "rotation": 270, "texture": "#1"},
				"down": {"uv": [8, 8, 9.75, 10.75], "rotation": 90, "texture": "#1"}
			}
		},
		{
			"from": [-1.98437, 1.25, 3.25391],
			"to": [-1.51562, 1.625, 3.56641],
			"rotation": {"angle": -22.5, "axis": "y", "origin": [0.30859, 0, 0.87891]},
			"faces": {
				"north": {"uv": [9, 7.5, 10.75, 10], "texture": "#1"},
				"east": {"uv": [9, 7.5, 10.75, 10], "texture": "#1"},
				"south": {"uv": [6, 8.5, 7.75, 11], "texture": "#1"},
				"west": {"uv": [8, 8, 9.75, 10.5], "texture": "#1"},
				"up": {"uv": [6.5, 5.5, 10.25, 8.25], "rotation": 270, "texture": "#1"},
				"down": {"uv": [8, 8, 9.75, 10.75], "rotation": 90, "texture": "#1"}
			}
		},
		{
			"from": [-2.20312, 1.25, 2.25391],
			"to": [-1.29687, 1.84375, 2.66016],
			"rotation": {"angle": -22.5, "axis": "y", "origin": [0.30859, 0, 0.87891]},
			"faces": {
				"north": {"uv": [9, 7.5, 10.75, 10], "texture": "#1"},
				"east": {"uv": [9, 7.5, 10.75, 10], "texture": "#1"},
				"south": {"uv": [6, 8.5, 7.75, 11], "texture": "#1"},
				"west": {"uv": [8, 8, 9.75, 10.5], "texture": "#1"},
				"up": {"uv": [6.5, 5.5, 10.25, 8.25], "rotation": 270, "texture": "#1"},
				"down": {"uv": [8, 8, 9.75, 10.75], "rotation": 90, "texture": "#1"}
			}
		},
		{
			"from": [-2.20312, 1.25, 1.66016],
			"to": [-1.29687, 1.84375, 2.09766],
			"rotation": {"angle": -22.5, "axis": "y", "origin": [0.30859, 0, 0.87891]},
			"faces": {
				"north": {"uv": [9, 7.5, 10.75, 10], "texture": "#1"},
				"east": {"uv": [9, 7.5, 10.75, 10], "texture": "#1"},
				"south": {"uv": [6, 8.5, 7.75, 11], "texture": "#1"},
				"west": {"uv": [8, 8, 9.75, 10.5], "texture": "#1"},
				"up": {"uv": [6.5, 5.5, 10.25, 8.25], "rotation": 270, "texture": "#1"},
				"down": {"uv": [8, 8, 9.75, 10.75], "rotation": 90, "texture": "#1"}
			}
		},
		{
			"from": [-2.10937, 1.25, 2.03516],
			"to": [-1.39062, 1.75, 2.87891],
			"rotation": {"angle": -22.5, "axis": "y", "origin": [0.30859, 0, 0.87891]},
			"faces": {
				"north": {"uv": [3.5, 0, 5.25, 1.5], "texture": "#1"},
				"east": {"uv": [3.5, 0, 5.25, 1.5], "texture": "#1"},
				"south": {"uv": [0, 0.5, 1.75, 1.5], "texture": "#1"},
				"west": {"uv": [2, 0, 3.75, 1], "texture": "#1"},
				"up": {"uv": [0.5, 0, 6.25, 1.75], "rotation": 270, "texture": "#1"},
				"down": {"uv": [2, 0, 3.75, 1.25], "rotation": 90, "texture": "#1"}
			}
		}
	],
	"display": {
		"thirdperson_righthand": {
			"rotation": [68, 0, 0],
			"translation": [22, -5, 21.25],
			"scale": [2.5, 2.5, 2.5]
		},
		"thirdperson_lefthand": {
			"rotation": [68, 0, 0],
			"translation": [-22, -5, 21.25],
			"scale": [2.5, 2.5, 2.5]
		},
		"firstperson_righthand": {
			"translation": [50, 9, 2],
			"scale": [4, 4, 4]
		},
		"firstperson_lefthand": {
			"translation": [-6, 9, 2],
			"scale": [4, 4, 4]
		},
		"gui": {
			"rotation": [45, 45, 0],
			"translation": [26, 14.5, 0],
			"scale": [2.4, 2.4, 2.4]
		},
		"head": {
			"translation": [35.5, 21.5, 25.75],
			"scale": [4, 4, 4]
		}
	},
	"groups": [
		0,
		1,
		{
			"name": "group",
			"origin": [0, -3, 0],
			"color": 0,
			"children": []
		},
		{
			"name": "group",
			"origin": [0, -3, 0],
			"color": 0,
			"children": []
		},
		{
			"name": "group",
			"origin": [0, 0, 0],
			"color": 0,
			"children": [2, 3, 4]
		},
		{
			"name": "group",
			"origin": [0, 0, 0],
			"color": 0,
			"children": []
		},
		{
			"name": "group",
			"origin": [0, 0, 0],
			"color": 0,
			"children": [5, 6, 7, 8, 9]
		},
		{
			"name": "group",
			"origin": [0, 0, 0],
			"color": 0,
			"children": [10, 11, 12, 13, 14]
		},
		{
			"name": "group",
			"origin": [0, 0, 0],
			"color": 0,
			"children": [15, 16, 17, 18, 19]
		}
	]
}