{
	"credit": "Made with Blockbench",
	"textures": {
		"0": "block/mushroom_block_inside",
		"1": "block/brown_terracotta",
		"2": "block/big_dripleaf_top",
		"3": "block/yellow_concrete_powder",
		"4": "block/red_mushroom_block",
		"particle": "block/mushroom_block_inside"
	},
	"elements": [
		{
			"from": [0.125, 0.25, 0.15625],
			"to": [2.125, 0.5, 2.15625],
			"faces": {
				"north": {"uv": [7, 4.5, 8.75, 9.5], "texture": "#1"},
				"east": {"uv": [7, 4.5, 8.75, 9.5], "texture": "#1"},
				"south": {"uv": [7, 4.5, 8.75, 9.5], "texture": "#1"},
				"west": {"uv": [7, 4.5, 8.75, 9.5], "texture": "#1"},
				"up": {"uv": [7, 4.5, 8.75, 10.75], "texture": "#1"},
				"down": {"uv": [7, 4.5, 8.75, 10.75], "texture": "#1"}
			}
		},
		{
			"from": [-0.42578, 0.75, 0.44922],
			"to": [1.57422, 0.84766, 2.44922],
			"rotation": {"angle": 22.5, "axis": "y", "origin": [0, 0, 0]},
			"faces": {
				"north": {"uv": [7, 4.5, 8.75, 9.5], "texture": "#3"},
				"east": {"uv": [7, 4.5, 8.75, 9.5], "texture": "#3"},
				"south": {"uv": [7, 4.5, 8.75, 9.5], "texture": "#3"},
				"west": {"uv": [7, 4.5, 8.75, 9.5], "texture": "#3"},
				"up": {"uv": [7, 4.5, 8.75, 10.75], "texture": "#3"},
				"down": {"uv": [7, 4.5, 8.75, 10.75], "texture": "#3"}
			}
		},
		{
			"from": [0.24219, 0.82813, 0.20703],
			"to": [1.94922, 0.98438, 1.82813],
			"faces": {
				"north": {"uv": [7, 4.5, 8.75, 9.5], "texture": "#4"},
				"east": {"uv": [7, 4.5, 8.75, 9.5], "texture": "#4"},
				"south": {"uv": [7, 4.5, 8.75, 9.5], "texture": "#4"},
				"west": {"uv": [7, 4.5, 8.75, 9.5], "texture": "#4"},
				"up": {"uv": [7, 4.5, 8.75, 10.75], "texture": "#4"},
				"down": {"uv": [7, 4.5, 8.75, 10.75], "texture": "#4"}
			}
		},
		{
			"from": [-0.07422, 0.5, 0.07031],
			"to": [2.13281, 0.75, 2.21875],
			"faces": {
				"north": {"uv": [2, 1.5, 5.5, 5.5], "texture": "#2"},
				"east": {"uv": [9, 7, 13, 13.5], "texture": "#2"},
				"south": {"uv": [2, 8.5, 5.5, 13.5], "texture": "#2"},
				"west": {"uv": [9, 1.5, 13, 6.5], "texture": "#2"},
				"up": {"uv": [2, 1.5, 13, 13.5], "texture": "#2"},
				"down": {"uv": [2, 1.5, 13, 13.5], "texture": "#2"}
			}
		},
		{
			"from": [-0.17187, 0.96484, 0.25781],
			"to": [0.03125, 1.375, 2.00781],
			"rotation": {"angle": 0, "axis": "y", "origin": [1.12109, 1, 0]},
			"faces": {
				"north": {"uv": [7, 4.5, 8.75, 9.5], "texture": "#0"},
				"east": {"uv": [7, 4.5, 8.75, 9.5], "texture": "#0"},
				"south": {"uv": [7, 4.5, 8.75, 9.5], "texture": "#0"},
				"west": {"uv": [7, 4.5, 8.75, 9.5], "texture": "#0"},
				"up": {"uv": [7, 4.5, 8.75, 10.75], "rotation": 270, "texture": "#0"},
				"down": {"uv": [7, 4.5, 8.75, 10.75], "rotation": 90, "texture": "#0"}
			}
		},
		{
			"from": [0, 0.96484, 0],
			"to": [2.25, 1.375, 2.25],
			"faces": {
				"north": {"uv": [7, 4.5, 8.75, 9.5], "texture": "#0"},
				"east": {"uv": [7, 4.5, 8.75, 9.5], "texture": "#0"},
				"south": {"uv": [7, 4.5, 8.75, 9.5], "texture": "#0"},
				"west": {"uv": [7, 4.5, 8.75, 9.5], "texture": "#0"},
				"up": {"uv": [7, 4.5, 8.75, 10.75], "texture": "#0"},
				"down": {"uv": [7, 4.5, 8.75, 10.75], "texture": "#0"}
			}
		},
		{
			"from": [0.25, 0.96484, 2.25],
			"to": [2, 1.375, 2.44141],
			"rotation": {"angle": 0, "axis": "y", "origin": [1.12109, 1, 0]},
			"faces": {
				"north": {"uv": [7, 4.5, 8.75, 9.5], "texture": "#0"},
				"east": {"uv": [7, 4.5, 8.75, 9.5], "texture": "#0"},
				"south": {"uv": [7, 4.5, 8.75, 9.5], "texture": "#0"},
				"west": {"uv": [7, 4.5, 8.75, 9.5], "texture": "#0"},
				"up": {"uv": [7, 4.5, 8.75, 10.75], "texture": "#0"},
				"down": {"uv": [7, 4.5, 8.75, 10.75], "texture": "#0"}
			}
		},
		{
			"from": [2.23438, 0.96484, 0.25781],
			"to": [2.42188, 1.375, 2.00781],
			"rotation": {"angle": 0, "axis": "y", "origin": [1.12109, 1, 0]},
			"faces": {
				"north": {"uv": [7, 4.5, 8.75, 9.5], "texture": "#0"},
				"east": {"uv": [7, 4.5, 8.75, 9.5], "texture": "#0"},
				"south": {"uv": [7, 4.5, 8.75, 9.5], "texture": "#0"},
				"west": {"uv": [7, 4.5, 8.75, 9.5], "texture": "#0"},
				"up": {"uv": [7, 4.5, 8.75, 10.75], "rotation": 270, "texture": "#0"},
				"down": {"uv": [7, 4.5, 8.75, 10.75], "rotation": 90, "texture": "#0"}
			}
		},
		{
			"from": [0.25, 0.96484, -0.19141],
			"to": [2, 1.375, 0],
			"rotation": {"angle": 0, "axis": "y", "origin": [1.12109, 1, 0]},
			"faces": {
				"north": {"uv": [7, 4.5, 8.75, 9.5], "texture": "#0"},
				"east": {"uv": [7, 4.5, 8.75, 9.5], "texture": "#0"},
				"south": {"uv": [7, 4.5, 8.75, 9.5], "texture": "#0"},
				"west": {"uv": [7, 4.5, 8.75, 9.5], "texture": "#0"},
				"up": {"uv": [7, 4.5, 8.75, 10.75], "texture": "#0"},
				"down": {"uv": [7, 4.5, 8.75, 10.75], "texture": "#0"}
			}
		},
		{
			"from": [0.25, 1.34766, 0.25],
			"to": [2, 1.60547, 2],
			"faces": {
				"north": {"uv": [7, 4.5, 8.75, 9.5], "texture": "#0"},
				"east": {"uv": [7, 4.5, 8.75, 9.5], "texture": "#0"},
				"south": {"uv": [7, 4.5, 8.75, 9.5], "texture": "#0"},
				"west": {"uv": [7, 4.5, 8.75, 9.5], "texture": "#0"},
				"up": {"uv": [7, 4.5, 8.75, 10.75], "texture": "#0"},
				"down": {"uv": [7, 4.5, 8.75, 10.75], "texture": "#0"}
			}
		},
		{
			"from": [-0.17187, -0.14844, 0.25781],
			"to": [0.03125, 0.26172, 2.00781],
			"rotation": {"angle": 0, "axis": "y", "origin": [1.12109, 15, 0]},
			"faces": {
				"north": {"uv": [7, 9.5, 8.75, 4.5], "texture": "#0"},
				"east": {"uv": [7, 9.5, 8.75, 4.5], "texture": "#0"},
				"south": {"uv": [7, 9.5, 8.75, 4.5], "texture": "#0"},
				"west": {"uv": [7, 9.5, 8.75, 4.5], "texture": "#0"},
				"up": {"uv": [8.75, 4.5, 7, 10.75], "rotation": 90, "texture": "#0"},
				"down": {"uv": [8.75, 4.5, 7, 10.75], "rotation": 270, "texture": "#0"}
			}
		},
		{
			"from": [0, -0.14844, 0],
			"to": [2.25, 0.26172, 2.25],
			"rotation": {"angle": 0, "axis": "y", "origin": [0, 16, 0]},
			"faces": {
				"north": {"uv": [7, 9.5, 8.75, 4.5], "texture": "#0"},
				"east": {"uv": [7, 9.5, 8.75, 4.5], "texture": "#0"},
				"south": {"uv": [7, 9.5, 8.75, 4.5], "texture": "#0"},
				"west": {"uv": [7, 9.5, 8.75, 4.5], "texture": "#0"},
				"up": {"uv": [7, 10.75, 8.75, 4.5], "texture": "#0"},
				"down": {"uv": [7, 10.75, 8.75, 4.5], "texture": "#0"}
			}
		},
		{
			"from": [0.25, -0.14844, 2.25],
			"to": [2, 0.26172, 2.44141],
			"rotation": {"angle": 0, "axis": "y", "origin": [1.12109, 15, 0]},
			"faces": {
				"north": {"uv": [7, 9.5, 8.75, 4.5], "texture": "#0"},
				"east": {"uv": [7, 9.5, 8.75, 4.5], "texture": "#0"},
				"south": {"uv": [7, 9.5, 8.75, 4.5], "texture": "#0"},
				"west": {"uv": [7, 9.5, 8.75, 4.5], "texture": "#0"},
				"up": {"uv": [7, 10.75, 8.75, 4.5], "texture": "#0"},
				"down": {"uv": [7, 10.75, 8.75, 4.5], "texture": "#0"}
			}
		},
		{
			"from": [2.23438, -0.14844, 0.25781],
			"to": [2.42188, 0.26172, 2.00781],
			"rotation": {"angle": 0, "axis": "y", "origin": [1.12109, 15, 0]},
			"faces": {
				"north": {"uv": [7, 9.5, 8.75, 4.5], "texture": "#0"},
				"east": {"uv": [7, 9.5, 8.75, 4.5], "texture": "#0"},
				"south": {"uv": [7, 9.5, 8.75, 4.5], "texture": "#0"},
				"west": {"uv": [7, 9.5, 8.75, 4.5], "texture": "#0"},
				"up": {"uv": [8.75, 4.5, 7, 10.75], "rotation": 90, "texture": "#0"},
				"down": {"uv": [8.75, 4.5, 7, 10.75], "rotation": 270, "texture": "#0"}
			}
		},
		{
			"from": [0.25, -0.14844, -0.19141],
			"to": [2, 0.26172, 0],
			"rotation": {"angle": 0, "axis": "y", "origin": [1.12109, 15, 0]},
			"faces": {
				"north": {"uv": [7, 9.5, 8.75, 4.5], "texture": "#0"},
				"east": {"uv": [7, 9.5, 8.75, 4.5], "texture": "#0"},
				"south": {"uv": [7, 9.5, 8.75, 4.5], "texture": "#0"},
				"west": {"uv": [7, 9.5, 8.75, 4.5], "texture": "#0"},
				"up": {"uv": [7, 10.75, 8.75, 4.5], "texture": "#0"},
				"down": {"uv": [7, 10.75, 8.75, 4.5], "texture": "#0"}
			}
		},
		{
			"from": [0.25, -0.37891, 0.25],
			"to": [2, -0.12109, 2],
			"rotation": {"angle": 0, "axis": "y", "origin": [0, 16, 0]},
			"faces": {
				"north": {"uv": [7, 9.5, 8.75, 4.5], "texture": "#0"},
				"east": {"uv": [7, 9.5, 8.75, 4.5], "texture": "#0"},
				"south": {"uv": [7, 9.5, 8.75, 4.5], "texture": "#0"},
				"west": {"uv": [7, 9.5, 8.75, 4.5], "texture": "#0"},
				"up": {"uv": [7, 10.75, 8.75, 4.5], "texture": "#0"},
				"down": {"uv": [7, 10.75, 8.75, 4.5], "texture": "#0"}
			}
		}
	],
	"display": {
		"thirdperson_righthand": {
			"rotation": [68, 0, 0],
			"translation": [10.25, -4.25, 14],
			"scale": [1.5, 1.5, 1.5]
		},
		"thirdperson_lefthand": {
			"rotation": [68, 0, 0],
			"translation": [-10.25, -4.25, 14],
			"scale": [1.5, 1.5, 1.5]
		},
		"firstperson_righthand": {
			"translation": [50, 6, 2],
			"scale": [4, 4, 4]
		},
		"firstperson_lefthand": {
			"translation": [-4.75, 5.75, 2],
			"scale": [4, 4, 4]
		},
		"gui": {
			"rotation": [19.75, 43, 0],
			"translation": [39, 27.25, 0],
			"scale": [4, 4, 4]
		},
		"head": {
			"translation": [20.5, 20.5, 20.5],
			"scale": [3, 3, 3]
		}
	},
	"groups": [
		0,
		1,
		2,
		3,
		{
			"name": "group",
			"origin": [0, 0, 0],
			"color": 0,
			"children": [4, 5, 6, 7, 8, 9]
		},
		{
			"name": "group",
			"origin": [0, 0, 0],
			"color": 0,
			"children": [10, 11, 12, 13, 14, 15]
		}
	]
}