{
	"credit": "Made with Blockbench",
	"textures": {
		"0": "block/black_concrete_powder",
		"1": "block/bamboo_large_leaves",
		"2": "block/moss_block",
		"3": "block/azalea_side",
		"4": "item/apple",
		"particle": "block/black_concrete_powder"
	},
	"elements": [
		{
			"from": [-0.75, -3, -0.25],
			"to": [2.5, -2.5, 3],
			"faces": {
				"north": {"uv": [10, 16, 0, 0], "texture": "#0"},
				"east": {"uv": [10, 16, 0, 0], "texture": "#0"},
				"south": {"uv": [10, 16, 0, 0], "texture": "#0"},
				"west": {"uv": [10, 16, 0, 0], "texture": "#0"},
				"up": {"uv": [10, 16, 0, 0], "texture": "#0"},
				"down": {"uv": [7, 10.5, 0, 0], "texture": "#0"}
			}
		},
		{
			"from": [-1.25, -2.5, -0.75],
			"to": [3, -1.5, 3.5],
			"faces": {
				"north": {"uv": [3, 0, 10, 16], "texture": "#0"},
				"east": {"uv": [3, 0, 10, 16], "texture": "#0"},
				"south": {"uv": [3, 0, 10, 16], "texture": "#0"},
				"west": {"uv": [3, 0, 10, 16], "texture": "#0"},
				"up": {"uv": [3, 0, 10, 16], "texture": "#0"},
				"down": {"uv": [3, 0, 10, 16], "texture": "#0"}
			}
		},
		{
			"from": [-1, -1.5, -0.5],
			"to": [2.75, -1.45312, 3.25],
			"faces": {
				"north": {"uv": [2, 1, 13, 14.5], "texture": "#2"},
				"east": {"uv": [2, 1, 13, 14.5], "texture": "#2"},
				"south": {"uv": [2, 1, 13, 14.5], "texture": "#2"},
				"west": {"uv": [2, 1, 13, 14.5], "texture": "#2"},
				"up": {"uv": [2, 1, 13, 14.5], "texture": "#2"},
				"down": {"uv": [2, 1, 13, 14.5], "texture": "#2"}
			}
		},
		{
			"from": [-1, -1.5, -0.5],
			"to": [2.75, -1, 3.25],
			"faces": {
				"north": {"uv": [2, 1, 13, 14.5], "texture": "#1"},
				"east": {"uv": [2, 1, 13, 14.5], "texture": "#1"},
				"south": {"uv": [2, 1, 13, 14.5], "texture": "#1"},
				"west": {"uv": [2, 1, 13, 14.5], "texture": "#1"},
				"up": {"uv": [2, 1, 13, 14.5], "texture": "#1"},
				"down": {"uv": [2, 1, 13, 14.5], "texture": "#1"}
			}
		},
		{
			"from": [-1.04297, -0.25, 2.92578],
			"to": [2.70703, 1, 3.17578],
			"rotation": {"angle": 22.5, "axis": "x", "origin": [-0.04297, -0.5, -0.07422]},
			"faces": {
				"north": {"uv": [0, 0, 16, 11], "rotation": 180, "texture": "#3"},
				"east": {"uv": [0, 13, 2, 0], "texture": "#3"},
				"south": {"uv": [0, 11, 16, 0], "texture": "#3"},
				"west": {"uv": [12.5, 0, 16, 13], "rotation": 180, "texture": "#3"},
				"up": {"uv": [0, 13, 7.5, 16], "texture": "#3"},
				"down": {"uv": [0, 0, 16, 0.5], "rotation": 180, "texture": "#3"}
			}
		},
		{
			"from": [-1.04297, -1.5, -0.57422],
			"to": [-0.79297, -0.25, 3.17578],
			"rotation": {"angle": 22.5, "axis": "z", "origin": [-0.04297, -0.5, -0.07422]},
			"faces": {
				"north": {"uv": [12.5, 0, 16, 13], "rotation": 180, "texture": "#3"},
				"east": {"uv": [0, 0, 16, 11], "rotation": 180, "texture": "#3"},
				"south": {"uv": [0, 13, 2, 0], "texture": "#3"},
				"west": {"uv": [0, 11, 16, 0], "texture": "#3"},
				"up": {"uv": [0, 13, 7.5, 16], "rotation": 90, "texture": "#3"},
				"down": {"uv": [0, 0, 16, 0.5], "rotation": 90, "texture": "#3"}
			}
		},
		{
			"from": [2.45703, -0.5, -0.57422],
			"to": [2.70703, 0.75, 3.17578],
			"rotation": {"angle": -22.5, "axis": "z", "origin": [-0.04297, -0.5, -0.07422]},
			"faces": {
				"north": {"uv": [12.5, 0, 16, 13], "rotation": 180, "texture": "#3"},
				"east": {"uv": [0, 0, 16, 11], "rotation": 180, "texture": "#3"},
				"south": {"uv": [0, 13, 2, 0], "texture": "#3"},
				"west": {"uv": [0, 11, 16, 0], "texture": "#3"},
				"up": {"uv": [0, 13, 7.5, 16], "rotation": 90, "texture": "#3"},
				"down": {"uv": [0, 0, 16, 0.5], "rotation": 90, "texture": "#3"}
			}
		},
		{
			"from": [-0.29297, -1.5, -0.57422],
			"to": [-0.04297, -0.25, 3.17578],
			"rotation": {"angle": 22.5, "axis": "y", "origin": [-0.04297, -0.5, -0.07422]},
			"faces": {
				"north": {"uv": [12.5, 0, 16, 13], "rotation": 180, "texture": "#3"},
				"east": {"uv": [0, 0, 16, 11], "rotation": 180, "texture": "#3"},
				"south": {"uv": [0, 13, 2, 0], "texture": "#3"},
				"west": {"uv": [0, 11, 16, 0], "texture": "#3"},
				"up": {"uv": [0, 13, 7.5, 16], "rotation": 90, "texture": "#3"},
				"down": {"uv": [0, 0, 16, 0.5], "rotation": 90, "texture": "#3"}
			}
		},
		{
			"from": [2.20703, -1.5, -1.32422],
			"to": [2.45703, -0.25, 2.42578],
			"rotation": {"angle": -22.5, "axis": "y", "origin": [-0.04297, -0.5, -0.07422]},
			"faces": {
				"north": {"uv": [12.5, 0, 16, 13], "rotation": 180, "texture": "#3"},
				"east": {"uv": [0, 0, 16, 11], "rotation": 180, "texture": "#3"},
				"south": {"uv": [0, 13, 2, 0], "texture": "#3"},
				"west": {"uv": [0, 11, 16, 0], "texture": "#3"},
				"up": {"uv": [0, 13, 7.5, 16], "rotation": 90, "texture": "#3"},
				"down": {"uv": [0, 0, 16, 0.5], "rotation": 90, "texture": "#3"}
			}
		},
		{
			"from": [1.45703, -1.18359, 1.42578],
			"to": [1.95703, -0.68359, 1.92578],
			"rotation": {"angle": -45, "axis": "y", "origin": [1.45703, -1, 1.92578]},
			"faces": {
				"north": {"uv": [4, 5.5, 11.5, 13], "rotation": 180, "texture": "#4"},
				"east": {"uv": [4, 5.5, 11.5, 13], "rotation": 180, "texture": "#4"},
				"south": {"uv": [4, 13, 11.5, 5.5], "texture": "#4"},
				"west": {"uv": [4, 13, 11.5, 5.5], "texture": "#4"},
				"up": {"uv": [4, 5.5, 11.5, 13], "rotation": 90, "texture": "#4"},
				"down": {"uv": [4, 5.5, 11.5, 13], "rotation": 90, "texture": "#4"}
			}
		},
		{
			"from": [-0.54297, -1.33203, 1.42578],
			"to": [-0.04297, -0.83203, 1.92578],
			"rotation": {"angle": 22.5, "axis": "x", "origin": [1.45703, -1, 1.92578]},
			"faces": {
				"north": {"uv": [4, 5.5, 11.5, 13], "rotation": 180, "texture": "#4"},
				"east": {"uv": [4, 5.5, 11.5, 13], "rotation": 180, "texture": "#4"},
				"south": {"uv": [4, 13, 11.5, 5.5], "texture": "#4"},
				"west": {"uv": [4, 13, 11.5, 5.5], "texture": "#4"},
				"up": {"uv": [4, 5.5, 11.5, 13], "rotation": 90, "texture": "#4"},
				"down": {"uv": [4, 5.5, 11.5, 13], "rotation": 90, "texture": "#4"}
			}
		},
		{
			"from": [0.95703, -1.23437, 0.17578],
			"to": [1.45703, -0.73437, 0.67578],
			"rotation": {"angle": 22.5, "axis": "z", "origin": [1.45703, -1, 1.92578]},
			"faces": {
				"north": {"uv": [4, 5.5, 11.5, 13], "rotation": 270, "texture": "#4"},
				"east": {"uv": [4, 5.5, 11.5, 13], "texture": "#4"},
				"south": {"uv": [4, 13, 11.5, 5.5], "rotation": 270, "texture": "#4"},
				"west": {"uv": [4, 5.5, 11.5, 13], "texture": "#4"},
				"up": {"uv": [4, 5.5, 11.5, 13], "rotation": 90, "texture": "#4"},
				"down": {"uv": [4, 13, 11.5, 5.5], "rotation": 270, "texture": "#4"}
			}
		},
		{
			"from": [-1.04297, -1.5, -0.57422],
			"to": [2.70703, -0.25, -0.32422],
			"rotation": {"angle": -22.5, "axis": "x", "origin": [-0.04297, -0.5, -0.07422]},
			"faces": {
				"north": {"uv": [0, 0, 16, 11], "rotation": 180, "texture": "#3"},
				"east": {"uv": [0, 13, 2, 0], "texture": "#3"},
				"south": {"uv": [0, 11, 16, 0], "texture": "#3"},
				"west": {"uv": [12.5, 0, 16, 13], "rotation": 180, "texture": "#3"},
				"up": {"uv": [0, 13, 7.5, 16], "texture": "#3"},
				"down": {"uv": [0, 0, 16, 0.5], "rotation": 180, "texture": "#3"}
			}
		},
		{
			"from": [-0.75, -2, -1.25],
			"to": [2.5, -1.5, -0.75],
			"faces": {
				"north": {"uv": [5.5, 3, 0, 0], "texture": "#0"},
				"east": {"uv": [5.5, 3, 0, 0], "texture": "#0"},
				"south": {"uv": [5.5, 3, 0, 0], "texture": "#0"},
				"west": {"uv": [5.5, 3, 0, 0], "texture": "#0"},
				"up": {"uv": [5.5, 3, 0, 0], "texture": "#0"},
				"down": {"uv": [5.5, 3, 0, 0], "texture": "#0"}
			}
		},
		{
			"from": [-0.75, -2, 3.5],
			"to": [2.5, -1.5, 4],
			"faces": {
				"north": {"uv": [5.5, 7, 0, 0], "texture": "#0"},
				"east": {"uv": [5.5, 7, 0, 0], "texture": "#0"},
				"south": {"uv": [5.5, 7, 0, 0], "texture": "#0"},
				"west": {"uv": [5.5, 7, 0, 0], "texture": "#0"},
				"up": {"uv": [5.5, 7, 0, 0], "texture": "#0"},
				"down": {"uv": [5.5, 7, 0, 0], "texture": "#0"}
			}
		},
		{
			"from": [-1.75, -2, -0.25],
			"to": [-1.25, -1.5, 3],
			"faces": {
				"north": {"uv": [5, 7.5, 0, 0], "texture": "#0"},
				"east": {"uv": [5, 7.5, 0, 0], "texture": "#0"},
				"south": {"uv": [5, 7.5, 0, 0], "texture": "#0"},
				"west": {"uv": [5, 7.5, 0, 0], "texture": "#0"},
				"up": {"uv": [5, 7.5, 0, 0], "texture": "#0"},
				"down": {"uv": [5, 7.5, 0, 0], "texture": "#0"}
			}
		},
		{
			"from": [3, -2, -0.25],
			"to": [3.5, -1.5, 3],
			"faces": {
				"north": {"uv": [5, 5, 0, 0], "texture": "#0"},
				"east": {"uv": [5, 5, 0, 0], "texture": "#0"},
				"south": {"uv": [5, 5, 0, 0], "texture": "#0"},
				"west": {"uv": [5, 5, 0, 0], "texture": "#0"},
				"up": {"uv": [5, 5, 0, 0], "texture": "#0"},
				"down": {"uv": [5, 5, 0, 0], "texture": "#0"}
			}
		}
	],
	"display": {
		"thirdperson_righthand": {
			"rotation": [68, 0, 0],
			"translation": [14.25, -0.75, 22.25],
			"scale": [2, 2, 2]
		},
		"thirdperson_lefthand": {
			"rotation": [68, 0, 0],
			"translation": [-14, -1.25, 21.25],
			"scale": [2, 2, 2]
		},
		"firstperson_righthand": {
			"translation": [50, 6, 2],
			"scale": [4, 4, 4]
		},
		"firstperson_lefthand": {
			"translation": [-4.75, 5.75, 2],
			"scale": [4, 4, 4]
		},
		"gui": {
			"rotation": [22.3, -12.08, 4.88],
			"translation": [9.25, 12.5, 0],
			"scale": [2, 2, 2]
		},
		"head": {
			"translation": [21.5, 28, 19.75],
			"scale": [3, 3, 3]
		}
	}
}