{
	"credit": "Made with Blockbench",
	"textures": {
		"0": "block/white_terracotta",
		"1": "block/cyan_concrete_powder",
		"2": "block/cyan_concrete",
		"3": "block/lime_concrete_powder",
		"4": "block/orange_concrete_powder",
		"5": "block/pink_concrete_powder",
		"6": "block/yellow_concrete_powder",
		"7": "block/lime_concrete",
		"8": "block/orange_concrete",
		"9": "block/pink_concrete",
		"10": "block/yellow_concrete",
		"particle": "block/white_terracotta"
	},
	"elements": [
		{
			"from": [0.03125, 2.25, 0.75],
			"to": [0.28125, 3.25, 1.75],
			"rotation": {"angle": 0, "axis": "x", "origin": [1, 3, 4.75]},
			"faces": {
				"north": {"uv": [7, 4.5, 8.75, 10.75], "rotation": 270, "texture": "#1"},
				"east": {"uv": [7, 4.5, 8.75, 9.5], "rotation": 270, "texture": "#1"},
				"south": {"uv": [7, 4.5, 8.75, 10.75], "rotation": 270, "texture": "#1"},
				"west": {"uv": [7, 4.5, 8.75, 9.5], "rotation": 90, "texture": "#1"},
				"up": {"uv": [7, 4.5, 8.75, 9.5], "rotation": 180, "texture": "#1"},
				"down": {"uv": [7, 4.5, 8.75, 9.5], "texture": "#1"}
			}
		},
		{
			"from": [0.03125, 2.34375, 0.90625],
			"to": [0.28125, 2.53125, 1.59375],
			"rotation": {"angle": 0, "axis": "x", "origin": [1, 3, 4.75]},
			"faces": {
				"north": {"uv": [7, 4.5, 8.75, 10.75], "rotation": 270, "texture": "#1"},
				"east": {"uv": [7, 4.5, 8.75, 9.5], "rotation": 270, "texture": "#1"},
				"south": {"uv": [7, 4.5, 8.75, 10.75], "rotation": 270, "texture": "#1"},
				"west": {"uv": [7, 4.5, 8.75, 9.5], "rotation": 90, "texture": "#1"},
				"up": {"uv": [7, 4.5, 8.75, 9.5], "rotation": 180, "texture": "#1"},
				"down": {"uv": [7, 4.5, 8.75, 9.5], "texture": "#1"}
			}
		},
		{
			"from": [0.03125, 3.25, 0.90625],
			"to": [0.28125, 3.4375, 1.59375],
			"rotation": {"angle": 0, "axis": "x", "origin": [1, 3, 4.75]},
			"faces": {
				"north": {"uv": [7, 4.5, 8.75, 10.75], "rotation": 270, "texture": "#1"},
				"east": {"uv": [7, 4.5, 8.75, 9.5], "rotation": 270, "texture": "#1"},
				"south": {"uv": [7, 4.5, 8.75, 10.75], "rotation": 270, "texture": "#1"},
				"west": {"uv": [7, 4.5, 8.75, 9.5], "rotation": 90, "texture": "#1"},
				"up": {"uv": [7, 4.5, 8.75, 9.5], "rotation": 180, "texture": "#1"},
				"down": {"uv": [7, 4.5, 8.75, 9.5], "texture": "#1"}
			}
		},
		{
			"from": [0.03125, 2.40625, 0.5625],
			"to": [0.28125, 3.09375, 0.75],
			"rotation": {"angle": 0, "axis": "y", "origin": [1, 3, 4.75]},
			"faces": {
				"north": {"uv": [7, 4.5, 8.75, 9.5], "texture": "#1"},
				"east": {"uv": [7, 4.5, 8.75, 9.5], "texture": "#1"},
				"south": {"uv": [7, 4.5, 8.75, 9.5], "texture": "#1"},
				"west": {"uv": [7, 4.5, 8.75, 9.5], "texture": "#1"},
				"up": {"uv": [7, 4.5, 8.75, 10.75], "rotation": 270, "texture": "#1"},
				"down": {"uv": [7, 4.5, 8.75, 10.75], "rotation": 90, "texture": "#1"}
			}
		},
		{
			"from": [0.03125, 2.40625, 1.75],
			"to": [0.28125, 3.09375, 1.9375],
			"rotation": {"angle": 0, "axis": "y", "origin": [1, 3, 4.75]},
			"faces": {
				"north": {"uv": [7, 4.5, 8.75, 9.5], "texture": "#1"},
				"east": {"uv": [7, 4.5, 8.75, 9.5], "texture": "#1"},
				"south": {"uv": [7, 4.5, 8.75, 9.5], "texture": "#1"},
				"west": {"uv": [7, 4.5, 8.75, 9.5], "texture": "#1"},
				"up": {"uv": [7, 4.5, 8.75, 10.75], "rotation": 270, "texture": "#1"},
				"down": {"uv": [7, 4.5, 8.75, 10.75], "rotation": 90, "texture": "#1"}
			}
		},
		{
			"from": [-0.0625, 2.28125, 0.78125],
			"to": [0.03125, 3.21875, 1.71875],
			"rotation": {"angle": 0, "axis": "x", "origin": [1, 3, 4.75]},
			"faces": {
				"north": {"uv": [7, 4.5, 8.75, 10.75], "rotation": 270, "texture": "#2"},
				"east": {"uv": [7, 4.5, 8.75, 9.5], "rotation": 270, "texture": "#2"},
				"south": {"uv": [7, 4.5, 8.75, 10.75], "rotation": 270, "texture": "#2"},
				"west": {"uv": [7, 4.5, 8.75, 9.5], "rotation": 90, "texture": "#2"},
				"up": {"uv": [7, 4.5, 8.75, 9.5], "rotation": 180, "texture": "#2"},
				"down": {"uv": [7, 4.5, 8.75, 9.5], "texture": "#2"}
			}
		},
		{
			"from": [-0.3125, 2.40625, 1.75],
			"to": [-0.0625, 3.09375, 1.9375],
			"rotation": {"angle": 0, "axis": "y", "origin": [1, 3, 4.75]},
			"faces": {
				"north": {"uv": [7, 4.5, 8.75, 9.5], "texture": "#1"},
				"east": {"uv": [7, 4.5, 8.75, 9.5], "texture": "#1"},
				"south": {"uv": [7, 4.5, 8.75, 9.5], "texture": "#1"},
				"west": {"uv": [7, 4.5, 8.75, 9.5], "texture": "#1"},
				"up": {"uv": [7, 4.5, 8.75, 10.75], "rotation": 270, "texture": "#1"},
				"down": {"uv": [7, 4.5, 8.75, 10.75], "rotation": 90, "texture": "#1"}
			}
		},
		{
			"from": [-0.3125, 2.40625, 0.5625],
			"to": [-0.0625, 3.09375, 0.75],
			"rotation": {"angle": 0, "axis": "y", "origin": [1, 3, 4.75]},
			"faces": {
				"north": {"uv": [7, 4.5, 8.75, 9.5], "texture": "#1"},
				"east": {"uv": [7, 4.5, 8.75, 9.5], "texture": "#1"},
				"south": {"uv": [7, 4.5, 8.75, 9.5], "texture": "#1"},
				"west": {"uv": [7, 4.5, 8.75, 9.5], "texture": "#1"},
				"up": {"uv": [7, 4.5, 8.75, 10.75], "rotation": 270, "texture": "#1"},
				"down": {"uv": [7, 4.5, 8.75, 10.75], "rotation": 90, "texture": "#1"}
			}
		},
		{
			"from": [-0.3125, 3.25, 0.90625],
			"to": [-0.0625, 3.4375, 1.59375],
			"rotation": {"angle": 0, "axis": "x", "origin": [1, 3, 4.75]},
			"faces": {
				"north": {"uv": [7, 4.5, 8.75, 10.75], "rotation": 270, "texture": "#1"},
				"east": {"uv": [7, 4.5, 8.75, 9.5], "rotation": 270, "texture": "#1"},
				"south": {"uv": [7, 4.5, 8.75, 10.75], "rotation": 270, "texture": "#1"},
				"west": {"uv": [7, 4.5, 8.75, 9.5], "rotation": 90, "texture": "#1"},
				"up": {"uv": [7, 4.5, 8.75, 9.5], "rotation": 180, "texture": "#1"},
				"down": {"uv": [7, 4.5, 8.75, 9.5], "texture": "#1"}
			}
		},
		{
			"from": [-0.3125, 2.25, 0.75],
			"to": [-0.0625, 3.25, 1.75],
			"rotation": {"angle": 0, "axis": "x", "origin": [1, 3, 4.75]},
			"faces": {
				"north": {"uv": [7, 4.5, 8.75, 10.75], "rotation": 270, "texture": "#1"},
				"east": {"uv": [7, 4.5, 8.75, 9.5], "rotation": 270, "texture": "#1"},
				"south": {"uv": [7, 4.5, 8.75, 10.75], "rotation": 270, "texture": "#1"},
				"west": {"uv": [7, 4.5, 8.75, 9.5], "rotation": 90, "texture": "#1"},
				"up": {"uv": [7, 4.5, 8.75, 9.5], "rotation": 180, "texture": "#1"},
				"down": {"uv": [7, 4.5, 8.75, 9.5], "texture": "#1"}
			}
		},
		{
			"from": [-0.625, 2.21875, 0.71875],
			"to": [-0.375, 3.21875, 1.71875],
			"rotation": {"angle": 0, "axis": "x", "origin": [1, 3, 4.75]},
			"faces": {
				"north": {"uv": [7, 4.5, 8.75, 10.75], "rotation": 270, "texture": "#6"},
				"east": {"uv": [7, 4.5, 8.75, 9.5], "rotation": 270, "texture": "#6"},
				"south": {"uv": [7, 4.5, 8.75, 10.75], "rotation": 270, "texture": "#6"},
				"west": {"uv": [7, 4.5, 8.75, 9.5], "rotation": 90, "texture": "#6"},
				"up": {"uv": [7, 4.5, 8.75, 9.5], "rotation": 180, "texture": "#6"},
				"down": {"uv": [7, 4.5, 8.75, 9.5], "texture": "#6"}
			}
		},
		{
			"from": [-0.625, 2.3125, 0.875],
			"to": [-0.375, 2.5, 1.5625],
			"rotation": {"angle": 0, "axis": "x", "origin": [1, 3, 4.75]},
			"faces": {
				"north": {"uv": [7, 4.5, 8.75, 10.75], "rotation": 270, "texture": "#6"},
				"east": {"uv": [7, 4.5, 8.75, 9.5], "rotation": 270, "texture": "#6"},
				"south": {"uv": [7, 4.5, 8.75, 10.75], "rotation": 270, "texture": "#6"},
				"west": {"uv": [7, 4.5, 8.75, 9.5], "rotation": 90, "texture": "#6"},
				"up": {"uv": [7, 4.5, 8.75, 9.5], "rotation": 180, "texture": "#6"},
				"down": {"uv": [7, 4.5, 8.75, 9.5], "texture": "#6"}
			}
		},
		{
			"from": [-0.625, 3.21875, 0.875],
			"to": [-0.375, 3.40625, 1.5625],
			"rotation": {"angle": 0, "axis": "x", "origin": [1, 3, 4.75]},
			"faces": {
				"north": {"uv": [7, 4.5, 8.75, 10.75], "rotation": 270, "texture": "#6"},
				"east": {"uv": [7, 4.5, 8.75, 9.5], "rotation": 270, "texture": "#6"},
				"south": {"uv": [7, 4.5, 8.75, 10.75], "rotation": 270, "texture": "#6"},
				"west": {"uv": [7, 4.5, 8.75, 9.5], "rotation": 90, "texture": "#6"},
				"up": {"uv": [7, 4.5, 8.75, 9.5], "rotation": 180, "texture": "#6"},
				"down": {"uv": [7, 4.5, 8.75, 9.5], "texture": "#6"}
			}
		},
		{
			"from": [-0.625, 2.375, 0.53125],
			"to": [-0.375, 3.0625, 0.71875],
			"rotation": {"angle": 0, "axis": "y", "origin": [1, 3, 4.75]},
			"faces": {
				"north": {"uv": [7, 4.5, 8.75, 9.5], "texture": "#6"},
				"east": {"uv": [7, 4.5, 8.75, 9.5], "texture": "#6"},
				"south": {"uv": [7, 4.5, 8.75, 9.5], "texture": "#6"},
				"west": {"uv": [7, 4.5, 8.75, 9.5], "texture": "#6"},
				"up": {"uv": [7, 4.5, 8.75, 10.75], "rotation": 270, "texture": "#6"},
				"down": {"uv": [7, 4.5, 8.75, 10.75], "rotation": 90, "texture": "#6"}
			}
		},
		{
			"from": [-0.625, 2.375, 1.71875],
			"to": [-0.375, 3.0625, 1.90625],
			"rotation": {"angle": 0, "axis": "y", "origin": [1, 3, 4.75]},
			"faces": {
				"north": {"uv": [7, 4.5, 8.75, 9.5], "texture": "#6"},
				"east": {"uv": [7, 4.5, 8.75, 9.5], "texture": "#6"},
				"south": {"uv": [7, 4.5, 8.75, 9.5], "texture": "#6"},
				"west": {"uv": [7, 4.5, 8.75, 9.5], "texture": "#6"},
				"up": {"uv": [7, 4.5, 8.75, 10.75], "rotation": 270, "texture": "#6"},
				"down": {"uv": [7, 4.5, 8.75, 10.75], "rotation": 90, "texture": "#6"}
			}
		},
		{
			"from": [-0.71875, 2.25, 0.75],
			"to": [-0.625, 3.1875, 1.6875],
			"rotation": {"angle": 0, "axis": "x", "origin": [1, 3, 4.75]},
			"faces": {
				"north": {"uv": [7, 4.5, 8.75, 10.75], "rotation": 270, "texture": "#10"},
				"east": {"uv": [7, 4.5, 8.75, 9.5], "rotation": 270, "texture": "#10"},
				"south": {"uv": [7, 4.5, 8.75, 10.75], "rotation": 270, "texture": "#10"},
				"west": {"uv": [7, 4.5, 8.75, 9.5], "rotation": 90, "texture": "#10"},
				"up": {"uv": [7, 4.5, 8.75, 9.5], "rotation": 180, "texture": "#10"},
				"down": {"uv": [7, 4.5, 8.75, 9.5], "texture": "#10"}
			}
		},
		{
			"from": [-0.96875, 2.375, 1.71875],
			"to": [-0.71875, 3.0625, 1.90625],
			"rotation": {"angle": 0, "axis": "y", "origin": [1, 3, 4.75]},
			"faces": {
				"north": {"uv": [7, 4.5, 8.75, 9.5], "texture": "#6"},
				"east": {"uv": [7, 4.5, 8.75, 9.5], "texture": "#6"},
				"south": {"uv": [7, 4.5, 8.75, 9.5], "texture": "#6"},
				"west": {"uv": [7, 4.5, 8.75, 9.5], "texture": "#6"},
				"up": {"uv": [7, 4.5, 8.75, 10.75], "rotation": 270, "texture": "#6"},
				"down": {"uv": [7, 4.5, 8.75, 10.75], "rotation": 90, "texture": "#6"}
			}
		},
		{
			"from": [-0.96875, 2.375, 0.53125],
			"to": [-0.71875, 3.0625, 0.71875],
			"rotation": {"angle": 0, "axis": "y", "origin": [1, 3, 4.75]},
			"faces": {
				"north": {"uv": [7, 4.5, 8.75, 9.5], "texture": "#6"},
				"east": {"uv": [7, 4.5, 8.75, 9.5], "texture": "#6"},
				"south": {"uv": [7, 4.5, 8.75, 9.5], "texture": "#6"},
				"west": {"uv": [7, 4.5, 8.75, 9.5], "texture": "#6"},
				"up": {"uv": [7, 4.5, 8.75, 10.75], "rotation": 270, "texture": "#6"},
				"down": {"uv": [7, 4.5, 8.75, 10.75], "rotation": 90, "texture": "#6"}
			}
		},
		{
			"from": [-0.96875, 3.21875, 0.875],
			"to": [-0.71875, 3.40625, 1.5625],
			"rotation": {"angle": 0, "axis": "x", "origin": [1, 3, 4.75]},
			"faces": {
				"north": {"uv": [7, 4.5, 8.75, 10.75], "rotation": 270, "texture": "#6"},
				"east": {"uv": [7, 4.5, 8.75, 9.5], "rotation": 270, "texture": "#6"},
				"south": {"uv": [7, 4.5, 8.75, 10.75], "rotation": 270, "texture": "#6"},
				"west": {"uv": [7, 4.5, 8.75, 9.5], "rotation": 90, "texture": "#6"},
				"up": {"uv": [7, 4.5, 8.75, 9.5], "rotation": 180, "texture": "#6"},
				"down": {"uv": [7, 4.5, 8.75, 9.5], "texture": "#6"}
			}
		},
		{
			"from": [-0.96875, 2.21875, 0.71875],
			"to": [-0.71875, 3.21875, 1.71875],
			"rotation": {"angle": 0, "axis": "x", "origin": [1, 3, 4.75]},
			"faces": {
				"north": {"uv": [7, 4.5, 8.75, 10.75], "rotation": 270, "texture": "#6"},
				"east": {"uv": [7, 4.5, 8.75, 9.5], "rotation": 270, "texture": "#6"},
				"south": {"uv": [7, 4.5, 8.75, 10.75], "rotation": 270, "texture": "#6"},
				"west": {"uv": [7, 4.5, 8.75, 9.5], "rotation": 90, "texture": "#6"},
				"up": {"uv": [7, 4.5, 8.75, 9.5], "rotation": 180, "texture": "#6"},
				"down": {"uv": [7, 4.5, 8.75, 9.5], "texture": "#6"}
			}
		},
		{
			"from": [-1.28125, 2.1875, 0.78125],
			"to": [-1.03125, 3.1875, 1.78125],
			"rotation": {"angle": 0, "axis": "x", "origin": [1, 3, 4.75]},
			"faces": {
				"north": {"uv": [7, 4.5, 8.75, 10.75], "rotation": 270, "texture": "#5"},
				"east": {"uv": [7, 4.5, 8.75, 9.5], "rotation": 270, "texture": "#5"},
				"south": {"uv": [7, 4.5, 8.75, 10.75], "rotation": 270, "texture": "#5"},
				"west": {"uv": [7, 4.5, 8.75, 9.5], "rotation": 90, "texture": "#5"},
				"up": {"uv": [7, 4.5, 8.75, 9.5], "rotation": 180, "texture": "#5"},
				"down": {"uv": [7, 4.5, 8.75, 9.5], "texture": "#5"}
			}
		},
		{
			"from": [-1.28125, 2.28125, 0.9375],
			"to": [-1.03125, 2.46875, 1.625],
			"rotation": {"angle": 0, "axis": "x", "origin": [1, 3, 4.75]},
			"faces": {
				"north": {"uv": [7, 4.5, 8.75, 10.75], "rotation": 270, "texture": "#5"},
				"east": {"uv": [7, 4.5, 8.75, 9.5], "rotation": 270, "texture": "#5"},
				"south": {"uv": [7, 4.5, 8.75, 10.75], "rotation": 270, "texture": "#5"},
				"west": {"uv": [7, 4.5, 8.75, 9.5], "rotation": 90, "texture": "#5"},
				"up": {"uv": [7, 4.5, 8.75, 9.5], "rotation": 180, "texture": "#5"},
				"down": {"uv": [7, 4.5, 8.75, 9.5], "texture": "#5"}
			}
		},
		{
			"from": [-1.28125, 3.1875, 0.9375],
			"to": [-1.03125, 3.375, 1.625],
			"rotation": {"angle": 0, "axis": "x", "origin": [1, 3, 4.75]},
			"faces": {
				"north": {"uv": [7, 4.5, 8.75, 10.75], "rotation": 270, "texture": "#5"},
				"east": {"uv": [7, 4.5, 8.75, 9.5], "rotation": 270, "texture": "#5"},
				"south": {"uv": [7, 4.5, 8.75, 10.75], "rotation": 270, "texture": "#5"},
				"west": {"uv": [7, 4.5, 8.75, 9.5], "rotation": 90, "texture": "#5"},
				"up": {"uv": [7, 4.5, 8.75, 9.5], "rotation": 180, "texture": "#5"},
				"down": {"uv": [7, 4.5, 8.75, 9.5], "texture": "#5"}
			}
		},
		{
			"from": [-1.28125, 2.34375, 0.59375],
			"to": [-1.03125, 3.03125, 0.78125],
			"rotation": {"angle": 0, "axis": "y", "origin": [1, 3, 4.75]},
			"faces": {
				"north": {"uv": [7, 4.5, 8.75, 9.5], "texture": "#5"},
				"east": {"uv": [7, 4.5, 8.75, 9.5], "texture": "#5"},
				"south": {"uv": [7, 4.5, 8.75, 9.5], "texture": "#5"},
				"west": {"uv": [7, 4.5, 8.75, 9.5], "texture": "#5"},
				"up": {"uv": [7, 4.5, 8.75, 10.75], "rotation": 270, "texture": "#5"},
				"down": {"uv": [7, 4.5, 8.75, 10.75], "rotation": 90, "texture": "#5"}
			}
		},
		{
			"from": [-1.28125, 2.34375, 1.78125],
			"to": [-1.03125, 3.03125, 1.96875],
			"rotation": {"angle": 0, "axis": "y", "origin": [1, 3, 4.75]},
			"faces": {
				"north": {"uv": [7, 4.5, 8.75, 9.5], "texture": "#5"},
				"east": {"uv": [7, 4.5, 8.75, 9.5], "texture": "#5"},
				"south": {"uv": [7, 4.5, 8.75, 9.5], "texture": "#5"},
				"west": {"uv": [7, 4.5, 8.75, 9.5], "texture": "#5"},
				"up": {"uv": [7, 4.5, 8.75, 10.75], "rotation": 270, "texture": "#5"},
				"down": {"uv": [7, 4.5, 8.75, 10.75], "rotation": 90, "texture": "#5"}
			}
		},
		{
			"from": [-1.375, 2.21875, 0.8125],
			"to": [-1.28125, 3.15625, 1.75],
			"rotation": {"angle": 0, "axis": "x", "origin": [1, 3, 4.75]},
			"faces": {
				"north": {"uv": [7, 4.5, 8.75, 10.75], "rotation": 270, "texture": "#9"},
				"east": {"uv": [7, 4.5, 8.75, 9.5], "rotation": 270, "texture": "#9"},
				"south": {"uv": [7, 4.5, 8.75, 10.75], "rotation": 270, "texture": "#9"},
				"west": {"uv": [7, 4.5, 8.75, 9.5], "rotation": 90, "texture": "#9"},
				"up": {"uv": [7, 4.5, 8.75, 9.5], "rotation": 180, "texture": "#9"},
				"down": {"uv": [7, 4.5, 8.75, 9.5], "texture": "#9"}
			}
		},
		{
			"from": [-1.625, 2.34375, 1.78125],
			"to": [-1.375, 3.03125, 1.96875],
			"rotation": {"angle": 0, "axis": "y", "origin": [1, 3, 4.75]},
			"faces": {
				"north": {"uv": [7, 4.5, 8.75, 9.5], "texture": "#5"},
				"east": {"uv": [7, 4.5, 8.75, 9.5], "texture": "#5"},
				"south": {"uv": [7, 4.5, 8.75, 9.5], "texture": "#5"},
				"west": {"uv": [7, 4.5, 8.75, 9.5], "texture": "#5"},
				"up": {"uv": [7, 4.5, 8.75, 10.75], "rotation": 270, "texture": "#5"},
				"down": {"uv": [7, 4.5, 8.75, 10.75], "rotation": 90, "texture": "#5"}
			}
		},
		{
			"from": [-1.625, 2.34375, 0.59375],
			"to": [-1.375, 3.03125, 0.78125],
			"rotation": {"angle": 0, "axis": "y", "origin": [1, 3, 4.75]},
			"faces": {
				"north": {"uv": [7, 4.5, 8.75, 9.5], "texture": "#5"},
				"east": {"uv": [7, 4.5, 8.75, 9.5], "texture": "#5"},
				"south": {"uv": [7, 4.5, 8.75, 9.5], "texture": "#5"},
				"west": {"uv": [7, 4.5, 8.75, 9.5], "texture": "#5"},
				"up": {"uv": [7, 4.5, 8.75, 10.75], "rotation": 270, "texture": "#5"},
				"down": {"uv": [7, 4.5, 8.75, 10.75], "rotation": 90, "texture": "#5"}
			}
		},
		{
			"from": [-1.625, 3.1875, 0.9375],
			"to": [-1.375, 3.375, 1.625],
			"rotation": {"angle": 0, "axis": "x", "origin": [1, 3, 4.75]},
			"faces": {
				"north": {"uv": [7, 4.5, 8.75, 10.75], "rotation": 270, "texture": "#5"},
				"east": {"uv": [7, 4.5, 8.75, 9.5], "rotation": 270, "texture": "#5"},
				"south": {"uv": [7, 4.5, 8.75, 10.75], "rotation": 270, "texture": "#5"},
				"west": {"uv": [7, 4.5, 8.75, 9.5], "rotation": 90, "texture": "#5"},
				"up": {"uv": [7, 4.5, 8.75, 9.5], "rotation": 180, "texture": "#5"},
				"down": {"uv": [7, 4.5, 8.75, 9.5], "texture": "#5"}
			}
		},
		{
			"from": [-1.625, 2.1875, 0.78125],
			"to": [-1.375, 3.1875, 1.78125],
			"rotation": {"angle": 0, "axis": "x", "origin": [1, 3, 4.75]},
			"faces": {
				"north": {"uv": [7, 4.5, 8.75, 10.75], "rotation": 270, "texture": "#5"},
				"east": {"uv": [7, 4.5, 8.75, 9.5], "rotation": 270, "texture": "#5"},
				"south": {"uv": [7, 4.5, 8.75, 10.75], "rotation": 270, "texture": "#5"},
				"west": {"uv": [7, 4.5, 8.75, 9.5], "rotation": 90, "texture": "#5"},
				"up": {"uv": [7, 4.5, 8.75, 9.5], "rotation": 180, "texture": "#5"},
				"down": {"uv": [7, 4.5, 8.75, 9.5], "texture": "#5"}
			}
		},
		{
			"from": [-1.9375, 2.25, 0.71875],
			"to": [-1.6875, 3.25, 1.71875],
			"rotation": {"angle": 0, "axis": "x", "origin": [1, 3, 4.75]},
			"faces": {
				"north": {"uv": [7, 4.5, 8.75, 10.75], "rotation": 270, "texture": "#3"},
				"east": {"uv": [7, 4.5, 8.75, 9.5], "rotation": 270, "texture": "#3"},
				"south": {"uv": [7, 4.5, 8.75, 10.75], "rotation": 270, "texture": "#3"},
				"west": {"uv": [7, 4.5, 8.75, 9.5], "rotation": 90, "texture": "#3"},
				"up": {"uv": [7, 4.5, 8.75, 9.5], "rotation": 180, "texture": "#3"},
				"down": {"uv": [7, 4.5, 8.75, 9.5], "texture": "#3"}
			}
		},
		{
			"from": [-1.9375, 2.34375, 0.875],
			"to": [-1.6875, 2.53125, 1.5625],
			"rotation": {"angle": 0, "axis": "x", "origin": [1, 3, 4.75]},
			"faces": {
				"north": {"uv": [7, 4.5, 8.75, 10.75], "rotation": 270, "texture": "#3"},
				"east": {"uv": [7, 4.5, 8.75, 9.5], "rotation": 270, "texture": "#3"},
				"south": {"uv": [7, 4.5, 8.75, 10.75], "rotation": 270, "texture": "#3"},
				"west": {"uv": [7, 4.5, 8.75, 9.5], "rotation": 90, "texture": "#3"},
				"up": {"uv": [7, 4.5, 8.75, 9.5], "rotation": 180, "texture": "#3"},
				"down": {"uv": [7, 4.5, 8.75, 9.5], "texture": "#3"}
			}
		},
		{
			"from": [-1.9375, 3.25, 0.875],
			"to": [-1.6875, 3.4375, 1.5625],
			"rotation": {"angle": 0, "axis": "x", "origin": [1, 3, 4.75]},
			"faces": {
				"north": {"uv": [7, 4.5, 8.75, 10.75], "rotation": 270, "texture": "#3"},
				"east": {"uv": [7, 4.5, 8.75, 9.5], "rotation": 270, "texture": "#3"},
				"south": {"uv": [7, 4.5, 8.75, 10.75], "rotation": 270, "texture": "#3"},
				"west": {"uv": [7, 4.5, 8.75, 9.5], "rotation": 90, "texture": "#3"},
				"up": {"uv": [7, 4.5, 8.75, 9.5], "rotation": 180, "texture": "#3"},
				"down": {"uv": [7, 4.5, 8.75, 9.5], "texture": "#3"}
			}
		},
		{
			"from": [-1.9375, 2.40625, 0.53125],
			"to": [-1.6875, 3.09375, 0.71875],
			"rotation": {"angle": 0, "axis": "y", "origin": [1, 3, 4.75]},
			"faces": {
				"north": {"uv": [7, 4.5, 8.75, 9.5], "texture": "#3"},
				"east": {"uv": [7, 4.5, 8.75, 9.5], "texture": "#3"},
				"south": {"uv": [7, 4.5, 8.75, 9.5], "texture": "#3"},
				"west": {"uv": [7, 4.5, 8.75, 9.5], "texture": "#3"},
				"up": {"uv": [7, 4.5, 8.75, 10.75], "rotation": 270, "texture": "#3"},
				"down": {"uv": [7, 4.5, 8.75, 10.75], "rotation": 90, "texture": "#3"}
			}
		},
		{
			"from": [-1.9375, 2.40625, 1.71875],
			"to": [-1.6875, 3.09375, 1.90625],
			"rotation": {"angle": 0, "axis": "y", "origin": [1, 3, 4.75]},
			"faces": {
				"north": {"uv": [7, 4.5, 8.75, 9.5], "texture": "#3"},
				"east": {"uv": [7, 4.5, 8.75, 9.5], "texture": "#3"},
				"south": {"uv": [7, 4.5, 8.75, 9.5], "texture": "#3"},
				"west": {"uv": [7, 4.5, 8.75, 9.5], "texture": "#3"},
				"up": {"uv": [7, 4.5, 8.75, 10.75], "rotation": 270, "texture": "#3"},
				"down": {"uv": [7, 4.5, 8.75, 10.75], "rotation": 90, "texture": "#3"}
			}
		},
		{
			"from": [-2.03125, 2.28125, 0.75],
			"to": [-1.9375, 3.21875, 1.6875],
			"rotation": {"angle": 0, "axis": "x", "origin": [1, 3, 4.75]},
			"faces": {
				"north": {"uv": [7, 4.5, 8.75, 10.75], "rotation": 270, "texture": "#7"},
				"east": {"uv": [7, 4.5, 8.75, 9.5], "rotation": 270, "texture": "#7"},
				"south": {"uv": [7, 4.5, 8.75, 10.75], "rotation": 270, "texture": "#7"},
				"west": {"uv": [7, 4.5, 8.75, 9.5], "rotation": 90, "texture": "#7"},
				"up": {"uv": [7, 4.5, 8.75, 9.5], "rotation": 180, "texture": "#7"},
				"down": {"uv": [7, 4.5, 8.75, 9.5], "texture": "#7"}
			}
		},
		{
			"from": [-2.28125, 2.40625, 1.71875],
			"to": [-2.03125, 3.09375, 1.90625],
			"rotation": {"angle": 0, "axis": "y", "origin": [1, 3, 4.75]},
			"faces": {
				"north": {"uv": [7, 4.5, 8.75, 9.5], "texture": "#3"},
				"east": {"uv": [7, 4.5, 8.75, 9.5], "texture": "#3"},
				"south": {"uv": [7, 4.5, 8.75, 9.5], "texture": "#3"},
				"west": {"uv": [7, 4.5, 8.75, 9.5], "texture": "#3"},
				"up": {"uv": [7, 4.5, 8.75, 10.75], "rotation": 270, "texture": "#3"},
				"down": {"uv": [7, 4.5, 8.75, 10.75], "rotation": 90, "texture": "#3"}
			}
		},
		{
			"from": [-2.28125, 2.40625, 0.53125],
			"to": [-2.03125, 3.09375, 0.71875],
			"rotation": {"angle": 0, "axis": "y", "origin": [1, 3, 4.75]},
			"faces": {
				"north": {"uv": [7, 4.5, 8.75, 9.5], "texture": "#3"},
				"east": {"uv": [7, 4.5, 8.75, 9.5], "texture": "#3"},
				"south": {"uv": [7, 4.5, 8.75, 9.5], "texture": "#3"},
				"west": {"uv": [7, 4.5, 8.75, 9.5], "texture": "#3"},
				"up": {"uv": [7, 4.5, 8.75, 10.75], "rotation": 270, "texture": "#3"},
				"down": {"uv": [7, 4.5, 8.75, 10.75], "rotation": 90, "texture": "#3"}
			}
		},
		{
			"from": [-2.28125, 3.25, 0.875],
			"to": [-2.03125, 3.4375, 1.5625],
			"rotation": {"angle": 0, "axis": "x", "origin": [1, 3, 4.75]},
			"faces": {
				"north": {"uv": [7, 4.5, 8.75, 10.75], "rotation": 270, "texture": "#3"},
				"east": {"uv": [7, 4.5, 8.75, 9.5], "rotation": 270, "texture": "#3"},
				"south": {"uv": [7, 4.5, 8.75, 10.75], "rotation": 270, "texture": "#3"},
				"west": {"uv": [7, 4.5, 8.75, 9.5], "rotation": 90, "texture": "#3"},
				"up": {"uv": [7, 4.5, 8.75, 9.5], "rotation": 180, "texture": "#3"},
				"down": {"uv": [7, 4.5, 8.75, 9.5], "texture": "#3"}
			}
		},
		{
			"from": [-2.28125, 2.25, 0.71875],
			"to": [-2.03125, 3.25, 1.71875],
			"rotation": {"angle": 0, "axis": "x", "origin": [1, 3, 4.75]},
			"faces": {
				"north": {"uv": [7, 4.5, 8.75, 10.75], "rotation": 270, "texture": "#3"},
				"east": {"uv": [7, 4.5, 8.75, 9.5], "rotation": 270, "texture": "#3"},
				"south": {"uv": [7, 4.5, 8.75, 10.75], "rotation": 270, "texture": "#3"},
				"west": {"uv": [7, 4.5, 8.75, 9.5], "rotation": 90, "texture": "#3"},
				"up": {"uv": [7, 4.5, 8.75, 9.5], "rotation": 180, "texture": "#3"},
				"down": {"uv": [7, 4.5, 8.75, 9.5], "texture": "#3"}
			}
		},
		{
			"from": [-2.59375, 2.1875, 0.75],
			"to": [-2.34375, 3.1875, 1.75],
			"rotation": {"angle": 0, "axis": "x", "origin": [1, 3, 4.75]},
			"faces": {
				"north": {"uv": [7, 4.5, 8.75, 10.75], "rotation": 270, "texture": "#4"},
				"east": {"uv": [7, 4.5, 8.75, 9.5], "rotation": 270, "texture": "#4"},
				"south": {"uv": [7, 4.5, 8.75, 10.75], "rotation": 270, "texture": "#4"},
				"west": {"uv": [7, 4.5, 8.75, 9.5], "rotation": 90, "texture": "#4"},
				"up": {"uv": [7, 4.5, 8.75, 9.5], "rotation": 180, "texture": "#4"},
				"down": {"uv": [7, 4.5, 8.75, 9.5], "texture": "#4"}
			}
		},
		{
			"from": [-2.59375, 2.28125, 0.90625],
			"to": [-2.34375, 2.46875, 1.59375],
			"rotation": {"angle": 0, "axis": "x", "origin": [1, 3, 4.75]},
			"faces": {
				"north": {"uv": [7, 4.5, 8.75, 10.75], "rotation": 270, "texture": "#4"},
				"east": {"uv": [7, 4.5, 8.75, 9.5], "rotation": 270, "texture": "#4"},
				"south": {"uv": [7, 4.5, 8.75, 10.75], "rotation": 270, "texture": "#4"},
				"west": {"uv": [7, 4.5, 8.75, 9.5], "rotation": 90, "texture": "#4"},
				"up": {"uv": [7, 4.5, 8.75, 9.5], "rotation": 180, "texture": "#4"},
				"down": {"uv": [7, 4.5, 8.75, 9.5], "texture": "#4"}
			}
		},
		{
			"from": [-2.59375, 3.1875, 0.90625],
			"to": [-2.34375, 3.375, 1.59375],
			"rotation": {"angle": 0, "axis": "x", "origin": [1, 3, 4.75]},
			"faces": {
				"north": {"uv": [7, 4.5, 8.75, 10.75], "rotation": 270, "texture": "#4"},
				"east": {"uv": [7, 4.5, 8.75, 9.5], "rotation": 270, "texture": "#4"},
				"south": {"uv": [7, 4.5, 8.75, 10.75], "rotation": 270, "texture": "#4"},
				"west": {"uv": [7, 4.5, 8.75, 9.5], "rotation": 90, "texture": "#4"},
				"up": {"uv": [7, 4.5, 8.75, 9.5], "rotation": 180, "texture": "#4"},
				"down": {"uv": [7, 4.5, 8.75, 9.5], "texture": "#4"}
			}
		},
		{
			"from": [-2.59375, 2.34375, 0.5625],
			"to": [-2.34375, 3.03125, 0.75],
			"rotation": {"angle": 0, "axis": "y", "origin": [1, 3, 4.75]},
			"faces": {
				"north": {"uv": [7, 4.5, 8.75, 9.5], "texture": "#4"},
				"east": {"uv": [7, 4.5, 8.75, 9.5], "texture": "#4"},
				"south": {"uv": [7, 4.5, 8.75, 9.5], "texture": "#4"},
				"west": {"uv": [7, 4.5, 8.75, 9.5], "texture": "#4"},
				"up": {"uv": [7, 4.5, 8.75, 10.75], "rotation": 270, "texture": "#4"},
				"down": {"uv": [7, 4.5, 8.75, 10.75], "rotation": 90, "texture": "#4"}
			}
		},
		{
			"from": [-2.59375, 2.34375, 1.75],
			"to": [-2.34375, 3.03125, 1.9375],
			"rotation": {"angle": 0, "axis": "y", "origin": [1, 3, 4.75]},
			"faces": {
				"north": {"uv": [7, 4.5, 8.75, 9.5], "texture": "#4"},
				"east": {"uv": [7, 4.5, 8.75, 9.5], "texture": "#4"},
				"south": {"uv": [7, 4.5, 8.75, 9.5], "texture": "#4"},
				"west": {"uv": [7, 4.5, 8.75, 9.5], "texture": "#4"},
				"up": {"uv": [7, 4.5, 8.75, 10.75], "rotation": 270, "texture": "#4"},
				"down": {"uv": [7, 4.5, 8.75, 10.75], "rotation": 90, "texture": "#4"}
			}
		},
		{
			"from": [-2.6875, 2.21875, 0.78125],
			"to": [-2.59375, 3.15625, 1.71875],
			"rotation": {"angle": 0, "axis": "x", "origin": [1, 3, 4.75]},
			"faces": {
				"north": {"uv": [7, 4.5, 8.75, 10.75], "rotation": 270, "texture": "#8"},
				"east": {"uv": [7, 4.5, 8.75, 9.5], "rotation": 270, "texture": "#8"},
				"south": {"uv": [7, 4.5, 8.75, 10.75], "rotation": 270, "texture": "#8"},
				"west": {"uv": [7, 4.5, 8.75, 9.5], "rotation": 90, "texture": "#8"},
				"up": {"uv": [7, 4.5, 8.75, 9.5], "rotation": 180, "texture": "#8"},
				"down": {"uv": [7, 4.5, 8.75, 9.5], "texture": "#8"}
			}
		},
		{
			"from": [-2.9375, 2.34375, 1.75],
			"to": [-2.6875, 3.03125, 1.9375],
			"rotation": {"angle": 0, "axis": "y", "origin": [1, 3, 4.75]},
			"faces": {
				"north": {"uv": [7, 4.5, 8.75, 9.5], "texture": "#4"},
				"east": {"uv": [7, 4.5, 8.75, 9.5], "texture": "#4"},
				"south": {"uv": [7, 4.5, 8.75, 9.5], "texture": "#4"},
				"west": {"uv": [7, 4.5, 8.75, 9.5], "texture": "#4"},
				"up": {"uv": [7, 4.5, 8.75, 10.75], "rotation": 270, "texture": "#4"},
				"down": {"uv": [7, 4.5, 8.75, 10.75], "rotation": 90, "texture": "#4"}
			}
		},
		{
			"from": [-2.9375, 2.34375, 0.5625],
			"to": [-2.6875, 3.03125, 0.75],
			"rotation": {"angle": 0, "axis": "y", "origin": [1, 3, 4.75]},
			"faces": {
				"north": {"uv": [7, 4.5, 8.75, 9.5], "texture": "#4"},
				"east": {"uv": [7, 4.5, 8.75, 9.5], "texture": "#4"},
				"south": {"uv": [7, 4.5, 8.75, 9.5], "texture": "#4"},
				"west": {"uv": [7, 4.5, 8.75, 9.5], "texture": "#4"},
				"up": {"uv": [7, 4.5, 8.75, 10.75], "rotation": 270, "texture": "#4"},
				"down": {"uv": [7, 4.5, 8.75, 10.75], "rotation": 90, "texture": "#4"}
			}
		},
		{
			"from": [-2.9375, 3.1875, 0.90625],
			"to": [-2.6875, 3.375, 1.59375],
			"rotation": {"angle": 0, "axis": "x", "origin": [1, 3, 4.75]},
			"faces": {
				"north": {"uv": [7, 4.5, 8.75, 10.75], "rotation": 270, "texture": "#4"},
				"east": {"uv": [7, 4.5, 8.75, 9.5], "rotation": 270, "texture": "#4"},
				"south": {"uv": [7, 4.5, 8.75, 10.75], "rotation": 270, "texture": "#4"},
				"west": {"uv": [7, 4.5, 8.75, 9.5], "rotation": 90, "texture": "#4"},
				"up": {"uv": [7, 4.5, 8.75, 9.5], "rotation": 180, "texture": "#4"},
				"down": {"uv": [7, 4.5, 8.75, 9.5], "texture": "#4"}
			}
		},
		{
			"from": [-2.9375, 2.1875, 0.75],
			"to": [-2.6875, 3.1875, 1.75],
			"rotation": {"angle": 0, "axis": "x", "origin": [1, 3, 4.75]},
			"faces": {
				"north": {"uv": [7, 4.5, 8.75, 10.75], "rotation": 270, "texture": "#4"},
				"east": {"uv": [7, 4.5, 8.75, 9.5], "rotation": 270, "texture": "#4"},
				"south": {"uv": [7, 4.5, 8.75, 10.75], "rotation": 270, "texture": "#4"},
				"west": {"uv": [7, 4.5, 8.75, 9.5], "rotation": 90, "texture": "#4"},
				"up": {"uv": [7, 4.5, 8.75, 9.5], "rotation": 180, "texture": "#4"},
				"down": {"uv": [7, 4.5, 8.75, 9.5], "texture": "#4"}
			}
		},
		{
			"from": [0.34375, 2, 0.5],
			"to": [0.59375, 3, 2],
			"faces": {
				"north": {"uv": [2, 0.5, 8.75, 9.5], "rotation": 90, "texture": "#0"},
				"east": {"uv": [2, 0.5, 8.75, 10.75], "rotation": 180, "texture": "#0"},
				"south": {"uv": [2, 0.5, 8.75, 9.5], "rotation": 270, "texture": "#0"},
				"west": {"uv": [2, 0.5, 8.75, 10.75], "texture": "#0"},
				"up": {"uv": [2, 0.5, 8.75, 9.5], "rotation": 270, "texture": "#0"},
				"down": {"uv": [2, 0.5, 8.75, 9.5], "rotation": 270, "texture": "#0"}
			}
		},
		{
			"from": [-3.25, 2, 0.5],
			"to": [-3, 3, 2],
			"faces": {
				"north": {"uv": [2, 0.5, 8.75, 9.5], "rotation": 90, "texture": "#0"},
				"east": {"uv": [2, 0.5, 8.75, 10.75], "rotation": 180, "texture": "#0"},
				"south": {"uv": [2, 0.5, 8.75, 9.5], "rotation": 270, "texture": "#0"},
				"west": {"uv": [2, 0.5, 8.75, 10.75], "texture": "#0"},
				"up": {"uv": [2, 0.5, 8.75, 9.5], "rotation": 270, "texture": "#0"},
				"down": {"uv": [2, 0.5, 8.75, 9.5], "rotation": 270, "texture": "#0"}
			}
		},
		{
			"from": [-3.25, 2, 2],
			"to": [0.59375, 3, 2.25],
			"faces": {
				"north": {"uv": [2, 0.5, 8.75, 10.75], "rotation": 180, "texture": "#0"},
				"east": {"uv": [2, 0.5, 8.75, 9.5], "rotation": 270, "texture": "#0"},
				"south": {"uv": [2, 0.5, 8.75, 10.75], "texture": "#0"},
				"west": {"uv": [2, 0.5, 8.75, 9.5], "rotation": 90, "texture": "#0"},
				"up": {"uv": [2, 0.5, 8.75, 9.5], "rotation": 180, "texture": "#0"},
				"down": {"uv": [2, 0.5, 8.75, 9.5], "texture": "#0"}
			}
		},
		{
			"from": [-3.25, 2, 0.25],
			"to": [0.59375, 3, 0.5],
			"faces": {
				"north": {"uv": [2, 0.5, 8.75, 10.75], "rotation": 180, "texture": "#0"},
				"east": {"uv": [2, 0.5, 8.75, 9.5], "rotation": 270, "texture": "#0"},
				"south": {"uv": [2, 0.5, 8.75, 10.75], "texture": "#0"},
				"west": {"uv": [2, 0.5, 8.75, 9.5], "rotation": 90, "texture": "#0"},
				"up": {"uv": [2, 0.5, 8.75, 9.5], "rotation": 180, "texture": "#0"},
				"down": {"uv": [2, 0.5, 8.75, 9.5], "texture": "#0"}
			}
		},
		{
			"from": [-3.25, 1.75, 0.25],
			"to": [0.59375, 2, 2.25],
			"faces": {
				"north": {"uv": [2, 0.5, 8.75, 9.5], "texture": "#0"},
				"east": {"uv": [2, 0.5, 8.75, 9.5], "texture": "#0"},
				"south": {"uv": [2, 0.5, 8.75, 9.5], "texture": "#0"},
				"west": {"uv": [2, 0.5, 8.75, 9.5], "texture": "#0"},
				"up": {"uv": [2, 0.5, 8.75, 10.75], "texture": "#0"},
				"down": {"uv": [2, 0.5, 8.75, 10.75], "texture": "#0"}
			}
		}
	],
	"display": {
		"thirdperson_righthand": {
			"rotation": [68, 0, 0],
			"translation": [18.75, -6.75, 15.5],
			"scale": [2, 2, 2]
		},
		"thirdperson_lefthand": {
			"rotation": [68, 0, 0],
			"translation": [-18.5, -6.75, 15.5],
			"scale": [2, 2, 2]
		},
		"firstperson_righthand": {
			"translation": [50, 9, 2],
			"scale": [4, 4, 4]
		},
		"firstperson_lefthand": {
			"translation": [-6, 9, 2],
			"scale": [4, 4, 4]
		},
		"gui": {
			"rotation": [45, 45, 0],
			"translation": [31.75, 14.5, 0],
			"scale": [2.8, 2.8, 2.8]
		},
		"head": {
			"translation": [28, 10.5, 20.25],
			"scale": [3, 3, 3]
		}
	},
	"groups": [
		{
			"name": "group",
			"origin": [0, 0, 0],
			"color": 0,
			"children": [0, 1, 2, 3, 4, 5, 6, 7, 8, 9]
		},
		{
			"name": "group",
			"origin": [0, 0, 0],
			"color": 0,
			"children": [10, 11, 12, 13, 14, 15, 16, 17, 18, 19]
		},
		{
			"name": "group",
			"origin": [0, 0, 0],
			"color": 0,
			"children": [20, 21, 22, 23, 24, 25, 26, 27, 28, 29]
		},
		{
			"name": "group",
			"origin": [0, 0, 0],
			"color": 0,
			"children": [30, 31, 32, 33, 34, 35, 36, 37, 38, 39]
		},
		{
			"name": "group",
			"origin": [0, 0, 0],
			"color": 0,
			"children": [40, 41, 42, 43, 44, 45, 46, 47, 48, 49]
		},
		{
			"name": "group",
			"origin": [0, 0, 0],
			"color": 0,
			"children": [50, 51, 52, 53, 54]
		}
	]
}