{
	"credit": "Made with Blockbench",
	"textures": {
		"0": "block/red_mushroom_block",
		"1": "block/lime_concrete",
		"2": "block/blue_concrete",
		"3": "item/custom/mk/tl/buzz/mk-tl-buzz-blaster",
		"particle": "block/red_mushroom_block"
	},
	"elements": [
		{
			"from": [13, 2.5, 2.5],
			"to": [16.5, 7.5, 7.5],
			"rotation": {"angle": 0, "axis": "y", "origin": [13.5, 0, 0]},
			"faces": {
				"north": {"uv": [5.5, 5.5, 9, 10.5], "texture": "#0"},
				"east": {"uv": [5.5, 5.5, 10.5, 10.5], "texture": "#0"},
				"south": {"uv": [5.5, 5.5, 9, 10.5], "texture": "#0"},
				"west": {"uv": [5.5, 5.5, 10.5, 10.5], "texture": "#0"},
				"up": {"uv": [5.5, 5.5, 9, 10.5], "texture": "#0"},
				"down": {"uv": [5.5, 5.5, 9, 10.5], "texture": "#0"}
			}
		},
		{
			"from": [13, 2.5, 7.5],
			"to": [16, 7.5, 8],
			"rotation": {"angle": 0, "axis": "y", "origin": [13.5, 0, 0]},
			"faces": {
				"north": {"uv": [5.5, 5.5, 8.5, 10.5], "texture": "#0"},
				"east": {"uv": [5.5, 5.5, 6, 10.5], "texture": "#0"},
				"south": {"uv": [5.5, 5.5, 8.5, 10.5], "texture": "#0"},
				"west": {"uv": [5.5, 5.5, 6, 10.5], "texture": "#0"},
				"up": {"uv": [5.5, 5.5, 8.5, 6], "texture": "#0"},
				"down": {"uv": [5.5, 5.5, 8.5, 6], "texture": "#0"}
			}
		},
		{
			"from": [13, 7.5, 2.5],
			"to": [16, 8, 7.5],
			"rotation": {"angle": 0, "axis": "y", "origin": [13.5, 0, 0]},
			"faces": {
				"north": {"uv": [5.5, 5.5, 8.5, 6], "texture": "#0"},
				"east": {"uv": [5.5, 5.5, 10.5, 6], "texture": "#0"},
				"south": {"uv": [5.5, 5.5, 8.5, 6], "texture": "#0"},
				"west": {"uv": [5.5, 5.5, 10.5, 6], "texture": "#0"},
				"up": {"uv": [5.5, 5.5, 8.5, 10.5], "texture": "#0"},
				"down": {"uv": [5.5, 5.5, 8.5, 10.5], "texture": "#0"}
			}
		},
		{
			"from": [13, 2.5, 2],
			"to": [16, 7.5, 2.5],
			"rotation": {"angle": 0, "axis": "y", "origin": [13.5, 0, 0]},
			"faces": {
				"north": {"uv": [5.5, 5.5, 8.5, 10.5], "texture": "#0"},
				"east": {"uv": [5.5, 5.5, 6, 10.5], "texture": "#0"},
				"south": {"uv": [5.5, 5.5, 8.5, 10.5], "texture": "#0"},
				"west": {"uv": [5.5, 5.5, 6, 10.5], "texture": "#0"},
				"up": {"uv": [5.5, 5.5, 8.5, 6], "texture": "#0"},
				"down": {"uv": [5.5, 5.5, 8.5, 6], "texture": "#0"}
			}
		},
		{
			"from": [13, 2, 2.5],
			"to": [16, 2.5, 7.5],
			"rotation": {"angle": 0, "axis": "y", "origin": [13.5, 0, 0]},
			"faces": {
				"north": {"uv": [5.5, 5.5, 8.5, 6], "texture": "#0"},
				"east": {"uv": [5.5, 5.5, 10.5, 6], "texture": "#0"},
				"south": {"uv": [5.5, 5.5, 8.5, 6], "texture": "#0"},
				"west": {"uv": [5.5, 5.5, 10.5, 6], "texture": "#0"},
				"up": {"uv": [5.5, 5.5, 8.5, 10.5], "texture": "#0"},
				"down": {"uv": [5.5, 5.5, 8.5, 10.5], "texture": "#0"}
			}
		},
		{
			"from": [13, 8, 3],
			"to": [15.5, 8.5, 7],
			"rotation": {"angle": 0, "axis": "y", "origin": [13.5, 0, 0]},
			"faces": {
				"north": {"uv": [5.5, 5.5, 8, 6], "texture": "#0"},
				"east": {"uv": [5.5, 5.5, 9.5, 6], "texture": "#0"},
				"south": {"uv": [5.5, 5.5, 8, 6], "texture": "#0"},
				"west": {"uv": [5.5, 5.5, 9.5, 6], "texture": "#0"},
				"up": {"uv": [5.5, 5.5, 8, 9.5], "texture": "#0"},
				"down": {"uv": [5.5, 5.5, 8, 9.5], "texture": "#0"}
			}
		},
		{
			"from": [13, 3, 8],
			"to": [15.5, 7, 8.5],
			"rotation": {"angle": 0, "axis": "y", "origin": [13.5, 0, 0]},
			"faces": {
				"north": {"uv": [5.5, 5.5, 8, 9.5], "texture": "#0"},
				"east": {"uv": [5.5, 5.5, 6, 9.5], "texture": "#0"},
				"south": {"uv": [5.5, 5.5, 8, 9.5], "texture": "#0"},
				"west": {"uv": [5.5, 5.5, 6, 9.5], "texture": "#0"},
				"up": {"uv": [5.5, 5.5, 8, 6], "texture": "#0"},
				"down": {"uv": [5.5, 5.5, 8, 6], "texture": "#0"}
			}
		},
		{
			"from": [13, 3, 1.5],
			"to": [15.5, 7, 2],
			"rotation": {"angle": 0, "axis": "y", "origin": [13.5, 0, 0]},
			"faces": {
				"north": {"uv": [5.5, 5.5, 8, 9.5], "texture": "#0"},
				"east": {"uv": [5.5, 5.5, 6, 9.5], "texture": "#0"},
				"south": {"uv": [5.5, 5.5, 8, 9.5], "texture": "#0"},
				"west": {"uv": [5.5, 5.5, 6, 9.5], "texture": "#0"},
				"up": {"uv": [5.5, 5.5, 8, 6], "texture": "#0"},
				"down": {"uv": [5.5, 5.5, 8, 6], "texture": "#0"}
			}
		},
		{
			"from": [13, 1.5, 3],
			"to": [15.5, 2, 7],
			"rotation": {"angle": 0, "axis": "y", "origin": [13.5, 0, 0]},
			"faces": {
				"north": {"uv": [5.5, 5.5, 8, 6], "texture": "#0"},
				"east": {"uv": [5.5, 5.5, 9.5, 6], "texture": "#0"},
				"south": {"uv": [5.5, 5.5, 8, 6], "texture": "#0"},
				"west": {"uv": [5.5, 5.5, 9.5, 6], "texture": "#0"},
				"up": {"uv": [5.5, 5.5, 8, 9.5], "texture": "#0"},
				"down": {"uv": [5.5, 5.5, 8, 9.5], "texture": "#0"}
			}
		},
		{
			"from": [13, 8.5, 3.5],
			"to": [15, 9, 6.5],
			"rotation": {"angle": 0, "axis": "y", "origin": [13.5, 0, 0]},
			"faces": {
				"north": {"uv": [5.5, 5.5, 7.5, 6], "texture": "#0"},
				"east": {"uv": [5.5, 5.5, 8.5, 6], "texture": "#0"},
				"south": {"uv": [5.5, 5.5, 7.5, 6], "texture": "#0"},
				"west": {"uv": [5.5, 5.5, 8.5, 6], "texture": "#0"},
				"up": {"uv": [5.5, 5.5, 7.5, 8.5], "texture": "#0"},
				"down": {"uv": [5.5, 5.5, 7.5, 8.5], "texture": "#0"}
			}
		},
		{
			"from": [13, 3.5, 1],
			"to": [15, 6.5, 1.5],
			"rotation": {"angle": 0, "axis": "y", "origin": [13.5, 0, 0]},
			"faces": {
				"north": {"uv": [5.5, 5.5, 7.5, 8.5], "texture": "#0"},
				"east": {"uv": [5.5, 5.5, 6, 8.5], "texture": "#0"},
				"south": {"uv": [5.5, 5.5, 7.5, 8.5], "texture": "#0"},
				"west": {"uv": [5.5, 5.5, 6, 8.5], "texture": "#0"},
				"up": {"uv": [5.5, 5.5, 7.5, 6], "texture": "#0"},
				"down": {"uv": [5.5, 5.5, 7.5, 6], "texture": "#0"}
			}
		},
		{
			"from": [13, 1, 3.5],
			"to": [15, 1.5, 6.5],
			"rotation": {"angle": 0, "axis": "y", "origin": [13.5, 0, 0]},
			"faces": {
				"north": {"uv": [5.5, 5.5, 7.5, 6], "texture": "#0"},
				"east": {"uv": [5.5, 5.5, 8.5, 6], "texture": "#0"},
				"south": {"uv": [5.5, 5.5, 7.5, 6], "texture": "#0"},
				"west": {"uv": [5.5, 5.5, 8.5, 6], "texture": "#0"},
				"up": {"uv": [5.5, 5.5, 7.5, 8.5], "texture": "#0"},
				"down": {"uv": [5.5, 5.5, 7.5, 8.5], "texture": "#0"}
			}
		},
		{
			"from": [13, 3.5, 8.5],
			"to": [15, 6.5, 9],
			"rotation": {"angle": 0, "axis": "y", "origin": [13.5, 0, 0]},
			"faces": {
				"north": {"uv": [5.5, 5.5, 7.5, 8.5], "texture": "#0"},
				"east": {"uv": [5.5, 5.5, 6, 8.5], "texture": "#0"},
				"south": {"uv": [5.5, 5.5, 7.5, 8.5], "texture": "#0"},
				"west": {"uv": [5.5, 5.5, 6, 8.5], "texture": "#0"},
				"up": {"uv": [5.5, 5.5, 7.5, 6], "texture": "#0"},
				"down": {"uv": [5.5, 5.5, 7.5, 6], "texture": "#0"}
			}
		},
		{
			"from": [16.5, 3, 3],
			"to": [17, 7, 7],
			"rotation": {"angle": 0, "axis": "y", "origin": [13.5, 0, 0]},
			"faces": {
				"north": {"uv": [5.5, 5.5, 6, 9.5], "texture": "#0"},
				"east": {"uv": [5.5, 5.5, 9.5, 9.5], "texture": "#0"},
				"south": {"uv": [5.5, 5.5, 6, 9.5], "texture": "#0"},
				"west": {"uv": [5.5, 5.5, 9.5, 9.5], "texture": "#0"},
				"up": {"uv": [5.5, 5.5, 6, 9.5], "texture": "#0"},
				"down": {"uv": [5.5, 5.5, 6, 9.5], "texture": "#0"}
			}
		},
		{
			"from": [17, 3.5, 3.5],
			"to": [17.5, 6.5, 6.5],
			"rotation": {"angle": 0, "axis": "y", "origin": [13.5, 0, 0]},
			"faces": {
				"north": {"uv": [5.5, 5.5, 6, 8.5], "texture": "#0"},
				"east": {"uv": [5.5, 5.5, 8.5, 8.5], "texture": "#0"},
				"south": {"uv": [5.5, 5.5, 6, 8.5], "texture": "#0"},
				"west": {"uv": [5.5, 5.5, 8.5, 8.5], "texture": "#0"},
				"up": {"uv": [5.5, 5.5, 6, 8.5], "texture": "#0"},
				"down": {"uv": [5.5, 5.5, 6, 8.5], "texture": "#0"}
			}
		},
		{
			"from": [10.5, 1.5, 1.5],
			"to": [13, 8.5, 8.5],
			"rotation": {"angle": 0, "axis": "y", "origin": [13.5, 0, 0]},
			"faces": {
				"north": {"uv": [0, 0, 2.5, 7], "texture": "#1"},
				"east": {"uv": [0, 0, 7, 7], "texture": "#1"},
				"south": {"uv": [0, 0, 2.5, 7], "texture": "#1"},
				"west": {"uv": [0, 0, 7, 7], "texture": "#1"},
				"up": {"uv": [0, 0, 2.5, 7], "texture": "#1"},
				"down": {"uv": [0, 0, 2.5, 7], "texture": "#1"}
			}
		},
		{
			"from": [10.5, 2, 8.5],
			"to": [13, 8, 9],
			"rotation": {"angle": 0, "axis": "y", "origin": [13.5, 1, 4]},
			"faces": {
				"north": {"uv": [0, 0, 2.5, 6], "texture": "#1"},
				"east": {"uv": [0, 0, 0.5, 6], "texture": "#1"},
				"south": {"uv": [0, 0, 2.5, 6], "texture": "#1"},
				"west": {"uv": [0, 0, 0.5, 6], "texture": "#1"},
				"up": {"uv": [0, 0, 2.5, 0.5], "texture": "#1"},
				"down": {"uv": [0, 0, 2.5, 0.5], "texture": "#1"}
			}
		},
		{
			"from": [10.5, 2.5, 9],
			"to": [13, 7.5, 9.5],
			"rotation": {"angle": 0, "axis": "y", "origin": [13.5, 1, 4]},
			"faces": {
				"north": {"uv": [0, 0, 2.5, 5], "texture": "#1"},
				"east": {"uv": [0, 0, 0.5, 5], "texture": "#1"},
				"south": {"uv": [0, 0, 2.5, 5], "texture": "#1"},
				"west": {"uv": [0, 0, 0.5, 5], "texture": "#1"},
				"up": {"uv": [0, 0, 2.5, 0.5], "texture": "#1"},
				"down": {"uv": [0, 0, 2.5, 0.5], "texture": "#1"}
			}
		},
		{
			"from": [10.5, 3.5, 9.5],
			"to": [13, 6.5, 10],
			"rotation": {"angle": 0, "axis": "y", "origin": [13.5, 1, 4]},
			"faces": {
				"north": {"uv": [0, 0, 2.5, 3], "texture": "#1"},
				"east": {"uv": [0, 0, 0.5, 3], "texture": "#1"},
				"south": {"uv": [0, 0, 2.5, 3], "texture": "#1"},
				"west": {"uv": [0, 0, 0.5, 3], "texture": "#1"},
				"up": {"uv": [0, 0, 2.5, 0.5], "texture": "#1"},
				"down": {"uv": [0, 0, 2.5, 0.5], "texture": "#1"}
			}
		},
		{
			"from": [10.5, 9, 2.5],
			"to": [13, 9.5, 7.5],
			"rotation": {"angle": 0, "axis": "x", "origin": [13.5, 1, 4]},
			"faces": {
				"north": {"uv": [0, 0, 2.5, 0.5], "rotation": 180, "texture": "#1"},
				"east": {"uv": [0, 0, 0.5, 5], "rotation": 90, "texture": "#1"},
				"south": {"uv": [0, 0, 2.5, 0.5], "texture": "#1"},
				"west": {"uv": [0, 0, 0.5, 5], "rotation": 270, "texture": "#1"},
				"up": {"uv": [0, 0, 2.5, 5], "texture": "#1"},
				"down": {"uv": [0, 0, 2.5, 5], "rotation": 180, "texture": "#1"}
			}
		},
		{
			"from": [10.5, 8.5, 2],
			"to": [13, 9, 8],
			"rotation": {"angle": 0, "axis": "x", "origin": [13.5, 1, 4]},
			"faces": {
				"north": {"uv": [0, 0, 2.5, 0.5], "rotation": 180, "texture": "#1"},
				"east": {"uv": [0, 0, 0.5, 6], "rotation": 90, "texture": "#1"},
				"south": {"uv": [0, 0, 2.5, 0.5], "texture": "#1"},
				"west": {"uv": [0, 0, 0.5, 6], "rotation": 270, "texture": "#1"},
				"up": {"uv": [0, 0, 2.5, 6], "texture": "#1"},
				"down": {"uv": [0, 0, 2.5, 6], "rotation": 180, "texture": "#1"}
			}
		},
		{
			"from": [10.5, 3.5, 0],
			"to": [13, 6.5, 0.5],
			"rotation": {"angle": 0, "axis": "x", "origin": [13.5, 1, 4]},
			"faces": {
				"north": {"uv": [0, 0, 2.5, 3], "rotation": 180, "texture": "#1"},
				"east": {"uv": [0, 0, 0.5, 3], "rotation": 180, "texture": "#1"},
				"south": {"uv": [0, 0, 2.5, 3], "rotation": 180, "texture": "#1"},
				"west": {"uv": [0, 0, 0.5, 3], "rotation": 180, "texture": "#1"},
				"up": {"uv": [0, 0, 2.5, 0.5], "texture": "#1"},
				"down": {"uv": [0, 0, 2.5, 0.5], "texture": "#1"}
			}
		},
		{
			"from": [10.5, 2.5, 0.5],
			"to": [13, 7.5, 1],
			"rotation": {"angle": 0, "axis": "x", "origin": [13.5, 1, 4]},
			"faces": {
				"north": {"uv": [0, 0, 2.5, 5], "rotation": 180, "texture": "#1"},
				"east": {"uv": [0, 0, 0.5, 5], "rotation": 180, "texture": "#1"},
				"south": {"uv": [0, 0, 2.5, 5], "rotation": 180, "texture": "#1"},
				"west": {"uv": [0, 0, 0.5, 5], "rotation": 180, "texture": "#1"},
				"up": {"uv": [0, 0, 2.5, 0.5], "texture": "#1"},
				"down": {"uv": [0, 0, 2.5, 0.5], "texture": "#1"}
			}
		},
		{
			"from": [10.5, 2, 1],
			"to": [13, 8, 1.5],
			"rotation": {"angle": 0, "axis": "x", "origin": [13.5, 1, 4]},
			"faces": {
				"north": {"uv": [0, 0, 2.5, 6], "rotation": 180, "texture": "#1"},
				"east": {"uv": [0, 0, 0.5, 6], "rotation": 180, "texture": "#1"},
				"south": {"uv": [0, 0, 2.5, 6], "rotation": 180, "texture": "#1"},
				"west": {"uv": [0, 0, 0.5, 6], "rotation": 180, "texture": "#1"},
				"up": {"uv": [0, 0, 2.5, 0.5], "texture": "#1"},
				"down": {"uv": [0, 0, 2.5, 0.5], "texture": "#1"}
			}
		},
		{
			"from": [10.5, 0, 3.5],
			"to": [13, 0.5, 6.5],
			"rotation": {"angle": 0, "axis": "x", "origin": [13.5, 1, 4]},
			"faces": {
				"north": {"uv": [0, 0, 2.5, 0.5], "rotation": 180, "texture": "#1"},
				"east": {"uv": [0, 0, 0.5, 3], "rotation": 270, "texture": "#1"},
				"south": {"uv": [0, 0, 2.5, 0.5], "texture": "#1"},
				"west": {"uv": [0, 0, 0.5, 3], "rotation": 90, "texture": "#1"},
				"up": {"uv": [0, 0, 2.5, 3], "rotation": 180, "texture": "#1"},
				"down": {"uv": [0, 0, 2.5, 3], "texture": "#1"}
			}
		},
		{
			"from": [10.5, 0.5, 2.5],
			"to": [13, 1, 7.5],
			"rotation": {"angle": 0, "axis": "x", "origin": [13.5, 1, 4]},
			"faces": {
				"north": {"uv": [0, 0, 2.5, 0.5], "rotation": 180, "texture": "#1"},
				"east": {"uv": [0, 0, 0.5, 5], "rotation": 270, "texture": "#1"},
				"south": {"uv": [0, 0, 2.5, 0.5], "texture": "#1"},
				"west": {"uv": [0, 0, 0.5, 5], "rotation": 90, "texture": "#1"},
				"up": {"uv": [0, 0, 2.5, 5], "rotation": 180, "texture": "#1"},
				"down": {"uv": [0, 0, 2.5, 5], "texture": "#1"}
			}
		},
		{
			"from": [10.5, 1, 2],
			"to": [13, 1.5, 8],
			"rotation": {"angle": 0, "axis": "x", "origin": [13.5, 1, 4]},
			"faces": {
				"north": {"uv": [0, 0, 2.5, 0.5], "rotation": 180, "texture": "#1"},
				"east": {"uv": [0, 0, 0.5, 6], "rotation": 270, "texture": "#1"},
				"south": {"uv": [0, 0, 2.5, 0.5], "texture": "#1"},
				"west": {"uv": [0, 0, 0.5, 6], "rotation": 90, "texture": "#1"},
				"up": {"uv": [0, 0, 2.5, 6], "rotation": 180, "texture": "#1"},
				"down": {"uv": [0, 0, 2.5, 6], "texture": "#1"}
			}
		},
		{
			"from": [10.5, 9.5, 3.5],
			"to": [13, 10, 6.5],
			"rotation": {"angle": 0, "axis": "x", "origin": [13.5, 1, 4]},
			"faces": {
				"north": {"uv": [0, 0, 2.5, 0.5], "rotation": 180, "texture": "#1"},
				"east": {"uv": [0, 0, 0.5, 3], "rotation": 90, "texture": "#1"},
				"south": {"uv": [0, 0, 2.5, 0.5], "texture": "#1"},
				"west": {"uv": [0, 0, 0.5, 3], "rotation": 270, "texture": "#1"},
				"up": {"uv": [0, 0, 2.5, 3], "texture": "#1"},
				"down": {"uv": [0, 0, 2.5, 3], "rotation": 180, "texture": "#1"}
			}
		},
		{
			"from": [4.5, 9, 3.5],
			"to": [10.5, 9.5, 6.5],
			"rotation": {"angle": 0, "axis": "x", "origin": [13.5, 1, 4]},
			"faces": {
				"north": {"uv": [0, 0, 6, 0.5], "rotation": 180, "texture": "#2"},
				"east": {"uv": [0, 0, 0.5, 3], "rotation": 90, "texture": "#2"},
				"south": {"uv": [0, 0, 6, 0.5], "texture": "#2"},
				"west": {"uv": [0, 0, 0.5, 3], "rotation": 270, "texture": "#2"},
				"up": {"uv": [0, 0, 6, 3], "texture": "#2"},
				"down": {"uv": [0, 0, 6, 3], "rotation": 180, "texture": "#2"}
			}
		},
		{
			"from": [4.5, 1.5, 2],
			"to": [10.5, 2, 8],
			"rotation": {"angle": 0, "axis": "x", "origin": [13.5, 1, 4]},
			"faces": {
				"north": {"uv": [0, 0, 6, 0.5], "rotation": 180, "texture": "#2"},
				"east": {"uv": [0, 0, 0.5, 6], "rotation": 270, "texture": "#2"},
				"south": {"uv": [0, 0, 6, 0.5], "texture": "#2"},
				"west": {"uv": [0, 0, 0.5, 6], "rotation": 90, "texture": "#2"},
				"up": {"uv": [0, 0, 6, 6], "rotation": 180, "texture": "#2"},
				"down": {"uv": [0, 0, 6, 6], "texture": "#2"}
			}
		},
		{
			"from": [4.5, 1, 2.5],
			"to": [10.5, 1.5, 7.5],
			"rotation": {"angle": 0, "axis": "x", "origin": [13.5, 1, 4]},
			"faces": {
				"north": {"uv": [0, 0, 6, 0.5], "rotation": 180, "texture": "#2"},
				"east": {"uv": [0, 0, 0.5, 5], "rotation": 270, "texture": "#2"},
				"south": {"uv": [0, 0, 6, 0.5], "texture": "#2"},
				"west": {"uv": [0, 0, 0.5, 5], "rotation": 90, "texture": "#2"},
				"up": {"uv": [0, 0, 6, 5], "rotation": 180, "texture": "#2"},
				"down": {"uv": [0, 0, 6, 5], "texture": "#2"}
			}
		},
		{
			"from": [4.5, 0.5, 3.5],
			"to": [10.5, 1, 6.5],
			"rotation": {"angle": 0, "axis": "x", "origin": [13.5, 1, 4]},
			"faces": {
				"north": {"uv": [0, 0, 6, 0.5], "rotation": 180, "texture": "#2"},
				"east": {"uv": [0, 0, 0.5, 3], "rotation": 270, "texture": "#2"},
				"south": {"uv": [0, 0, 6, 0.5], "texture": "#2"},
				"west": {"uv": [0, 0, 0.5, 3], "rotation": 90, "texture": "#2"},
				"up": {"uv": [0, 0, 6, 3], "rotation": 180, "texture": "#2"},
				"down": {"uv": [0, 0, 6, 3], "texture": "#2"}
			}
		},
		{
			"from": [4.5, 2, 1.5],
			"to": [10.5, 8, 2],
			"rotation": {"angle": 0, "axis": "x", "origin": [13.5, 1, 4]},
			"faces": {
				"north": {"uv": [0, 0, 6, 6], "rotation": 180, "texture": "#2"},
				"east": {"uv": [0, 0, 0.5, 6], "rotation": 180, "texture": "#2"},
				"south": {"uv": [0, 0, 6, 6], "rotation": 180, "texture": "#2"},
				"west": {"uv": [0, 0, 0.5, 6], "rotation": 180, "texture": "#2"},
				"up": {"uv": [0, 0, 6, 0.5], "texture": "#2"},
				"down": {"uv": [0, 0, 6, 0.5], "texture": "#2"}
			}
		},
		{
			"from": [4.5, 2.5, 1],
			"to": [10.5, 7.5, 1.5],
			"rotation": {"angle": 0, "axis": "x", "origin": [13.5, 1, 4]},
			"faces": {
				"north": {"uv": [1, 1.5, 7, 11.5], "rotation": 180, "texture": "#3"},
				"east": {"uv": [0, 0, 0.5, 5], "rotation": 180, "texture": "#2"},
				"south": {"uv": [0, 0, 6, 5], "rotation": 180, "texture": "#2"},
				"west": {"uv": [0, 0, 0.5, 5], "rotation": 180, "texture": "#2"},
				"up": {"uv": [0, 0, 6, 0.5], "texture": "#2"},
				"down": {"uv": [0, 0, 6, 0.5], "texture": "#2"}
			}
		},
		{
			"from": [4.5, 3.5, 0.5],
			"to": [10.5, 6.5, 1],
			"rotation": {"angle": 0, "axis": "x", "origin": [13.5, 1, 4]},
			"faces": {
				"north": {"uv": [1, 1.5, 7, 7.5], "rotation": 180, "texture": "#3"},
				"east": {"uv": [0, 0, 0.5, 3], "rotation": 180, "texture": "#2"},
				"south": {"uv": [0, 0, 6, 3], "rotation": 180, "texture": "#2"},
				"west": {"uv": [0, 0, 0.5, 3], "rotation": 180, "texture": "#2"},
				"up": {"uv": [0, 0, 6, 0.5], "texture": "#2"},
				"down": {"uv": [0, 0, 6, 0.5], "texture": "#2"}
			}
		},
		{
			"from": [4.5, 8, 2],
			"to": [10.5, 8.5, 8],
			"rotation": {"angle": 0, "axis": "x", "origin": [13.5, 1, 4]},
			"faces": {
				"north": {"uv": [0, 0, 6, 0.5], "rotation": 180, "texture": "#2"},
				"east": {"uv": [0, 0, 0.5, 6], "rotation": 90, "texture": "#2"},
				"south": {"uv": [0, 0, 6, 0.5], "texture": "#2"},
				"west": {"uv": [0, 0, 0.5, 6], "rotation": 270, "texture": "#2"},
				"up": {"uv": [0, 0, 6, 6], "texture": "#2"},
				"down": {"uv": [0, 0, 6, 6], "rotation": 180, "texture": "#2"}
			}
		},
		{
			"from": [4.5, 8.5, 2.5],
			"to": [10.5, 9, 7.5],
			"rotation": {"angle": 0, "axis": "x", "origin": [13.5, 1, 4]},
			"faces": {
				"north": {"uv": [0, 0, 6, 0.5], "rotation": 180, "texture": "#2"},
				"east": {"uv": [0, 0, 0.5, 5], "rotation": 90, "texture": "#2"},
				"south": {"uv": [0, 0, 6, 0.5], "texture": "#2"},
				"west": {"uv": [0, 0, 0.5, 5], "rotation": 270, "texture": "#2"},
				"up": {"uv": [0, 0, 6, 5], "texture": "#2"},
				"down": {"uv": [0, 0, 6, 5], "rotation": 180, "texture": "#2"}
			}
		},
		{
			"from": [4.5, 3.5, 9],
			"to": [10.5, 6.5, 9.5],
			"rotation": {"angle": 0, "axis": "y", "origin": [13.5, 1, 4]},
			"faces": {
				"north": {"uv": [0, 0, 6, 3], "texture": "#2"},
				"east": {"uv": [0, 0, 0.5, 3], "texture": "#2"},
				"south": {"uv": [1, 1.5, 7, 7.5], "texture": "#3"},
				"west": {"uv": [0, 0, 0.5, 3], "texture": "#2"},
				"up": {"uv": [0, 0, 6, 0.5], "texture": "#2"},
				"down": {"uv": [0, 0, 6, 0.5], "texture": "#2"}
			}
		},
		{
			"from": [4.5, 2.5, 8.5],
			"to": [10.5, 7.5, 9],
			"rotation": {"angle": 0, "axis": "y", "origin": [13.5, 1, 4]},
			"faces": {
				"north": {"uv": [0, 0, 6, 5], "texture": "#2"},
				"east": {"uv": [0, 0, 0.5, 5], "texture": "#2"},
				"south": {"uv": [1, 1.5, 7, 11.5], "texture": "#3"},
				"west": {"uv": [0, 0, 0.5, 5], "texture": "#2"},
				"up": {"uv": [0, 0, 6, 0.5], "texture": "#2"},
				"down": {"uv": [0, 0, 6, 0.5], "texture": "#2"}
			}
		},
		{
			"from": [4.5, 2, 8],
			"to": [10.5, 8, 8.5],
			"rotation": {"angle": 0, "axis": "y", "origin": [13.5, 1, 4]},
			"faces": {
				"north": {"uv": [0, 0, 6, 6], "texture": "#2"},
				"east": {"uv": [0, 0, 0.5, 6], "texture": "#2"},
				"south": {"uv": [0, 0, 6, 6], "texture": "#2"},
				"west": {"uv": [0, 0, 0.5, 6], "texture": "#2"},
				"up": {"uv": [0, 0, 6, 0.5], "texture": "#2"},
				"down": {"uv": [0, 0, 6, 0.5], "texture": "#2"}
			}
		},
		{
			"from": [4.5, 2, 2],
			"to": [10.5, 8, 8],
			"rotation": {"angle": 0, "axis": "y", "origin": [13.5, 0, 0]},
			"faces": {
				"north": {"uv": [0, 0, 6, 6], "texture": "#2"},
				"east": {"uv": [0, 0, 6, 6], "texture": "#2"},
				"south": {"uv": [0, 0, 6, 6], "texture": "#2"},
				"west": {"uv": [0, 0, 6, 6], "texture": "#2"},
				"up": {"uv": [0, 0, 6, 6], "texture": "#2"},
				"down": {"uv": [0, 0, 6, 6], "texture": "#2"}
			}
		},
		{
			"from": [3, 3.5, 1.5],
			"to": [4.5, 6.5, 2],
			"rotation": {"angle": 0, "axis": "x", "origin": [13.5, 1, 4]},
			"faces": {
				"north": {"uv": [0, 0, 1.5, 3], "rotation": 180, "texture": "#2"},
				"east": {"uv": [0, 0, 0.5, 3], "rotation": 180, "texture": "#2"},
				"south": {"uv": [0, 0, 1.5, 3], "rotation": 180, "texture": "#2"},
				"west": {"uv": [0, 0, 0.5, 3], "rotation": 180, "texture": "#2"},
				"up": {"uv": [0, 0, 1.5, 0.5], "texture": "#2"},
				"down": {"uv": [0, 0, 1.5, 0.5], "texture": "#2"}
			}
		},
		{
			"from": [3, 2.5, 2],
			"to": [4.5, 7.5, 2.5],
			"rotation": {"angle": 0, "axis": "x", "origin": [13.5, 1, 4]},
			"faces": {
				"north": {"uv": [0, 0, 1.5, 5], "rotation": 180, "texture": "#2"},
				"east": {"uv": [0, 0, 0.5, 5], "rotation": 180, "texture": "#2"},
				"south": {"uv": [0, 0, 1.5, 5], "rotation": 180, "texture": "#2"},
				"west": {"uv": [0, 0, 0.5, 5], "rotation": 180, "texture": "#2"},
				"up": {"uv": [0, 0, 1.5, 0.5], "texture": "#2"},
				"down": {"uv": [0, 0, 1.5, 0.5], "texture": "#2"}
			}
		},
		{
			"from": [3, 2.5, 2.5],
			"to": [4.5, 7.5, 7.5],
			"rotation": {"angle": 0, "axis": "y", "origin": [13.5, 0, 0]},
			"faces": {
				"north": {"uv": [0, 0, 1.5, 5], "texture": "#2"},
				"east": {"uv": [0, 0, 5, 5], "texture": "#2"},
				"south": {"uv": [0, 0, 1.5, 5], "texture": "#2"},
				"west": {"uv": [0, 0, 5, 5], "texture": "#2"},
				"up": {"uv": [0, 0, 1.5, 5], "texture": "#2"},
				"down": {"uv": [0, 0, 1.5, 5], "texture": "#2"}
			}
		},
		{
			"from": [3, 2, 2.5],
			"to": [4.5, 2.5, 7.5],
			"rotation": {"angle": 0, "axis": "x", "origin": [13.5, 1, 4]},
			"faces": {
				"north": {"uv": [0, 0, 1.5, 0.5], "rotation": 180, "texture": "#2"},
				"east": {"uv": [0, 0, 0.5, 5], "rotation": 270, "texture": "#2"},
				"south": {"uv": [0, 0, 1.5, 0.5], "texture": "#2"},
				"west": {"uv": [0, 0, 0.5, 5], "rotation": 90, "texture": "#2"},
				"up": {"uv": [0, 0, 1.5, 5], "rotation": 180, "texture": "#2"},
				"down": {"uv": [0, 0, 1.5, 5], "texture": "#2"}
			}
		},
		{
			"from": [3, 1.5, 3.5],
			"to": [4.5, 2, 6.5],
			"rotation": {"angle": 0, "axis": "x", "origin": [13.5, 1, 4]},
			"faces": {
				"north": {"uv": [0, 0, 1.5, 0.5], "rotation": 180, "texture": "#2"},
				"east": {"uv": [0, 0, 0.5, 3], "rotation": 270, "texture": "#2"},
				"south": {"uv": [0, 0, 1.5, 0.5], "texture": "#2"},
				"west": {"uv": [0, 0, 0.5, 3], "rotation": 90, "texture": "#2"},
				"up": {"uv": [0, 0, 1.5, 3], "rotation": 180, "texture": "#2"},
				"down": {"uv": [0, 0, 1.5, 3], "texture": "#2"}
			}
		},
		{
			"from": [3, 3.5, 8],
			"to": [4.5, 6.5, 8.5],
			"rotation": {"angle": 0, "axis": "y", "origin": [13.5, 1, 4]},
			"faces": {
				"north": {"uv": [0, 0, 1.5, 3], "texture": "#2"},
				"east": {"uv": [0, 0, 0.5, 3], "texture": "#2"},
				"south": {"uv": [0, 0, 1.5, 3], "texture": "#2"},
				"west": {"uv": [0, 0, 0.5, 3], "texture": "#2"},
				"up": {"uv": [0, 0, 1.5, 0.5], "texture": "#2"},
				"down": {"uv": [0, 0, 1.5, 0.5], "texture": "#2"}
			}
		},
		{
			"from": [3, 7.5, 2.5],
			"to": [4.5, 8, 7.5],
			"rotation": {"angle": 0, "axis": "x", "origin": [13.5, 1, 4]},
			"faces": {
				"north": {"uv": [0, 0, 1.5, 0.5], "rotation": 180, "texture": "#2"},
				"east": {"uv": [0, 0, 0.5, 5], "rotation": 90, "texture": "#2"},
				"south": {"uv": [0, 0, 1.5, 0.5], "texture": "#2"},
				"west": {"uv": [0, 0, 0.5, 5], "rotation": 270, "texture": "#2"},
				"up": {"uv": [0, 0, 1.5, 5], "texture": "#2"},
				"down": {"uv": [0, 0, 1.5, 5], "rotation": 180, "texture": "#2"}
			}
		},
		{
			"from": [3, 8, 3.5],
			"to": [4.5, 8.5, 6.5],
			"rotation": {"angle": 0, "axis": "x", "origin": [13.5, 1, 4]},
			"faces": {
				"north": {"uv": [0, 0, 1.5, 0.5], "rotation": 180, "texture": "#2"},
				"east": {"uv": [0, 0, 0.5, 3], "rotation": 90, "texture": "#2"},
				"south": {"uv": [0, 0, 1.5, 0.5], "texture": "#2"},
				"west": {"uv": [0, 0, 0.5, 3], "rotation": 270, "texture": "#2"},
				"up": {"uv": [0, 0, 1.5, 3], "texture": "#2"},
				"down": {"uv": [0, 0, 1.5, 3], "rotation": 180, "texture": "#2"}
			}
		},
		{
			"from": [3, 2.5, 7.5],
			"to": [4.5, 7.5, 8],
			"rotation": {"angle": 0, "axis": "y", "origin": [13.5, 1, 4]},
			"faces": {
				"north": {"uv": [0, 0, 1.5, 5], "texture": "#2"},
				"east": {"uv": [0, 0, 0.5, 5], "texture": "#2"},
				"south": {"uv": [0, 0, 1.5, 5], "texture": "#2"},
				"west": {"uv": [0, 0, 0.5, 5], "texture": "#2"},
				"up": {"uv": [0, 0, 1.5, 0.5], "texture": "#2"},
				"down": {"uv": [0, 0, 1.5, 0.5], "texture": "#2"}
			}
		},
		{
			"from": [-2.4375, 9.34375, 4.25],
			"to": [0.0625, 10.34375, 5.75],
			"rotation": {"angle": 0, "axis": "z", "origin": [13.5, 1, 4]},
			"faces": {
				"north": {"uv": [0, 0, 1, 2.5], "rotation": 270, "texture": "#2"},
				"east": {"uv": [0, 0, 1, 1.5], "rotation": 90, "texture": "#2"},
				"south": {"uv": [0, 0, 1, 2.5], "rotation": 270, "texture": "#2"},
				"west": {"uv": [0, 0, 1, 1.5], "rotation": 270, "texture": "#2"},
				"up": {"uv": [0, 0, 2.5, 1.5], "texture": "#2"},
				"down": {"uv": [0, 0, 2.5, 1.5], "rotation": 180, "texture": "#2"}
			}
		},
		{
			"from": [-2.5, 3.5, 4.25],
			"to": [2.5, 4.5, 5.75],
			"rotation": {"angle": -22.5, "axis": "z", "origin": [13.5, 1, 4]},
			"faces": {
				"north": {"uv": [0, 0, 1, 5], "rotation": 270, "texture": "#2"},
				"east": {"uv": [0, 0, 1, 1.5], "rotation": 90, "texture": "#2"},
				"south": {"uv": [0, 0, 1, 5], "rotation": 270, "texture": "#2"},
				"west": {"uv": [0, 0, 1, 1.5], "rotation": 270, "texture": "#2"},
				"up": {"uv": [0, 0, 5, 1.5], "texture": "#2"},
				"down": {"uv": [0, 0, 5, 1.5], "rotation": 180, "texture": "#2"}
			}
		},
		{
			"from": [-2.9375, 0.59375, 3.75],
			"to": [-0.9375, 9.34375, 6.25],
			"rotation": {"angle": 0, "axis": "z", "origin": [13.5, 1, 4]},
			"faces": {
				"north": {"uv": [0, 0, 8.75, 2], "rotation": 270, "texture": "#2"},
				"east": {"uv": [0, 0, 8.75, 2.5], "rotation": 90, "texture": "#2"},
				"south": {"uv": [0, 0, 8.75, 2], "rotation": 270, "texture": "#2"},
				"west": {"uv": [0, 0, 8.75, 2.5], "rotation": 270, "texture": "#2"},
				"up": {"uv": [0, 0, 2, 2.5], "texture": "#2"},
				"down": {"uv": [0, 0, 2, 2.5], "rotation": 180, "texture": "#2"}
			}
		},
		{
			"from": [-2.5, 5.5, 4.25],
			"to": [2.5, 6.5, 5.75],
			"rotation": {"angle": 22.5, "axis": "z", "origin": [13.5, 9, 4]},
			"faces": {
				"north": {"uv": [1, 0, 2, 5], "rotation": 270, "texture": "#2"},
				"east": {"uv": [1, 0, 2, 1.5], "rotation": 90, "texture": "#2"},
				"south": {"uv": [1, 0, 2, 5], "rotation": 270, "texture": "#2"},
				"west": {"uv": [1, 0, 2, 1.5], "rotation": 270, "texture": "#2"},
				"up": {"uv": [0, 1.5, 5, 3], "rotation": 180, "texture": "#2"},
				"down": {"uv": [0, 1.5, 5, 3], "texture": "#2"}
			}
		},
		{
			"from": [-2.4375, -0.34375, 4.25],
			"to": [0.0625, 0.65625, 5.75],
			"rotation": {"angle": 0, "axis": "z", "origin": [13.5, 9, 4]},
			"faces": {
				"north": {"uv": [1, 0, 2, 2.5], "rotation": 270, "texture": "#2"},
				"east": {"uv": [1, 0, 2, 1.5], "rotation": 90, "texture": "#2"},
				"south": {"uv": [1, 0, 2, 2.5], "rotation": 270, "texture": "#2"},
				"west": {"uv": [1, 0, 2, 1.5], "rotation": 270, "texture": "#2"},
				"up": {"uv": [0, 1.5, 2.5, 3], "rotation": 180, "texture": "#2"},
				"down": {"uv": [0, 1.5, 2.5, 3], "texture": "#2"}
			}
		},
		{
			"from": [2, 3.5, 3.5],
			"to": [3, 6.5, 6.5],
			"rotation": {"angle": 0, "axis": "y", "origin": [13.5, 0, 0]},
			"faces": {
				"north": {"uv": [0, 0, 1, 3], "texture": "#2"},
				"east": {"uv": [0, 0, 3, 3], "texture": "#2"},
				"south": {"uv": [0, 0, 1, 3], "texture": "#2"},
				"west": {"uv": [0, 0, 3, 3], "texture": "#2"},
				"up": {"uv": [0, 0, 1, 3], "texture": "#2"},
				"down": {"uv": [0, 0, 1, 3], "texture": "#2"}
			}
		},
		{
			"from": [2, 4, 6.5],
			"to": [3, 6, 7],
			"rotation": {"angle": 0, "axis": "y", "origin": [13.5, 0, 0]},
			"faces": {
				"north": {"uv": [0, 0, 1, 2], "texture": "#2"},
				"east": {"uv": [0, 0, 0.5, 2], "texture": "#2"},
				"south": {"uv": [0, 0, 1, 2], "texture": "#2"},
				"west": {"uv": [0, 0, 0.5, 2], "texture": "#2"},
				"up": {"uv": [0, 0, 1, 0.5], "texture": "#2"},
				"down": {"uv": [0, 0, 1, 0.5], "texture": "#2"}
			}
		},
		{
			"from": [2, 6.5, 4],
			"to": [3, 7, 6],
			"rotation": {"angle": 0, "axis": "y", "origin": [13.5, 0, 0]},
			"faces": {
				"north": {"uv": [0, 0, 1, 0.5], "texture": "#2"},
				"east": {"uv": [0, 0, 2, 0.5], "texture": "#2"},
				"south": {"uv": [0, 0, 1, 0.5], "texture": "#2"},
				"west": {"uv": [0, 0, 2, 0.5], "texture": "#2"},
				"up": {"uv": [0, 0, 1, 2], "texture": "#2"},
				"down": {"uv": [0, 0, 1, 2], "texture": "#2"}
			}
		},
		{
			"from": [2, 4, 3],
			"to": [3, 6, 3.5],
			"rotation": {"angle": 0, "axis": "y", "origin": [13.5, 0, 0]},
			"faces": {
				"north": {"uv": [0, 0, 1, 2], "texture": "#2"},
				"east": {"uv": [0, 0, 0.5, 2], "texture": "#2"},
				"south": {"uv": [0, 0, 1, 2], "texture": "#2"},
				"west": {"uv": [0, 0, 0.5, 2], "texture": "#2"},
				"up": {"uv": [0, 0, 1, 0.5], "texture": "#2"},
				"down": {"uv": [0, 0, 1, 0.5], "texture": "#2"}
			}
		},
		{
			"from": [2, 3, 4],
			"to": [3, 3.5, 6],
			"rotation": {"angle": 0, "axis": "y", "origin": [13.5, 0, 0]},
			"faces": {
				"north": {"uv": [0, 0, 1, 0.5], "texture": "#2"},
				"east": {"uv": [0, 0, 2, 0.5], "texture": "#2"},
				"south": {"uv": [0, 0, 1, 0.5], "texture": "#2"},
				"west": {"uv": [0, 0, 2, 0.5], "texture": "#2"},
				"up": {"uv": [0, 0, 1, 2], "texture": "#2"},
				"down": {"uv": [0, 0, 1, 2], "texture": "#2"}
			}
		},
		{
			"from": [5.5, 9.5, 4],
			"to": [10.5, 10, 6],
			"rotation": {"angle": 0, "axis": "x", "origin": [13.5, 1, 4]},
			"faces": {
				"north": {"uv": [0, 0, 5, 0.5], "rotation": 180, "texture": "#2"},
				"east": {"uv": [0, 0, 0.5, 2], "rotation": 90, "texture": "#2"},
				"south": {"uv": [0, 0, 5, 0.5], "texture": "#2"},
				"west": {"uv": [0, 0, 0.5, 2], "rotation": 270, "texture": "#2"},
				"up": {"uv": [0, 0, 5, 2], "texture": "#2"},
				"down": {"uv": [0, 0, 5, 2], "rotation": 180, "texture": "#2"}
			}
		},
		{
			"from": [6, 10, 4.25],
			"to": [11.5, 10.5, 5.75],
			"rotation": {"angle": 0, "axis": "x", "origin": [13.5, 1, 4]},
			"faces": {
				"north": {"uv": [0, 0, 5.5, 0.5], "rotation": 180, "texture": "#2"},
				"east": {"uv": [0, 0, 0.5, 1.5], "rotation": 90, "texture": "#2"},
				"south": {"uv": [0, 0, 5.5, 0.5], "texture": "#2"},
				"west": {"uv": [0, 0, 0.5, 1.5], "rotation": 270, "texture": "#2"},
				"up": {"uv": [0, 0, 5.5, 1.5], "texture": "#2"},
				"down": {"uv": [0, 0, 5.5, 1.5], "rotation": 180, "texture": "#2"}
			}
		},
		{
			"from": [11.5, 10, 4.5],
			"to": [12.5, 10.5, 5.5],
			"rotation": {"angle": 0, "axis": "x", "origin": [13.5, 1, 4]},
			"faces": {
				"north": {"uv": [0, 0, 1, 0.5], "rotation": 180, "texture": "#0"},
				"east": {"uv": [0, 0, 0.5, 1], "rotation": 90, "texture": "#0"},
				"south": {"uv": [0, 0, 1, 0.5], "texture": "#0"},
				"west": {"uv": [0, 0, 0.5, 1], "rotation": 270, "texture": "#0"},
				"up": {"uv": [0, 0, 1, 1], "texture": "#0"},
				"down": {"uv": [0, 0, 1, 1], "rotation": 180, "texture": "#0"}
			}
		},
		{
			"from": [11.5, 10.5, 4.75],
			"to": [12.25, 10.75, 5.25],
			"rotation": {"angle": 0, "axis": "x", "origin": [13.5, 1, 4]},
			"faces": {
				"north": {"uv": [0, 0, 0.75, 0.25], "rotation": 180, "texture": "#0"},
				"east": {"uv": [0, 0, 0.25, 0.5], "rotation": 90, "texture": "#0"},
				"south": {"uv": [0, 0, 0.75, 0.25], "texture": "#0"},
				"west": {"uv": [0, 0, 0.25, 0.5], "rotation": 270, "texture": "#0"},
				"up": {"uv": [0, 0, 0.75, 0.5], "texture": "#0"},
				"down": {"uv": [0, 0, 0.75, 0.5], "rotation": 180, "texture": "#0"}
			}
		},
		{
			"from": [6.5, 10.5, 4.5],
			"to": [11.5, 11, 5.5],
			"rotation": {"angle": 0, "axis": "x", "origin": [13.5, 1, 4]},
			"faces": {
				"north": {"uv": [0, 0, 5, 0.5], "rotation": 180, "texture": "#2"},
				"east": {"uv": [0, 0, 0.5, 1], "rotation": 90, "texture": "#2"},
				"south": {"uv": [0, 0, 5, 0.5], "texture": "#2"},
				"west": {"uv": [0, 0, 0.5, 1], "rotation": 270, "texture": "#2"},
				"up": {"uv": [0, 0, 5, 1], "texture": "#2"},
				"down": {"uv": [0, 0, 5, 1], "rotation": 180, "texture": "#2"}
			}
		}
	],
	"display": {
		"thirdperson_righthand": {
			"rotation": [70, 90, 0],
			"translation": [1.5, 4.25, 0.25],
			"scale": [0.5, 0.5, 0.5]
		},
		"thirdperson_lefthand": {
			"rotation": [70, -90, 0],
			"translation": [-1.5, 4.25, 0],
			"scale": [0.5, 0.5, 0.5]
		},
		"firstperson_righthand": {
			"rotation": [0, 90, 0],
			"translation": [6.5, 0.5, 0]
		},
		"firstperson_lefthand": {
			"rotation": [0, -90, 0],
			"translation": [0.5, 0.5, 0]
		},
		"gui": {
			"rotation": [27, 51, 0],
			"translation": [1.5, 1.75, 0],
			"scale": [0.78, 0.77, 0.76]
		}
	},
	"groups": [
		{
			"name": "red",
			"origin": [13.5, 0, 0],
			"color": 0,
			"children": [0, 1, 2, 3, 4, 5, 6, 7, 8, 9, 10, 11, 12, 13, 14]
		},
		{
			"name": "green",
			"origin": [13.5, 1, 4],
			"color": 0,
			"children": [15, 16, 17, 18, 19, 20, 21, 22, 23, 24, 25, 26, 27]
		},
		{
			"name": "body",
			"origin": [13.5, 1, 4],
			"color": 0,
			"children": [28, 29, 30, 31, 32, 33, 34, 35, 36, 37, 38, 39, 40, 41, 42, 43, 44, 45, 46, 47, 48, 49, 50, 51, 52, 53, 54, 55, 56, 57, 58, 59, 60, 61, 62, 63, 64]
		}
	]
}