{
	"credit": "Made with Blockbench",
	"texture_size": [128, 128],
	"textures": {
		"0": "item/custom/mk/texturesdmt1"
	},
	"elements": [
		{
			"from": [6, 5, -1],
			"to": [11, 6, 17],
			"rotation": {"angle": 0, "axis": "y", "origin": [8, 0, 8]},
			"faces": {
				"north": {"uv": [10.25, 8.5, 10.875, 8.625], "texture": "#0"},
				"east": {"uv": [8, 8.5, 10.25, 8.625], "texture": "#0"},
				"south": {"uv": [13.125, 8.5, 13.75, 8.625], "texture": "#0"},
				"west": {"uv": [10.875, 8.5, 13.125, 8.625], "texture": "#0"},
				"up": {"uv": [10.875, 8.5, 10.25, 6.25], "texture": "#0"},
				"down": {"uv": [11.5, 6.25, 10.875, 8.5], "texture": "#0"}
			}
		},
		{
			"from": [5, 6, 15.91207],
			"to": [12, 19, 17.05],
			"rotation": {"angle": 0, "axis": "y", "origin": [8, 0, 8]},
			"faces": {
				"north": {"uv": [0.10776, 2.98276, 0.98276, 4.60776], "texture": "#0"},
				"east": {"uv": [-0.01724, 2.98276, 0.10776, 4.60776], "texture": "#0"},
				"south": {"uv": [1.10776, 2.98276, 1.98276, 4.60776], "texture": "#0"},
				"west": {"uv": [0.98276, 2.98276, 1.10776, 4.60776], "texture": "#0"},
				"up": {"uv": [0.98276, 2.98276, 0.10776, 2.85776], "texture": "#0"},
				"down": {"uv": [1.85776, 2.85776, 0.98276, 2.98276], "texture": "#0"}
			}
		},
		{
			"from": [7, 3, 18],
			"to": [10, 15, 19],
			"rotation": {"angle": 0, "axis": "y", "origin": [8, 0, 8]},
			"faces": {
				"north": {"uv": [4.625, 3.25, 5, 4.75], "texture": "#0"},
				"east": {"uv": [4.5, 3.25, 4.625, 4.75], "texture": "#0"},
				"south": {"uv": [5.125, 3.25, 5.5, 4.75], "texture": "#0"},
				"west": {"uv": [5, 3.25, 5.125, 4.75], "texture": "#0"},
				"up": {"uv": [5, 3.25, 4.625, 3.125], "texture": "#0"},
				"down": {"uv": [5.375, 3.125, 5, 3.25], "texture": "#0"}
			}
		},
		{
			"from": [12.74112, -2.20202, 18],
			"to": [14.74112, 1.79798, 18.86207],
			"rotation": {"angle": 22.5, "axis": "z", "origin": [2.74112, -5.20202, 8]},
			"faces": {
				"north": {"uv": [8.51724, 3.76724, 8.76724, 4.26724], "texture": "#0"},
				"east": {"uv": [8.51724, 3.76724, 8.51724, 4.26724], "texture": "#0"},
				"south": {"uv": [8.76724, 3.76724, 9.01724, 4.26724], "texture": "#0"},
				"west": {"uv": [8.76724, 3.76724, 8.76724, 4.26724], "texture": "#0"},
				"up": {"uv": [8.76724, 3.76724, 8.51724, 3.76724], "texture": "#0"},
				"down": {"uv": [9.01724, 3.76724, 8.76724, 3.76724], "texture": "#0"}
			}
		},
		{
			"from": [12.74112, -2.20202, -3],
			"to": [14.74112, 1.79798, -2],
			"rotation": {"angle": 22.5, "axis": "z", "origin": [2.74112, -5.20202, 8]},
			"faces": {
				"north": {"uv": [8.625, 3.25, 8.875, 3.75], "texture": "#0"},
				"east": {"uv": [8.5, 3.25, 8.625, 3.75], "texture": "#0"},
				"south": {"uv": [9, 3.25, 9.25, 3.75], "texture": "#0"},
				"west": {"uv": [8.875, 3.25, 9, 3.75], "texture": "#0"},
				"up": {"uv": [8.875, 3.25, 8.625, 3.125], "texture": "#0"},
				"down": {"uv": [9.125, 3.125, 8.875, 3.25], "texture": "#0"}
			}
		},
		{
			"from": [3.72774, 3.80072, -3],
			"to": [5.72774, 7.80072, -2],
			"rotation": {"angle": -22.5, "axis": "z", "origin": [2.72774, 0.80072, 8]},
			"faces": {
				"north": {"uv": [8.625, 0.875, 8.875, 1.375], "texture": "#0"},
				"east": {"uv": [8.5, 0.875, 8.625, 1.375], "texture": "#0"},
				"south": {"uv": [9, 0.875, 9.25, 1.375], "texture": "#0"},
				"west": {"uv": [8.875, 0.875, 9, 1.375], "texture": "#0"},
				"up": {"uv": [8.875, 0.875, 8.625, 0.75], "texture": "#0"},
				"down": {"uv": [9.125, 0.75, 8.875, 0.875], "texture": "#0"}
			}
		},
		{
			"from": [3.72774, 3.80072, 18],
			"to": [5.72774, 7.80072, 18.86207],
			"rotation": {"angle": -22.5, "axis": "z", "origin": [2.72774, 0.80072, 8]},
			"faces": {
				"north": {"uv": [3.26724, 8.26724, 3.51724, 8.76724], "texture": "#0"},
				"east": {"uv": [3.26724, 8.26724, 3.26724, 8.76724], "texture": "#0"},
				"south": {"uv": [3.51724, 8.26724, 3.76724, 8.76724], "texture": "#0"},
				"west": {"uv": [3.51724, 8.26724, 3.51724, 8.76724], "texture": "#0"},
				"up": {"uv": [3.51724, 8.26724, 3.26724, 8.26724], "texture": "#0"},
				"down": {"uv": [3.76724, 8.26724, 3.51724, 8.26724], "texture": "#0"}
			}
		},
		{
			"from": [7, 3, -3.13793],
			"to": [10, 15, -2.13793],
			"rotation": {"angle": 0, "axis": "y", "origin": [8, 0, 8]},
			"faces": {
				"north": {"uv": [4.625, 0.125, 5, 1.625], "texture": "#0"},
				"east": {"uv": [4.5, 0.125, 4.625, 1.625], "texture": "#0"},
				"south": {"uv": [5.125, 0.125, 5.5, 1.625], "texture": "#0"},
				"west": {"uv": [5, 0.125, 5.125, 1.625], "texture": "#0"},
				"up": {"uv": [5, 0.125, 4.625, 0], "texture": "#0"},
				"down": {"uv": [5.375, 0, 5, 0.125], "texture": "#0"}
			}
		},
		{
			"from": [3, 7, 16],
			"to": [5, 17, 17],
			"rotation": {"angle": 0, "axis": "y", "origin": [8, 0, 8]},
			"faces": {
				"north": {"uv": [2.125, 4.375, 2.375, 5.625], "texture": "#0"},
				"east": {"uv": [2, 4.375, 2.125, 5.625], "texture": "#0"},
				"south": {"uv": [2.5, 4.375, 2.75, 5.625], "texture": "#0"},
				"west": {"uv": [2.375, 4.375, 2.5, 5.625], "texture": "#0"},
				"up": {"uv": [2.375, 4.375, 2.125, 4.25], "texture": "#0"},
				"down": {"uv": [2.625, 4.25, 2.375, 4.375], "texture": "#0"}
			}
		},
		{
			"from": [12, 7, 15.925],
			"to": [14, 17, 17.06293],
			"rotation": {"angle": 0, "axis": "y", "origin": [8, 0, 8]},
			"faces": {
				"north": {"uv": [2.10776, 2.98276, 2.35776, 4.23276], "texture": "#0"},
				"east": {"uv": [1.98276, 2.98276, 2.10776, 4.23276], "texture": "#0"},
				"south": {"uv": [2.48276, 2.98276, 2.73276, 4.23276], "texture": "#0"},
				"west": {"uv": [2.35776, 2.98276, 2.48276, 4.23276], "texture": "#0"},
				"up": {"uv": [2.35776, 2.98276, 2.10776, 2.85776], "texture": "#0"},
				"down": {"uv": [2.60776, 2.85776, 2.35776, 2.98276], "texture": "#0"}
			}
		},
		{
			"from": [12, 7, -1.13793],
			"to": [14, 17, -0.13793],
			"rotation": {"angle": 0, "axis": "y", "origin": [8, 0, 8]},
			"faces": {
				"north": {"uv": [2.125, 1.5, 2.375, 2.75], "texture": "#0"},
				"east": {"uv": [2, 1.5, 2.125, 2.75], "texture": "#0"},
				"south": {"uv": [2.5, 1.5, 2.75, 2.75], "texture": "#0"},
				"west": {"uv": [2.375, 1.5, 2.5, 2.75], "texture": "#0"},
				"up": {"uv": [2.375, 1.5, 2.125, 1.375], "texture": "#0"},
				"down": {"uv": [2.625, 1.375, 2.375, 1.5], "texture": "#0"}
			}
		},
		{
			"from": [3, 7, -1],
			"to": [5, 17, 0],
			"rotation": {"angle": 0, "axis": "y", "origin": [8, 0, 8]},
			"faces": {
				"north": {"uv": [2.125, 0.125, 2.375, 1.375], "texture": "#0"},
				"east": {"uv": [2, 0.125, 2.125, 1.375], "texture": "#0"},
				"south": {"uv": [2.5, 0.125, 2.75, 1.375], "texture": "#0"},
				"west": {"uv": [2.375, 0.125, 2.5, 1.375], "texture": "#0"},
				"up": {"uv": [2.375, 0.125, 2.125, 0], "texture": "#0"},
				"down": {"uv": [2.625, 0, 2.375, 0.125], "texture": "#0"}
			}
		},
		{
			"from": [13, 8, 16],
			"to": [15, 16, 17],
			"rotation": {"angle": 0, "axis": "y", "origin": [8, 0, 8]},
			"faces": {
				"north": {"uv": [8.125, 6.25, 8.375, 7.25], "texture": "#0"},
				"east": {"uv": [8, 6.25, 8.125, 7.25], "texture": "#0"},
				"south": {"uv": [8.5, 6.25, 8.75, 7.25], "texture": "#0"},
				"west": {"uv": [8.375, 6.25, 8.5, 7.25], "texture": "#0"},
				"up": {"uv": [8.375, 6.25, 8.125, 6.125], "texture": "#0"},
				"down": {"uv": [8.625, 6.125, 8.375, 6.25], "texture": "#0"}
			}
		},
		{
			"from": [2, 8, 15.975],
			"to": [4, 16, 16.83707],
			"rotation": {"angle": 0, "axis": "y", "origin": [8, 0, 8]},
			"faces": {
				"north": {"uv": [7.76724, 4.26724, 8.01724, 5.26724], "texture": "#0"},
				"east": {"uv": [7.76724, 4.26724, 7.76724, 5.26724], "texture": "#0"},
				"south": {"uv": [8.01724, 4.26724, 8.26724, 5.26724], "texture": "#0"},
				"west": {"uv": [8.01724, 4.26724, 8.01724, 5.26724], "texture": "#0"},
				"up": {"uv": [8.01724, 4.26724, 7.76724, 4.26724], "texture": "#0"},
				"down": {"uv": [8.26724, 4.26724, 8.01724, 4.26724], "texture": "#0"}
			}
		},
		{
			"from": [2, 8, -1.25],
			"to": [4, 16, -0.25],
			"rotation": {"angle": 0, "axis": "y", "origin": [8, 0, 8]},
			"faces": {
				"north": {"uv": [7.875, 3.25, 8.125, 4.25], "texture": "#0"},
				"east": {"uv": [7.75, 3.25, 7.875, 4.25], "texture": "#0"},
				"south": {"uv": [8.25, 3.25, 8.5, 4.25], "texture": "#0"},
				"west": {"uv": [8.125, 3.25, 8.25, 4.25], "texture": "#0"},
				"up": {"uv": [8.125, 3.25, 7.875, 3.125], "texture": "#0"},
				"down": {"uv": [8.375, 3.125, 8.125, 3.25], "texture": "#0"}
			}
		},
		{
			"from": [13, 8, -0.86207],
			"to": [15, 16, 0.13793],
			"rotation": {"angle": 0, "axis": "y", "origin": [8, 0, 8]},
			"faces": {
				"north": {"uv": [7.875, 0.875, 8.125, 1.875], "texture": "#0"},
				"east": {"uv": [7.75, 0.875, 7.875, 1.875], "texture": "#0"},
				"south": {"uv": [8.25, 0.875, 8.5, 1.875], "texture": "#0"},
				"west": {"uv": [8.125, 0.875, 8.25, 1.875], "texture": "#0"},
				"up": {"uv": [8.125, 0.875, 7.875, 0.75], "texture": "#0"},
				"down": {"uv": [8.375, 0.75, 8.125, 0.875], "texture": "#0"}
			}
		},
		{
			"from": [5.0346, 26.53477, 16.025],
			"to": [9.0346, 28.53477, 17.16293],
			"rotation": {"angle": -22.5, "axis": "z", "origin": [-10.9654, 9.53477, 8.025]},
			"faces": {
				"north": {"uv": [8.10776, 8.10776, 8.60776, 8.35776], "texture": "#0"},
				"east": {"uv": [7.98276, 8.10776, 8.10776, 8.35776], "texture": "#0"},
				"south": {"uv": [8.73276, 8.10776, 9.23276, 8.35776], "texture": "#0"},
				"west": {"uv": [8.60776, 8.10776, 8.73276, 8.35776], "texture": "#0"},
				"up": {"uv": [8.60776, 8.10776, 8.10776, 7.98276], "texture": "#0"},
				"down": {"uv": [9.10776, 7.98276, 8.60776, 8.10776], "texture": "#0"}
			}
		},
		{
			"from": [5.0346, 26.53477, -1.07586],
			"to": [9.0346, 28.53477, -0.07586],
			"rotation": {"angle": -22.5, "axis": "z", "origin": [-10.9654, 9.53477, 8]},
			"faces": {
				"north": {"uv": [5.625, 7.5, 6.125, 7.75], "texture": "#0"},
				"east": {"uv": [5.5, 7.5, 5.625, 7.75], "texture": "#0"},
				"south": {"uv": [6.25, 7.5, 6.75, 7.75], "texture": "#0"},
				"west": {"uv": [6.125, 7.5, 6.25, 7.75], "texture": "#0"},
				"up": {"uv": [6.125, 7.5, 5.625, 7.375], "texture": "#0"},
				"down": {"uv": [6.625, 7.375, 6.125, 7.5], "texture": "#0"}
			}
		},
		{
			"from": [10.45116, 16.3763, -1.03793],
			"to": [14.45116, 18.3763, -0.03793],
			"rotation": {"angle": 22.5, "axis": "z", "origin": [8.45116, -0.6237, 8]},
			"faces": {
				"north": {"uv": [0.875, 7.375, 1.375, 7.625], "texture": "#0"},
				"east": {"uv": [0.75, 7.375, 0.875, 7.625], "texture": "#0"},
				"south": {"uv": [1.5, 7.375, 2, 7.625], "texture": "#0"},
				"west": {"uv": [1.375, 7.375, 1.5, 7.625], "texture": "#0"},
				"up": {"uv": [1.375, 7.375, 0.875, 7.25], "texture": "#0"},
				"down": {"uv": [1.875, 7.25, 1.375, 7.375], "texture": "#0"}
			}
		},
		{
			"from": [10.45116, 16.3763, 15.95],
			"to": [14.45116, 18.3763, 17.08793],
			"rotation": {"angle": 22.5, "axis": "z", "origin": [8.45116, -0.6237, 8.025]},
			"faces": {
				"north": {"uv": [0.10776, 5.35776, 0.60776, 5.60776], "texture": "#0"},
				"east": {"uv": [-0.01724, 5.35776, 0.10776, 5.60776], "texture": "#0"},
				"south": {"uv": [0.73276, 5.35776, 1.23276, 5.60776], "texture": "#0"},
				"west": {"uv": [0.60776, 5.35776, 0.73276, 5.60776], "texture": "#0"},
				"up": {"uv": [0.60776, 5.35776, 0.10776, 5.23276], "texture": "#0"},
				"down": {"uv": [1.10776, 5.23276, 0.60776, 5.35776], "texture": "#0"}
			}
		},
		{
			"from": [5, 6, -1],
			"to": [12, 19, 0],
			"rotation": {"angle": 0, "axis": "y", "origin": [8, 0, 8]},
			"faces": {
				"north": {"uv": [0.125, 0.125, 1, 1.75], "texture": "#0"},
				"east": {"uv": [0, 0.125, 0.125, 1.75], "texture": "#0"},
				"south": {"uv": [1.125, 0.125, 2, 1.75], "texture": "#0"},
				"west": {"uv": [1, 0.125, 1.125, 1.75], "texture": "#0"},
				"up": {"uv": [1, 0.125, 0.125, 0], "texture": "#0"},
				"down": {"uv": [1.875, 0, 1, 0.125], "texture": "#0"}
			}
		},
		{
			"from": [13.64771, 4.1797, -1.00086],
			"to": [17.64771, 5.1797, 16.99914],
			"rotation": {"angle": 22.5, "axis": "z", "origin": [10.64771, -0.8203, 8]},
			"faces": {
				"north": {"uv": [8.75, 10.875, 9.25, 11], "texture": "#0"},
				"east": {"uv": [6.5, 10.875, 8.75, 11], "texture": "#0"},
				"south": {"uv": [11.5, 10.875, 12, 11], "texture": "#0"},
				"west": {"uv": [9.25, 10.875, 11.5, 11], "texture": "#0"},
				"up": {"uv": [9.25, 10.875, 8.75, 8.625], "texture": "#0"},
				"down": {"uv": [9.75, 8.625, 9.25, 10.875], "texture": "#0"}
			}
		},
		{
			"from": [23.48866, 3.46642, -0.96293],
			"to": [27.48866, 4.46642, 17.03707],
			"rotation": {"angle": 45, "axis": "z", "origin": [16.48866, -1.53358, 8]},
			"faces": {
				"north": {"uv": [2.25, 10.5, 2.75, 10.625], "texture": "#0"},
				"east": {"uv": [0, 10.5, 2.25, 10.625], "texture": "#0"},
				"south": {"uv": [5, 10.5, 5.5, 10.625], "texture": "#0"},
				"west": {"uv": [2.75, 10.5, 5, 10.625], "texture": "#0"},
				"up": {"uv": [2.75, 10.5, 2.25, 8.25], "texture": "#0"},
				"down": {"uv": [3.25, 8.25, 2.75, 10.5], "texture": "#0"}
			}
		},
		{
			"from": [28, 4.54251, -1.13793],
			"to": [32, 5.54251, 2.86207],
			"rotation": {"angle": 45, "axis": "z", "origin": [21.07878, -0.45749, 8]},
			"faces": {
				"north": {"uv": [5.25, 6.625, 5.75, 6.75], "texture": "#0"},
				"east": {"uv": [4.75, 6.625, 5.25, 6.75], "texture": "#0"},
				"south": {"uv": [6.25, 6.625, 6.75, 6.75], "texture": "#0"},
				"west": {"uv": [5.75, 6.625, 6.25, 6.75], "texture": "#0"},
				"up": {"uv": [5.75, 6.625, 5.25, 6.125], "texture": "#0"},
				"down": {"uv": [6.25, 6.125, 5.75, 6.625], "texture": "#0"}
			}
		},
		{
			"from": [19.02988, 31, -1],
			"to": [21.02988, 32, 3],
			"rotation": {"angle": -45, "axis": "z", "origin": [4.02988, 27.95236, 8]},
			"faces": {
				"north": {"uv": [6, 3.625, 6.25, 3.75], "texture": "#0"},
				"east": {"uv": [5.5, 3.625, 6, 3.75], "texture": "#0"},
				"south": {"uv": [6.75, 3.625, 7, 3.75], "texture": "#0"},
				"west": {"uv": [6.25, 3.625, 6.75, 3.75], "texture": "#0"},
				"up": {"uv": [6.25, 3.625, 6, 3.125], "texture": "#0"},
				"down": {"uv": [6.5, 3.125, 6.25, 3.625], "texture": "#0"}
			}
		},
		{
			"from": [19.02988, 31, 6],
			"to": [21.02988, 32, 10],
			"rotation": {"angle": -45, "axis": "z", "origin": [4.02988, 27.95236, 8]},
			"faces": {
				"north": {"uv": [6, 1.125, 6.25, 1.25], "texture": "#0"},
				"east": {"uv": [5.5, 1.125, 6, 1.25], "texture": "#0"},
				"south": {"uv": [6.75, 1.125, 7, 1.25], "texture": "#0"},
				"west": {"uv": [6.25, 1.125, 6.75, 1.25], "texture": "#0"},
				"up": {"uv": [6.25, 1.125, 6, 0.625], "texture": "#0"},
				"down": {"uv": [6.5, 0.625, 6.25, 1.125], "texture": "#0"}
			}
		},
		{
			"from": [19.02988, 31, 13],
			"to": [21.02988, 32, 17.13793],
			"rotation": {"angle": -45, "axis": "z", "origin": [4.02988, 27.95236, 8]},
			"faces": {
				"north": {"uv": [5.98276, 0.48276, 6.23276, 0.60776], "texture": "#0"},
				"east": {"uv": [5.48276, 0.48276, 5.98276, 0.60776], "texture": "#0"},
				"south": {"uv": [6.73276, 0.48276, 6.98276, 0.60776], "texture": "#0"},
				"west": {"uv": [6.23276, 0.48276, 6.73276, 0.60776], "texture": "#0"},
				"up": {"uv": [6.23276, 0.48276, 5.98276, -0.01724], "texture": "#0"},
				"down": {"uv": [6.48276, -0.01724, 6.23276, 0.48276], "texture": "#0"}
			}
		},
		{
			"from": [28, 4.54251, 6],
			"to": [32, 5.54251, 10],
			"rotation": {"angle": 45, "axis": "z", "origin": [21.07878, -0.45749, 8]},
			"faces": {
				"north": {"uv": [5, 5.25, 5.5, 5.375], "texture": "#0"},
				"east": {"uv": [4.5, 5.25, 5, 5.375], "texture": "#0"},
				"south": {"uv": [6, 5.25, 6.5, 5.375], "texture": "#0"},
				"west": {"uv": [5.5, 5.25, 6, 5.375], "texture": "#0"},
				"up": {"uv": [5.5, 5.25, 5, 4.75], "texture": "#0"},
				"down": {"uv": [6, 4.75, 5.5, 5.25], "texture": "#0"}
			}
		},
		{
			"from": [28, 4.54251, 13],
			"to": [32, 5.54251, 17],
			"rotation": {"angle": 45, "axis": "z", "origin": [21.07878, -0.45749, 8]},
			"faces": {
				"north": {"uv": [0.5, 5.125, 1, 5.25], "texture": "#0"},
				"east": {"uv": [0, 5.125, 0.5, 5.25], "texture": "#0"},
				"south": {"uv": [1.5, 5.125, 2, 5.25], "texture": "#0"},
				"west": {"uv": [1, 5.125, 1.5, 5.25], "texture": "#0"},
				"up": {"uv": [1, 5.125, 0.5, 4.625], "texture": "#0"},
				"down": {"uv": [1.5, 4.625, 1, 5.125], "texture": "#0"}
			}
		},
		{
			"from": [28, 19.54251, -1],
			"to": [32, 20.54251, 3],
			"rotation": {"angle": 45, "axis": "z", "origin": [21.92122, -0.45749, 8]},
			"faces": {
				"north": {"uv": [0.5, 6.5, 1, 6.625], "texture": "#0"},
				"east": {"uv": [0, 6.5, 0.5, 6.625], "texture": "#0"},
				"south": {"uv": [1.5, 6.5, 2, 6.625], "texture": "#0"},
				"west": {"uv": [1, 6.5, 1.5, 6.625], "texture": "#0"},
				"up": {"uv": [1, 6.5, 0.5, 6], "texture": "#0"},
				"down": {"uv": [1.5, 6, 1, 6.5], "texture": "#0"}
			}
		},
		{
			"from": [31, 19.00759, -1],
			"to": [32, 21.00759, 3],
			"rotation": {"angle": 45, "axis": "z", "origin": [21.61047, 0.00759, 8]},
			"faces": {
				"north": {"uv": [8.25, 0.5, 8.375, 0.75], "texture": "#0"},
				"east": {"uv": [7.75, 0.5, 8.25, 0.75], "texture": "#0"},
				"south": {"uv": [8.875, 0.5, 9, 0.75], "texture": "#0"},
				"west": {"uv": [8.375, 0.5, 8.875, 0.75], "texture": "#0"},
				"up": {"uv": [8.375, 0.5, 8.25, 0], "texture": "#0"},
				"down": {"uv": [8.5, 0, 8.375, 0.5], "texture": "#0"}
			}
		},
		{
			"from": [31, 5.00759, -1],
			"to": [32, 7.00759, 3],
			"rotation": {"angle": 45, "axis": "z", "origin": [21.38953, 0.00759, 8]},
			"faces": {
				"north": {"uv": [6.5, 4.875, 6.625, 5.125], "texture": "#0"},
				"east": {"uv": [6, 4.875, 6.5, 5.125], "texture": "#0"},
				"south": {"uv": [7.125, 4.875, 7.25, 5.125], "texture": "#0"},
				"west": {"uv": [6.625, 4.875, 7.125, 5.125], "texture": "#0"},
				"up": {"uv": [6.625, 4.875, 6.5, 4.375], "texture": "#0"},
				"down": {"uv": [6.75, 4.375, 6.625, 4.875], "texture": "#0"}
			}
		},
		{
			"from": [31, 5.00759, 6],
			"to": [32, 7.00759, 10],
			"rotation": {"angle": 45, "axis": "z", "origin": [21.38953, 0.00759, 8]},
			"faces": {
				"north": {"uv": [6.5, 2.5, 6.625, 2.75], "texture": "#0"},
				"east": {"uv": [6, 2.5, 6.5, 2.75], "texture": "#0"},
				"south": {"uv": [7.125, 2.5, 7.25, 2.75], "texture": "#0"},
				"west": {"uv": [6.625, 2.5, 7.125, 2.75], "texture": "#0"},
				"up": {"uv": [6.625, 2.5, 6.5, 2], "texture": "#0"},
				"down": {"uv": [6.75, 2, 6.625, 2.5], "texture": "#0"}
			}
		},
		{
			"from": [31, 5.00759, 13],
			"to": [32, 7.00759, 17],
			"rotation": {"angle": 45, "axis": "z", "origin": [21.38953, 0.00759, 8]},
			"faces": {
				"north": {"uv": [6.5, 1.75, 6.625, 2], "texture": "#0"},
				"east": {"uv": [6, 1.75, 6.5, 2], "texture": "#0"},
				"south": {"uv": [7.125, 1.75, 7.25, 2], "texture": "#0"},
				"west": {"uv": [6.625, 1.75, 7.125, 2], "texture": "#0"},
				"up": {"uv": [6.625, 1.75, 6.5, 1.25], "texture": "#0"},
				"down": {"uv": [6.75, 1.25, 6.625, 1.75], "texture": "#0"}
			}
		},
		{
			"from": [31, 19.00759, 6],
			"to": [32, 21.00759, 10],
			"rotation": {"angle": 45, "axis": "z", "origin": [21.61047, 0.00759, 8]},
			"faces": {
				"north": {"uv": [5.25, 7.875, 5.375, 8.125], "texture": "#0"},
				"east": {"uv": [4.75, 7.875, 5.25, 8.125], "texture": "#0"},
				"south": {"uv": [5.875, 7.875, 6, 8.125], "texture": "#0"},
				"west": {"uv": [5.375, 7.875, 5.875, 8.125], "texture": "#0"},
				"up": {"uv": [5.375, 7.875, 5.25, 7.375], "texture": "#0"},
				"down": {"uv": [5.5, 7.375, 5.375, 7.875], "texture": "#0"}
			}
		},
		{
			"from": [31, 19.00759, 13],
			"to": [32, 21.00759, 17],
			"rotation": {"angle": 45, "axis": "z", "origin": [21.61047, 0.00759, 8]},
			"faces": {
				"north": {"uv": [0.5, 7.75, 0.625, 8], "texture": "#0"},
				"east": {"uv": [0, 7.75, 0.5, 8], "texture": "#0"},
				"south": {"uv": [1.125, 7.75, 1.25, 8], "texture": "#0"},
				"west": {"uv": [0.625, 7.75, 1.125, 8], "texture": "#0"},
				"up": {"uv": [0.625, 7.75, 0.5, 7.25], "texture": "#0"},
				"down": {"uv": [0.75, 7.25, 0.625, 7.75], "texture": "#0"}
			}
		},
		{
			"from": [29.58244, 12.64797, -1],
			"to": [31.58244, 13.64797, 3],
			"rotation": {"angle": 45, "axis": "z", "origin": [14.58244, -7.35203, 8]},
			"faces": {
				"north": {"uv": [5.25, 7.25, 5.5, 7.375], "texture": "#0"},
				"east": {"uv": [4.75, 7.25, 5.25, 7.375], "texture": "#0"},
				"south": {"uv": [6, 7.25, 6.25, 7.375], "texture": "#0"},
				"west": {"uv": [5.5, 7.25, 6, 7.375], "texture": "#0"},
				"up": {"uv": [5.5, 7.25, 5.25, 6.75], "texture": "#0"},
				"down": {"uv": [5.75, 6.75, 5.5, 7.25], "texture": "#0"}
			}
		},
		{
			"from": [29.58244, 12.64797, 6],
			"to": [31.58244, 13.64797, 10],
			"rotation": {"angle": 45, "axis": "z", "origin": [14.58244, -7.35203, 8]},
			"faces": {
				"north": {"uv": [0.5, 7.125, 0.75, 7.25], "texture": "#0"},
				"east": {"uv": [0, 7.125, 0.5, 7.25], "texture": "#0"},
				"south": {"uv": [1.25, 7.125, 1.5, 7.25], "texture": "#0"},
				"west": {"uv": [0.75, 7.125, 1.25, 7.25], "texture": "#0"},
				"up": {"uv": [0.75, 7.125, 0.5, 6.625], "texture": "#0"},
				"down": {"uv": [1, 6.625, 0.75, 7.125], "texture": "#0"}
			}
		},
		{
			"from": [29.58244, 12.64797, 13],
			"to": [31.58244, 13.64797, 17.13793],
			"rotation": {"angle": 45, "axis": "z", "origin": [14.58244, -7.35203, 8]},
			"faces": {
				"north": {"uv": [5.98276, 4.23276, 6.23276, 4.35776], "texture": "#0"},
				"east": {"uv": [5.48276, 4.23276, 5.98276, 4.35776], "texture": "#0"},
				"south": {"uv": [6.73276, 4.23276, 6.98276, 4.35776], "texture": "#0"},
				"west": {"uv": [6.23276, 4.23276, 6.73276, 4.35776], "texture": "#0"},
				"up": {"uv": [6.23276, 4.23276, 5.98276, 3.73276], "texture": "#0"},
				"down": {"uv": [6.48276, 3.73276, 6.23276, 4.23276], "texture": "#0"}
			}
		},
		{
			"from": [28, 19.54251, 6],
			"to": [32, 20.54251, 10],
			"rotation": {"angle": 45, "axis": "z", "origin": [21.92122, -0.45749, 8]},
			"faces": {
				"north": {"uv": [5, 2.125, 5.5, 2.25], "texture": "#0"},
				"east": {"uv": [4.5, 2.125, 5, 2.25], "texture": "#0"},
				"south": {"uv": [6, 2.125, 6.5, 2.25], "texture": "#0"},
				"west": {"uv": [5.5, 2.125, 6, 2.25], "texture": "#0"},
				"up": {"uv": [5.5, 2.125, 5, 1.625], "texture": "#0"},
				"down": {"uv": [6, 1.625, 5.5, 2.125], "texture": "#0"}
			}
		},
		{
			"from": [28, 19.54251, 13],
			"to": [32, 20.54251, 17],
			"rotation": {"angle": 45, "axis": "z", "origin": [21.92122, -0.45749, 8]},
			"faces": {
				"north": {"uv": [0.5, 2.25, 1, 2.375], "texture": "#0"},
				"east": {"uv": [0, 2.25, 0.5, 2.375], "texture": "#0"},
				"south": {"uv": [1.5, 2.25, 2, 2.375], "texture": "#0"},
				"west": {"uv": [1, 2.25, 1.5, 2.375], "texture": "#0"},
				"up": {"uv": [1, 2.25, 0.5, 1.75], "texture": "#0"},
				"down": {"uv": [1.5, 1.75, 1, 2.25], "texture": "#0"}
			}
		},
		{
			"from": [-0.53472, 4.64145, -1.03793],
			"to": [3.46528, 5.64145, 16.96207],
			"rotation": {"angle": -22.5, "axis": "z", "origin": [5.46528, -0.35855, 8]},
			"faces": {
				"north": {"uv": [12, 11, 12.5, 11.125], "texture": "#0"},
				"east": {"uv": [9.75, 11, 12, 11.125], "texture": "#0"},
				"south": {"uv": [14.75, 11, 15.25, 11.125], "texture": "#0"},
				"west": {"uv": [12.5, 11, 14.75, 11.125], "texture": "#0"},
				"up": {"uv": [12.5, 11, 12, 8.75], "texture": "#0"},
				"down": {"uv": [13, 8.75, 12.5, 11], "texture": "#0"}
			}
		},
		{
			"from": [-9.87134, 4.3903, -1],
			"to": [-5.87134, 5.3903, 17],
			"rotation": {"angle": -45, "axis": "z", "origin": [0.12866, -0.6097, 8]},
			"faces": {
				"north": {"uv": [5.5, 10.75, 6, 10.875], "texture": "#0"},
				"east": {"uv": [3.25, 10.75, 5.5, 10.875], "texture": "#0"},
				"south": {"uv": [8.25, 10.75, 8.75, 10.875], "texture": "#0"},
				"west": {"uv": [6, 10.75, 8.25, 10.875], "texture": "#0"},
				"up": {"uv": [6, 10.75, 5.5, 8.5], "texture": "#0"},
				"down": {"uv": [6.5, 8.5, 6, 10.75], "texture": "#0"}
			}
		},
		{
			"from": [2.91371, 6.73401, 0],
			"to": [13.91371, 7.73401, 16],
			"rotation": {"angle": 0, "axis": "y", "origin": [7.91371, -1.26599, 8]},
			"faces": {
				"north": {"uv": [2, 8.125, 3.375, 8.25], "texture": "#0"},
				"east": {"uv": [0, 8.125, 2, 8.25], "texture": "#0"},
				"south": {"uv": [5.375, 8.125, 6.75, 8.25], "texture": "#0"},
				"west": {"uv": [3.375, 8.125, 5.375, 8.25], "texture": "#0"},
				"up": {"uv": [3.375, 8.125, 2, 6.125], "texture": "#0"},
				"down": {"uv": [4.75, 6.125, 3.375, 8.125], "texture": "#0"}
			}
		},
		{
			"from": [2, 8, 8],
			"to": [15, 15, 9],
			"rotation": {"angle": 0, "axis": "y", "origin": [8, 0, 8]},
			"faces": {
				"north": {"uv": [10.875, 1.125, 12.5, 2], "texture": "#0"},
				"east": {"uv": [10.75, 1.125, 10.875, 2], "texture": "#0"},
				"south": {"uv": [12.625, 1.125, 14.25, 2], "texture": "#0"},
				"west": {"uv": [12.5, 1.125, 12.625, 2], "texture": "#0"},
				"up": {"uv": [12.5, 1.125, 10.875, 1], "texture": "#0"},
				"down": {"uv": [14.125, 1, 12.5, 1.125], "texture": "#0"}
			}
		},
		{
			"from": [2, 8, 0],
			"to": [15, 15, 1],
			"rotation": {"angle": 0, "axis": "y", "origin": [8, 0, 8]},
			"faces": {
				"north": {"uv": [10.875, 0.125, 12.5, 1], "texture": "#0"},
				"east": {"uv": [10.75, 0.125, 10.875, 1], "texture": "#0"},
				"south": {"uv": [12.625, 0.125, 14.25, 1], "texture": "#0"},
				"west": {"uv": [12.5, 0.125, 12.625, 1], "texture": "#0"},
				"up": {"uv": [12.5, 0.125, 10.875, 0], "texture": "#0"},
				"down": {"uv": [14.125, 0, 12.5, 0.125], "texture": "#0"}
			}
		},
		{
			"from": [-10.27586, 0.96552, 0.55172],
			"to": [2.72414, 6.03448, 1.55172],
			"rotation": {"angle": -45, "axis": "z", "origin": [8, 0, 8]},
			"faces": {
				"north": {"uv": [10.875, 0.125, 12.5, 0.75], "texture": "#0"},
				"east": {"uv": [10.75, 0.125, 10.875, 0.75], "texture": "#0"},
				"south": {"uv": [12.625, 0.125, 14.25, 0.75], "texture": "#0"},
				"west": {"uv": [12.5, 0.125, 12.625, 0.75], "texture": "#0"},
				"up": {"uv": [12.5, 0.125, 10.875, 0], "texture": "#0"},
				"down": {"uv": [14.125, 0, 12.5, 0.125], "texture": "#0"}
			}
		},
		{
			"from": [0.2069, 0.99052, 17.7931],
			"to": [5.2069, 6.05948, 18.7931],
			"rotation": {"angle": -45, "axis": "y", "origin": [8, 0, 8]},
			"faces": {
				"north": {"uv": [12.875, 0.125, 13.5, 0.75], "texture": "#0"},
				"east": {"uv": [12.75, 0.125, 12.875, 0.75], "texture": "#0"},
				"south": {"uv": [13.625, 0.125, 14.25, 0.75], "texture": "#0"},
				"west": {"uv": [13.5, 0.125, 13.625, 0.75], "texture": "#0"},
				"up": {"uv": [13.5, 0.125, 12.875, 0], "texture": "#0"},
				"down": {"uv": [14.125, 0, 13.5, 0.125], "texture": "#0"}
			}
		},
		{
			"from": [0.2069, -4.94052, 17.7931],
			"to": [5.2069, 0.12845, 18.7931],
			"rotation": {"angle": -45, "axis": "y", "origin": [8, 0, 8]},
			"faces": {
				"north": {"uv": [12.875, 0.125, 13.5, 0.75], "texture": "#0"},
				"east": {"uv": [12.75, 0.125, 12.875, 0.75], "texture": "#0"},
				"south": {"uv": [13.625, 0.125, 14.25, 0.75], "texture": "#0"},
				"west": {"uv": [13.5, 0.125, 13.625, 0.75], "texture": "#0"},
				"up": {"uv": [13.5, 0.125, 12.875, 0], "texture": "#0"},
				"down": {"uv": [14.125, 0, 13.5, 0.125], "texture": "#0"}
			}
		},
		{
			"from": [8.2069, -4.94052, 17.7931],
			"to": [13.2069, 0.12845, 18.7931],
			"rotation": {"angle": -45, "axis": "y", "origin": [8, 0, 8]},
			"faces": {
				"north": {"uv": [12.875, 0.125, 13.5, 0.75], "texture": "#0"},
				"east": {"uv": [12.75, 0.125, 12.875, 0.75], "texture": "#0"},
				"south": {"uv": [13.625, 0.125, 14.25, 0.75], "texture": "#0"},
				"west": {"uv": [13.5, 0.125, 13.625, 0.75], "texture": "#0"},
				"up": {"uv": [13.5, 0.125, 12.875, 0], "texture": "#0"},
				"down": {"uv": [14.125, 0, 13.5, 0.125], "texture": "#0"}
			}
		},
		{
			"from": [8.2069, 1.68017, 17.7931],
			"to": [13.2069, 6.74914, 18.7931],
			"rotation": {"angle": -45, "axis": "y", "origin": [8, 0, 8]},
			"faces": {
				"north": {"uv": [12.875, 0.125, 13.5, 0.75], "texture": "#0"},
				"east": {"uv": [12.75, 0.125, 12.875, 0.75], "texture": "#0"},
				"south": {"uv": [13.625, 0.125, 14.25, 0.75], "texture": "#0"},
				"west": {"uv": [13.5, 0.125, 13.625, 0.75], "texture": "#0"},
				"up": {"uv": [13.5, 0.125, 12.875, 0], "texture": "#0"},
				"down": {"uv": [14.125, 0, 13.5, 0.125], "texture": "#0"}
			}
		},
		{
			"from": [-10.27586, 0.96552, 8.13793],
			"to": [2.72414, 6.03448, 9.13793],
			"rotation": {"angle": -45, "axis": "z", "origin": [8, 0, 8]},
			"faces": {
				"north": {"uv": [10.875, 0.125, 12.5, 0.75], "texture": "#0"},
				"east": {"uv": [10.75, 0.125, 10.875, 0.75], "texture": "#0"},
				"south": {"uv": [12.625, 0.125, 14.25, 0.75], "texture": "#0"},
				"west": {"uv": [12.5, 0.125, 12.625, 0.75], "texture": "#0"},
				"up": {"uv": [12.5, 0.125, 10.875, 0], "texture": "#0"},
				"down": {"uv": [14.125, 0, 12.5, 0.125], "texture": "#0"}
			}
		},
		{
			"from": [13.31034, -0.27586, 0.55172],
			"to": [26.31034, 4.7931, 1.55172],
			"rotation": {"angle": 45, "axis": "z", "origin": [8, 0, 8]},
			"faces": {
				"north": {"uv": [10.875, 0.125, 12.5, 0.75], "texture": "#0"},
				"east": {"uv": [10.75, 0.125, 10.875, 0.75], "texture": "#0"},
				"south": {"uv": [12.625, 0.125, 14.25, 0.75], "texture": "#0"},
				"west": {"uv": [12.5, 0.125, 12.625, 0.75], "texture": "#0"},
				"up": {"uv": [12.5, 0.125, 10.875, 0], "texture": "#0"},
				"down": {"uv": [14.125, 0, 12.5, 0.125], "texture": "#0"}
			}
		},
		{
			"from": [13.31034, -0.27586, 8.27586],
			"to": [26.31034, 4.7931, 9.27586],
			"rotation": {"angle": 45, "axis": "z", "origin": [8, 0, 8]},
			"faces": {
				"north": {"uv": [10.875, 0.125, 12.5, 0.75], "texture": "#0"},
				"east": {"uv": [10.75, 0.125, 10.875, 0.75], "texture": "#0"},
				"south": {"uv": [12.625, 0.125, 14.25, 0.75], "texture": "#0"},
				"west": {"uv": [12.5, 0.125, 12.625, 0.75], "texture": "#0"},
				"up": {"uv": [12.5, 0.125, 10.875, 0], "texture": "#0"},
				"down": {"uv": [14.125, 0, 12.5, 0.125], "texture": "#0"}
			}
		},
		{
			"from": [18, 0.96552, 0.68966],
			"to": [27.96552, 3.27586, 1.41379],
			"rotation": {"angle": 45, "axis": "z", "origin": [8, 0, 8]},
			"faces": {
				"north": {"uv": [10.78448, 0.03448, 11.90948, 0.28448], "texture": "#0"},
				"east": {"uv": [10.78448, 0.03448, 10.78448, 0.28448], "texture": "#0"},
				"south": {"uv": [11.90948, 0.03448, 13.03448, 0.28448], "texture": "#0"},
				"west": {"uv": [11.90948, 0.03448, 11.90948, 0.28448], "texture": "#0"},
				"up": {"uv": [11.90948, 0.03448, 10.78448, 0.03448], "texture": "#0"},
				"down": {"uv": [13.03448, 0.03448, 11.90948, 0.03448], "texture": "#0"}
			}
		},
		{
			"from": [18, 0.96552, 8.41379],
			"to": [27.96552, 3.27586, 9.13793],
			"rotation": {"angle": 45, "axis": "z", "origin": [8, 0, 8]},
			"faces": {
				"north": {"uv": [10.78448, 0.03448, 11.90948, 0.28448], "texture": "#0"},
				"east": {"uv": [10.78448, 0.03448, 10.78448, 0.28448], "texture": "#0"},
				"south": {"uv": [11.90948, 0.03448, 13.03448, 0.28448], "texture": "#0"},
				"west": {"uv": [11.90948, 0.03448, 11.90948, 0.28448], "texture": "#0"},
				"up": {"uv": [11.90948, 0.03448, 10.78448, 0.03448], "texture": "#0"},
				"down": {"uv": [13.03448, 0.03448, 11.90948, 0.03448], "texture": "#0"}
			}
		},
		{
			"from": [18, -4.68966, 0.68966],
			"to": [27.96552, -2.37931, 1.41379],
			"rotation": {"angle": 45, "axis": "z", "origin": [8, 0, 8]},
			"faces": {
				"north": {"uv": [10.78448, 0.03448, 11.90948, 0.28448], "texture": "#0"},
				"east": {"uv": [10.78448, 0.03448, 10.78448, 0.28448], "texture": "#0"},
				"south": {"uv": [11.90948, 0.03448, 13.03448, 0.28448], "texture": "#0"},
				"west": {"uv": [11.90948, 0.03448, 11.90948, 0.28448], "texture": "#0"},
				"up": {"uv": [11.90948, 0.03448, 10.78448, 0.03448], "texture": "#0"},
				"down": {"uv": [13.03448, 0.03448, 11.90948, 0.03448], "texture": "#0"}
			}
		},
		{
			"from": [18, -4.68966, 8.27586],
			"to": [27.96552, -2.37931, 9],
			"rotation": {"angle": 45, "axis": "z", "origin": [8, 0, 8]},
			"faces": {
				"north": {"uv": [10.78448, 0.03448, 11.90948, 0.28448], "texture": "#0"},
				"east": {"uv": [10.78448, 0.03448, 10.78448, 0.28448], "texture": "#0"},
				"south": {"uv": [11.90948, 0.03448, 13.03448, 0.28448], "texture": "#0"},
				"west": {"uv": [11.90948, 0.03448, 11.90948, 0.28448], "texture": "#0"},
				"up": {"uv": [11.90948, 0.03448, 10.78448, 0.03448], "texture": "#0"},
				"down": {"uv": [13.03448, 0.03448, 11.90948, 0.03448], "texture": "#0"}
			}
		},
		{
			"from": [2, 8, 9],
			"to": [15, 10, 11],
			"rotation": {"angle": 0, "axis": "y", "origin": [8, 0, 8]},
			"faces": {
				"north": {"uv": [11, 3.125, 12.625, 3.375], "texture": "#0"},
				"east": {"uv": [10.75, 3.125, 11, 3.375], "texture": "#0"},
				"south": {"uv": [12.875, 3.125, 14.5, 3.375], "texture": "#0"},
				"west": {"uv": [12.625, 3.125, 12.875, 3.375], "texture": "#0"},
				"up": {"uv": [12.625, 3.125, 11, 2.875], "texture": "#0"},
				"down": {"uv": [14.25, 2.875, 12.625, 3.125], "texture": "#0"}
			}
		},
		{
			"from": [2, 8, 1],
			"to": [15, 10, 3],
			"rotation": {"angle": 0, "axis": "y", "origin": [8, 0, 8]},
			"faces": {
				"north": {"uv": [11, 2.25, 12.625, 2.5], "texture": "#0"},
				"east": {"uv": [10.75, 2.25, 11, 2.5], "texture": "#0"},
				"south": {"uv": [12.875, 2.25, 14.5, 2.5], "texture": "#0"},
				"west": {"uv": [12.625, 2.25, 12.875, 2.5], "texture": "#0"},
				"up": {"uv": [12.625, 2.25, 11, 2], "texture": "#0"},
				"down": {"uv": [14.25, 2, 12.625, 2.25], "texture": "#0"}
			}
		},
		{
			"from": [12, 7.33087, 25.00551],
			"to": [13, 12.33087, 26.00551],
			"rotation": {"angle": -22.5, "axis": "x", "origin": [9, -25.66913, 10.00551]},
			"faces": {
				"north": {"uv": [5.125, 8.625, 5.25, 9.25], "texture": "#0"},
				"east": {"uv": [5, 8.625, 5.125, 9.25], "texture": "#0"},
				"south": {"uv": [5.375, 8.625, 5.5, 9.25], "texture": "#0"},
				"west": {"uv": [5.25, 8.625, 5.375, 9.25], "texture": "#0"},
				"up": {"uv": [5.25, 8.625, 5.125, 8.5], "texture": "#0"},
				"down": {"uv": [5.375, 8.5, 5.25, 8.625], "texture": "#0"}
			}
		},
		{
			"from": [4, 7.33087, 25.00551],
			"to": [5, 12.33087, 26.00551],
			"rotation": {"angle": -22.5, "axis": "x", "origin": [9, -25.66913, 10.00551]},
			"faces": {
				"north": {"uv": [4.625, 8.625, 4.75, 9.25], "texture": "#0"},
				"east": {"uv": [4.5, 8.625, 4.625, 9.25], "texture": "#0"},
				"south": {"uv": [4.875, 8.625, 5, 9.25], "texture": "#0"},
				"west": {"uv": [4.75, 8.625, 4.875, 9.25], "texture": "#0"},
				"up": {"uv": [4.75, 8.625, 4.625, 8.5], "texture": "#0"},
				"down": {"uv": [4.875, 8.5, 4.75, 8.625], "texture": "#0"}
			}
		},
		{
			"from": [4, 3.33087, 31],
			"to": [5, 8.33087, 32],
			"rotation": {"angle": -22.5, "axis": "x", "origin": [9, -25.66913, 10.00551]},
			"faces": {
				"north": {"uv": [8.625, 4.5, 8.75, 5.125], "texture": "#0"},
				"east": {"uv": [8.5, 4.5, 8.625, 5.125], "texture": "#0"},
				"south": {"uv": [8.875, 4.5, 9, 5.125], "texture": "#0"},
				"west": {"uv": [8.75, 4.5, 8.875, 5.125], "texture": "#0"},
				"up": {"uv": [8.75, 4.5, 8.625, 4.375], "texture": "#0"},
				"down": {"uv": [8.875, 4.375, 8.75, 4.5], "texture": "#0"}
			}
		},
		{
			"from": [12, 3.33087, 31],
			"to": [13, 8.33087, 32],
			"rotation": {"angle": -22.5, "axis": "x", "origin": [9, -25.66913, 10.00551]},
			"faces": {
				"north": {"uv": [4.125, 8.375, 4.25, 9], "texture": "#0"},
				"east": {"uv": [4, 8.375, 4.125, 9], "texture": "#0"},
				"south": {"uv": [4.375, 8.375, 4.5, 9], "texture": "#0"},
				"west": {"uv": [4.25, 8.375, 4.375, 9], "texture": "#0"},
				"up": {"uv": [4.25, 8.375, 4.125, 8.25], "texture": "#0"},
				"down": {"uv": [4.375, 8.25, 4.25, 8.375], "texture": "#0"}
			}
		},
		{
			"from": [5, 13.96351, 5.76423],
			"to": [12, 14.96351, 6.76423],
			"rotation": {"angle": 0, "axis": "y", "origin": [7, -0.03649, 7.76423]},
			"faces": {
				"north": {"uv": [4.625, 2.375, 5.5, 2.5], "texture": "#0"},
				"east": {"uv": [4.5, 2.375, 4.625, 2.5], "texture": "#0"},
				"south": {"uv": [5.625, 2.375, 6.5, 2.5], "texture": "#0"},
				"west": {"uv": [5.5, 2.375, 5.625, 2.5], "texture": "#0"},
				"up": {"uv": [5.5, 2.375, 4.625, 2.25], "texture": "#0"},
				"down": {"uv": [6.375, 2.25, 5.5, 2.375], "texture": "#0"}
			}
		},
		{
			"from": [5, 13.64771, 13.8203],
			"to": [12, 14.64771, 14.8203],
			"rotation": {"angle": 0, "axis": "y", "origin": [7, -0.35229, 7.8203]},
			"faces": {
				"north": {"uv": [0.125, 2.5, 1, 2.625], "texture": "#0"},
				"east": {"uv": [0, 2.5, 0.125, 2.625], "texture": "#0"},
				"south": {"uv": [1.125, 2.5, 2, 2.625], "texture": "#0"},
				"west": {"uv": [1, 2.5, 1.125, 2.625], "texture": "#0"},
				"up": {"uv": [1, 2.5, 0.125, 2.375], "texture": "#0"},
				"down": {"uv": [1.875, 2.375, 1, 2.5], "texture": "#0"}
			}
		},
		{
			"from": [5, 1.72414, -3.13793],
			"to": [12, 3, 18.86207],
			"rotation": {"angle": 0, "axis": "y", "origin": [8, 0, 8]},
			"faces": {
				"north": {"uv": [2.75, 5.625, 3.625, 5.75], "texture": "#0"},
				"east": {"uv": [0, 5.625, 2.75, 5.75], "texture": "#0"},
				"south": {"uv": [6.375, 5.625, 7.25, 5.75], "texture": "#0"},
				"west": {"uv": [3.625, 5.625, 6.375, 5.75], "texture": "#0"},
				"up": {"uv": [3.625, 5.625, 2.75, 2.875], "texture": "#0"},
				"down": {"uv": [4.5, 2.875, 3.625, 5.625], "texture": "#0"}
			}
		},
		{
			"from": [3, 2, -3],
			"to": [5, 4, 19],
			"rotation": {"angle": 0, "axis": "y", "origin": [8, 0, 8]},
			"faces": {
				"north": {"uv": [7.25, 5.875, 7.5, 6.125], "texture": "#0"},
				"east": {"uv": [4.5, 5.875, 7.25, 6.125], "texture": "#0"},
				"south": {"uv": [10.25, 5.875, 10.5, 6.125], "texture": "#0"},
				"west": {"uv": [7.5, 5.875, 10.25, 6.125], "texture": "#0"},
				"up": {"uv": [7.5, 5.875, 7.25, 3.125], "texture": "#0"},
				"down": {"uv": [7.75, 3.125, 7.5, 5.875], "texture": "#0"}
			}
		},
		{
			"from": [12, 2, -3],
			"to": [14, 4, 19],
			"rotation": {"angle": 0, "axis": "y", "origin": [8, 0, 8]},
			"faces": {
				"north": {"uv": [7.25, 2.875, 7.5, 3.125], "texture": "#0"},
				"east": {"uv": [4.5, 2.875, 7.25, 3.125], "texture": "#0"},
				"south": {"uv": [10.25, 2.875, 10.5, 3.125], "texture": "#0"},
				"west": {"uv": [7.5, 2.875, 10.25, 3.125], "texture": "#0"},
				"up": {"uv": [7.5, 2.875, 7.25, 0.125], "texture": "#0"},
				"down": {"uv": [7.75, 0.125, 7.5, 2.875], "texture": "#0"}
			}
		},
		{
			"from": [5, 2, -3],
			"to": [12, 3, 19],
			"rotation": {"angle": 0, "axis": "y", "origin": [8, 0, 8]},
			"faces": {
				"north": {"uv": [2.75, 2.75, 3.625, 2.875], "texture": "#0"},
				"east": {"uv": [0, 2.75, 2.75, 2.875], "texture": "#0"},
				"south": {"uv": [6.375, 2.75, 7.25, 2.875], "texture": "#0"},
				"west": {"uv": [3.625, 2.75, 6.375, 2.875], "texture": "#0"},
				"up": {"uv": [3.625, 2.75, 2.75, 0], "texture": "#0"},
				"down": {"uv": [4.5, 0, 3.625, 2.75], "texture": "#0"}
			}
		},
		{
			"from": [5.95259, 2.43288, -1],
			"to": [10.95259, 3.43288, 17],
			"rotation": {"angle": 0, "axis": "y", "origin": [7.95259, -0.56712, 8]},
			"faces": {
				"north": {"uv": [6.75, 8.375, 7.375, 8.5], "texture": "#0"},
				"east": {"uv": [4.5, 8.375, 6.75, 8.5], "texture": "#0"},
				"south": {"uv": [9.625, 8.375, 10.25, 8.5], "texture": "#0"},
				"west": {"uv": [7.375, 8.375, 9.625, 8.5], "texture": "#0"},
				"up": {"uv": [7.375, 8.375, 6.75, 6.125], "texture": "#0"},
				"down": {"uv": [8, 6.125, 7.375, 8.375], "texture": "#0"}
			}
		},
		{
			"from": [7.95259, 13.43288, -2],
			"to": [8.95259, 14.43288, 0],
			"rotation": {"angle": 0, "axis": "y", "origin": [7.95259, -0.56712, 8]},
			"faces": {
				"north": {"uv": [5.75, 1.5, 5.875, 1.625], "texture": "#0"},
				"east": {"uv": [5.5, 1.5, 5.75, 1.625], "texture": "#0"},
				"south": {"uv": [6.125, 1.5, 6.25, 1.625], "texture": "#0"},
				"west": {"uv": [5.875, 1.5, 6.125, 1.625], "texture": "#0"},
				"up": {"uv": [5.875, 1.5, 5.75, 1.25], "texture": "#0"},
				"down": {"uv": [6, 1.25, 5.875, 1.5], "texture": "#0"}
			}
		},
		{
			"from": [7.95259, 13.43288, 16],
			"to": [8.95259, 14.43288, 18],
			"rotation": {"angle": 0, "axis": "y", "origin": [7.95259, -0.56712, 8]},
			"faces": {
				"north": {"uv": [1.5, 5.5, 1.625, 5.625], "texture": "#0"},
				"east": {"uv": [1.25, 5.5, 1.5, 5.625], "texture": "#0"},
				"south": {"uv": [1.875, 5.5, 2, 5.625], "texture": "#0"},
				"west": {"uv": [1.625, 5.5, 1.875, 5.625], "texture": "#0"},
				"up": {"uv": [1.625, 5.5, 1.5, 5.25], "texture": "#0"},
				"down": {"uv": [1.75, 5.25, 1.625, 5.5], "texture": "#0"}
			}
		},
		{
			"from": [5.79465, 2.74413, -2],
			"to": [7.79465, 3.74413, 18],
			"rotation": {"angle": 22.5, "axis": "z", "origin": [8.79465, -0.25587, 8]},
			"faces": {
				"north": {"uv": [10.25, 5.625, 10.5, 5.75], "texture": "#0"},
				"east": {"uv": [7.75, 5.625, 10.25, 5.75], "texture": "#0"},
				"south": {"uv": [13, 5.625, 13.25, 5.75], "texture": "#0"},
				"west": {"uv": [10.5, 5.625, 13, 5.75], "texture": "#0"},
				"up": {"uv": [10.5, 5.625, 10.25, 3.125], "texture": "#0"},
				"down": {"uv": [10.75, 3.125, 10.5, 5.625], "texture": "#0"}
			}
		},
		{
			"from": [9.56402, 4.01907, -2],
			"to": [11.56402, 5.01907, 18],
			"rotation": {"angle": -22.5, "axis": "z", "origin": [2.56402, 1.01907, 8]},
			"faces": {
				"north": {"uv": [10.25, 2.5, 10.5, 2.625], "texture": "#0"},
				"east": {"uv": [7.75, 2.5, 10.25, 2.625], "texture": "#0"},
				"south": {"uv": [13, 2.5, 13.25, 2.625], "texture": "#0"},
				"west": {"uv": [10.5, 2.5, 13, 2.625], "texture": "#0"},
				"up": {"uv": [10.5, 2.5, 10.25, 0], "texture": "#0"},
				"down": {"uv": [10.75, 0, 10.5, 2.5], "texture": "#0"}
			}
		},
		{
			"from": [0.95, 0.95, 15.06983],
			"to": [15.95, 1.95, 16.06983],
			"rotation": {"angle": 0, "axis": "y", "origin": [8, 0, 8]},
			"faces": {
				"north": {"uv": [10.5, 6.125, 12.375, 6.25], "texture": "#0"},
				"east": {"uv": [10.375, 6.125, 10.5, 6.25], "texture": "#0"},
				"south": {"uv": [12.5, 6.125, 14.375, 6.25], "texture": "#0"},
				"west": {"uv": [12.375, 6.125, 12.5, 6.25], "texture": "#0"},
				"up": {"uv": [12.375, 6.125, 10.5, 6], "texture": "#0"},
				"down": {"uv": [14.25, 6, 12.375, 6.125], "texture": "#0"}
			}
		},
		{
			"from": [0.95, 0.95, 0.01983],
			"to": [15.95, 1.95, 1.01983],
			"rotation": {"angle": 0, "axis": "y", "origin": [8, 0, 8]},
			"faces": {
				"north": {"uv": [10.5, 6.125, 12.375, 6.25], "texture": "#0"},
				"east": {"uv": [10.375, 6.125, 10.5, 6.25], "texture": "#0"},
				"south": {"uv": [12.5, 6.125, 14.375, 6.25], "texture": "#0"},
				"west": {"uv": [12.375, 6.125, 12.5, 6.25], "texture": "#0"},
				"up": {"uv": [12.375, 6.125, 10.5, 6], "texture": "#0"},
				"down": {"uv": [14.25, 6, 12.375, 6.125], "texture": "#0"}
			}
		},
		{
			"from": [0.12241, 0.95, 15.09224],
			"to": [15.12241, 1.95, 16.09224],
			"rotation": {"angle": -45, "axis": "y", "origin": [8, 0, 8]},
			"faces": {
				"north": {"uv": [10.5, 6.125, 12.375, 6.25], "texture": "#0"},
				"east": {"uv": [10.375, 6.125, 10.5, 6.25], "texture": "#0"},
				"south": {"uv": [12.5, 6.125, 14.375, 6.25], "texture": "#0"},
				"west": {"uv": [12.375, 6.125, 12.5, 6.25], "texture": "#0"},
				"up": {"uv": [12.375, 6.125, 10.5, 6], "texture": "#0"},
				"down": {"uv": [14.25, 6, 12.375, 6.125], "texture": "#0"}
			}
		},
		{
			"from": [1, 1, 15],
			"to": [16, 2, 16],
			"rotation": {"angle": 0, "axis": "y", "origin": [8, 0, 8]},
			"faces": {
				"north": {"uv": [0.125, 5.875, 2, 6], "texture": "#0"},
				"east": {"uv": [0, 5.875, 0.125, 6], "texture": "#0"},
				"south": {"uv": [2.125, 5.875, 4, 6], "texture": "#0"},
				"west": {"uv": [2, 5.875, 2.125, 6], "texture": "#0"},
				"up": {"uv": [2, 5.875, 0.125, 5.75], "texture": "#0"},
				"down": {"uv": [3.875, 5.75, 2, 5.875], "texture": "#0"}
			}
		},
		{
			"from": [1, 1, 0],
			"to": [16, 2, 1],
			"rotation": {"angle": 0, "axis": "y", "origin": [8, 0, 8]},
			"faces": {
				"north": {"uv": [7.875, 2.75, 9.75, 2.875], "texture": "#0"},
				"east": {"uv": [7.75, 2.75, 7.875, 2.875], "texture": "#0"},
				"south": {"uv": [9.875, 2.75, 11.75, 2.875], "texture": "#0"},
				"west": {"uv": [9.75, 2.75, 9.875, 2.875], "texture": "#0"},
				"up": {"uv": [9.75, 2.75, 7.875, 2.625], "texture": "#0"},
				"down": {"uv": [11.625, 2.625, 9.75, 2.75], "texture": "#0"}
			}
		},
		{
			"from": [15, 0, -1],
			"to": [16, 3, 2],
			"rotation": {"angle": 0, "axis": "y", "origin": [8, 0, 8]},
			"faces": {
				"north": {"uv": [1.375, 8.625, 1.5, 9], "texture": "#0"},
				"east": {"uv": [1, 8.625, 1.375, 9], "texture": "#0"},
				"south": {"uv": [1.875, 8.625, 2, 9], "texture": "#0"},
				"west": {"uv": [1.5, 8.625, 1.875, 9], "texture": "#0"},
				"up": {"uv": [1.5, 8.625, 1.375, 8.25], "texture": "#0"},
				"down": {"uv": [1.625, 8.25, 1.5, 8.625], "texture": "#0"}
			}
		},
		{
			"from": [15, 0, 14],
			"to": [16, 3, 17],
			"rotation": {"angle": 0, "axis": "y", "origin": [8, 0, 8]},
			"faces": {
				"north": {"uv": [0.375, 8.625, 0.5, 9], "texture": "#0"},
				"east": {"uv": [0, 8.625, 0.375, 9], "texture": "#0"},
				"south": {"uv": [0.875, 8.625, 1, 9], "texture": "#0"},
				"west": {"uv": [0.5, 8.625, 0.875, 9], "texture": "#0"},
				"up": {"uv": [0.5, 8.625, 0.375, 8.25], "texture": "#0"},
				"down": {"uv": [0.625, 8.25, 0.5, 8.625], "texture": "#0"}
			}
		},
		{
			"from": [1, 0, 14],
			"to": [2, 3, 17],
			"rotation": {"angle": 0, "axis": "y", "origin": [8, 0, 8]},
			"faces": {
				"north": {"uv": [8.5, 1.875, 8.625, 2.25], "texture": "#0"},
				"east": {"uv": [8.125, 1.875, 8.5, 2.25], "texture": "#0"},
				"south": {"uv": [9, 1.875, 9.125, 2.25], "texture": "#0"},
				"west": {"uv": [8.625, 1.875, 9, 2.25], "texture": "#0"},
				"up": {"uv": [8.625, 1.875, 8.5, 1.5], "texture": "#0"},
				"down": {"uv": [8.75, 1.5, 8.625, 1.875], "texture": "#0"}
			}
		},
		{
			"from": [1, 0, -1],
			"to": [2, 3, 2],
			"rotation": {"angle": 0, "axis": "y", "origin": [8, 0, 8]},
			"faces": {
				"north": {"uv": [8.375, 7.625, 8.5, 8], "texture": "#0"},
				"east": {"uv": [8, 7.625, 8.375, 8], "texture": "#0"},
				"south": {"uv": [8.875, 7.625, 9, 8], "texture": "#0"},
				"west": {"uv": [8.5, 7.625, 8.875, 8], "texture": "#0"},
				"up": {"uv": [8.5, 7.625, 8.375, 7.25], "texture": "#0"},
				"down": {"uv": [8.625, 7.25, 8.5, 7.625], "texture": "#0"}
			}
		}
	],
	"groups": [
		0,
		1,
		2,
		3,
		4,
		5,
		6,
		7,
		8,
		9,
		10,
		11,
		12,
		13,
		14,
		15,
		16,
		17,
		18,
		19,
		20,
		21,
		22,
		23,
		24,
		25,
		26,
		27,
		28,
		29,
		30,
		31,
		32,
		33,
		34,
		35,
		36,
		37,
		38,
		39,
		40,
		{
			"name": "bone",
			"origin": [16.48866, -1.53358, 8],
			"color": 0,
			"nbt": "{}",
			"children": []
		},
		41,
		42,
		43,
		44,
		45,
		46,
		47,
		48,
		49,
		50,
		51,
		52,
		53,
		54,
		55,
		56,
		57,
		58,
		59,
		60,
		61,
		62,
		63,
		64,
		65,
		66,
		67,
		68,
		69,
		70,
		71,
		72,
		73,
		74,
		75,
		76,
		77,
		78,
		79,
		80,
		81,
		82,
		83
	]
}
