{
	"credit": "EndingSoon was here",
	"texture_size": [128, 128],
	"textures": {
		"0": "item/custom/mk/flyingcarpet",
		"particle": "item/custom/mk/flyingcarpet"
	},
	"elements": [
		{
			"from": [2.9, 4.05844, 24.3247],
			"to": [4.1, 5.25844, 25.5247],
			"rotation": {"angle": 45, "axis": "x", "origin": [8.5, 4.65844, 25.02472]},
			"faces": {
				"north": {"uv": [1, 10, 1.125, 10.125], "texture": "#0"},
				"east": {"uv": [10, 1, 10.125, 1.125], "texture": "#0"},
				"south": {"uv": [1.25, 10, 1.375, 10.125], "texture": "#0"},
				"west": {"uv": [10, 1.25, 10.125, 1.375], "texture": "#0"},
				"up": {"uv": [1.625, 10.125, 1.5, 10], "texture": "#0"},
				"down": {"uv": [10.125, 1.5, 10, 1.625], "texture": "#0"}
			}
		},
		{
			"from": [4.9, 4.05844, 24.3247],
			"to": [6.1, 5.25844, 25.5247],
			"rotation": {"angle": 45, "axis": "x", "origin": [8.5, 4.65844, 25.02472]},
			"faces": {
				"north": {"uv": [1.75, 10, 1.875, 10.125], "texture": "#0"},
				"east": {"uv": [10, 1.75, 10.125, 1.875], "texture": "#0"},
				"south": {"uv": [2, 10, 2.125, 10.125], "texture": "#0"},
				"west": {"uv": [10, 2, 10.125, 2.125], "texture": "#0"},
				"up": {"uv": [2.375, 10.125, 2.25, 10], "texture": "#0"},
				"down": {"uv": [10.125, 2.25, 10, 2.375], "texture": "#0"}
			}
		},
		{
			"from": [6.9, 4.05844, 24.3247],
			"to": [8.1, 5.25844, 25.5247],
			"rotation": {"angle": 45, "axis": "x", "origin": [8.5, 4.65844, 25.02472]},
			"faces": {
				"north": {"uv": [2.5, 10, 2.625, 10.125], "texture": "#0"},
				"east": {"uv": [10, 2.5, 10.125, 2.625], "texture": "#0"},
				"south": {"uv": [10, 2.75, 10.125, 2.875], "texture": "#0"},
				"west": {"uv": [3.25, 10, 3.375, 10.125], "texture": "#0"},
				"up": {"uv": [10.125, 3.625, 10, 3.5], "texture": "#0"},
				"down": {"uv": [10.125, 3.75, 10, 3.875], "texture": "#0"}
			}
		},
		{
			"from": [8.9, 4.05844, 24.3247],
			"to": [10.1, 5.25844, 25.5247],
			"rotation": {"angle": 45, "axis": "x", "origin": [8.5, 4.65844, 25.02472]},
			"faces": {
				"north": {"uv": [10, 4, 10.125, 4.125], "texture": "#0"},
				"east": {"uv": [10, 4.25, 10.125, 4.375], "texture": "#0"},
				"south": {"uv": [10, 4.5, 10.125, 4.625], "texture": "#0"},
				"west": {"uv": [4.75, 10, 4.875, 10.125], "texture": "#0"},
				"up": {"uv": [10.125, 4.875, 10, 4.75], "texture": "#0"},
				"down": {"uv": [5.125, 10, 5, 10.125], "texture": "#0"}
			}
		},
		{
			"from": [10.9, 4.05844, 24.3247],
			"to": [12.1, 5.25844, 25.5247],
			"rotation": {"angle": 45, "axis": "x", "origin": [8.5, 4.65844, 25.02472]},
			"faces": {
				"north": {"uv": [10, 5, 10.125, 5.125], "texture": "#0"},
				"east": {"uv": [5.25, 10, 5.375, 10.125], "texture": "#0"},
				"south": {"uv": [10, 5.25, 10.125, 5.375], "texture": "#0"},
				"west": {"uv": [10, 5.5, 10.125, 5.625], "texture": "#0"},
				"up": {"uv": [10.125, 6.125, 10, 6], "texture": "#0"},
				"down": {"uv": [10.125, 6.25, 10, 6.375], "texture": "#0"}
			}
		},
		{
			"from": [12.9, 4.05844, 24.3247],
			"to": [14.1, 5.25844, 25.5247],
			"rotation": {"angle": 45, "axis": "x", "origin": [8.5, 4.65844, 25.02472]},
			"faces": {
				"north": {"uv": [10, 7.5, 10.125, 7.625], "texture": "#0"},
				"east": {"uv": [10, 7.75, 10.125, 7.875], "texture": "#0"},
				"south": {"uv": [8, 10, 8.125, 10.125], "texture": "#0"},
				"west": {"uv": [8.25, 10, 8.375, 10.125], "texture": "#0"},
				"up": {"uv": [8.875, 10.125, 8.75, 10], "texture": "#0"},
				"down": {"uv": [9.125, 10, 9, 10.125], "texture": "#0"}
			}
		},
		{
			"from": [0.9, 4.05844, 24.3247],
			"to": [2.1, 5.25844, 25.5247],
			"rotation": {"angle": 45, "axis": "x", "origin": [8.5, 4.65844, 25.02472]},
			"faces": {
				"north": {"uv": [9.25, 10, 9.375, 10.125], "texture": "#0"},
				"east": {"uv": [10, 9.875, 10.125, 10], "texture": "#0"},
				"south": {"uv": [0, 10.125, 0.125, 10.25], "texture": "#0"},
				"west": {"uv": [0.25, 10.125, 0.375, 10.25], "texture": "#0"},
				"up": {"uv": [2.875, 10.25, 2.75, 10.125], "texture": "#0"},
				"down": {"uv": [3.125, 10.125, 3, 10.25], "texture": "#0"}
			}
		},
		{
			"from": [3, 0, 5],
			"to": [13, 1, 8],
			"faces": {
				"north": {"uv": [7, 2.625, 8.25, 2.75], "texture": "#0"},
				"east": {"uv": [2.125, 3.25, 2.5, 3.375], "texture": "#0"},
				"south": {"uv": [7, 2.875, 8.25, 3], "texture": "#0"},
				"west": {"uv": [1.375, 5.375, 1.75, 5.5], "texture": "#0"},
				"up": {"uv": [1.25, 5.75, 0, 5.375], "texture": "#0"},
				"down": {"uv": [5.5, 5.375, 4.25, 5.75], "texture": "#0"}
			}
		},
		{
			"from": [3, 1, 0],
			"to": [13, 2, 8],
			"faces": {
				"north": {"uv": [7, 3.125, 8.25, 3.25], "texture": "#0"},
				"east": {"uv": [8.875, 6, 9.875, 6.125], "texture": "#0"},
				"south": {"uv": [5.125, 7, 6.375, 7.125], "texture": "#0"},
				"west": {"uv": [8, 8.875, 9, 9], "texture": "#0"},
				"up": {"uv": [1.25, 1, 0, 0], "texture": "#0"},
				"down": {"uv": [1.25, 1.125, 0, 2.125], "texture": "#0"}
			}
		},
		{
			"from": [2.98, 1.13432, 7.20417],
			"to": [13.02, 8.17432, 9.24417],
			"rotation": {"angle": 22.5, "axis": "x", "origin": [8, 5.15432, 8.22417]},
			"faces": {
				"north": {"uv": [0, 2.25, 1.25, 3.125], "texture": "#0"},
				"east": {"uv": [4.75, 6.5, 5, 7.375], "texture": "#0"},
				"south": {"uv": [1.375, 2.25, 2.625, 3.125], "texture": "#0"},
				"west": {"uv": [0, 6.75, 0.25, 7.625], "texture": "#0"},
				"up": {"uv": [2.625, 5.875, 1.375, 5.625], "texture": "#0"},
				"down": {"uv": [4, 5.625, 2.75, 5.875], "texture": "#0"}
			}
		},
		{
			"from": [3, 1.25, 11],
			"to": [13, 2.25, 19],
			"rotation": {"angle": 0, "axis": "y", "origin": [0, 0.25, 11]},
			"faces": {
				"north": {"uv": [7, 3.125, 8.25, 3.25], "texture": "#0"},
				"east": {"uv": [8, 8.875, 9, 9], "texture": "#0"},
				"south": {"uv": [5.125, 7, 6.375, 7.125], "texture": "#0"},
				"west": {"uv": [8.875, 6, 9.875, 6.125], "texture": "#0"},
				"up": {"uv": [1.25, 1, 0, 0], "texture": "#0"},
				"down": {"uv": [1.25, 1.125, 0, 2.125], "texture": "#0"}
			}
		},
		{
			"from": [2.98, 1.38432, 18.20417],
			"to": [13.02, 8.42432, 20.24417],
			"rotation": {"angle": 22.5, "axis": "x", "origin": [8, 5.40432, 19.22417]},
			"faces": {
				"north": {"uv": [0, 2.25, 1.25, 3.125], "texture": "#0"},
				"east": {"uv": [0, 6.75, 0.25, 7.625], "texture": "#0"},
				"south": {"uv": [1.375, 2.25, 2.625, 3.125], "texture": "#0"},
				"west": {"uv": [4.75, 6.5, 5, 7.375], "texture": "#0"},
				"up": {"uv": [2.625, 5.875, 1.375, 5.625], "texture": "#0"},
				"down": {"uv": [4, 5.625, 2.75, 5.875], "texture": "#0"}
			}
		},
		{
			"from": [13.5, 3, 5],
			"to": [15.5, 6, 8],
			"rotation": {"angle": -22.5, "axis": "y", "origin": [14, 4.5, 6.5]},
			"faces": {
				"north": {"uv": [9.375, 0.5, 9.625, 0.875], "texture": "#0"},
				"east": {"uv": [7, 8.875, 7.375, 9.25], "texture": "#0"},
				"south": {"uv": [9.375, 1, 9.625, 1.375], "texture": "#0"},
				"west": {"uv": [7.5, 8.875, 7.875, 9.25], "texture": "#0"},
				"up": {"uv": [9.625, 1.875, 9.375, 1.5], "texture": "#0"},
				"down": {"uv": [9.625, 2, 9.375, 2.375], "texture": "#0"}
			}
		},
		{
			"from": [1, 3, 16],
			"to": [3, 6, 21],
			"rotation": {"angle": 22.5, "axis": "y", "origin": [2, 4.5, 18.5]},
			"faces": {
				"north": {"uv": [9.375, 2.5, 9.625, 2.875], "texture": "#0"},
				"east": {"uv": [4, 6.5, 4.625, 6.875], "texture": "#0"},
				"south": {"uv": [9.375, 3.5, 9.625, 3.875], "texture": "#0"},
				"west": {"uv": [6.5, 6.375, 7.125, 6.75], "texture": "#0"},
				"up": {"uv": [2.5, 7.625, 2.25, 7], "texture": "#0"},
				"down": {"uv": [2.875, 7, 2.625, 7.625], "texture": "#0"}
			}
		},
		{
			"from": [14.75, 3.5, 11.5],
			"to": [16.75, 7.5, 15.5],
			"rotation": {"angle": 22.5, "axis": "y", "origin": [15, 5, 17]},
			"faces": {
				"north": {"uv": [3.5, 9, 3.75, 9.5], "texture": "#0"},
				"east": {"uv": [5.25, 6.375, 5.75, 6.875], "texture": "#0"},
				"south": {"uv": [9, 3.5, 9.25, 4], "texture": "#0"},
				"west": {"uv": [5.875, 6.375, 6.375, 6.875], "texture": "#0"},
				"up": {"uv": [4.125, 9.5, 3.875, 9], "texture": "#0"},
				"down": {"uv": [0.75, 9.125, 0.5, 9.625], "texture": "#0"}
			}
		},
		{
			"from": [0, -3, 8.25],
			"to": [2, 3, 11.25],
			"rotation": {"angle": -22.5, "axis": "x", "origin": [0, 0, 0]},
			"faces": {
				"north": {"uv": [6.875, 6.875, 7.125, 7.625], "texture": "#0"},
				"east": {"uv": [0, 5.875, 0.375, 6.625], "texture": "#0"},
				"south": {"uv": [7, 1.75, 7.25, 2.5], "texture": "#0"},
				"west": {"uv": [0.5, 5.875, 0.875, 6.625], "texture": "#0"},
				"up": {"uv": [9.625, 5.125, 9.375, 4.75], "texture": "#0"},
				"down": {"uv": [9.625, 5.25, 9.375, 5.625], "texture": "#0"}
			}
		},
		{
			"from": [4, 0.75, -6],
			"to": [6, 4.75, -2],
			"rotation": {"angle": -22.5, "axis": "x", "origin": [4, 2, -4]},
			"faces": {
				"north": {"uv": [0.875, 9.125, 1.125, 9.625], "texture": "#0"},
				"east": {"uv": [1, 6.5, 1.5, 7], "texture": "#0"},
				"south": {"uv": [1.25, 9.125, 1.5, 9.625], "texture": "#0"},
				"west": {"uv": [1.625, 6.5, 2.125, 7], "texture": "#0"},
				"up": {"uv": [1.875, 9.625, 1.625, 9.125], "texture": "#0"},
				"down": {"uv": [9.375, 4.125, 9.125, 4.625], "texture": "#0"}
			}
		},
		{
			"from": [8, 0, -5.25],
			"to": [11, 2, -2.25],
			"faces": {
				"north": {"uv": [7.375, 2.25, 7.75, 2.5], "texture": "#0"},
				"east": {"uv": [7.875, 2.25, 8.25, 2.5], "texture": "#0"},
				"south": {"uv": [9, 7.875, 9.375, 8.125], "texture": "#0"},
				"west": {"uv": [8, 9.125, 8.375, 9.375], "texture": "#0"},
				"up": {"uv": [4.375, 7.375, 4, 7], "texture": "#0"},
				"down": {"uv": [1.125, 7.125, 0.75, 7.5], "texture": "#0"}
			}
		},
		{
			"from": [-0.01, 0.37084, 15.02797],
			"to": [3.01, 3.39084, 18.04797],
			"rotation": {"angle": 0, "axis": "y", "origin": [0, -0.11916, 8.03797]},
			"faces": {
				"north": {"uv": [1.5, 8.125, 1.875, 8.5], "texture": "#0"},
				"east": {"uv": [8.125, 4.875, 8.5, 5.25], "texture": "#0"},
				"south": {"uv": [0, 8.25, 0.375, 8.625], "texture": "#0"},
				"west": {"uv": [2, 8.25, 2.375, 8.625], "texture": "#0"},
				"up": {"uv": [2.875, 8.625, 2.5, 8.25], "texture": "#0"},
				"down": {"uv": [3.375, 8.25, 3, 8.625], "texture": "#0"}
			}
		},
		{
			"from": [0, 3.01, 11.51],
			"to": [3, 6.01, 14.26],
			"rotation": {"angle": 22.5, "axis": "x", "origin": [-0.01, -0.24, 8.01]},
			"faces": {
				"north": {"uv": [4.75, 8.25, 5.125, 8.625], "texture": "#0"},
				"east": {"uv": [5.25, 8.25, 5.625, 8.625], "texture": "#0"},
				"south": {"uv": [5.75, 8.25, 6.125, 8.625], "texture": "#0"},
				"west": {"uv": [8.25, 6.375, 8.625, 6.75], "texture": "#0"},
				"up": {"uv": [8.625, 7.25, 8.25, 6.875], "texture": "#0"},
				"down": {"uv": [8.625, 7.375, 8.25, 7.75], "texture": "#0"}
			}
		},
		{
			"from": [-0.01, 1.17486, 10.61535],
			"to": [3.01, 4.19486, 13.63535],
			"rotation": {"angle": 0, "axis": "y", "origin": [0, -0.31514, 8.12535]},
			"faces": {
				"north": {"uv": [8.375, 0, 8.75, 0.375], "texture": "#0"},
				"east": {"uv": [8.375, 0.5, 8.75, 0.875], "texture": "#0"},
				"south": {"uv": [8.375, 1, 8.75, 1.375], "texture": "#0"},
				"west": {"uv": [8.375, 1.5, 8.75, 1.875], "texture": "#0"},
				"up": {"uv": [8.75, 2.375, 8.375, 2], "texture": "#0"},
				"down": {"uv": [8.75, 2.5, 8.375, 2.875], "texture": "#0"}
			}
		},
		{
			"from": [13, 3.01, 11.51],
			"to": [16, 6.01, 14.26],
			"rotation": {"angle": 22.5, "axis": "x", "origin": [12.99, -0.24, 8.01]},
			"faces": {
				"north": {"uv": [8.375, 5.375, 8.75, 5.75], "texture": "#0"},
				"east": {"uv": [8.375, 5.875, 8.75, 6.25], "texture": "#0"},
				"south": {"uv": [6.25, 8.375, 6.625, 8.75], "texture": "#0"},
				"west": {"uv": [6.75, 8.375, 7.125, 8.75], "texture": "#0"},
				"up": {"uv": [7.625, 8.75, 7.25, 8.375], "texture": "#0"},
				"down": {"uv": [8.125, 8.375, 7.75, 8.75], "texture": "#0"}
			}
		},
		{
			"from": [13, -3.49, 17.51],
			"to": [16, -0.49, 20.26],
			"rotation": {"angle": -22.5, "axis": "x", "origin": [12.99, -0.24, 8.01]},
			"faces": {
				"north": {"uv": [8.25, 8.375, 8.625, 8.75], "texture": "#0"},
				"east": {"uv": [8.5, 3, 8.875, 3.375], "texture": "#0"},
				"south": {"uv": [3.5, 8.5, 3.875, 8.875], "texture": "#0"},
				"west": {"uv": [8.5, 3.5, 8.875, 3.875], "texture": "#0"},
				"up": {"uv": [4.375, 8.875, 4, 8.5], "texture": "#0"},
				"down": {"uv": [8.875, 4, 8.5, 4.375], "texture": "#0"}
			}
		},
		{
			"from": [12.99, 0.37084, 15.02797],
			"to": [16.01, 3.39084, 18.04797],
			"rotation": {"angle": 0, "axis": "y", "origin": [13, -0.11916, 8.03797]},
			"faces": {
				"north": {"uv": [8.5, 7.875, 8.875, 8.25], "texture": "#0"},
				"east": {"uv": [0.5, 8.625, 0.875, 9], "texture": "#0"},
				"south": {"uv": [1, 8.625, 1.375, 9], "texture": "#0"},
				"west": {"uv": [1.5, 8.625, 1.875, 9], "texture": "#0"},
				"up": {"uv": [9, 4.875, 8.625, 4.5], "texture": "#0"},
				"down": {"uv": [0.375, 8.75, 0, 9.125], "texture": "#0"}
			}
		},
		{
			"from": [-0.01, 0.92486, 0.11535],
			"to": [3.01, 3.94486, 3.13535],
			"rotation": {"angle": 0, "axis": "y", "origin": [0, -0.56514, -2.37465]},
			"faces": {
				"north": {"uv": [2, 8.75, 2.375, 9.125], "texture": "#0"},
				"east": {"uv": [2.5, 8.75, 2.875, 9.125], "texture": "#0"},
				"south": {"uv": [3, 8.75, 3.375, 9.125], "texture": "#0"},
				"west": {"uv": [4.5, 8.75, 4.875, 9.125], "texture": "#0"},
				"up": {"uv": [5.375, 9.125, 5, 8.75], "texture": "#0"},
				"down": {"uv": [5.875, 8.75, 5.5, 9.125], "texture": "#0"}
			}
		},
		{
			"from": [-0.01, -0.32514, -4.63465],
			"to": [3.01, 2.69486, -2.61465],
			"rotation": {"angle": 0, "axis": "y", "origin": [0, -0.56514, -2.37465]},
			"faces": {
				"north": {"uv": [8.75, 6.375, 9.125, 6.75], "texture": "#0"},
				"east": {"uv": [6.125, 7.25, 6.375, 7.625], "texture": "#0"},
				"south": {"uv": [8.75, 6.875, 9.125, 7.25], "texture": "#0"},
				"west": {"uv": [8.5, 9.125, 8.75, 9.5], "texture": "#0"},
				"up": {"uv": [9.25, 9.375, 8.875, 9.125], "texture": "#0"},
				"down": {"uv": [0.375, 9.25, 0, 9.5], "texture": "#0"}
			}
		},
		{
			"from": [0, 2.76, 1.01],
			"to": [3, 5.76, 3.76],
			"rotation": {"angle": 22.5, "axis": "x", "origin": [-0.01, -0.49, -2.49]},
			"faces": {
				"north": {"uv": [8.75, 7.375, 9.125, 7.75], "texture": "#0"},
				"east": {"uv": [8.75, 8.375, 9.125, 8.75], "texture": "#0"},
				"south": {"uv": [8.875, 0, 9.25, 0.375], "texture": "#0"},
				"west": {"uv": [8.875, 0.5, 9.25, 0.875], "texture": "#0"},
				"up": {"uv": [9.25, 1.375, 8.875, 1], "texture": "#0"},
				"down": {"uv": [9.25, 1.5, 8.875, 1.875], "texture": "#0"}
			}
		},
		{
			"from": [0, -0.99, -5.99],
			"to": [3, 2.01, -4.24],
			"rotation": {"angle": 22.5, "axis": "x", "origin": [-0.01, -0.49, -2.49]},
			"faces": {
				"north": {"uv": [8.875, 2, 9.25, 2.375], "texture": "#0"},
				"east": {"uv": [2, 9.25, 2.25, 9.625], "texture": "#0"},
				"south": {"uv": [8.875, 2.5, 9.25, 2.875], "texture": "#0"},
				"west": {"uv": [2.375, 9.25, 2.625, 9.625], "texture": "#0"},
				"up": {"uv": [3.125, 9.5, 2.75, 9.25], "texture": "#0"},
				"down": {"uv": [4.625, 9.25, 4.25, 9.5], "texture": "#0"}
			}
		},
		{
			"from": [0.1, -2.14, -6.89],
			"to": [2.9, 0.66, -5.34],
			"rotation": {"angle": 45, "axis": "x", "origin": [-0.01, -0.49, -2.49]},
			"faces": {
				"north": {"uv": [8.875, 5, 9.25, 5.375], "texture": "#0"},
				"east": {"uv": [4.75, 9.25, 5, 9.625], "texture": "#0"},
				"south": {"uv": [8.875, 5.5, 9.25, 5.875], "texture": "#0"},
				"west": {"uv": [5.125, 9.25, 5.375, 9.625], "texture": "#0"},
				"up": {"uv": [5.875, 9.5, 5.5, 9.25], "texture": "#0"},
				"down": {"uv": [9.625, 6.25, 9.25, 6.5], "texture": "#0"}
			}
		},
		{
			"from": [13.5, 0, -6],
			"to": [15.5, 3, -3],
			"rotation": {"angle": 22.5, "axis": "y", "origin": [16.5, 2.25, -2.5]},
			"faces": {
				"north": {"uv": [9.25, 6.625, 9.5, 7], "texture": "#0"},
				"east": {"uv": [6, 8.875, 6.375, 9.25], "texture": "#0"},
				"south": {"uv": [9.25, 7.125, 9.5, 7.5], "texture": "#0"},
				"west": {"uv": [6.5, 8.875, 6.875, 9.25], "texture": "#0"},
				"up": {"uv": [9.5, 8.625, 9.25, 8.25], "texture": "#0"},
				"down": {"uv": [9.625, 0, 9.375, 0.375], "texture": "#0"}
			}
		},
		{
			"from": [0, 6.75, -5.3],
			"to": [16, 7.75, -4.3],
			"rotation": {"angle": 22.5, "axis": "x", "origin": [8, 7.25, -4.75]},
			"faces": {
				"north": {"uv": [6.25, 1.5, 8.25, 1.625], "texture": "#0"},
				"east": {"uv": [9.75, 4, 9.875, 4.125], "texture": "#0"},
				"south": {"uv": [3.125, 6.25, 5.125, 6.375], "texture": "#0"},
				"west": {"uv": [9.75, 4.25, 9.875, 4.375], "texture": "#0"},
				"up": {"uv": [8.375, 3.5, 6.375, 3.375], "texture": "#0"},
				"down": {"uv": [8.375, 3.625, 6.375, 3.75], "texture": "#0"}
			}
		},
		{
			"from": [14.9, 6.65, -5.4],
			"to": [16.1, 7.85, -4.2],
			"rotation": {"angle": 22.5, "axis": "x", "origin": [8, 7.25, -4.75]},
			"faces": {
				"north": {"uv": [9.75, 4.5, 9.875, 4.625], "texture": "#0"},
				"east": {"uv": [4.75, 9.75, 4.875, 9.875], "texture": "#0"},
				"south": {"uv": [9.75, 4.75, 9.875, 4.875], "texture": "#0"},
				"west": {"uv": [5, 9.75, 5.125, 9.875], "texture": "#0"},
				"up": {"uv": [9.875, 5.125, 9.75, 5], "texture": "#0"},
				"down": {"uv": [5.375, 9.75, 5.25, 9.875], "texture": "#0"}
			}
		},
		{
			"from": [12.9, 6.65, -5.4],
			"to": [14.1, 7.85, -4.2],
			"rotation": {"angle": 22.5, "axis": "x", "origin": [8, 7.25, -4.75]},
			"faces": {
				"north": {"uv": [9.75, 5.25, 9.875, 5.375], "texture": "#0"},
				"east": {"uv": [9.75, 5.5, 9.875, 5.625], "texture": "#0"},
				"south": {"uv": [9.75, 6.25, 9.875, 6.375], "texture": "#0"},
				"west": {"uv": [9.75, 7.625, 9.875, 7.75], "texture": "#0"},
				"up": {"uv": [9.875, 8, 9.75, 7.875], "texture": "#0"},
				"down": {"uv": [8.125, 9.75, 8, 9.875], "texture": "#0"}
			}
		},
		{
			"from": [10.9, 6.65, -5.4],
			"to": [12.1, 7.85, -4.2],
			"rotation": {"angle": 22.5, "axis": "x", "origin": [8, 7.25, -4.75]},
			"faces": {
				"north": {"uv": [8.25, 9.75, 8.375, 9.875], "texture": "#0"},
				"east": {"uv": [8.75, 9.75, 8.875, 9.875], "texture": "#0"},
				"south": {"uv": [9, 9.75, 9.125, 9.875], "texture": "#0"},
				"west": {"uv": [9.25, 9.75, 9.375, 9.875], "texture": "#0"},
				"up": {"uv": [0.125, 10, 0, 9.875], "texture": "#0"},
				"down": {"uv": [0.375, 9.875, 0.25, 10], "texture": "#0"}
			}
		},
		{
			"from": [8.9, 6.65, -5.4],
			"to": [10.1, 7.85, -4.2],
			"rotation": {"angle": 22.5, "axis": "x", "origin": [8, 7.25, -4.75]},
			"faces": {
				"north": {"uv": [2.75, 9.875, 2.875, 10], "texture": "#0"},
				"east": {"uv": [3, 9.875, 3.125, 10], "texture": "#0"},
				"south": {"uv": [3.5, 9.875, 3.625, 10], "texture": "#0"},
				"west": {"uv": [3.75, 9.875, 3.875, 10], "texture": "#0"},
				"up": {"uv": [4.125, 10, 4, 9.875], "texture": "#0"},
				"down": {"uv": [4.375, 9.875, 4.25, 10], "texture": "#0"}
			}
		},
		{
			"from": [6.9, 6.65, -5.4],
			"to": [8.1, 7.85, -4.2],
			"rotation": {"angle": 22.5, "axis": "x", "origin": [8, 7.25, -4.75]},
			"faces": {
				"north": {"uv": [4.5, 9.875, 4.625, 10], "texture": "#0"},
				"east": {"uv": [5.5, 9.875, 5.625, 10], "texture": "#0"},
				"south": {"uv": [5.75, 9.875, 5.875, 10], "texture": "#0"},
				"west": {"uv": [9.875, 5.75, 10, 5.875], "texture": "#0"},
				"up": {"uv": [6.125, 10, 6, 9.875], "texture": "#0"},
				"down": {"uv": [6.375, 9.875, 6.25, 10], "texture": "#0"}
			}
		},
		{
			"from": [4.9, 6.65, -5.4],
			"to": [6.1, 7.85, -4.2],
			"rotation": {"angle": 22.5, "axis": "x", "origin": [8, 7.25, -4.75]},
			"faces": {
				"north": {"uv": [6.5, 9.875, 6.625, 10], "texture": "#0"},
				"east": {"uv": [9.875, 6.5, 10, 6.625], "texture": "#0"},
				"south": {"uv": [6.75, 9.875, 6.875, 10], "texture": "#0"},
				"west": {"uv": [9.875, 6.75, 10, 6.875], "texture": "#0"},
				"up": {"uv": [7.125, 10, 7, 9.875], "texture": "#0"},
				"down": {"uv": [10, 7, 9.875, 7.125], "texture": "#0"}
			}
		},
		{
			"from": [2.9, 6.65, -5.4],
			"to": [4.1, 7.85, -4.2],
			"rotation": {"angle": 22.5, "axis": "x", "origin": [8, 7.25, -4.75]},
			"faces": {
				"north": {"uv": [7.25, 9.875, 7.375, 10], "texture": "#0"},
				"east": {"uv": [9.875, 7.25, 10, 7.375], "texture": "#0"},
				"south": {"uv": [7.5, 9.875, 7.625, 10], "texture": "#0"},
				"west": {"uv": [7.75, 9.875, 7.875, 10], "texture": "#0"},
				"up": {"uv": [10, 8.25, 9.875, 8.125], "texture": "#0"},
				"down": {"uv": [10, 8.375, 9.875, 8.5], "texture": "#0"}
			}
		},
		{
			"from": [0.9, 6.65, -5.4],
			"to": [2.1, 7.85, -4.2],
			"rotation": {"angle": 22.5, "axis": "x", "origin": [8, 7.25, -4.75]},
			"faces": {
				"north": {"uv": [8.5, 9.875, 8.625, 10], "texture": "#0"},
				"east": {"uv": [9.875, 8.625, 10, 8.75], "texture": "#0"},
				"south": {"uv": [9.875, 8.875, 10, 9], "texture": "#0"},
				"west": {"uv": [9.875, 9.125, 10, 9.25], "texture": "#0"},
				"up": {"uv": [10, 9.5, 9.875, 9.375], "texture": "#0"},
				"down": {"uv": [9.625, 9.875, 9.5, 10], "texture": "#0"}
			}
		},
		{
			"from": [0, 4.15844, 24.4247],
			"to": [16, 5.15844, 25.4247],
			"rotation": {"angle": 45, "axis": "x", "origin": [8.5, 4.65844, 25.02472]},
			"faces": {
				"north": {"uv": [6.375, 3.875, 8.375, 4], "texture": "#0"},
				"east": {"uv": [9.875, 9.625, 10, 9.75], "texture": "#0"},
				"south": {"uv": [6.375, 4.125, 8.375, 4.25], "texture": "#0"},
				"west": {"uv": [9.75, 9.875, 9.875, 10], "texture": "#0"},
				"up": {"uv": [8.375, 4.5, 6.375, 4.375], "texture": "#0"},
				"down": {"uv": [8.375, 4.625, 6.375, 4.75], "texture": "#0"}
			}
		},
		{
			"from": [14.9, 4.05844, 24.3247],
			"to": [16.1, 5.25844, 25.5247],
			"rotation": {"angle": 45, "axis": "x", "origin": [8.5, 4.65844, 25.02472]},
			"faces": {
				"north": {"uv": [10, 0, 10.125, 0.125], "texture": "#0"},
				"east": {"uv": [10, 0.25, 10.125, 0.375], "texture": "#0"},
				"south": {"uv": [0.5, 10, 0.625, 10.125], "texture": "#0"},
				"west": {"uv": [10, 0.5, 10.125, 0.625], "texture": "#0"},
				"up": {"uv": [0.875, 10.125, 0.75, 10], "texture": "#0"},
				"down": {"uv": [10.125, 0.75, 10, 0.875], "texture": "#0"}
			}
		},
		{
			"from": [15.48, 6.53, -1.77],
			"to": [16.52, 7.57, -0.73],
			"rotation": {"angle": -22.5, "axis": "x", "origin": [15.5, 1.25, -5.75]},
			"faces": {
				"north": {"uv": [0.5, 7.75, 0.625, 7.875], "texture": "#0"},
				"east": {"uv": [3.75, 7.75, 3.875, 7.875], "texture": "#0"},
				"south": {"uv": [4.75, 8, 4.875, 8.125], "texture": "#0"},
				"west": {"uv": [3.5, 8.25, 3.625, 8.375], "texture": "#0"},
				"up": {"uv": [4.625, 8.625, 4.5, 8.5], "texture": "#0"},
				"down": {"uv": [8.75, 5, 8.625, 5.125], "texture": "#0"}
			}
		},
		{
			"from": [15.5, 6.5, -10],
			"to": [16.5, 7.5, -9],
			"rotation": {"angle": 45, "axis": "x", "origin": [15.5, 1.25, -5.75]},
			"faces": {
				"north": {"uv": [4.25, 9, 4.375, 9.125], "texture": "#0"},
				"east": {"uv": [9.125, 4.75, 9.25, 4.875], "texture": "#0"},
				"south": {"uv": [9.125, 8.875, 9.25, 9], "texture": "#0"},
				"west": {"uv": [3.25, 9.25, 3.375, 9.375], "texture": "#0"},
				"up": {"uv": [9.375, 7.75, 9.25, 7.625], "texture": "#0"},
				"down": {"uv": [9.5, 5.75, 9.375, 5.875], "texture": "#0"}
			}
		},
		{
			"from": [15.3, 6.55, -7.95],
			"to": [16.7, 7.95, -6.55],
			"rotation": {"angle": 22.5, "axis": "x", "origin": [15.5, 1.25, -5.75]},
			"faces": {
				"north": {"uv": [6, 9.375, 6.125, 9.5], "texture": "#0"},
				"east": {"uv": [6.25, 9.375, 6.375, 9.5], "texture": "#0"},
				"south": {"uv": [6.5, 9.375, 6.625, 9.5], "texture": "#0"},
				"west": {"uv": [6.75, 9.375, 6.875, 9.5], "texture": "#0"},
				"up": {"uv": [7.125, 9.5, 7, 9.375], "texture": "#0"},
				"down": {"uv": [7.375, 9.375, 7.25, 9.5], "texture": "#0"}
			}
		},
		{
			"from": [-0.5, 6.5, -10],
			"to": [0.5, 7.5, -9],
			"rotation": {"angle": 45, "axis": "x", "origin": [-0.5, 1.25, -5.75]},
			"faces": {
				"north": {"uv": [7.5, 9.375, 7.625, 9.5], "texture": "#0"},
				"east": {"uv": [7.75, 9.375, 7.875, 9.5], "texture": "#0"},
				"south": {"uv": [9.375, 8.75, 9.5, 8.875], "texture": "#0"},
				"west": {"uv": [9.375, 9, 9.5, 9.125], "texture": "#0"},
				"up": {"uv": [9.5, 9.375, 9.375, 9.25], "texture": "#0"},
				"down": {"uv": [3.375, 9.5, 3.25, 9.625], "texture": "#0"}
			}
		},
		{
			"from": [-0.52, 6.53, -1.77],
			"to": [0.52, 7.57, -0.73],
			"rotation": {"angle": -22.5, "axis": "x", "origin": [-0.5, 1.25, -5.75]},
			"faces": {
				"north": {"uv": [9.5, 4, 9.625, 4.125], "texture": "#0"},
				"east": {"uv": [9.5, 4.25, 9.625, 4.375], "texture": "#0"},
				"south": {"uv": [9.5, 4.5, 9.625, 4.625], "texture": "#0"},
				"west": {"uv": [9.5, 7.625, 9.625, 7.75], "texture": "#0"},
				"up": {"uv": [9.625, 8, 9.5, 7.875], "texture": "#0"},
				"down": {"uv": [8.125, 9.5, 8, 9.625], "texture": "#0"}
			}
		},
		{
			"from": [-0.5, 7.96326, -3.63823],
			"to": [0.5, 8.96326, -2.63823],
			"rotation": {"angle": 0, "axis": "y", "origin": [0, 8.71326, -2.88823]},
			"faces": {
				"north": {"uv": [8.25, 9.5, 8.375, 9.625], "texture": "#0"},
				"east": {"uv": [8.875, 9.5, 9, 9.625], "texture": "#0"},
				"south": {"uv": [9.125, 9.5, 9.25, 9.625], "texture": "#0"},
				"west": {"uv": [9.375, 9.5, 9.5, 9.625], "texture": "#0"},
				"up": {"uv": [0.125, 9.75, 0, 9.625], "texture": "#0"},
				"down": {"uv": [0.375, 9.625, 0.25, 9.75], "texture": "#0"}
			}
		},
		{
			"from": [15.5, 7.96326, -3.63823],
			"to": [16.5, 8.96326, -2.63823],
			"rotation": {"angle": 0, "axis": "y", "origin": [0, 8.71326, -2.88823]},
			"faces": {
				"north": {"uv": [2.75, 9.625, 2.875, 9.75], "texture": "#0"},
				"east": {"uv": [3, 9.625, 3.125, 9.75], "texture": "#0"},
				"south": {"uv": [3.5, 9.625, 3.625, 9.75], "texture": "#0"},
				"west": {"uv": [3.75, 9.625, 3.875, 9.75], "texture": "#0"},
				"up": {"uv": [4.125, 9.75, 4, 9.625], "texture": "#0"},
				"down": {"uv": [4.375, 9.625, 4.25, 9.75], "texture": "#0"}
			}
		},
		{
			"from": [-0.7, 4.8, 19.55],
			"to": [0.7, 6.2, 20.95],
			"rotation": {"angle": 45, "axis": "x", "origin": [-0.5, -0.5, 21.75]},
			"faces": {
				"north": {"uv": [4.5, 9.625, 4.625, 9.75], "texture": "#0"},
				"east": {"uv": [5.5, 9.625, 5.625, 9.75], "texture": "#0"},
				"south": {"uv": [5.75, 9.625, 5.875, 9.75], "texture": "#0"},
				"west": {"uv": [9.625, 5.75, 9.75, 5.875], "texture": "#0"},
				"up": {"uv": [6.125, 9.75, 6, 9.625], "texture": "#0"},
				"down": {"uv": [6.375, 9.625, 6.25, 9.75], "texture": "#0"}
			}
		},
		{
			"from": [-0.5, 2.75, 27],
			"to": [0.5, 3.75, 28],
			"rotation": {"angle": -22.5, "axis": "x", "origin": [-0.5, -0.5, 21.75]},
			"faces": {
				"north": {"uv": [6.5, 9.625, 6.625, 9.75], "texture": "#0"},
				"east": {"uv": [9.625, 6.625, 9.75, 6.75], "texture": "#0"},
				"south": {"uv": [6.75, 9.625, 6.875, 9.75], "texture": "#0"},
				"west": {"uv": [9.625, 6.875, 9.75, 7], "texture": "#0"},
				"up": {"uv": [7.125, 9.75, 7, 9.625], "texture": "#0"},
				"down": {"uv": [9.75, 7.125, 9.625, 7.25], "texture": "#0"}
			}
		},
		{
			"from": [-0.52, 4.78, 25.73],
			"to": [0.52, 5.82, 26.77],
			"rotation": {"angle": 0, "axis": "y", "origin": [-0.5, -0.5, 21.75]},
			"faces": {
				"north": {"uv": [7.25, 9.625, 7.375, 9.75], "texture": "#0"},
				"east": {"uv": [9.625, 7.375, 9.75, 7.5], "texture": "#0"},
				"south": {"uv": [7.5, 9.625, 7.625, 9.75], "texture": "#0"},
				"west": {"uv": [7.75, 9.625, 7.875, 9.75], "texture": "#0"},
				"up": {"uv": [9.75, 8.25, 9.625, 8.125], "texture": "#0"},
				"down": {"uv": [9.75, 8.375, 9.625, 8.5], "texture": "#0"}
			}
		},
		{
			"from": [-0.5, 4.55, 26.5],
			"to": [0.5, 5.55, 27.5],
			"rotation": {"angle": 22.5, "axis": "x", "origin": [0, 5.3, 27.25]},
			"faces": {
				"north": {"uv": [8.5, 9.625, 8.625, 9.75], "texture": "#0"},
				"east": {"uv": [9.625, 8.625, 9.75, 8.75], "texture": "#0"},
				"south": {"uv": [9.625, 8.875, 9.75, 9], "texture": "#0"},
				"west": {"uv": [9.625, 9.125, 9.75, 9.25], "texture": "#0"},
				"up": {"uv": [9.75, 9.5, 9.625, 9.375], "texture": "#0"},
				"down": {"uv": [9.75, 9.625, 9.625, 9.75], "texture": "#0"}
			}
		},
		{
			"from": [15.5, 4.55, 26.5],
			"to": [16.5, 5.55, 27.5],
			"rotation": {"angle": 22.5, "axis": "x", "origin": [0, 5.3, 27.25]},
			"faces": {
				"north": {"uv": [9.75, 0, 9.875, 0.125], "texture": "#0"},
				"east": {"uv": [9.75, 0.25, 9.875, 0.375], "texture": "#0"},
				"south": {"uv": [0.5, 9.75, 0.625, 9.875], "texture": "#0"},
				"west": {"uv": [9.75, 0.5, 9.875, 0.625], "texture": "#0"},
				"up": {"uv": [0.875, 9.875, 0.75, 9.75], "texture": "#0"},
				"down": {"uv": [9.875, 0.75, 9.75, 0.875], "texture": "#0"}
			}
		},
		{
			"from": [15.3, 4.8, 19.55],
			"to": [16.7, 6.2, 20.95],
			"rotation": {"angle": 45, "axis": "x", "origin": [15.5, -0.5, 21.75]},
			"faces": {
				"north": {"uv": [1, 9.75, 1.125, 9.875], "texture": "#0"},
				"east": {"uv": [9.75, 1, 9.875, 1.125], "texture": "#0"},
				"south": {"uv": [1.25, 9.75, 1.375, 9.875], "texture": "#0"},
				"west": {"uv": [9.75, 1.25, 9.875, 1.375], "texture": "#0"},
				"up": {"uv": [1.625, 9.875, 1.5, 9.75], "texture": "#0"},
				"down": {"uv": [9.875, 1.5, 9.75, 1.625], "texture": "#0"}
			}
		},
		{
			"from": [15.5, 2.75, 27],
			"to": [16.5, 3.75, 28],
			"rotation": {"angle": -22.5, "axis": "x", "origin": [15.5, -0.5, 21.75]},
			"faces": {
				"north": {"uv": [1.75, 9.75, 1.875, 9.875], "texture": "#0"},
				"east": {"uv": [9.75, 1.75, 9.875, 1.875], "texture": "#0"},
				"south": {"uv": [2, 9.75, 2.125, 9.875], "texture": "#0"},
				"west": {"uv": [9.75, 2, 9.875, 2.125], "texture": "#0"},
				"up": {"uv": [2.375, 9.875, 2.25, 9.75], "texture": "#0"},
				"down": {"uv": [9.875, 2.25, 9.75, 2.375], "texture": "#0"}
			}
		},
		{
			"from": [15.48, 4.78, 25.73],
			"to": [16.52, 5.82, 26.77],
			"rotation": {"angle": 0, "axis": "y", "origin": [15.5, -0.5, 21.75]},
			"faces": {
				"north": {"uv": [2.5, 9.75, 2.625, 9.875], "texture": "#0"},
				"east": {"uv": [9.75, 2.5, 9.875, 2.625], "texture": "#0"},
				"south": {"uv": [9.75, 2.75, 9.875, 2.875], "texture": "#0"},
				"west": {"uv": [3.25, 9.75, 3.375, 9.875], "texture": "#0"},
				"up": {"uv": [9.875, 3.625, 9.75, 3.5], "texture": "#0"},
				"down": {"uv": [9.875, 3.75, 9.75, 3.875], "texture": "#0"}
			}
		},
		{
			"from": [-0.01, 0.12084, 4.52797],
			"to": [3.01, 3.14084, 7.54797],
			"rotation": {"angle": 0, "axis": "y", "origin": [0, -0.36916, -2.46203]},
			"faces": {
				"north": {"uv": [1.25, 7.125, 1.625, 7.5], "texture": "#0"},
				"east": {"uv": [1.75, 7.125, 2.125, 7.5], "texture": "#0"},
				"south": {"uv": [7.125, 4.875, 7.5, 5.25], "texture": "#0"},
				"west": {"uv": [3, 7.25, 3.375, 7.625], "texture": "#0"},
				"up": {"uv": [3.875, 7.625, 3.5, 7.25], "texture": "#0"},
				"down": {"uv": [5.5, 7.25, 5.125, 7.625], "texture": "#0"}
			}
		},
		{
			"from": [12.99, 0.92486, 0.11535],
			"to": [16.01, 3.94486, 3.13535],
			"rotation": {"angle": 0, "axis": "y", "origin": [13, -0.56514, -2.37465]},
			"faces": {
				"north": {"uv": [5.625, 7.25, 6, 7.625], "texture": "#0"},
				"east": {"uv": [7.25, 6.375, 7.625, 6.75], "texture": "#0"},
				"south": {"uv": [7.25, 6.875, 7.625, 7.25], "texture": "#0"},
				"west": {"uv": [7.375, 1.75, 7.75, 2.125], "texture": "#0"},
				"up": {"uv": [7.75, 6.25, 7.375, 5.875], "texture": "#0"},
				"down": {"uv": [7.625, 7.375, 7.25, 7.75], "texture": "#0"}
			}
		},
		{
			"from": [13, 2.76, 1.01],
			"to": [16, 5.76, 3.76],
			"rotation": {"angle": 22.5, "axis": "x", "origin": [12.99, -0.49, -2.49]},
			"faces": {
				"north": {"uv": [4, 7.5, 4.375, 7.875], "texture": "#0"},
				"east": {"uv": [4.5, 7.5, 4.875, 7.875], "texture": "#0"},
				"south": {"uv": [0.75, 7.625, 1.125, 8], "texture": "#0"},
				"west": {"uv": [1.25, 7.625, 1.625, 8], "texture": "#0"},
				"up": {"uv": [2.125, 8, 1.75, 7.625], "texture": "#0"},
				"down": {"uv": [8, 4.875, 7.625, 5.25], "texture": "#0"}
			}
		},
		{
			"from": [12.99, 0.12084, 4.52797],
			"to": [16.01, 3.14084, 7.54797],
			"rotation": {"angle": 0, "axis": "y", "origin": [13, -0.36916, -2.46203]},
			"faces": {
				"north": {"uv": [0, 7.75, 0.375, 8.125], "texture": "#0"},
				"east": {"uv": [2.25, 7.75, 2.625, 8.125], "texture": "#0"},
				"south": {"uv": [2.75, 7.75, 3.125, 8.125], "texture": "#0"},
				"west": {"uv": [3.25, 7.75, 3.625, 8.125], "texture": "#0"},
				"up": {"uv": [5.375, 8.125, 5, 7.75], "texture": "#0"},
				"down": {"uv": [5.875, 7.75, 5.5, 8.125], "texture": "#0"}
			}
		},
		{
			"from": [12.99, 1.17486, 10.61535],
			"to": [16.01, 4.19486, 13.63535],
			"rotation": {"angle": 0, "axis": "y", "origin": [13, -0.31514, 8.12535]},
			"faces": {
				"north": {"uv": [6, 7.75, 6.375, 8.125], "texture": "#0"},
				"east": {"uv": [7.75, 6.375, 8.125, 6.75], "texture": "#0"},
				"south": {"uv": [7.75, 6.875, 8.125, 7.25], "texture": "#0"},
				"west": {"uv": [7.75, 7.375, 8.125, 7.75], "texture": "#0"},
				"up": {"uv": [8.25, 2.125, 7.875, 1.75], "texture": "#0"},
				"down": {"uv": [8.25, 5.875, 7.875, 6.25], "texture": "#0"}
			}
		},
		{
			"from": [0, -3.49, 17.51],
			"to": [3, -0.49, 20.26],
			"rotation": {"angle": -22.5, "axis": "x", "origin": [-0.01, -0.24, 8.01]},
			"faces": {
				"north": {"uv": [6.5, 7.875, 6.875, 8.25], "texture": "#0"},
				"east": {"uv": [7, 7.875, 7.375, 8.25], "texture": "#0"},
				"south": {"uv": [7.5, 7.875, 7.875, 8.25], "texture": "#0"},
				"west": {"uv": [3.75, 8, 4.125, 8.375], "texture": "#0"},
				"up": {"uv": [4.625, 8.375, 4.25, 8], "texture": "#0"},
				"down": {"uv": [8.375, 7.875, 8, 8.25], "texture": "#0"}
			}
		},
		{
			"from": [0, 3.92813, -2.39356],
			"to": [3, 6.67813, 2.35644],
			"rotation": {"angle": -22.5, "axis": "x", "origin": [-0.02, -0.32187, 8.10644]},
			"faces": {
				"north": {"uv": [0.5, 8.125, 0.875, 8.5], "texture": "#0"},
				"east": {"uv": [6.375, 4.875, 7, 5.25], "texture": "#0"},
				"south": {"uv": [1, 8.125, 1.375, 8.5], "texture": "#0"},
				"west": {"uv": [2.25, 6.5, 2.875, 6.875], "texture": "#0"},
				"up": {"uv": [3.375, 7.125, 3, 6.5], "texture": "#0"},
				"down": {"uv": [3.875, 6.5, 3.5, 7.125], "texture": "#0"}
			}
		},
		{
			"from": [-0.2, -0.52022, -3.10925],
			"to": [16.2, -0.12022, 0.29075],
			"rotation": {"angle": -22.5, "axis": "x", "origin": [0, -0.32022, -2.90925]},
			"faces": {
				"north": {"uv": [10, 8, 12, 8], "texture": "#0"},
				"east": {"uv": [4.125, 1.875, 4.5, 1.875], "texture": "#0"},
				"south": {"uv": [10.125, 3, 12.125, 3], "texture": "#0"},
				"west": {"uv": [4.875, 3.375, 5.25, 3.375], "texture": "#0"},
				"up": {"uv": [4.75, 2.875, 2.75, 2.5], "texture": "#0"},
				"down": {"uv": [4.75, 2.5, 2.75, 2.875], "texture": "#0"}
			}
		},
		{
			"from": [-0.19, 0.70915, -0.02937],
			"to": [16.19, 1.08915, 2.35063],
			"rotation": {"angle": 0, "axis": "y", "origin": [-0.01, -1.10085, -2.83937]},
			"faces": {
				"north": {"uv": [10.125, 3.125, 12.125, 3.125], "texture": "#0"},
				"east": {"uv": [5.375, 3.375, 5.625, 3.375], "texture": "#0"},
				"south": {"uv": [10.125, 3.25, 12.125, 3.25], "texture": "#0"},
				"west": {"uv": [5.75, 3.375, 6, 3.375], "texture": "#0"},
				"up": {"uv": [2, 4.5, 0, 4.25], "texture": "#0"},
				"down": {"uv": [2, 4.25, 0, 4.5], "texture": "#0"}
			}
		},
		{
			"from": [-0.2, 2.92393, 2.71559],
			"to": [16.2, 3.32393, 5.11559],
			"rotation": {"angle": 22.5, "axis": "x", "origin": [0, 3.12393, -3.08441]},
			"faces": {
				"north": {"uv": [10.125, 3.375, 12.125, 3.375], "texture": "#0"},
				"east": {"uv": [1, 5.875, 1.25, 5.875], "texture": "#0"},
				"south": {"uv": [5.5, 10.125, 7.5, 10.125], "texture": "#0"},
				"west": {"uv": [4.125, 5.875, 4.375, 5.875], "texture": "#0"},
				"up": {"uv": [6.25, 4.125, 4.25, 3.875], "texture": "#0"},
				"down": {"uv": [6.25, 3.875, 4.25, 4.125], "texture": "#0"}
			}
		},
		{
			"from": [-0.19, -0.19885, 4.41487],
			"to": [16.19, 0.18115, 7.79487],
			"rotation": {"angle": 0, "axis": "y", "origin": [-0.01, -0.00885, -1.39513]},
			"faces": {
				"north": {"uv": [10.125, 5.75, 12.125, 5.75], "texture": "#0"},
				"east": {"uv": [4.5, 5.875, 4.875, 5.875], "texture": "#0"},
				"south": {"uv": [10.125, 5.875, 12.125, 5.875], "texture": "#0"},
				"west": {"uv": [6.25, 1.75, 6.625, 1.75], "texture": "#0"},
				"up": {"uv": [2, 3.625, 0, 3.25], "texture": "#0"},
				"down": {"uv": [2, 3.25, 0, 3.625], "texture": "#0"}
			}
		},
		{
			"from": [-0.2, -3.96437, 8.46431],
			"to": [16.2, -3.56437, 11.86431],
			"rotation": {"angle": -22.5, "axis": "x", "origin": [0, -3.76437, -1.33569]},
			"faces": {
				"north": {"uv": [10.125, 6.5, 12.125, 6.5], "texture": "#0"},
				"east": {"uv": [3.5, 10.125, 3.875, 10.125], "texture": "#0"},
				"south": {"uv": [10.125, 6.625, 12.125, 6.625], "texture": "#0"},
				"west": {"uv": [4, 10.125, 4.375, 10.125], "texture": "#0"},
				"up": {"uv": [2, 4.125, 0, 3.75], "texture": "#0"},
				"down": {"uv": [2, 3.75, 0, 4.125], "texture": "#0"}
			}
		},
		{
			"from": [-0.19, 1.09183, 10.78298],
			"to": [16.19, 1.47183, 13.16298],
			"rotation": {"angle": 0, "axis": "y", "origin": [-0.01, -0.71817, -2.02702]},
			"faces": {
				"north": {"uv": [10.125, 6.75, 12.125, 6.75], "texture": "#0"},
				"east": {"uv": [6.875, 7.75, 7.125, 7.75], "texture": "#0"},
				"south": {"uv": [10.125, 6.875, 12.125, 6.875], "texture": "#0"},
				"west": {"uv": [8.875, 6.25, 9.125, 6.25], "texture": "#0"},
				"up": {"uv": [4.125, 4.75, 2.125, 4.5], "texture": "#0"},
				"down": {"uv": [4.125, 4.5, 2.125, 4.75], "texture": "#0"}
			}
		},
		{
			"from": [-0.2, 6.90301, 13.44766],
			"to": [16.2, 7.30301, 15.84766],
			"rotation": {"angle": 22.5, "axis": "x", "origin": [0, 5.10301, -1.35234]},
			"faces": {
				"north": {"uv": [10.125, 7, 12.125, 7], "texture": "#0"},
				"east": {"uv": [10.125, 7.125, 10.375, 7.125], "texture": "#0"},
				"south": {"uv": [10.125, 7.25, 12.125, 7.25], "texture": "#0"},
				"west": {"uv": [10.125, 7.375, 10.375, 7.375], "texture": "#0"},
				"up": {"uv": [6.25, 4.875, 4.25, 4.625], "texture": "#0"},
				"down": {"uv": [6.25, 4.625, 4.25, 4.875], "texture": "#0"}
			}
		},
		{
			"from": [-0.19, -0.58153, -4.39749],
			"to": [16.19, -0.20153, -3.01749],
			"rotation": {"angle": 0, "axis": "y", "origin": [0.01, -0.39153, -3.20749]},
			"faces": {
				"north": {"uv": [10.125, 8.125, 12.125, 8.125], "texture": "#0"},
				"east": {"uv": [4.625, 1.875, 4.75, 1.875], "texture": "#0"},
				"south": {"uv": [10.125, 8.25, 12.125, 8.25], "texture": "#0"},
				"west": {"uv": [5, 5.875, 5.125, 5.875], "texture": "#0"},
				"up": {"uv": [5.125, 6.125, 3.125, 6], "texture": "#0"},
				"down": {"uv": [5.125, 6, 3.125, 6.125], "texture": "#0"}
			}
		},
		{
			"from": [-0.18, -0.9029, -5.78185],
			"to": [16.22, -0.5029, -4.38185],
			"rotation": {"angle": 22.5, "axis": "x", "origin": [0.02, -0.7029, -3.58185]},
			"faces": {
				"north": {"uv": [10.125, 8.375, 12.125, 8.375], "texture": "#0"},
				"east": {"uv": [6.125, 3.375, 6.25, 3.375], "texture": "#0"},
				"south": {"uv": [10.125, 8.5, 12.125, 8.5], "texture": "#0"},
				"west": {"uv": [6.75, 1.75, 6.875, 1.75], "texture": "#0"},
				"up": {"uv": [8.25, 0.125, 6.25, 0], "texture": "#0"},
				"down": {"uv": [8.25, 0, 6.25, 0.125], "texture": "#0"}
			}
		},
		{
			"from": [-0.19, -2.08839, -7.7596],
			"to": [16.19, -1.70839, -6.3796],
			"rotation": {"angle": 45, "axis": "x", "origin": [0.01, -1.89839, -3.5696]},
			"faces": {
				"north": {"uv": [10.125, 8.625, 12.125, 8.625], "texture": "#0"},
				"east": {"uv": [0.75, 7, 0.875, 7], "texture": "#0"},
				"south": {"uv": [10.125, 8.75, 12.125, 8.75], "texture": "#0"},
				"west": {"uv": [0.5, 8, 0.625, 8], "texture": "#0"},
				"up": {"uv": [8.25, 0.625, 6.25, 0.5], "texture": "#0"},
				"down": {"uv": [8.25, 0.5, 6.25, 0.625], "texture": "#0"}
			}
		},
		{
			"from": [-0.18, 1.21971, -5.61044],
			"to": [16.22, 2.61971, -5.21044],
			"rotation": {"angle": -22.5, "axis": "x", "origin": [0.02, -1.58029, -5.41044]},
			"faces": {
				"north": {"uv": [6.25, 0.75, 8.25, 0.875], "texture": "#0"},
				"east": {"uv": [2.625, 3.25, 2.625, 3.375], "texture": "#0"},
				"south": {"uv": [6.25, 0.75, 8.25, 0.875], "texture": "#0"},
				"west": {"uv": [4.125, 5.625, 4.125, 5.75], "texture": "#0"},
				"up": {"uv": [12.125, 8.875, 10.125, 8.875], "texture": "#0"},
				"down": {"uv": [12.125, 9, 10.125, 9], "texture": "#0"}
			}
		},
		{
			"from": [-0.19, 2.22347, -7.20248],
			"to": [16.19, 4.60347, -6.82248],
			"rotation": {"angle": 0, "axis": "y", "origin": [0.01, -2.58653, -10.01248]},
			"faces": {
				"north": {"uv": [4.875, 1.875, 6.875, 2.125], "texture": "#0"},
				"east": {"uv": [5.125, 6.5, 5.125, 6.75], "texture": "#0"},
				"south": {"uv": [4.875, 1.875, 6.875, 2.125], "texture": "#0"},
				"west": {"uv": [8.375, 3, 8.375, 3.25], "texture": "#0"},
				"up": {"uv": [12.125, 9.125, 10.125, 9.125], "texture": "#0"},
				"down": {"uv": [12.125, 9.25, 10.125, 9.25], "texture": "#0"}
			}
		},
		{
			"from": [-0.18, 4.96843, -9.43727],
			"to": [16.22, 6.36843, -9.03727],
			"rotation": {"angle": 22.5, "axis": "x", "origin": [0.02, -0.83157, -9.23727]},
			"faces": {
				"north": {"uv": [6.25, 1, 8.25, 1.125], "texture": "#0"},
				"east": {"uv": [5.5, 5.875, 5.5, 6], "texture": "#0"},
				"south": {"uv": [6.25, 1, 8.25, 1.125], "texture": "#0"},
				"west": {"uv": [7.25, 5.875, 7.25, 6], "texture": "#0"},
				"up": {"uv": [12.125, 9.375, 10.125, 9.375], "texture": "#0"},
				"down": {"uv": [11.5, 10.125, 9.5, 10.125], "texture": "#0"}
			}
		},
		{
			"from": [-0.19, 7.46426, -10.83067],
			"to": [16.19, 9.84426, -10.45067],
			"rotation": {"angle": 45, "axis": "x", "origin": [0.01, 1.65426, -10.64067]},
			"faces": {
				"north": {"uv": [4.875, 2.25, 6.875, 2.5], "texture": "#0"},
				"east": {"uv": [8.5, 4.5, 8.5, 4.75], "texture": "#0"},
				"south": {"uv": [4.875, 2.25, 6.875, 2.5], "texture": "#0"},
				"west": {"uv": [9, 4.125, 9, 4.375], "texture": "#0"},
				"up": {"uv": [12.125, 9.5, 10.125, 9.5], "texture": "#0"},
				"down": {"uv": [12.125, 9.625, 10.125, 9.625], "texture": "#0"}
			}
		},
		{
			"from": [-0.19, 0.18384, 15.22722],
			"to": [16.19, 0.56384, 17.60722],
			"rotation": {"angle": 0, "axis": "y", "origin": [-0.01, 0.37384, -0.58278]},
			"faces": {
				"north": {"uv": [10.125, 9.75, 12.125, 9.75], "texture": "#0"},
				"east": {"uv": [7.625, 10.125, 7.875, 10.125], "texture": "#0"},
				"south": {"uv": [10.25, 0, 12.25, 0], "texture": "#0"},
				"west": {"uv": [10.25, 0.125, 10.5, 0.125], "texture": "#0"},
				"up": {"uv": [2, 5.25, 0, 5], "texture": "#0"},
				"down": {"uv": [2, 5, 0, 5.25], "texture": "#0"}
			}
		},
		{
			"from": [-0.2, -6.56703, 19.26831],
			"to": [16.2, -6.16703, 22.66831],
			"rotation": {"angle": -22.5, "axis": "x", "origin": [0, -7.36703, 1.46831]},
			"faces": {
				"north": {"uv": [10.25, 0.25, 12.25, 0.25], "texture": "#0"},
				"east": {"uv": [10.25, 0.375, 10.625, 0.375], "texture": "#0"},
				"south": {"uv": [0.5, 10.25, 2.5, 10.25], "texture": "#0"},
				"west": {"uv": [10.25, 0.5, 10.625, 0.5], "texture": "#0"},
				"up": {"uv": [6.125, 0.375, 4.125, 0], "texture": "#0"},
				"down": {"uv": [6.125, 0, 4.125, 0.375], "texture": "#0"}
			}
		},
		{
			"from": [-0.19, -13.99269, 27.00206],
			"to": [16.19, -13.61269, 30.38206],
			"rotation": {"angle": -45, "axis": "x", "origin": [-0.01, -13.80269, 5.19206]},
			"faces": {
				"north": {"uv": [10.25, 0.625, 12.25, 0.625], "texture": "#0"},
				"east": {"uv": [10.25, 0.75, 10.625, 0.75], "texture": "#0"},
				"south": {"uv": [10.25, 0.875, 12.25, 0.875], "texture": "#0"},
				"west": {"uv": [10.25, 1, 10.625, 1], "texture": "#0"},
				"up": {"uv": [6.125, 1.375, 4.125, 1], "texture": "#0"},
				"down": {"uv": [6.125, 1, 4.125, 1.375], "texture": "#0"}
			}
		},
		{
			"from": [-0.2, -5.73164, 24.83406],
			"to": [16.2, -5.33164, 27.23406],
			"rotation": {"angle": -22.5, "axis": "x", "origin": [0, -5.53164, 0.03406]},
			"faces": {
				"north": {"uv": [10.25, 1.125, 12.25, 1.125], "texture": "#0"},
				"east": {"uv": [10.25, 1.25, 10.5, 1.25], "texture": "#0"},
				"south": {"uv": [10.25, 1.375, 12.25, 1.375], "texture": "#0"},
				"west": {"uv": [10.25, 1.5, 10.5, 1.5], "texture": "#0"},
				"up": {"uv": [4.125, 5.5, 2.125, 5.25], "texture": "#0"},
				"down": {"uv": [4.125, 5.25, 2.125, 5.5], "texture": "#0"}
			}
		},
		{
			"from": [-0.7, 6.55, -7.95],
			"to": [0.7, 7.95, -6.55],
			"rotation": {"angle": 22.5, "axis": "x", "origin": [-0.5, 1.25, -5.75]},
			"faces": {
				"north": {"uv": [1.875, 5.375, 2, 5.5], "texture": "#0"},
				"east": {"uv": [5.25, 5.875, 5.375, 6], "texture": "#0"},
				"south": {"uv": [0.75, 6.75, 0.875, 6.875], "texture": "#0"},
				"west": {"uv": [4.5, 7, 4.625, 7.125], "texture": "#0"},
				"up": {"uv": [7.125, 6, 7, 5.875], "texture": "#0"},
				"down": {"uv": [4.625, 7.25, 4.5, 7.375], "texture": "#0"}
			}
		}
	],
	"display": {
		"thirdperson_righthand": {
			"translation": [0, 3, 0],
			"scale": [0.4, 0.4, 0.4]
		},
		"thirdperson_lefthand": {
			"translation": [0, 3, 0],
			"scale": [0.4, 0.4, 0.4]
		},
		"firstperson_righthand": {
			"translation": [6, 0, 0],
			"scale": [0.5, 0.5, 0.5]
		},
		"firstperson_lefthand": {
			"translation": [6, 0, 0],
			"scale": [0.5, 0.5, 0.5]
		},
		"ground": {
			"translation": [0, 6.25, 0]
		},
		"gui": {
			"rotation": [22.5, 135, 0],
			"scale": [0.5, 0.5, 0.5]
		},
		"head": {
			"translation": [0, -12.75, 13.75],
			"scale": [4, 4, 4]
		},
		"fixed": {
			"rotation": [-90, 0, 0],
			"translation": [0, 0, -33.5],
			"scale": [4, 4, 4]
		}
	},
	"groups": [
		{
			"name": "all carpet",
			"origin": [15, 5, 17],
			"color": 0,
			"children": [
				0,
				1,
				2,
				3,
				4,
				5,
				6,
				7,
				8,
				9,
				10,
				11,
				12,
				13,
				14,
				15,
				16,
				17,
				18,
				19,
				20,
				21,
				22,
				23,
				24,
				25,
				26,
				27,
				28,
				29,
				30,
				31,
				32,
				33,
				34,
				35,
				36,
				37,
				38,
				39,
				40,
				41,
				42,
				43,
				44,
				45,
				46,
				47,
				48,
				49,
				50,
				51,
				52,
				53,
				54,
				55,
				56,
				57,
				58,
				59,
				60,
				61,
				62,
				63,
				64,
				65,
				66,
				67,
				68,
				69,
				70,
				71,
				72,
				73,
				74,
				75,
				76,
				77,
				78,
				79,
				80,
				81
			]
		}
	]
}
