{
	"credit": "Made with Blockbench",
	"textures": {
		"3": "item/custom/mk/barbossahatpotc1",
		"4": "item/custom/mk/barbossahatpotc2",
		"5": "item/custom/mk/barbossahatpotc3",
		"6": "item/custom/mk/barbossahatpotc4"
	},
	"elements": [
		{
			"from": [-13.61379, 9.53448, -16],
			"to": [24.25862, 9.53448, 20.61379],
			"rotation": {"angle": 0, "axis": "y", "origin": [0.9, 9.53448, -0.9]},
			"faces": {
				"north": {"uv": [0, 0, 7.75, 0], "texture": "#3"},
				"east": {"uv": [0, 0, 7.25, 0], "texture": "#3"},
				"south": {"uv": [0, 0, 7.75, 0], "texture": "#3"},
				"west": {"uv": [0, 0, 7.25, 0], "texture": "#3"},
				"up": {"uv": [7.75, 7.25, 0, 0], "texture": "#3"},
				"down": {"uv": [7.75, 7.25, 0, 14.5], "texture": "#3"}
			}
		},
		{
			"from": [0.48621, 9.82069, -2.6],
			"to": [11.78621, 13.42759, 7.6],
			"rotation": {"angle": 0, "axis": "y", "origin": [-1.31379, 16.52759, -0.9]},
			"faces": {
				"north": {"uv": [5.5, 0, 11, 2.5], "texture": "#4"},
				"east": {"uv": [5.5, 5, 10.5, 7.5], "texture": "#4"},
				"south": {"uv": [5.5, 2.5, 11, 5], "texture": "#4"},
				"west": {"uv": [5.5, 7.5, 10.5, 10], "texture": "#4"},
				"up": {"uv": [5.5, 5, 0, 0], "texture": "#4"},
				"down": {"uv": [5.5, 5, 0, 10], "texture": "#4"}
			}
		},
		{
			"from": [-8.71379, 9.36207, -2.73793],
			"to": [7.1, 18.9069, -2.73793],
			"rotation": {"angle": -22.5, "axis": "z", "origin": [5.1, 12.1, -2.6]},
			"faces": {
				"north": {"uv": [0, 0, 15, 8], "texture": "#5"},
				"east": {"uv": [0, 0, 0, 8], "texture": "#5"},
				"south": {"uv": [0, 8, 15, 16], "texture": "#5"},
				"west": {"uv": [0, 0, 0, 8], "texture": "#5"},
				"up": {"uv": [15, 0, 0, 0], "texture": "#5"},
				"down": {"uv": [15, 0, 0, 0], "texture": "#5"}
			}
		},
		{
			"from": [-4.74138, 9.46207, -3.53793],
			"to": [8.7, 16.14138, -3.53793],
			"rotation": {"angle": -22.5, "axis": "y", "origin": [6.7, 12.1, -3.4]},
			"faces": {
				"north": {"uv": [0, 0, 15, 8], "texture": "#5"},
				"east": {"uv": [0, 0, 0, 8], "texture": "#5"},
				"south": {"uv": [0, 8, 15, 16], "texture": "#5"},
				"west": {"uv": [0, 0, 0, 8], "texture": "#5"},
				"up": {"uv": [15, 0, 0, 0], "texture": "#5"},
				"down": {"uv": [15, 0, 0, 0], "texture": "#5"}
			}
		},
		{
			"from": [-8.21034, 10.89655, -3.61379],
			"to": [5.1, 14.13793, -3.61379],
			"rotation": {"angle": -22.5, "axis": "z", "origin": [3.1, 11.03448, -3.47586]},
			"faces": {
				"north": {"uv": [0, 0, 9, 3], "texture": "#6"},
				"east": {"uv": [0, 0, 0, 3], "texture": "#6"},
				"south": {"uv": [0, 3, 9, 6], "texture": "#6"},
				"west": {"uv": [0, 0, 0, 3], "texture": "#6"},
				"up": {"uv": [9, 0, 0, 0], "texture": "#6"},
				"down": {"uv": [9, 0, 0, 0], "texture": "#6"}
			}
		}
	],
	"display": {
		"thirdperson_righthand": {
			"translation": [0.75, 0, 0],
			"scale": [0.45, 0.45, 0.45]
		},
		"thirdperson_lefthand": {
			"translation": [-1, 0, 0],
			"scale": [0.45, 0.45, 0.45]
		},
		"firstperson_righthand": {
			"translation": [2, 3, 0],
			"scale": [0.45, 0.45, 0.45]
		},
		"firstperson_lefthand": {
			"translation": [2, 3, 0],
			"scale": [0.45, 0.45, 0.45]
		},
		"ground": {
			"translation": [2, -0.5, 3.25],
			"scale": [0.45, 0.45, 0.45]
		},
		"gui": {
			"rotation": [5, 180, 0],
			"translation": [-1, -0.25, 0],
			"scale": [0.4, 0.4, 0.4]
		},
		"head": {
			"rotation": [1, -9, 1],
			"translation": [2.25, 5.25, 5.5],
			"scale": [0.9, 0.9, 0.9]
		},
		"fixed": {
			"translation": [1, -1.5, 0.25],
			"scale": [0.45, 0.45, 0.45]
		}
	}
}
