{
	"credit": "Made with Blockbench",
	"textures": {
		"0": "block/red_concrete",
		"1": "block/red_concrete_powder",
		"2": "block/coal_block",
		"3": "block/green_concrete",
		"4": "block/lime_terracotta",
		"5": "block/brown_concrete_powder",
		"6": "block/yellow_concrete_powder",
		"7": "block/ochre_froglight_side",
		"8": "block/green_concrete_powder",
		"particle": "block/red_concrete"
	},
	"elements": [
		{
			"from": [5, 2, -14],
			"to": [11, 3, 4],
			"rotation": {"angle": 0, "axis": "y", "origin": [5, 2, -14]},
			"faces": {
				"north": {"uv": [0, 0, 6, 1], "texture": "#2"},
				"east": {"uv": [0, 0, 16, 1], "texture": "#2"},
				"south": {"uv": [0, 0, 6, 1], "texture": "#2"},
				"west": {"uv": [0, 0, 16, 1], "texture": "#2"},
				"up": {"uv": [0, 0, 6, 16], "texture": "#2"},
				"down": {"uv": [0, 0, 6, 16], "texture": "#2"}
			}
		},
		{
			"from": [5, 7, -14],
			"to": [11, 8, 5],
			"rotation": {"angle": 0, "axis": "y", "origin": [5, 7, -14]},
			"faces": {
				"north": {"uv": [0, 0, 6, 1], "texture": "#2"},
				"east": {"uv": [0, 0, 16, 1], "texture": "#2"},
				"south": {"uv": [0, 0, 6, 1], "texture": "#2"},
				"west": {"uv": [0, 0, 16, 1], "texture": "#2"},
				"up": {"uv": [0, 0, 6, 16], "texture": "#2"},
				"down": {"uv": [0, 0, 6, 16], "texture": "#2"}
			}
		},
		{
			"from": [4.5, 3, -14],
			"to": [11.5, 4, 4],
			"rotation": {"angle": 0, "axis": "y", "origin": [5, 3, -14]},
			"faces": {
				"north": {"uv": [0, 0, 7, 1], "texture": "#2"},
				"east": {"uv": [0, 0, 16, 1], "texture": "#2"},
				"south": {"uv": [0, 0, 7, 1], "texture": "#2"},
				"west": {"uv": [0, 0, 16, 1], "texture": "#2"},
				"up": {"uv": [0, 0, 7, 16], "texture": "#2"},
				"down": {"uv": [0, 0, 7, 16], "texture": "#2"}
			}
		},
		{
			"from": [4.5, 6, -14],
			"to": [11.5, 7, 4],
			"rotation": {"angle": 0, "axis": "y", "origin": [5, 6, -14]},
			"faces": {
				"north": {"uv": [0, 0, 7, 1], "texture": "#2"},
				"east": {"uv": [0, 0, 16, 1], "texture": "#2"},
				"south": {"uv": [0, 0, 7, 1], "texture": "#2"},
				"west": {"uv": [0, 0, 16, 1], "texture": "#2"},
				"up": {"uv": [0, 0, 7, 16], "texture": "#2"},
				"down": {"uv": [0, 0, 7, 16], "texture": "#2"}
			}
		},
		{
			"from": [4, 4, -14],
			"to": [12, 6, 4],
			"rotation": {"angle": 0, "axis": "y", "origin": [4, 4, -14]},
			"faces": {
				"north": {"uv": [0, 0, 8, 2], "texture": "#2"},
				"east": {"uv": [0, 0, 16, 2], "texture": "#2"},
				"south": {"uv": [0, 0, 8, 2], "texture": "#2"},
				"west": {"uv": [0, 0, 16, 2], "texture": "#2"},
				"up": {"uv": [0, 0, 8, 16], "texture": "#2"},
				"down": {"uv": [0, 0, 8, 16], "texture": "#2"}
			}
		},
		{
			"from": [5, 7, -8],
			"to": [11, 10, 1],
			"rotation": {"angle": 0, "axis": "y", "origin": [6, 7, -8]},
			"faces": {
				"north": {"uv": [0, 0, 6, 3], "texture": "#1"},
				"east": {"uv": [0, 0, 9, 3], "texture": "#1"},
				"south": {"uv": [0, 0, 6, 3], "texture": "#1"},
				"west": {"uv": [0, 0, 9, 3], "texture": "#1"},
				"up": {"uv": [0, 0, 6, 9], "texture": "#1"},
				"down": {"uv": [0, 0, 6, 9], "texture": "#1"}
			}
		},
		{
			"from": [4, 6, -8],
			"to": [12, 9, 1],
			"rotation": {"angle": 0, "axis": "y", "origin": [4, 6, -8]},
			"faces": {
				"north": {"uv": [0, 0, 8, 3], "texture": "#1"},
				"east": {"uv": [0, 0, 9, 3], "texture": "#1"},
				"south": {"uv": [0, 0, 8, 3], "texture": "#1"},
				"west": {"uv": [0, 0, 9, 3], "texture": "#6"},
				"up": {"uv": [0, 0, 8, 9], "texture": "#1"},
				"down": {"uv": [0, 0, 8, 9], "texture": "#1"}
			}
		},
		{
			"from": [3, 3, -8],
			"to": [13, 7, 1],
			"rotation": {"angle": 0, "axis": "y", "origin": [3, 3, -8]},
			"faces": {
				"north": {"uv": [0, 0, 10, 4], "texture": "#1"},
				"east": {"uv": [0, 0, 9, 4], "texture": "#6"},
				"south": {"uv": [0, 0, 10, 4], "texture": "#1"},
				"west": {"uv": [0, 0, 9, 4], "texture": "#1"},
				"up": {"uv": [0, 0, 10, 9], "texture": "#1"},
				"down": {"uv": [0, 0, 10, 9], "texture": "#6"}
			}
		},
		{
			"from": [1.25, 3.5, -8.25],
			"to": [14.75, 4, 1],
			"rotation": {"angle": 0, "axis": "y", "origin": [2, 4, -9]},
			"faces": {
				"north": {"uv": [0, 0, 13.5, 0.5], "texture": "#6"},
				"east": {"uv": [0, 0, 9.25, 0.5], "texture": "#6"},
				"south": {"uv": [0, 0, 13.5, 0.5], "texture": "#6"},
				"west": {"uv": [0, 0, 9.25, 0.5], "texture": "#6"},
				"up": {"uv": [0, 0, 13.5, 9.25], "texture": "#6"},
				"down": {"uv": [0, 0, 13.5, 9.25], "texture": "#6"}
			}
		},
		{
			"from": [3, 6, -7.75],
			"to": [13, 9.4, -7.25],
			"rotation": {"angle": 0, "axis": "y", "origin": [3, 6, -7]},
			"faces": {
				"north": {"uv": [0, 0, 10, 3.4], "texture": "#6"},
				"east": {"uv": [0, 0, 0.5, 3.4], "texture": "#6"},
				"south": {"uv": [0, 0, 10, 3.4], "texture": "#6"},
				"west": {"uv": [0, 0, 0.5, 3.4], "texture": "#6"},
				"up": {"uv": [0, 0, 10, 0.5], "texture": "#6"},
				"down": {"uv": [0, 0, 10, 0.5], "texture": "#6"}
			}
		},
		{
			"from": [3.9, 7, -7.75],
			"to": [12, 10.1, -7.25],
			"rotation": {"angle": 0, "axis": "y", "origin": [5, 7, -7]},
			"faces": {
				"north": {"uv": [0, 0, 8.1, 3.1], "texture": "#6"},
				"east": {"uv": [0, 0, 0.5, 3.1], "texture": "#6"},
				"south": {"uv": [0, 0, 8.1, 3.1], "texture": "#6"},
				"west": {"uv": [0, 0, 0.5, 3.1], "texture": "#6"},
				"up": {"uv": [0, 0, 8.1, 0.5], "texture": "#6"},
				"down": {"uv": [0, 0, 8.1, 0.5], "texture": "#6"}
			}
		},
		{
			"from": [3, 6, 0.25],
			"to": [13, 9.4, 0.75],
			"rotation": {"angle": 0, "axis": "y", "origin": [3, 6, 1]},
			"faces": {
				"north": {"uv": [0, 0, 10, 3.4], "texture": "#6"},
				"east": {"uv": [0, 0, 0.5, 3.4], "texture": "#6"},
				"south": {"uv": [0, 0, 10, 3.4], "texture": "#6"},
				"west": {"uv": [0, 0, 0.5, 3.4], "texture": "#6"},
				"up": {"uv": [0, 0, 10, 0.5], "texture": "#6"},
				"down": {"uv": [0, 0, 10, 0.5], "texture": "#6"}
			}
		},
		{
			"from": [2.5, 3.5, -7.75],
			"to": [13.5, 7.8, -7.25],
			"rotation": {"angle": 0, "axis": "y", "origin": [3, 4, -7]},
			"faces": {
				"north": {"uv": [0, 0, 11, 4.3], "texture": "#6"},
				"east": {"uv": [0, 0, 0.5, 4.3], "texture": "#6"},
				"south": {"uv": [0, 0, 11, 4.3], "texture": "#6"},
				"west": {"uv": [0, 0, 0.5, 4.3], "texture": "#6"},
				"up": {"uv": [0, 0, 11, 0.5], "texture": "#6"},
				"down": {"uv": [0, 0, 11, 0.5], "texture": "#6"}
			}
		},
		{
			"from": [2.5, 3.5, -3.75],
			"to": [13.5, 7.8, -3.25],
			"rotation": {"angle": 0, "axis": "y", "origin": [3, 4, -3]},
			"faces": {
				"north": {"uv": [0, 0, 11, 4.3], "texture": "#6"},
				"east": {"uv": [0, 0, 0.5, 4.3], "texture": "#6"},
				"south": {"uv": [0, 0, 11, 4.3], "texture": "#6"},
				"west": {"uv": [0, 0, 0.5, 4.3], "texture": "#6"},
				"up": {"uv": [0, 0, 11, 0.5], "texture": "#6"},
				"down": {"uv": [0, 0, 11, 0.5], "texture": "#6"}
			}
		},
		{
			"from": [2.5, 3.5, 0.25],
			"to": [13.5, 7.8, 0.75],
			"rotation": {"angle": 0, "axis": "y", "origin": [3, 4, 1]},
			"faces": {
				"north": {"uv": [0, 0, 11, 4.3], "texture": "#6"},
				"east": {"uv": [0, 0, 0.5, 4.3], "texture": "#6"},
				"south": {"uv": [0, 0, 11, 4.3], "texture": "#6"},
				"west": {"uv": [0, 0, 0.5, 4.3], "texture": "#6"},
				"up": {"uv": [0, 0, 11, 0.5], "texture": "#6"},
				"down": {"uv": [0, 0, 11, 0.5], "texture": "#6"}
			}
		},
		{
			"from": [3.9, 7, 0.25],
			"to": [12, 10.1, 0.75],
			"rotation": {"angle": 0, "axis": "y", "origin": [5, 7, 1]},
			"faces": {
				"north": {"uv": [0, 0, 8.1, 3.1], "texture": "#6"},
				"east": {"uv": [0, 0, 0.5, 3.1], "texture": "#6"},
				"south": {"uv": [0, 0, 8.1, 3.1], "texture": "#6"},
				"west": {"uv": [0, 0, 0.5, 3.1], "texture": "#6"},
				"up": {"uv": [0, 0, 8.1, 0.5], "texture": "#6"},
				"down": {"uv": [0, 0, 8.1, 0.5], "texture": "#6"}
			}
		},
		{
			"from": [4.5, 6, -4],
			"to": [10.5, 9, -3],
			"rotation": {"angle": 0, "axis": "y", "origin": [5.5, 6, -4]},
			"faces": {
				"north": {"uv": [0, 0, 6, 3], "texture": "#6"},
				"east": {"uv": [0, 0, 1, 3], "texture": "#1"},
				"south": {"uv": [0, 0, 6, 3], "texture": "#1"},
				"west": {"uv": [0, 0, 1, 3], "texture": "#1"},
				"up": {"uv": [0, 0, 6, 1], "texture": "#1"},
				"down": {"uv": [0, 0, 6, 1], "texture": "#1"}
			}
		},
		{
			"from": [5, 7, -8],
			"to": [11, 10, 1],
			"rotation": {"angle": 0, "axis": "y", "origin": [6, 7, -8]},
			"faces": {
				"north": {"uv": [0, 0, 6, 3], "texture": "#1"},
				"east": {"uv": [0, 0, 9, 3], "texture": "#1"},
				"south": {"uv": [0, 0, 6, 3], "texture": "#1"},
				"west": {"uv": [0, 0, 9, 3], "texture": "#1"},
				"up": {"uv": [0, 0, 6, 9], "texture": "#1"},
				"down": {"uv": [0, 0, 6, 9], "texture": "#1"}
			}
		},
		{
			"from": [4, 6, -8],
			"to": [12, 9, 1],
			"rotation": {"angle": 0, "axis": "y", "origin": [4, 6, -8]},
			"faces": {
				"north": {"uv": [0, 0, 8, 3], "texture": "#1"},
				"east": {"uv": [0, 0, 9, 3], "texture": "#1"},
				"south": {"uv": [0, 0, 8, 3], "texture": "#1"},
				"west": {"uv": [0, 0, 9, 3], "texture": "#1"},
				"up": {"uv": [0, 0, 8, 9], "texture": "#1"},
				"down": {"uv": [0, 0, 8, 9], "texture": "#1"}
			}
		},
		{
			"from": [3.5, 5, -8],
			"to": [12.5, 8, 1],
			"rotation": {"angle": 0, "axis": "y", "origin": [4, 5, -8]},
			"faces": {
				"north": {"uv": [0, 0, 9, 3], "texture": "#1"},
				"east": {"uv": [0, 0, 9, 3], "texture": "#1"},
				"south": {"uv": [0, 0, 9, 3], "texture": "#1"},
				"west": {"uv": [0, 0, 9, 3], "texture": "#1"},
				"up": {"uv": [0, 0, 9, 9], "texture": "#1"},
				"down": {"uv": [0, 0, 9, 9], "texture": "#1"}
			}
		},
		{
			"from": [3, 3, -8],
			"to": [13, 7, 1],
			"rotation": {"angle": 0, "axis": "y", "origin": [3, 3, -8]},
			"faces": {
				"north": {"uv": [0, 0, 10, 4], "texture": "#1"},
				"east": {"uv": [0, 0, 9, 4], "texture": "#1"},
				"south": {"uv": [0, 0, 10, 4], "texture": "#1"},
				"west": {"uv": [0, 0, 9, 4], "texture": "#1"},
				"up": {"uv": [0, 0, 10, 9], "texture": "#1"},
				"down": {"uv": [0, 0, 10, 9], "texture": "#1"}
			}
		},
		{
			"from": [2.5, 3, 1],
			"to": [13.5, 10, 2],
			"rotation": {"angle": 0, "axis": "y", "origin": [2, 3, 1]},
			"faces": {
				"north": {"uv": [0, 0, 11, 7], "texture": "#3"},
				"east": {"uv": [0, 0, 1, 7], "texture": "#3"},
				"south": {"uv": [0, 0, 11, 7], "texture": "#3"},
				"west": {"uv": [0, 0, 1, 7], "texture": "#3"},
				"up": {"uv": [0, 0, 11, 1], "texture": "#3"},
				"down": {"uv": [0, 0, 11, 1], "texture": "#3"}
			}
		},
		{
			"from": [12.5, 3, 1],
			"to": [13.5, 16, 2],
			"rotation": {"angle": 0, "axis": "y", "origin": [12, 3, 1]},
			"faces": {
				"north": {"uv": [0, 0, 1, 13], "texture": "#3"},
				"east": {"uv": [0, 0, 1, 13], "texture": "#3"},
				"south": {"uv": [0, 0, 1, 13], "texture": "#3"},
				"west": {"uv": [0, 0, 1, 13], "texture": "#3"},
				"up": {"uv": [0, 0, 1, 1], "texture": "#3"},
				"down": {"uv": [0, 0, 1, 1], "texture": "#3"}
			}
		},
		{
			"from": [12.25, 3, 6.5],
			"to": [12.75, 16, 8.5],
			"rotation": {"angle": 0, "axis": "y", "origin": [12, 3, 6]},
			"faces": {
				"north": {"uv": [0, 0, 0.5, 13], "texture": "#3"},
				"east": {"uv": [0, 0, 2, 13], "texture": "#3"},
				"south": {"uv": [0, 0, 0.5, 13], "texture": "#3"},
				"west": {"uv": [0, 0, 2, 13], "texture": "#3"},
				"up": {"uv": [0, 0, 0.5, 2], "texture": "#3"},
				"down": {"uv": [0, 0, 0.5, 2], "texture": "#3"}
			}
		},
		{
			"from": [3.75, 3, 6.5],
			"to": [4.25, 16, 8.5],
			"rotation": {"angle": 0, "axis": "y", "origin": [6, 3, 7]},
			"faces": {
				"north": {"uv": [0, 0, 0.5, 13], "texture": "#3"},
				"east": {"uv": [0, 0, 2, 13], "texture": "#3"},
				"south": {"uv": [0, 0, 0.5, 13], "texture": "#3"},
				"west": {"uv": [0, 0, 2, 13], "texture": "#3"},
				"up": {"uv": [0, 0, 0.5, 2], "texture": "#3"},
				"down": {"uv": [0, 0, 0.5, 2], "texture": "#3"}
			}
		},
		{
			"from": [9, 3, 1],
			"to": [10, 15, 2],
			"rotation": {"angle": 0, "axis": "y", "origin": [9, 3, 1]},
			"faces": {
				"north": {"uv": [0, 0, 1, 12], "texture": "#3"},
				"east": {"uv": [0, 0, 1, 12], "texture": "#3"},
				"south": {"uv": [0, 0, 1, 12], "texture": "#3"},
				"west": {"uv": [0, 0, 1, 12], "texture": "#3"},
				"up": {"uv": [0, 0, 1, 1], "texture": "#3"},
				"down": {"uv": [0, 0, 1, 1], "texture": "#3"}
			}
		},
		{
			"from": [2.5, 3, 12],
			"to": [3.5, 16, 13],
			"rotation": {"angle": 0, "axis": "y", "origin": [2, 3, 12]},
			"faces": {
				"north": {"uv": [0, 0, 1, 13], "texture": "#3"},
				"east": {"uv": [0, 0, 1, 13], "texture": "#3"},
				"south": {"uv": [0, 0, 1, 13], "texture": "#3"},
				"west": {"uv": [0, 0, 1, 13], "texture": "#3"},
				"up": {"uv": [0, 0, 1, 1], "texture": "#3"},
				"down": {"uv": [0, 0, 1, 1], "texture": "#3"}
			}
		},
		{
			"from": [12.5, 3, 12],
			"to": [13.5, 16, 13],
			"rotation": {"angle": 0, "axis": "y", "origin": [12, 3, 12]},
			"faces": {
				"north": {"uv": [0, 0, 1, 13], "texture": "#3"},
				"east": {"uv": [0, 0, 1, 13], "texture": "#3"},
				"south": {"uv": [0, 0, 1, 13], "texture": "#3"},
				"west": {"uv": [0, 0, 1, 13], "texture": "#3"},
				"up": {"uv": [0, 0, 1, 1], "texture": "#3"},
				"down": {"uv": [0, 0, 1, 1], "texture": "#3"}
			}
		},
		{
			"from": [2.5, 3, 1],
			"to": [3.5, 16, 2],
			"rotation": {"angle": 0, "axis": "y", "origin": [2, 3, 1]},
			"faces": {
				"north": {"uv": [0, 0, 1, 13], "texture": "#3"},
				"east": {"uv": [0, 0, 1, 13], "texture": "#3"},
				"south": {"uv": [0, 0, 1, 13], "texture": "#3"},
				"west": {"uv": [0, 0, 1, 13], "texture": "#3"},
				"up": {"uv": [0, 0, 1, 1], "texture": "#3"},
				"down": {"uv": [0, 0, 1, 1], "texture": "#3"}
			}
		},
		{
			"from": [6, 3, 1],
			"to": [7, 15, 2],
			"rotation": {"angle": 0, "axis": "y", "origin": [5, 3, 1]},
			"faces": {
				"north": {"uv": [0, 0, 1, 12], "texture": "#3"},
				"east": {"uv": [0, 0, 1, 12], "texture": "#3"},
				"south": {"uv": [0, 0, 1, 12], "texture": "#2"},
				"west": {"uv": [0, 0, 1, 12], "texture": "#3"},
				"up": {"uv": [0, 0, 1, 1], "texture": "#3"},
				"down": {"uv": [0, 0, 1, 1], "texture": "#3"}
			}
		},
		{
			"from": [12.5, 3, 1.5],
			"to": [13, 9, 12.5],
			"rotation": {"angle": 0, "axis": "y", "origin": [14, 3, 13]},
			"faces": {
				"north": {"uv": [0, 0, 0.5, 6], "texture": "#1"},
				"east": {"uv": [0, 0, 11, 6], "texture": "#8"},
				"south": {"uv": [0, 0, 0.5, 6], "texture": "#3"},
				"west": {"uv": [0, 0, 11, 6], "texture": "#3"},
				"up": {"uv": [0, 0, 11, 0.5], "rotation": 270, "texture": "#3"},
				"down": {"uv": [0, 0, 11, 0.5], "rotation": 90, "texture": "#3"}
			}
		},
		{
			"from": [12.5, 9, 1.5],
			"to": [13.75, 9.25, 12.5],
			"rotation": {"angle": 0, "axis": "y", "origin": [14, 9, 13]},
			"faces": {
				"north": {"uv": [0, 0, 1.25, 0.25], "texture": "#1"},
				"east": {"uv": [0, 0, 11, 0.25], "texture": "#4"},
				"south": {"uv": [0, 0, 1.25, 0.25], "texture": "#4"},
				"west": {"uv": [0, 0, 11, 0.25], "texture": "#3"},
				"up": {"uv": [0, 0, 11, 1.25], "rotation": 270, "texture": "#4"},
				"down": {"uv": [0, 0, 11, 1.25], "rotation": 90, "texture": "#4"}
			}
		},
		{
			"from": [2.25, 9, 1.5],
			"to": [3.5, 9.25, 12.5],
			"rotation": {"angle": 0, "axis": "y", "origin": [4, 9, 13]},
			"faces": {
				"north": {"uv": [0, 0, 1.25, 0.25], "texture": "#1"},
				"east": {"uv": [0, 0, 11, 0.25], "texture": "#4"},
				"south": {"uv": [0, 0, 1.25, 0.25], "texture": "#4"},
				"west": {"uv": [0, 0, 11, 0.25], "texture": "#3"},
				"up": {"uv": [0, 0, 11, 1.25], "rotation": 270, "texture": "#4"},
				"down": {"uv": [0, 0, 11, 1.25], "rotation": 90, "texture": "#4"}
			}
		},
		{
			"from": [3, 3, 1.5],
			"to": [3.5, 9, 12.5],
			"rotation": {"angle": 0, "axis": "y", "origin": [3, 3, 13]},
			"faces": {
				"north": {"uv": [0, 0, 0.5, 6], "texture": "#3"},
				"east": {"uv": [0, 0, 11, 6], "texture": "#3"},
				"south": {"uv": [0, 0, 0.5, 6], "texture": "#3"},
				"west": {"uv": [0, 0, 11, 6], "texture": "#8"},
				"up": {"uv": [0, 0, 11, 0.5], "rotation": 270, "texture": "#3"},
				"down": {"uv": [0, 0, 11, 0.5], "rotation": 90, "texture": "#3"}
			}
		},
		{
			"from": [3, 3, 1.5],
			"to": [13, 3.5, 12.5],
			"rotation": {"angle": 0, "axis": "z", "origin": [9, 3, 13]},
			"faces": {
				"north": {"uv": [0, 0, 0.5, 10], "rotation": 90, "texture": "#3"},
				"east": {"uv": [0, 0, 11, 0.5], "texture": "#3"},
				"south": {"uv": [0, 0, 0.5, 10], "rotation": 270, "texture": "#3"},
				"west": {"uv": [0, 0, 11, 0.5], "rotation": 180, "texture": "#3"},
				"up": {"uv": [0, 0, 11, 10], "rotation": 270, "texture": "#3"},
				"down": {"uv": [0, 0, 11, 10], "rotation": 270, "texture": "#8"}
			}
		},
		{
			"from": [2.5, 15, 1],
			"to": [13.5, 15.5, 1],
			"rotation": {"angle": 0, "axis": "y", "origin": [2.5, 15, 13]},
			"faces": {
				"north": {"uv": [0, 0, 11, 0.5], "texture": "#4"},
				"east": {"uv": [0, 0, 0, 0.5], "texture": "#3"},
				"south": {"uv": [0, 0, 11, 0.5], "texture": "#4"},
				"west": {"uv": [0, 0, 0, 0.5], "texture": "#3"},
				"up": {"uv": [0, 0, 0, 11], "rotation": 270, "texture": "#3"},
				"down": {"uv": [0, 0, 0, 11], "rotation": 90, "texture": "#3"}
			}
		},
		{
			"from": [13.5, 15, 1],
			"to": [13.5, 15.5, 12],
			"rotation": {"angle": 0, "axis": "y", "origin": [1.5, 15, 1]},
			"faces": {
				"north": {"uv": [0, 0, 0, 0.5], "texture": "#3"},
				"east": {"uv": [0, 0, 11, 0.5], "texture": "#4"},
				"south": {"uv": [0, 0, 0, 0.5], "texture": "#3"},
				"west": {"uv": [0, 0, 11, 0.5], "texture": "#4"},
				"up": {"uv": [0, 0, 0, 11], "texture": "#3"},
				"down": {"uv": [0, 0, 0, 11], "texture": "#3"}
			}
		},
		{
			"from": [2.5, 15, 1],
			"to": [2.5, 15.5, 12],
			"rotation": {"angle": 0, "axis": "y", "origin": [-9.5, 15, 1]},
			"faces": {
				"north": {"uv": [0, 0, 0, 0.5], "texture": "#3"},
				"east": {"uv": [0, 0, 11, 0.5], "texture": "#4"},
				"south": {"uv": [0, 0, 0, 0.5], "texture": "#3"},
				"west": {"uv": [0, 0, 11, 0.5], "texture": "#4"},
				"up": {"uv": [0, 0, 0, 11], "texture": "#3"},
				"down": {"uv": [0, 0, 0, 11], "texture": "#3"}
			}
		},
		{
			"from": [13.5, 15, 1],
			"to": [13.5, 15.5, 12],
			"rotation": {"angle": 0, "axis": "y", "origin": [1.5, 15, 1]},
			"faces": {
				"north": {"uv": [0, 0, 0, 0.5], "texture": "#3"},
				"east": {"uv": [0, 0, 11, 0.5], "texture": "#4"},
				"south": {"uv": [0, 0, 0, 0.5], "texture": "#3"},
				"west": {"uv": [0, 0, 11, 0.5], "texture": "#4"},
				"up": {"uv": [0, 0, 0, 11], "texture": "#3"},
				"down": {"uv": [0, 0, 0, 11], "texture": "#3"}
			}
		},
		{
			"from": [3.5, 15.5, 1],
			"to": [12.5, 16.5, 1],
			"rotation": {"angle": 0, "axis": "y", "origin": [3.5, 14, 13]},
			"faces": {
				"north": {"uv": [0, 0, 9, 1], "texture": "#4"},
				"east": {"uv": [0, 0, 0, 1], "texture": "#3"},
				"south": {"uv": [0, 0, 9, 1], "texture": "#4"},
				"west": {"uv": [0, 0, 0, 1], "texture": "#3"},
				"up": {"uv": [0, 0, 0, 9], "rotation": 270, "texture": "#3"},
				"down": {"uv": [0, 0, 0, 9], "rotation": 90, "texture": "#3"}
			}
		},
		{
			"from": [3.4, 16.5, 1],
			"to": [12.4, 17, 1],
			"rotation": {"angle": 0, "axis": "y", "origin": [3.4, 15, 13]},
			"faces": {
				"north": {"uv": [0, 0, 9, 0.5], "texture": "#4"},
				"east": {"uv": [0, 0, 0, 0.5], "texture": "#3"},
				"south": {"uv": [0, 0, 9, 0.5], "texture": "#4"},
				"west": {"uv": [0, 0, 0, 0.5], "texture": "#3"},
				"up": {"uv": [0, 0, 0, 9], "rotation": 270, "texture": "#3"},
				"down": {"uv": [0, 0, 0, 9], "rotation": 90, "texture": "#3"}
			}
		},
		{
			"from": [4.5, 17, 1],
			"to": [11.5, 17.5, 1],
			"rotation": {"angle": 0, "axis": "y", "origin": [4.5, 15, 13]},
			"faces": {
				"north": {"uv": [0, 0, 7, 0.5], "texture": "#4"},
				"east": {"uv": [0, 0, 0, 0.5], "texture": "#3"},
				"south": {"uv": [0, 0, 7, 0.5], "texture": "#4"},
				"west": {"uv": [0, 0, 0, 0.5], "texture": "#3"},
				"up": {"uv": [0, 0, 0, 7], "rotation": 270, "texture": "#3"},
				"down": {"uv": [0, 0, 0, 7], "rotation": 90, "texture": "#3"}
			}
		},
		{
			"from": [5.1, 17.5, 13],
			"to": [11.1, 18, 13],
			"rotation": {"angle": 0, "axis": "y", "origin": [5.6, 16, 25]},
			"faces": {
				"north": {"uv": [0, 0, 6, 0.5], "texture": "#4"},
				"east": {"uv": [0, 0, 0, 0.5], "texture": "#3"},
				"south": {"uv": [0, 0, 6, 0.5], "texture": "#4"},
				"west": {"uv": [0, 0, 0, 0.5], "texture": "#3"},
				"up": {"uv": [0, 0, 0, 6], "rotation": 270, "texture": "#5"},
				"down": {"uv": [0, 0, 0, 6], "rotation": 90, "texture": "#3"}
			}
		},
		{
			"from": [2.5, 15, 13],
			"to": [13.5, 15.5, 13],
			"rotation": {"angle": 0, "axis": "y", "origin": [2.5, 15, 25]},
			"faces": {
				"north": {"uv": [0, 0, 11, 0.5], "texture": "#4"},
				"east": {"uv": [0, 0, 0, 0.5], "texture": "#3"},
				"south": {"uv": [0, 0, 11, 0.5], "texture": "#4"},
				"west": {"uv": [0, 0, 0, 0.5], "texture": "#3"},
				"up": {"uv": [0, 0, 0, 11], "rotation": 270, "texture": "#3"},
				"down": {"uv": [0, 0, 0, 11], "rotation": 90, "texture": "#3"}
			}
		},
		{
			"from": [3.5, 15.5, 13],
			"to": [12.5, 16.5, 13],
			"rotation": {"angle": 0, "axis": "y", "origin": [3.5, 14, 25]},
			"faces": {
				"north": {"uv": [0, 0, 9, 1], "texture": "#4"},
				"east": {"uv": [0, 0, 0, 1], "texture": "#3"},
				"south": {"uv": [0, 0, 9, 1], "texture": "#4"},
				"west": {"uv": [0, 0, 0, 1], "texture": "#3"},
				"up": {"uv": [0, 0, 0, 9], "rotation": 270, "texture": "#3"},
				"down": {"uv": [0, 0, 0, 9], "rotation": 90, "texture": "#3"}
			}
		},
		{
			"from": [3.4, 16.5, 13],
			"to": [12.4, 17, 13],
			"rotation": {"angle": 0, "axis": "y", "origin": [3.4, 15, 25]},
			"faces": {
				"north": {"uv": [0, 0, 9, 0.5], "texture": "#4"},
				"east": {"uv": [0, 0, 0, 0.5], "texture": "#3"},
				"south": {"uv": [0, 0, 9, 0.5], "texture": "#4"},
				"west": {"uv": [0, 0, 0, 0.5], "texture": "#3"},
				"up": {"uv": [0, 0, 0, 9], "rotation": 270, "texture": "#3"},
				"down": {"uv": [0, 0, 0, 9], "rotation": 90, "texture": "#3"}
			}
		},
		{
			"from": [4.5, 17, 13],
			"to": [11.5, 17.5, 13],
			"rotation": {"angle": 0, "axis": "y", "origin": [4.5, 15, 25]},
			"faces": {
				"north": {"uv": [0, 0, 7, 0.5], "texture": "#4"},
				"east": {"uv": [0, 0, 0, 0.5], "texture": "#3"},
				"south": {"uv": [0, 0, 7, 0.5], "texture": "#4"},
				"west": {"uv": [0, 0, 0, 0.5], "texture": "#3"},
				"up": {"uv": [0, 0, 0, 7], "rotation": 270, "texture": "#3"},
				"down": {"uv": [0, 0, 0, 7], "rotation": 90, "texture": "#3"}
			}
		},
		{
			"from": [5.1, 17.5, 1],
			"to": [11.1, 18, 1],
			"rotation": {"angle": 0, "axis": "y", "origin": [5.6, 16, 13]},
			"faces": {
				"north": {"uv": [0, 0, 6, 0.5], "texture": "#4"},
				"east": {"uv": [0, 0, 0, 0.5], "texture": "#3"},
				"south": {"uv": [0, 0, 6, 0.5], "texture": "#4"},
				"west": {"uv": [0, 0, 0, 0.5], "texture": "#3"},
				"up": {"uv": [0, 0, 0, 6], "rotation": 270, "texture": "#5"},
				"down": {"uv": [0, 0, 0, 6], "rotation": 90, "texture": "#3"}
			}
		},
		{
			"from": [2.5, 16, 1.5],
			"to": [4.5, 16.5, 12],
			"rotation": {"angle": 0, "axis": "y", "origin": [3, 16, 16]},
			"faces": {
				"north": {"uv": [0, 0, 2, 0.5], "texture": "#5"},
				"east": {"uv": [0, 0, 10.5, 0.5], "texture": "#5"},
				"south": {"uv": [0, 0, 2, 0.5], "texture": "#5"},
				"west": {"uv": [0, 0, 10.5, 0.5], "texture": "#5"},
				"up": {"uv": [0, 0, 10.5, 2], "rotation": 270, "texture": "#5"},
				"down": {"uv": [0, 0, 10.5, 2], "rotation": 90, "texture": "#5"}
			}
		},
		{
			"from": [2, 15.5, 1.5],
			"to": [4, 16, 12],
			"rotation": {"angle": 0, "axis": "y", "origin": [3, 16, 16]},
			"faces": {
				"north": {"uv": [0, 0, 2, 0.5], "texture": "#5"},
				"east": {"uv": [0, 0, 10.5, 0.5], "texture": "#5"},
				"south": {"uv": [0, 0, 2, 0.5], "texture": "#5"},
				"west": {"uv": [0, 0, 10.5, 0.5], "texture": "#5"},
				"up": {"uv": [0, 0, 10.5, 2], "rotation": 270, "texture": "#5"},
				"down": {"uv": [0, 0, 10.5, 2], "rotation": 90, "texture": "#5"}
			}
		},
		{
			"from": [3, 16.5, 1.5],
			"to": [5, 17, 12],
			"rotation": {"angle": 0, "axis": "y", "origin": [3, 17, 16]},
			"faces": {
				"north": {"uv": [0, 0, 2, 0.5], "texture": "#5"},
				"east": {"uv": [0, 0, 10.5, 0.5], "texture": "#5"},
				"south": {"uv": [0, 0, 2, 0.5], "texture": "#5"},
				"west": {"uv": [0, 0, 10.5, 0.5], "texture": "#5"},
				"up": {"uv": [0, 0, 10.5, 2], "rotation": 270, "texture": "#5"},
				"down": {"uv": [0, 0, 10.5, 2], "rotation": 90, "texture": "#5"}
			}
		},
		{
			"from": [3.5, 17, 1.5],
			"to": [6, 17.5, 12],
			"rotation": {"angle": 0, "axis": "y", "origin": [4, 17, 16]},
			"faces": {
				"north": {"uv": [0, 0, 2.5, 0.5], "texture": "#5"},
				"east": {"uv": [0, 0, 10.5, 0.5], "texture": "#5"},
				"south": {"uv": [0, 0, 2.5, 0.5], "texture": "#5"},
				"west": {"uv": [0, 0, 10.5, 0.5], "texture": "#5"},
				"up": {"uv": [0, 0, 10.5, 2.5], "rotation": 270, "texture": "#5"},
				"down": {"uv": [0, 0, 10.5, 2.5], "rotation": 90, "texture": "#5"}
			}
		},
		{
			"from": [4.5, 17.5, 1.5],
			"to": [7, 18, 12],
			"rotation": {"angle": 0, "axis": "y", "origin": [5, 18, 16]},
			"faces": {
				"north": {"uv": [0, 0, 2.5, 0.5], "texture": "#5"},
				"east": {"uv": [0, 0, 10.5, 0.5], "texture": "#5"},
				"south": {"uv": [0, 0, 2.5, 0.5], "texture": "#5"},
				"west": {"uv": [0, 0, 10.5, 0.5], "texture": "#5"},
				"up": {"uv": [0, 0, 10.5, 2.5], "rotation": 270, "texture": "#5"},
				"down": {"uv": [0, 0, 10.5, 2.5], "rotation": 90, "texture": "#5"}
			}
		},
		{
			"from": [5.25, 18, 1.5],
			"to": [10.75, 18.5, 12],
			"rotation": {"angle": 0, "axis": "y", "origin": [6, 19, 16]},
			"faces": {
				"north": {"uv": [0, 0, 5.5, 0.5], "texture": "#5"},
				"east": {"uv": [0, 0, 10.5, 0.5], "texture": "#5"},
				"south": {"uv": [0, 0, 5.5, 0.5], "texture": "#5"},
				"west": {"uv": [0, 0, 10.5, 0.5], "texture": "#5"},
				"up": {"uv": [0, 0, 10.5, 5.5], "rotation": 270, "texture": "#5"},
				"down": {"uv": [0, 0, 10.5, 5.5], "rotation": 90, "texture": "#5"}
			}
		},
		{
			"from": [9, 17.5, 1.5],
			"to": [11.5, 18, 12],
			"rotation": {"angle": 0, "axis": "y", "origin": [9, 18, 16]},
			"faces": {
				"north": {"uv": [0, 0, 2.5, 0.5], "texture": "#5"},
				"east": {"uv": [0, 0, 10.5, 0.5], "texture": "#5"},
				"south": {"uv": [0, 0, 2.5, 0.5], "texture": "#5"},
				"west": {"uv": [0, 0, 10.5, 0.5], "texture": "#5"},
				"up": {"uv": [0, 0, 10.5, 2.5], "rotation": 270, "texture": "#5"},
				"down": {"uv": [0, 0, 10.5, 2.5], "rotation": 90, "texture": "#5"}
			}
		},
		{
			"from": [10, 17, 1.5],
			"to": [12.5, 17.5, 12],
			"rotation": {"angle": 0, "axis": "y", "origin": [10, 17, 16]},
			"faces": {
				"north": {"uv": [0, 0, 2.5, 0.5], "texture": "#5"},
				"east": {"uv": [0, 0, 10.5, 0.5], "texture": "#5"},
				"south": {"uv": [0, 0, 2.5, 0.5], "texture": "#5"},
				"west": {"uv": [0, 0, 10.5, 0.5], "texture": "#5"},
				"up": {"uv": [0, 0, 10.5, 2.5], "rotation": 270, "texture": "#5"},
				"down": {"uv": [0, 0, 10.5, 2.5], "rotation": 90, "texture": "#5"}
			}
		},
		{
			"from": [11, 16.5, 1.5],
			"to": [13, 17, 12],
			"rotation": {"angle": 0, "axis": "y", "origin": [12, 17, 16]},
			"faces": {
				"north": {"uv": [0, 0, 2, 0.5], "texture": "#5"},
				"east": {"uv": [0, 0, 10.5, 0.5], "texture": "#5"},
				"south": {"uv": [0, 0, 2, 0.5], "texture": "#5"},
				"west": {"uv": [0, 0, 10.5, 0.5], "texture": "#5"},
				"up": {"uv": [0, 0, 10.5, 2], "rotation": 270, "texture": "#5"},
				"down": {"uv": [0, 0, 10.5, 2], "rotation": 90, "texture": "#5"}
			}
		},
		{
			"from": [11.5, 16, 1.5],
			"to": [13.5, 16.5, 12],
			"rotation": {"angle": 0, "axis": "y", "origin": [13, 16, 16]},
			"faces": {
				"north": {"uv": [0, 0, 2, 0.5], "texture": "#5"},
				"east": {"uv": [0, 0, 10.5, 0.5], "texture": "#5"},
				"south": {"uv": [0, 0, 2, 0.5], "texture": "#5"},
				"west": {"uv": [0, 0, 10.5, 0.5], "texture": "#5"},
				"up": {"uv": [0, 0, 10.5, 2], "rotation": 270, "texture": "#5"},
				"down": {"uv": [0, 0, 10.5, 2], "rotation": 90, "texture": "#5"}
			}
		},
		{
			"from": [12, 15.5, 1.5],
			"to": [14, 16, 12],
			"rotation": {"angle": 0, "axis": "y", "origin": [13, 16, 16]},
			"faces": {
				"north": {"uv": [0, 0, 2, 0.5], "texture": "#5"},
				"east": {"uv": [0, 0, 10.5, 0.5], "texture": "#5"},
				"south": {"uv": [0, 0, 2, 0.5], "texture": "#5"},
				"west": {"uv": [0, 0, 10.5, 0.5], "texture": "#5"},
				"up": {"uv": [0, 0, 10.5, 2], "rotation": 270, "texture": "#5"},
				"down": {"uv": [0, 0, 10.5, 2], "rotation": 90, "texture": "#5"}
			}
		},
		{
			"from": [2, 15, 0.5],
			"to": [4, 16, 1.5],
			"rotation": {"angle": 0, "axis": "y", "origin": [3, 15, 14]},
			"faces": {
				"north": {"uv": [0, 0, 2, 1], "texture": "#3"},
				"east": {"uv": [0, 0, 1, 1], "texture": "#3"},
				"south": {"uv": [0, 0, 2, 1], "texture": "#3"},
				"west": {"uv": [0, 0, 1, 1], "texture": "#3"},
				"up": {"uv": [0, 0, 1, 2], "rotation": 270, "texture": "#3"},
				"down": {"uv": [0, 0, 1, 2], "rotation": 90, "texture": "#3"}
			}
		},
		{
			"from": [2.5, 16, 0.5],
			"to": [4.5, 16.5, 1.5],
			"rotation": {"angle": 0, "axis": "y", "origin": [3, 16, 14]},
			"faces": {
				"north": {"uv": [0, 0, 2, 0.5], "texture": "#3"},
				"east": {"uv": [0, 0, 1, 0.5], "texture": "#3"},
				"south": {"uv": [0, 0, 2, 0.5], "texture": "#3"},
				"west": {"uv": [0, 0, 1, 0.5], "texture": "#3"},
				"up": {"uv": [0, 0, 1, 2], "rotation": 270, "texture": "#3"},
				"down": {"uv": [0, 0, 1, 2], "rotation": 90, "texture": "#3"}
			}
		},
		{
			"from": [3, 16.5, 0.5],
			"to": [5, 17, 1.5],
			"rotation": {"angle": 0, "axis": "y", "origin": [3, 17, 14]},
			"faces": {
				"north": {"uv": [0, 0, 2, 0.5], "texture": "#3"},
				"east": {"uv": [0, 0, 1, 0.5], "texture": "#3"},
				"south": {"uv": [0, 0, 2, 0.5], "texture": "#3"},
				"west": {"uv": [0, 0, 1, 0.5], "texture": "#3"},
				"up": {"uv": [0, 0, 1, 2], "rotation": 270, "texture": "#3"},
				"down": {"uv": [0, 0, 1, 2], "rotation": 90, "texture": "#3"}
			}
		},
		{
			"from": [3.5, 17, 0.5],
			"to": [6, 17.5, 1.5],
			"rotation": {"angle": 0, "axis": "y", "origin": [4, 17, 14]},
			"faces": {
				"north": {"uv": [0, 0, 2.5, 0.5], "texture": "#3"},
				"east": {"uv": [0, 0, 1, 0.5], "texture": "#3"},
				"south": {"uv": [0, 0, 2.5, 0.5], "texture": "#3"},
				"west": {"uv": [0, 0, 1, 0.5], "texture": "#3"},
				"up": {"uv": [0, 0, 1, 2.5], "rotation": 270, "texture": "#3"},
				"down": {"uv": [0, 0, 1, 2.5], "rotation": 90, "texture": "#3"}
			}
		},
		{
			"from": [4.5, 17.5, 0.5],
			"to": [7, 18, 1.5],
			"rotation": {"angle": 0, "axis": "y", "origin": [5, 18, 14]},
			"faces": {
				"north": {"uv": [0, 0, 2.5, 0.5], "texture": "#3"},
				"east": {"uv": [0, 0, 1, 0.5], "texture": "#3"},
				"south": {"uv": [0, 0, 2.5, 0.5], "texture": "#3"},
				"west": {"uv": [0, 0, 1, 0.5], "texture": "#3"},
				"up": {"uv": [0, 0, 1, 2.5], "rotation": 270, "texture": "#3"},
				"down": {"uv": [0, 0, 1, 2.5], "rotation": 90, "texture": "#3"}
			}
		},
		{
			"from": [5.15, 18, 0.5],
			"to": [10.75, 18.5, 1.5],
			"rotation": {"angle": 0, "axis": "y", "origin": [6, 19, 14]},
			"faces": {
				"north": {"uv": [0, 0, 5.6, 0.5], "texture": "#3"},
				"east": {"uv": [0, 0, 1, 0.5], "texture": "#3"},
				"south": {"uv": [0, 0, 5.6, 0.5], "texture": "#3"},
				"west": {"uv": [0, 0, 1, 0.5], "texture": "#3"},
				"up": {"uv": [0, 0, 1, 5.6], "rotation": 270, "texture": "#3"},
				"down": {"uv": [0, 0, 1, 5.6], "rotation": 90, "texture": "#3"}
			}
		},
		{
			"from": [8.9, 17.5, 0.5],
			"to": [11.5, 18, 1.5],
			"rotation": {"angle": 0, "axis": "y", "origin": [9, 18, 14]},
			"faces": {
				"north": {"uv": [0, 0, 2.6, 0.5], "texture": "#3"},
				"east": {"uv": [0, 0, 1, 0.5], "texture": "#3"},
				"south": {"uv": [0, 0, 2.6, 0.5], "texture": "#3"},
				"west": {"uv": [0, 0, 1, 0.5], "texture": "#3"},
				"up": {"uv": [0, 0, 1, 2.6], "rotation": 270, "texture": "#3"},
				"down": {"uv": [0, 0, 1, 2.6], "rotation": 90, "texture": "#3"}
			}
		},
		{
			"from": [9.9, 17, 0.5],
			"to": [12.5, 17.5, 1.5],
			"rotation": {"angle": 0, "axis": "y", "origin": [10, 17, 14]},
			"faces": {
				"north": {"uv": [0, 0, 2.6, 0.5], "texture": "#3"},
				"east": {"uv": [0, 0, 1, 0.5], "texture": "#3"},
				"south": {"uv": [0, 0, 2.6, 0.5], "texture": "#3"},
				"west": {"uv": [0, 0, 1, 0.5], "texture": "#3"},
				"up": {"uv": [0, 0, 1, 2.6], "rotation": 270, "texture": "#3"},
				"down": {"uv": [0, 0, 1, 2.6], "rotation": 90, "texture": "#3"}
			}
		},
		{
			"from": [11.9, 15, 0.5],
			"to": [14, 16, 1.5],
			"rotation": {"angle": 0, "axis": "y", "origin": [13, 15, 14]},
			"faces": {
				"north": {"uv": [0, 0, 2.1, 1], "texture": "#3"},
				"east": {"uv": [0, 0, 1, 1], "texture": "#3"},
				"south": {"uv": [0, 0, 2.1, 1], "texture": "#3"},
				"west": {"uv": [0, 0, 1, 1], "texture": "#3"},
				"up": {"uv": [0, 0, 1, 2.1], "rotation": 270, "texture": "#3"},
				"down": {"uv": [0, 0, 1, 2.1], "rotation": 90, "texture": "#3"}
			}
		},
		{
			"from": [2.5, 16, 12],
			"to": [4.5, 16.5, 13.5],
			"rotation": {"angle": 0, "axis": "y", "origin": [3, 16, 25]},
			"faces": {
				"north": {"uv": [0, 0, 2, 0.5], "texture": "#3"},
				"east": {"uv": [0, 0, 1.5, 0.5], "texture": "#3"},
				"south": {"uv": [0, 0, 2, 0.5], "texture": "#3"},
				"west": {"uv": [0, 0, 1.5, 0.5], "texture": "#3"},
				"up": {"uv": [0, 0, 1.5, 2], "rotation": 270, "texture": "#3"},
				"down": {"uv": [0, 0, 1.5, 2], "rotation": 90, "texture": "#3"}
			}
		},
		{
			"from": [2, 15, 12],
			"to": [4, 16, 13.5],
			"rotation": {"angle": 0, "axis": "y", "origin": [3, 15, 25]},
			"faces": {
				"north": {"uv": [0, 0, 2, 1], "texture": "#3"},
				"east": {"uv": [0, 0, 1.5, 1], "texture": "#3"},
				"south": {"uv": [0, 0, 2, 1], "texture": "#3"},
				"west": {"uv": [0, 0, 1.5, 1], "texture": "#3"},
				"up": {"uv": [0, 0, 1.5, 2], "rotation": 270, "texture": "#3"},
				"down": {"uv": [0, 0, 1.5, 2], "rotation": 90, "texture": "#3"}
			}
		},
		{
			"from": [3, 16.5, 12],
			"to": [5, 17, 13.5],
			"rotation": {"angle": 0, "axis": "y", "origin": [3, 17, 25]},
			"faces": {
				"north": {"uv": [0, 0, 2, 0.5], "texture": "#3"},
				"east": {"uv": [0, 0, 1.5, 0.5], "texture": "#3"},
				"south": {"uv": [0, 0, 2, 0.5], "texture": "#3"},
				"west": {"uv": [0, 0, 1.5, 0.5], "texture": "#3"},
				"up": {"uv": [0, 0, 1.5, 2], "rotation": 270, "texture": "#3"},
				"down": {"uv": [0, 0, 1.5, 2], "rotation": 90, "texture": "#3"}
			}
		},
		{
			"from": [3.5, 17, 12],
			"to": [6, 17.5, 13.5],
			"rotation": {"angle": 0, "axis": "y", "origin": [4, 17, 25]},
			"faces": {
				"north": {"uv": [0, 0, 2.5, 0.5], "texture": "#3"},
				"east": {"uv": [0, 0, 1.5, 0.5], "texture": "#3"},
				"south": {"uv": [0, 0, 2.5, 0.5], "texture": "#3"},
				"west": {"uv": [0, 0, 1.5, 0.5], "texture": "#3"},
				"up": {"uv": [0, 0, 1.5, 2.5], "rotation": 270, "texture": "#3"},
				"down": {"uv": [0, 0, 1.5, 2.5], "rotation": 90, "texture": "#3"}
			}
		},
		{
			"from": [4.5, 17.5, 12],
			"to": [7, 18, 13.5],
			"rotation": {"angle": 0, "axis": "y", "origin": [5, 18, 25]},
			"faces": {
				"north": {"uv": [0, 0, 2.5, 0.5], "texture": "#3"},
				"east": {"uv": [0, 0, 1.5, 0.5], "texture": "#3"},
				"south": {"uv": [0, 0, 2.5, 0.5], "texture": "#3"},
				"west": {"uv": [0, 0, 1.5, 0.5], "texture": "#3"},
				"up": {"uv": [0, 0, 1.5, 2.5], "rotation": 270, "texture": "#3"},
				"down": {"uv": [0, 0, 1.5, 2.5], "rotation": 90, "texture": "#3"}
			}
		},
		{
			"from": [5.25, 18, 12],
			"to": [10.75, 18.5, 13.5],
			"rotation": {"angle": 0, "axis": "y", "origin": [6, 19, 25]},
			"faces": {
				"north": {"uv": [0, 0, 5.5, 0.5], "texture": "#3"},
				"east": {"uv": [0, 0, 1.5, 0.5], "texture": "#3"},
				"south": {"uv": [0, 0, 5.5, 0.5], "texture": "#3"},
				"west": {"uv": [0, 0, 1.5, 0.5], "texture": "#3"},
				"up": {"uv": [0, 0, 1.5, 5.5], "rotation": 270, "texture": "#3"},
				"down": {"uv": [0, 0, 1.5, 5.5], "rotation": 90, "texture": "#3"}
			}
		},
		{
			"from": [9, 17.5, 12],
			"to": [11.5, 18, 13.5],
			"rotation": {"angle": 0, "axis": "y", "origin": [9, 18, 25]},
			"faces": {
				"north": {"uv": [0, 0, 2.5, 0.5], "texture": "#3"},
				"east": {"uv": [0, 0, 1.5, 0.5], "texture": "#3"},
				"south": {"uv": [0, 0, 2.5, 0.5], "texture": "#3"},
				"west": {"uv": [0, 0, 1.5, 0.5], "texture": "#3"},
				"up": {"uv": [0, 0, 1.5, 2.5], "rotation": 270, "texture": "#3"},
				"down": {"uv": [0, 0, 1.5, 2.5], "rotation": 90, "texture": "#3"}
			}
		},
		{
			"from": [10, 17, 12],
			"to": [12.5, 17.5, 13.5],
			"rotation": {"angle": 0, "axis": "y", "origin": [10, 17, 25]},
			"faces": {
				"north": {"uv": [0, 0, 2.5, 0.5], "texture": "#3"},
				"east": {"uv": [0, 0, 1.5, 0.5], "texture": "#3"},
				"south": {"uv": [0, 0, 2.5, 0.5], "texture": "#3"},
				"west": {"uv": [0, 0, 1.5, 0.5], "texture": "#3"},
				"up": {"uv": [0, 0, 1.5, 2.5], "rotation": 270, "texture": "#3"},
				"down": {"uv": [0, 0, 1.5, 2.5], "rotation": 90, "texture": "#3"}
			}
		},
		{
			"from": [11, 16.5, 12],
			"to": [13, 17, 13.5],
			"rotation": {"angle": 0, "axis": "y", "origin": [12, 17, 25]},
			"faces": {
				"north": {"uv": [0, 0, 2, 0.5], "texture": "#3"},
				"east": {"uv": [0, 0, 1.5, 0.5], "texture": "#3"},
				"south": {"uv": [0, 0, 2, 0.5], "texture": "#3"},
				"west": {"uv": [0, 0, 1.5, 0.5], "texture": "#3"},
				"up": {"uv": [0, 0, 1.5, 2], "rotation": 270, "texture": "#3"},
				"down": {"uv": [0, 0, 1.5, 2], "rotation": 90, "texture": "#3"}
			}
		},
		{
			"from": [11.5, 16, 12],
			"to": [13.5, 16.5, 13.5],
			"rotation": {"angle": 0, "axis": "y", "origin": [13, 16, 25]},
			"faces": {
				"north": {"uv": [0, 0, 2, 0.5], "texture": "#3"},
				"east": {"uv": [0, 0, 1.5, 0.5], "texture": "#3"},
				"south": {"uv": [0, 0, 2, 0.5], "texture": "#3"},
				"west": {"uv": [0, 0, 1.5, 0.5], "texture": "#3"},
				"up": {"uv": [0, 0, 1.5, 2], "rotation": 270, "texture": "#3"},
				"down": {"uv": [0, 0, 1.5, 2], "rotation": 90, "texture": "#3"}
			}
		},
		{
			"from": [12, 15, 12],
			"to": [14, 16, 13.5],
			"rotation": {"angle": 0, "axis": "y", "origin": [13, 15, 25]},
			"faces": {
				"north": {"uv": [0, 0, 2, 1], "texture": "#3"},
				"east": {"uv": [0, 0, 1.5, 1], "texture": "#3"},
				"south": {"uv": [0, 0, 2, 1], "texture": "#3"},
				"west": {"uv": [0, 0, 1.5, 1], "texture": "#3"},
				"up": {"uv": [0, 0, 1.5, 2], "rotation": 270, "texture": "#3"},
				"down": {"uv": [0, 0, 1.5, 2], "rotation": 90, "texture": "#3"}
			}
		},
		{
			"from": [11.4, 16, 0.5],
			"to": [13.5, 16.5, 1.5],
			"rotation": {"angle": 0, "axis": "y", "origin": [13, 16, 14]},
			"faces": {
				"north": {"uv": [0, 0, 2.1, 0.5], "texture": "#3"},
				"east": {"uv": [0, 0, 1, 0.5], "texture": "#3"},
				"south": {"uv": [0, 0, 2.1, 0.5], "texture": "#3"},
				"west": {"uv": [0, 0, 1, 0.5], "texture": "#3"},
				"up": {"uv": [0, 0, 1, 2.1], "rotation": 270, "texture": "#3"},
				"down": {"uv": [0, 0, 1, 2.1], "rotation": 90, "texture": "#3"}
			}
		},
		{
			"from": [10.9, 16.5, 0.5],
			"to": [13, 17, 1.5],
			"rotation": {"angle": 0, "axis": "y", "origin": [12, 17, 14]},
			"faces": {
				"north": {"uv": [0, 0, 2.1, 0.5], "texture": "#3"},
				"east": {"uv": [0, 0, 1, 0.5], "texture": "#3"},
				"south": {"uv": [0, 0, 2.1, 0.5], "texture": "#3"},
				"west": {"uv": [0, 0, 1, 0.5], "texture": "#3"},
				"up": {"uv": [0, 0, 1, 2.1], "rotation": 270, "texture": "#3"},
				"down": {"uv": [0, 0, 1, 2.1], "rotation": 90, "texture": "#3"}
			}
		},
		{
			"from": [6, 8, -14.25],
			"to": [10, 9, 3.75],
			"rotation": {"angle": 0, "axis": "y", "origin": [7, 8, -14.25]},
			"faces": {
				"north": {"uv": [0, 0, 4, 1], "texture": "#2"},
				"east": {"uv": [0, 0, 16, 1], "texture": "#2"},
				"south": {"uv": [0, 0, 4, 1], "texture": "#2"},
				"west": {"uv": [0, 0, 16, 1], "texture": "#2"},
				"up": {"uv": [0, 0, 4, 16], "texture": "#2"},
				"down": {"uv": [0, 0, 4, 16], "texture": "#2"}
			}
		},
		{
			"from": [6, 1, -14],
			"to": [10, 2, 4],
			"rotation": {"angle": 0, "axis": "y", "origin": [7, 1, -14]},
			"faces": {
				"north": {"uv": [0, 0, 4, 1], "texture": "#2"},
				"east": {"uv": [0, 0, 16, 1], "texture": "#2"},
				"south": {"uv": [0, 0, 4, 1], "texture": "#2"},
				"west": {"uv": [0, 0, 16, 1], "texture": "#2"},
				"up": {"uv": [0, 0, 4, 16], "texture": "#2"},
				"down": {"uv": [0, 0, 4, 16], "texture": "#2"}
			}
		},
		{
			"from": [7.05, 6.4, -15],
			"to": [9.05, 6.9, -3],
			"rotation": {"angle": 0, "axis": "y", "origin": [8.3, 6.9, -15]},
			"faces": {
				"north": {"uv": [0, 0, 2, 0.5], "texture": "#2"},
				"east": {"uv": [0, 0, 12, 0.5], "texture": "#2"},
				"south": {"uv": [0, 0, 2, 0.5], "texture": "#2"},
				"west": {"uv": [0, 0, 12, 0.5], "texture": "#2"},
				"up": {"uv": [0, 0, 2, 12], "texture": "#2"},
				"down": {"uv": [0, 0, 2, 12], "texture": "#2"}
			}
		},
		{
			"from": [6.55, 5.9, -15],
			"to": [9.55, 6.4, -3],
			"rotation": {"angle": 0, "axis": "y", "origin": [7.3, 5.9, -15]},
			"faces": {
				"north": {"uv": [0, 0, 3, 0.5], "texture": "#2"},
				"east": {"uv": [0, 0, 12, 0.5], "texture": "#2"},
				"south": {"uv": [0, 0, 3, 0.5], "texture": "#2"},
				"west": {"uv": [0, 0, 12, 0.5], "texture": "#2"},
				"up": {"uv": [0, 0, 3, 12], "texture": "#2"},
				"down": {"uv": [0, 0, 3, 12], "texture": "#2"}
			}
		},
		{
			"from": [6.55, 3.9, -15],
			"to": [9.55, 4.4, -3],
			"rotation": {"angle": 0, "axis": "y", "origin": [7.3, 3.9, -15]},
			"faces": {
				"north": {"uv": [0, 0, 3, 0.5], "texture": "#2"},
				"east": {"uv": [0, 0, 12, 0.5], "texture": "#2"},
				"south": {"uv": [0, 0, 3, 0.5], "texture": "#2"},
				"west": {"uv": [0, 0, 12, 0.5], "texture": "#2"},
				"up": {"uv": [0, 0, 3, 12], "texture": "#2"},
				"down": {"uv": [0, 0, 3, 12], "texture": "#2"}
			}
		},
		{
			"from": [6.05, 4.4, -15],
			"to": [10.05, 5.9, -3],
			"rotation": {"angle": 0, "axis": "y", "origin": [6.3, 3.9, -15]},
			"faces": {
				"north": {"uv": [0, 0, 4, 1.5], "texture": "#2"},
				"east": {"uv": [0, 0, 12, 1.5], "texture": "#2"},
				"south": {"uv": [0, 0, 4, 1.5], "texture": "#2"},
				"west": {"uv": [0, 0, 12, 1.5], "texture": "#2"},
				"up": {"uv": [0, 0, 4, 12], "texture": "#2"},
				"down": {"uv": [0, 0, 4, 12], "texture": "#2"}
			}
		},
		{
			"from": [7.05, 3.4, -15],
			"to": [9.05, 3.9, -3],
			"rotation": {"angle": 0, "axis": "y", "origin": [8.3, 3.9, -15]},
			"faces": {
				"north": {"uv": [0, 0, 2, 0.5], "texture": "#2"},
				"east": {"uv": [0, 0, 12, 0.5], "texture": "#2"},
				"south": {"uv": [0, 0, 2, 0.5], "texture": "#2"},
				"west": {"uv": [0, 0, 12, 0.5], "texture": "#2"},
				"up": {"uv": [0, 0, 2, 12], "texture": "#2"},
				"down": {"uv": [0, 0, 2, 12], "texture": "#2"}
			}
		},
		{
			"from": [7, 14, -12.5],
			"to": [9, 15.5, -10.5],
			"rotation": {"angle": 0, "axis": "y", "origin": [7, 14, -12.5]},
			"faces": {
				"north": {"uv": [0, 0, 2, 1.5], "texture": "#2"},
				"east": {"uv": [0, 0, 2, 1.5], "texture": "#2"},
				"south": {"uv": [0, 0, 2, 1.5], "texture": "#2"},
				"west": {"uv": [0, 0, 2, 1.5], "texture": "#2"},
				"up": {"uv": [0, 0, 2, 2], "texture": "#2"},
				"down": {"uv": [0, 0, 2, 2], "texture": "#2"}
			}
		},
		{
			"from": [6, 16, -11.5],
			"to": [8, 16.5, -9.5],
			"rotation": {"angle": 0, "axis": "y", "origin": [7.5, 16, -12]},
			"faces": {
				"north": {"uv": [0, 0, 2, 0.5], "texture": "#2"},
				"east": {"uv": [0, 0, 2, 0.5], "texture": "#2"},
				"south": {"uv": [0, 0, 2, 0.5], "texture": "#2"},
				"west": {"uv": [0, 0, 2, 0.5], "texture": "#2"},
				"up": {"uv": [0, 0, 2, 2], "rotation": 90, "texture": "#2"},
				"down": {"uv": [0, 0, 2, 2], "rotation": 270, "texture": "#2"}
			}
		},
		{
			"from": [6, 16, -13.5],
			"to": [8, 16.5, -11.5],
			"rotation": {"angle": 0, "axis": "y", "origin": [7.5, 16, -14]},
			"faces": {
				"north": {"uv": [0, 0, 2, 0.5], "texture": "#2"},
				"east": {"uv": [0, 0, 2, 0.5], "texture": "#2"},
				"south": {"uv": [0, 0, 2, 0.5], "texture": "#2"},
				"west": {"uv": [0, 0, 2, 0.5], "texture": "#2"},
				"up": {"uv": [0, 0, 2, 2], "rotation": 90, "texture": "#2"},
				"down": {"uv": [0, 0, 2, 2], "rotation": 270, "texture": "#2"}
			}
		},
		{
			"from": [8.25, 16, -13.5],
			"to": [10.25, 16.5, -11.5],
			"rotation": {"angle": 0, "axis": "y", "origin": [9.5, 16, -14]},
			"faces": {
				"north": {"uv": [0, 0, 2, 0.5], "texture": "#2"},
				"east": {"uv": [0, 0, 2, 0.5], "texture": "#2"},
				"south": {"uv": [0, 0, 2, 0.5], "texture": "#2"},
				"west": {"uv": [0, 0, 2, 0.5], "texture": "#2"},
				"up": {"uv": [0, 0, 2, 2], "rotation": 90, "texture": "#2"},
				"down": {"uv": [0, 0, 2, 2], "rotation": 270, "texture": "#2"}
			}
		},
		{
			"from": [8.25, 16, -11.5],
			"to": [10.25, 16.5, -9.5],
			"rotation": {"angle": 0, "axis": "y", "origin": [9.5, 16, -12]},
			"faces": {
				"north": {"uv": [0, 0, 2, 0.5], "texture": "#2"},
				"east": {"uv": [0, 0, 2, 0.5], "texture": "#2"},
				"south": {"uv": [0, 0, 2, 0.5], "texture": "#2"},
				"west": {"uv": [0, 0, 2, 0.5], "texture": "#2"},
				"up": {"uv": [0, 0, 2, 2], "rotation": 90, "texture": "#2"},
				"down": {"uv": [0, 0, 2, 2], "rotation": 270, "texture": "#2"}
			}
		},
		{
			"from": [6.75, 16, -11],
			"to": [9.25, 16.5, -9],
			"rotation": {"angle": 0, "axis": "y", "origin": [7.5, 16, -11]},
			"faces": {
				"north": {"uv": [0, 0, 2.5, 0.5], "texture": "#2"},
				"east": {"uv": [0, 0, 2, 0.5], "texture": "#2"},
				"south": {"uv": [0, 0, 2.5, 0.5], "texture": "#2"},
				"west": {"uv": [0, 0, 2, 0.5], "texture": "#2"},
				"up": {"uv": [0, 0, 2, 2.5], "rotation": 90, "texture": "#2"},
				"down": {"uv": [0, 0, 2, 2.5], "rotation": 270, "texture": "#2"}
			}
		},
		{
			"from": [6.75, 16, -14],
			"to": [9.25, 16.5, -12],
			"rotation": {"angle": 0, "axis": "y", "origin": [7.5, 16, -14]},
			"faces": {
				"north": {"uv": [0, 0, 2.5, 0.5], "texture": "#2"},
				"east": {"uv": [0, 0, 2, 0.5], "texture": "#2"},
				"south": {"uv": [0, 0, 2.5, 0.5], "texture": "#2"},
				"west": {"uv": [0, 0, 2, 0.5], "texture": "#2"},
				"up": {"uv": [0, 0, 2, 2.5], "rotation": 90, "texture": "#2"},
				"down": {"uv": [0, 0, 2, 2.5], "rotation": 270, "texture": "#2"}
			}
		},
		{
			"from": [5.5, 16, -12.75],
			"to": [7.5, 16.5, -10.25],
			"rotation": {"angle": 0, "axis": "y", "origin": [5.5, 16, -12]},
			"faces": {
				"north": {"uv": [0, 0, 2, 0.5], "texture": "#2"},
				"east": {"uv": [0, 0, 2.5, 0.5], "texture": "#2"},
				"south": {"uv": [0, 0, 2, 0.5], "texture": "#2"},
				"west": {"uv": [0, 0, 2.5, 0.5], "texture": "#2"},
				"up": {"uv": [0, 0, 2, 2.5], "texture": "#2"},
				"down": {"uv": [0, 0, 2, 2.5], "texture": "#2"}
			}
		},
		{
			"from": [8.5, 16, -12.75],
			"to": [10.5, 16.5, -10.25],
			"rotation": {"angle": 0, "axis": "y", "origin": [8.5, 16, -12]},
			"faces": {
				"north": {"uv": [0, 0, 2, 0.5], "texture": "#2"},
				"east": {"uv": [0, 0, 2.5, 0.5], "texture": "#2"},
				"south": {"uv": [0, 0, 2, 0.5], "texture": "#2"},
				"west": {"uv": [0, 0, 2.5, 0.5], "texture": "#2"},
				"up": {"uv": [0, 0, 2, 2.5], "texture": "#2"},
				"down": {"uv": [0, 0, 2, 2.5], "texture": "#2"}
			}
		},
		{
			"from": [6.75, 17, -12.75],
			"to": [9.25, 17.5, -10.25],
			"rotation": {"angle": 0, "axis": "y", "origin": [7.2, 17, -13]},
			"faces": {
				"north": {"uv": [0, 0, 2.5, 0.5], "texture": "#2"},
				"east": {"uv": [0, 0, 2.5, 0.5], "texture": "#2"},
				"south": {"uv": [0, 0, 2.5, 0.5], "texture": "#2"},
				"west": {"uv": [0, 0, 2.5, 0.5], "texture": "#2"},
				"up": {"uv": [0, 0, 2.5, 2.5], "texture": "#2"},
				"down": {"uv": [0, 0, 2.5, 2.5], "texture": "#2"}
			}
		},
		{
			"from": [6.75, 10, -5],
			"to": [9.25, 11, -2.5],
			"rotation": {"angle": 0, "axis": "y", "origin": [7.2, 10, -7]},
			"faces": {
				"north": {"uv": [0, 0, 2.5, 1], "texture": "#0"},
				"east": {"uv": [0, 0, 2.5, 1], "texture": "#0"},
				"south": {"uv": [0, 0, 2.5, 1], "texture": "#0"},
				"west": {"uv": [0, 0, 2.5, 1], "texture": "#0"},
				"up": {"uv": [0, 0, 2.5, 2.5], "texture": "#0"},
				"down": {"uv": [0, 0, 2.5, 2.5], "texture": "#2"}
			}
		},
		{
			"from": [12, 3, -9.45],
			"to": [14, 5, -7.45],
			"rotation": {"angle": 0, "axis": "y", "origin": [11.2, 3, -13.9]},
			"faces": {
				"north": {"uv": [0, 0, 2, 2], "texture": "#7"},
				"east": {"uv": [0, 0, 2, 2], "texture": "#0"},
				"south": {"uv": [0, 0, 2, 2], "texture": "#0"},
				"west": {"uv": [0, 0, 2, 2], "texture": "#1"},
				"up": {"uv": [0, 0, 2, 2], "texture": "#2"},
				"down": {"uv": [0, 0, 2, 2], "texture": "#2"}
			}
		},
		{
			"from": [11.75, 4.51, -9.75],
			"to": [14.25, 5.01, -7.25],
			"rotation": {"angle": 0, "axis": "y", "origin": [12.2, 4.1, -10.2]},
			"faces": {
				"north": {"uv": [0, 0, 2.5, 0.5], "texture": "#0"},
				"east": {"uv": [0, 0, 2.5, 0.5], "texture": "#0"},
				"south": {"uv": [0, 0, 2.5, 0.5], "texture": "#0"},
				"west": {"uv": [0, 0, 2.5, 0.5], "texture": "#0"},
				"up": {"uv": [0, 0, 2.5, 2.5], "texture": "#0"},
				"down": {"uv": [0, 0, 2.5, 2.5], "texture": "#1"}
			}
		},
		{
			"from": [11.75, 2, -9.75],
			"to": [14.25, 3, -7.25],
			"rotation": {"angle": 0, "axis": "y", "origin": [12.2, 2, -10.2]},
			"faces": {
				"north": {"uv": [0, 0, 2.5, 1], "texture": "#0"},
				"east": {"uv": [0, 0, 2.5, 1], "texture": "#0"},
				"south": {"uv": [0, 0, 2.5, 1], "texture": "#0"},
				"west": {"uv": [0, 0, 2.5, 1], "texture": "#0"},
				"up": {"uv": [0, 0, 2.5, 2.5], "texture": "#0"},
				"down": {"uv": [0, 0, 2.5, 2.5], "texture": "#1"}
			}
		},
		{
			"from": [2, 3, -9.5],
			"to": [4, 5, -7.5],
			"rotation": {"angle": 0, "axis": "y", "origin": [1.2, 3, -14]},
			"faces": {
				"north": {"uv": [0, 0, 2, 2], "texture": "#7"},
				"east": {"uv": [0, 0, 2, 2], "texture": "#1"},
				"south": {"uv": [0, 0, 2, 2], "texture": "#0"},
				"west": {"uv": [0, 0, 2, 2], "texture": "#0"},
				"up": {"uv": [0, 0, 2, 2], "texture": "#2"},
				"down": {"uv": [0, 0, 2, 2], "texture": "#2"}
			}
		},
		{
			"from": [1.75, 2, -9.75],
			"to": [4.25, 3, -7.25],
			"rotation": {"angle": 0, "axis": "y", "origin": [2.2, 2, -10]},
			"faces": {
				"north": {"uv": [0, 0, 2.5, 1], "texture": "#0"},
				"east": {"uv": [0, 0, 2.5, 1], "texture": "#0"},
				"south": {"uv": [0, 0, 2.5, 1], "texture": "#0"},
				"west": {"uv": [0, 0, 2.5, 1], "texture": "#0"},
				"up": {"uv": [0, 0, 2.5, 2.5], "texture": "#0"},
				"down": {"uv": [0, 0, 2.5, 2.5], "texture": "#1"}
			}
		},
		{
			"from": [1.75, 4.51, -9.75],
			"to": [4.25, 5.01, -7.25],
			"rotation": {"angle": 0, "axis": "y", "origin": [2.2, 4.1, -10]},
			"faces": {
				"north": {"uv": [0, 0, 2.5, 0.5], "texture": "#1"},
				"east": {"uv": [0, 0, 2.5, 0.5], "texture": "#0"},
				"south": {"uv": [0, 0, 2.5, 0.5], "texture": "#0"},
				"west": {"uv": [0, 0, 2.5, 0.5], "texture": "#0"},
				"up": {"uv": [0, 0, 2.5, 2.5], "texture": "#0"},
				"down": {"uv": [0, 0, 2.5, 2.5], "texture": "#1"}
			}
		},
		{
			"from": [6.75, 10, -15.75],
			"to": [9.25, 11, -13.25],
			"rotation": {"angle": 0, "axis": "y", "origin": [7.2, 10, -16]},
			"faces": {
				"north": {"uv": [0, 0, 2.5, 1], "texture": "#0"},
				"east": {"uv": [0, 0, 2.5, 1], "texture": "#0"},
				"south": {"uv": [0, 0, 2.5, 1], "texture": "#0"},
				"west": {"uv": [0, 0, 2.5, 1], "texture": "#0"},
				"up": {"uv": [0, 0, 2.5, 2.5], "texture": "#0"},
				"down": {"uv": [0, 0, 2.5, 2.5], "texture": "#1"}
			}
		},
		{
			"from": [7, 11, -15.5],
			"to": [9, 13, -13.5],
			"rotation": {"angle": 0, "axis": "y", "origin": [6.2, 11, -20]},
			"faces": {
				"north": {"uv": [0, 0, 2, 2], "texture": "#7"},
				"east": {"uv": [0, 0, 2, 2], "texture": "#1"},
				"south": {"uv": [0, 0, 2, 2], "texture": "#7"},
				"west": {"uv": [0, 0, 2, 2], "texture": "#1"},
				"up": {"uv": [0, 0, 2, 2], "texture": "#2"},
				"down": {"uv": [0, 0, 2, 2], "texture": "#2"}
			}
		},
		{
			"from": [6.75, 12.51, -15.75],
			"to": [9.25, 13.01, -13.25],
			"rotation": {"angle": 0, "axis": "y", "origin": [7.2, 12.1, -16]},
			"faces": {
				"north": {"uv": [0, 0, 2.5, 0.5], "texture": "#1"},
				"east": {"uv": [0, 0, 2.5, 0.5], "texture": "#0"},
				"south": {"uv": [0, 0, 2.5, 0.5], "texture": "#0"},
				"west": {"uv": [0, 0, 2.5, 0.5], "texture": "#0"},
				"up": {"uv": [0, 0, 2.5, 2.5], "texture": "#0"},
				"down": {"uv": [0, 0, 2.5, 2.5], "texture": "#1"}
			}
		},
		{
			"from": [7, 13, -15.5],
			"to": [9, 13.25, -13.5],
			"rotation": {"angle": 0, "axis": "y", "origin": [6.5, 13.1, -16]},
			"faces": {
				"north": {"uv": [0, 0, 2, 0.25], "texture": "#1"},
				"east": {"uv": [0, 0, 2, 0.25], "texture": "#0"},
				"south": {"uv": [0, 0, 2, 0.25], "texture": "#0"},
				"west": {"uv": [0, 0, 2, 0.25], "texture": "#0"},
				"up": {"uv": [0, 0, 2, 2], "texture": "#0"},
				"down": {"uv": [0, 0, 2, 2], "texture": "#1"}
			}
		},
		{
			"from": [7.5, 13.25, -15],
			"to": [8.4, 13.5, -14],
			"rotation": {"angle": 0, "axis": "y", "origin": [7, 13.1, -15.5]},
			"faces": {
				"north": {"uv": [0, 0, 0.9, 0.25], "texture": "#1"},
				"east": {"uv": [0, 0, 1, 0.25], "texture": "#0"},
				"south": {"uv": [0, 0, 0.9, 0.25], "texture": "#0"},
				"west": {"uv": [0, 0, 1, 0.25], "texture": "#0"},
				"up": {"uv": [0, 0, 0.9, 1], "texture": "#0"},
				"down": {"uv": [0, 0, 0.9, 1], "texture": "#1"}
			}
		},
		{
			"from": [6.75, 12.51, -5],
			"to": [9.25, 13.01, -2.5],
			"rotation": {"angle": 0, "axis": "y", "origin": [7.2, 12.1, -7]},
			"faces": {
				"north": {"uv": [0, 0, 2.5, 0.5], "texture": "#0"},
				"east": {"uv": [0, 0, 2.5, 0.5], "texture": "#0"},
				"south": {"uv": [0, 0, 2.5, 0.5], "texture": "#0"},
				"west": {"uv": [0, 0, 2.5, 0.5], "texture": "#0"},
				"up": {"uv": [0, 0, 2.5, 2.5], "texture": "#0"},
				"down": {"uv": [0, 0, 2.5, 2.5], "texture": "#2"}
			}
		},
		{
			"from": [7, 11, -4.75],
			"to": [9, 13, -2.75],
			"rotation": {"angle": 0, "axis": "y", "origin": [6.2, 11, -10]},
			"faces": {
				"north": {"uv": [0, 0, 2, 2], "texture": "#7"},
				"east": {"uv": [0, 0, 2, 2], "texture": "#7"},
				"south": {"uv": [0, 0, 2, 2], "texture": "#7"},
				"west": {"uv": [0, 0, 2, 2], "texture": "#7"},
				"up": {"uv": [0, 0, 2, 2], "texture": "#2"},
				"down": {"uv": [0, 0, 2, 2], "texture": "#2"}
			}
		},
		{
			"from": [9, 9, -12.25],
			"to": [10, 17, -10.75],
			"rotation": {"angle": 0, "axis": "y", "origin": [9, 9, -11.5]},
			"faces": {
				"north": {"uv": [0, 0, 1, 8], "texture": "#2"},
				"east": {"uv": [0, 0, 1.5, 8], "texture": "#2"},
				"south": {"uv": [0, 0, 1, 8], "texture": "#2"},
				"west": {"uv": [0, 0, 1.5, 8], "texture": "#2"},
				"up": {"uv": [0, 0, 1, 1.5], "texture": "#2"},
				"down": {"uv": [0, 0, 1, 1.5], "texture": "#2"}
			}
		},
		{
			"from": [6, 9, -12.25],
			"to": [7, 17, -10.75],
			"rotation": {"angle": 0, "axis": "y", "origin": [6, 9, -11.5]},
			"faces": {
				"north": {"uv": [0, 0, 1, 8], "texture": "#2"},
				"east": {"uv": [0, 0, 1.5, 8], "texture": "#2"},
				"south": {"uv": [0, 0, 1, 8], "texture": "#2"},
				"west": {"uv": [0, 0, 1.5, 8], "texture": "#2"},
				"up": {"uv": [0, 0, 1, 1.5], "texture": "#2"},
				"down": {"uv": [0, 0, 1, 1.5], "texture": "#2"}
			}
		},
		{
			"from": [7.25, 9, -13.5],
			"to": [8.75, 17, -12.5],
			"rotation": {"angle": 0, "axis": "y", "origin": [8, 9, -13.5]},
			"faces": {
				"north": {"uv": [0, 0, 1.5, 8], "texture": "#2"},
				"east": {"uv": [0, 0, 1, 8], "texture": "#2"},
				"south": {"uv": [0, 0, 1.5, 8], "texture": "#2"},
				"west": {"uv": [0, 0, 1, 8], "texture": "#2"},
				"up": {"uv": [0, 0, 1, 1.5], "rotation": 90, "texture": "#2"},
				"down": {"uv": [0, 0, 1, 1.5], "rotation": 270, "texture": "#2"}
			}
		},
		{
			"from": [7.25, 9, -10.5],
			"to": [8.75, 17, -9.5],
			"rotation": {"angle": 0, "axis": "y", "origin": [8, 9, -10.5]},
			"faces": {
				"north": {"uv": [0, 0, 1.5, 8], "texture": "#2"},
				"east": {"uv": [0, 0, 1, 8], "texture": "#2"},
				"south": {"uv": [0, 0, 1.5, 8], "texture": "#2"},
				"west": {"uv": [0, 0, 1, 8], "texture": "#2"},
				"up": {"uv": [0, 0, 1, 1.5], "rotation": 90, "texture": "#2"},
				"down": {"uv": [0, 0, 1, 1.5], "rotation": 270, "texture": "#2"}
			}
		},
		{
			"from": [8.75, 9, -11],
			"to": [9.75, 17, -10],
			"rotation": {"angle": 0, "axis": "y", "origin": [10, 9, -11.5]},
			"faces": {
				"north": {"uv": [0, 0, 1, 8], "texture": "#2"},
				"east": {"uv": [0, 0, 1, 8], "texture": "#2"},
				"south": {"uv": [0, 0, 1, 8], "texture": "#2"},
				"west": {"uv": [0, 0, 1, 8], "texture": "#2"},
				"up": {"uv": [0, 0, 1, 1], "rotation": 90, "texture": "#2"},
				"down": {"uv": [0, 0, 1, 1], "rotation": 270, "texture": "#2"}
			}
		},
		{
			"from": [8.75, 9, -13],
			"to": [9.75, 17, -12],
			"rotation": {"angle": 0, "axis": "y", "origin": [10, 9, -13.5]},
			"faces": {
				"north": {"uv": [0, 0, 1, 8], "texture": "#2"},
				"east": {"uv": [0, 0, 1, 8], "texture": "#2"},
				"south": {"uv": [0, 0, 1, 8], "texture": "#2"},
				"west": {"uv": [0, 0, 1, 8], "texture": "#2"},
				"up": {"uv": [0, 0, 1, 1], "rotation": 90, "texture": "#2"},
				"down": {"uv": [0, 0, 1, 1], "rotation": 270, "texture": "#2"}
			}
		},
		{
			"from": [6.5, 9, -13],
			"to": [7.5, 17, -12],
			"rotation": {"angle": 0, "axis": "y", "origin": [8, 9, -13.5]},
			"faces": {
				"north": {"uv": [0, 0, 1, 8], "texture": "#2"},
				"east": {"uv": [0, 0, 1, 8], "texture": "#2"},
				"south": {"uv": [0, 0, 1, 8], "texture": "#2"},
				"west": {"uv": [0, 0, 1, 8], "texture": "#2"},
				"up": {"uv": [0, 0, 1, 1], "rotation": 90, "texture": "#2"},
				"down": {"uv": [0, 0, 1, 1], "rotation": 270, "texture": "#2"}
			}
		},
		{
			"from": [6.5, 9, -11],
			"to": [7.5, 17, -10],
			"rotation": {"angle": 0, "axis": "y", "origin": [8, 9, -11.5]},
			"faces": {
				"north": {"uv": [0, 0, 1, 8], "texture": "#2"},
				"east": {"uv": [0, 0, 1, 8], "texture": "#2"},
				"south": {"uv": [0, 0, 1, 8], "texture": "#2"},
				"west": {"uv": [0, 0, 1, 8], "texture": "#2"},
				"up": {"uv": [0, 0, 1, 1], "rotation": 90, "texture": "#2"},
				"down": {"uv": [0, 0, 1, 1], "rotation": 270, "texture": "#2"}
			}
		},
		{
			"from": [3.9, 7, -3.75],
			"to": [12, 10.1, -3.25],
			"rotation": {"angle": 0, "axis": "y", "origin": [5, 7, -3]},
			"faces": {
				"north": {"uv": [0, 0, 8.1, 3.1], "texture": "#6"},
				"east": {"uv": [0, 0, 0.5, 3.1], "texture": "#6"},
				"south": {"uv": [0, 0, 8.1, 3.1], "texture": "#6"},
				"west": {"uv": [0, 0, 0.5, 3.1], "texture": "#6"},
				"up": {"uv": [0, 0, 8.1, 0.5], "texture": "#6"},
				"down": {"uv": [0, 0, 8.1, 0.5], "texture": "#6"}
			}
		},
		{
			"from": [3, 6, -3.75],
			"to": [13, 9.4, -3.25],
			"rotation": {"angle": 0, "axis": "y", "origin": [3, 6, -3]},
			"faces": {
				"north": {"uv": [0, 0, 10, 3.4], "texture": "#6"},
				"east": {"uv": [0, 0, 0.5, 3.4], "texture": "#6"},
				"south": {"uv": [0, 0, 10, 3.4], "texture": "#6"},
				"west": {"uv": [0, 0, 0.5, 3.4], "texture": "#6"},
				"up": {"uv": [0, 0, 10, 0.5], "texture": "#6"},
				"down": {"uv": [0, 0, 10, 0.5], "texture": "#6"}
			}
		},
		{
			"from": [4, 0, -6],
			"to": [4.5, 0.5, -4],
			"rotation": {"angle": 0, "axis": "y", "origin": [4, 0, -6]},
			"faces": {
				"north": {"uv": [0, 0, 0.5, 0.5], "texture": "#0"},
				"east": {"uv": [0, 0, 2, 0.5], "texture": "#0"},
				"south": {"uv": [0, 0, 0.5, 0.5], "texture": "#0"},
				"west": {"uv": [0, 0, 2, 0.5], "texture": "#0"},
				"up": {"uv": [0, 0, 0.5, 2], "texture": "#0"},
				"down": {"uv": [0, 0, 0.5, 2], "texture": "#0"}
			}
		},
		{
			"from": [12, 1, -6.75],
			"to": [12.5, 2, -6.25],
			"rotation": {"angle": 0, "axis": "y", "origin": [12, 1, -7]},
			"faces": {
				"north": {"uv": [0, 0, 0.5, 1], "texture": "#0"},
				"east": {"uv": [0, 0, 0.5, 1], "texture": "#0"},
				"south": {"uv": [0, 0, 0.5, 1], "texture": "#0"},
				"west": {"uv": [0, 0, 0.5, 1], "texture": "#0"},
				"up": {"uv": [0, 0, 0.5, 0.5], "texture": "#0"},
				"down": {"uv": [0, 0, 0.5, 0.5], "texture": "#0"}
			}
		},
		{
			"from": [12, 1.35, -6.25],
			"to": [12.5, 1.6, -3.75],
			"rotation": {"angle": 0, "axis": "y", "origin": [12, 1.6, -4.9]},
			"faces": {
				"north": {"uv": [0, 0, 0.5, 0.25], "rotation": 180, "texture": "#0"},
				"east": {"uv": [0, 0, 0.25, 2.5], "rotation": 90, "texture": "#0"},
				"south": {"uv": [0, 0, 0.5, 0.25], "texture": "#0"},
				"west": {"uv": [0, 0, 0.25, 2.5], "rotation": 270, "texture": "#0"},
				"up": {"uv": [0, 0, 0.5, 2.5], "texture": "#0"},
				"down": {"uv": [0, 0, 0.5, 2.5], "rotation": 180, "texture": "#0"}
			}
		},
		{
			"from": [12, 0.5, -5.15],
			"to": [12.5, 3, -4.9],
			"rotation": {"angle": 0, "axis": "y", "origin": [12, 1, -4.9]},
			"faces": {
				"north": {"uv": [0, 0, 0.5, 2.5], "texture": "#0"},
				"east": {"uv": [0, 0, 0.25, 2.5], "texture": "#0"},
				"south": {"uv": [0, 0, 0.5, 2.5], "texture": "#0"},
				"west": {"uv": [0, 0, 0.25, 2.5], "texture": "#0"},
				"up": {"uv": [0, 0, 0.5, 0.25], "texture": "#0"},
				"down": {"uv": [0, 0, 0.5, 0.25], "texture": "#0"}
			}
		},
		{
			"from": [12, 1, -3.75],
			"to": [12.5, 2, -3.25],
			"rotation": {"angle": 0, "axis": "y", "origin": [12, 1, -4]},
			"faces": {
				"north": {"uv": [0, 0, 0.5, 1], "texture": "#0"},
				"east": {"uv": [0, 0, 0.5, 1], "texture": "#0"},
				"south": {"uv": [0, 0, 0.5, 1], "texture": "#0"},
				"west": {"uv": [0, 0, 0.5, 1], "texture": "#0"},
				"up": {"uv": [0, 0, 0.5, 0.5], "texture": "#0"},
				"down": {"uv": [0, 0, 0.5, 0.5], "texture": "#0"}
			}
		},
		{
			"from": [12, 2.5, -6],
			"to": [12.5, 3, -4],
			"rotation": {"angle": 0, "axis": "y", "origin": [12, 3, -6]},
			"faces": {
				"north": {"uv": [0, 0, 0.5, 0.5], "texture": "#0"},
				"east": {"uv": [0, 0, 2, 0.5], "texture": "#0"},
				"south": {"uv": [0, 0, 0.5, 0.5], "texture": "#0"},
				"west": {"uv": [0, 0, 2, 0.5], "texture": "#0"},
				"up": {"uv": [0, 0, 0.5, 2], "texture": "#0"},
				"down": {"uv": [0, 0, 0.5, 2], "texture": "#0"}
			}
		},
		{
			"from": [4, 1, 8.5],
			"to": [4.5, 1.5, 9.5],
			"rotation": {"angle": 0, "axis": "y", "origin": [4, 1.5, 9]},
			"faces": {
				"north": {"uv": [0, 0, 0.5, 0.5], "texture": "#0"},
				"east": {"uv": [0, 0, 1, 0.5], "texture": "#0"},
				"south": {"uv": [0, 0, 0.5, 0.5], "texture": "#0"},
				"west": {"uv": [0, 0, 1, 0.5], "texture": "#0"},
				"up": {"uv": [0, 0, 0.5, 1], "texture": "#0"},
				"down": {"uv": [0, 0, 0.5, 1], "texture": "#0"}
			}
		},
		{
			"from": [4, 1.5, 9.25],
			"to": [4.5, 2.5, 9.75],
			"rotation": {"angle": 0, "axis": "y", "origin": [4, 1.5, 9]},
			"faces": {
				"north": {"uv": [0, 0, 0.5, 1], "texture": "#0"},
				"east": {"uv": [0, 0, 0.5, 1], "texture": "#0"},
				"south": {"uv": [0, 0, 0.5, 1], "texture": "#0"},
				"west": {"uv": [0, 0, 0.5, 1], "texture": "#0"},
				"up": {"uv": [0, 0, 0.5, 0.5], "texture": "#0"},
				"down": {"uv": [0, 0, 0.5, 0.5], "texture": "#0"}
			}
		},
		{
			"from": [4, 2.5, 8.5],
			"to": [4.5, 3, 9.5],
			"rotation": {"angle": 0, "axis": "y", "origin": [4, 2.5, 9]},
			"faces": {
				"north": {"uv": [0, 0, 0.5, 0.5], "texture": "#0"},
				"east": {"uv": [0, 0, 1, 0.5], "texture": "#0"},
				"south": {"uv": [0, 0, 0.5, 0.5], "texture": "#0"},
				"west": {"uv": [0, 0, 1, 0.5], "texture": "#0"},
				"up": {"uv": [0, 0, 0.5, 1], "texture": "#0"},
				"down": {"uv": [0, 0, 0.5, 1], "texture": "#0"}
			}
		},
		{
			"from": [4, 1, 7.85],
			"to": [4.5, 3.5, 8.1],
			"rotation": {"angle": 0, "axis": "y", "origin": [4, 1.5, 8.1]},
			"faces": {
				"north": {"uv": [0, 0, 0.5, 2.5], "texture": "#0"},
				"east": {"uv": [0, 0, 0.25, 2.5], "texture": "#0"},
				"south": {"uv": [0, 0, 0.5, 2.5], "texture": "#0"},
				"west": {"uv": [0, 0, 0.25, 2.5], "texture": "#0"},
				"up": {"uv": [0, 0, 0.5, 0.25], "texture": "#0"},
				"down": {"uv": [0, 0, 0.5, 0.25], "texture": "#0"}
			}
		},
		{
			"from": [4, 1, 6.5],
			"to": [4.5, 1.5, 7.5],
			"rotation": {"angle": 0, "axis": "y", "origin": [4, 1.5, 7]},
			"faces": {
				"north": {"uv": [0, 0, 0.5, 0.5], "texture": "#0"},
				"east": {"uv": [0, 0, 1, 0.5], "texture": "#0"},
				"south": {"uv": [0, 0, 0.5, 0.5], "texture": "#0"},
				"west": {"uv": [0, 0, 1, 0.5], "texture": "#0"},
				"up": {"uv": [0, 0, 0.5, 1], "texture": "#0"},
				"down": {"uv": [0, 0, 0.5, 1], "texture": "#0"}
			}
		},
		{
			"from": [4, 0.5, 7],
			"to": [4.5, 1, 9],
			"rotation": {"angle": 0, "axis": "y", "origin": [4, 0.5, 7]},
			"faces": {
				"north": {"uv": [0, 0, 0.5, 0.5], "texture": "#0"},
				"east": {"uv": [0, 0, 2, 0.5], "texture": "#0"},
				"south": {"uv": [0, 0, 0.5, 0.5], "texture": "#0"},
				"west": {"uv": [0, 0, 2, 0.5], "texture": "#0"},
				"up": {"uv": [0, 0, 0.5, 2], "texture": "#0"},
				"down": {"uv": [0, 0, 0.5, 2], "texture": "#0"}
			}
		},
		{
			"from": [4, 1.85, 6.75],
			"to": [4.5, 2.1, 9.25],
			"rotation": {"angle": 0, "axis": "y", "origin": [4, 2.1, 8.1]},
			"faces": {
				"north": {"uv": [0, 0, 0.5, 0.25], "rotation": 180, "texture": "#0"},
				"east": {"uv": [0, 0, 0.25, 2.5], "rotation": 90, "texture": "#0"},
				"south": {"uv": [0, 0, 0.5, 0.25], "texture": "#0"},
				"west": {"uv": [0, 0, 0.25, 2.5], "rotation": 270, "texture": "#0"},
				"up": {"uv": [0, 0, 0.5, 2.5], "texture": "#0"},
				"down": {"uv": [0, 0, 0.5, 2.5], "rotation": 180, "texture": "#0"}
			}
		},
		{
			"from": [4, 1.5, 6.25],
			"to": [4.5, 2.5, 6.75],
			"rotation": {"angle": 0, "axis": "y", "origin": [4, 1.5, 6]},
			"faces": {
				"north": {"uv": [0, 0, 0.5, 1], "texture": "#0"},
				"east": {"uv": [0, 0, 0.5, 1], "texture": "#0"},
				"south": {"uv": [0, 0, 0.5, 1], "texture": "#0"},
				"west": {"uv": [0, 0, 0.5, 1], "texture": "#0"},
				"up": {"uv": [0, 0, 0.5, 0.5], "texture": "#0"},
				"down": {"uv": [0, 0, 0.5, 0.5], "texture": "#0"}
			}
		},
		{
			"from": [4, 2.5, 6.5],
			"to": [4.5, 3, 7.5],
			"rotation": {"angle": 0, "axis": "y", "origin": [4, 1.5, 7]},
			"faces": {
				"north": {"uv": [0, 0, 0.5, 0.5], "texture": "#0"},
				"east": {"uv": [0, 0, 1, 0.5], "texture": "#0"},
				"south": {"uv": [0, 0, 0.5, 0.5], "texture": "#0"},
				"west": {"uv": [0, 0, 1, 0.5], "texture": "#0"},
				"up": {"uv": [0, 0, 0.5, 1], "texture": "#0"},
				"down": {"uv": [0, 0, 0.5, 1], "texture": "#0"}
			}
		},
		{
			"from": [4, 3, 7],
			"to": [4.5, 3.5, 9],
			"rotation": {"angle": 0, "axis": "y", "origin": [4, 3.5, 7]},
			"faces": {
				"north": {"uv": [0, 0, 0.5, 0.5], "texture": "#0"},
				"east": {"uv": [0, 0, 2, 0.5], "texture": "#0"},
				"south": {"uv": [0, 0, 0.5, 0.5], "texture": "#0"},
				"west": {"uv": [0, 0, 2, 0.5], "texture": "#0"},
				"up": {"uv": [0, 0, 0.5, 2], "texture": "#0"},
				"down": {"uv": [0, 0, 0.5, 2], "texture": "#0"}
			}
		},
		{
			"from": [12, 1.5, 6.25],
			"to": [12.5, 2.5, 6.75],
			"rotation": {"angle": 0, "axis": "y", "origin": [12, 1.5, 6]},
			"faces": {
				"north": {"uv": [0, 0, 0.5, 1], "texture": "#0"},
				"east": {"uv": [0, 0, 0.5, 1], "texture": "#0"},
				"south": {"uv": [0, 0, 0.5, 1], "texture": "#0"},
				"west": {"uv": [0, 0, 0.5, 1], "texture": "#0"},
				"up": {"uv": [0, 0, 0.5, 0.5], "texture": "#0"},
				"down": {"uv": [0, 0, 0.5, 0.5], "texture": "#0"}
			}
		},
		{
			"from": [12, 1, 6.5],
			"to": [12.5, 1.5, 7.5],
			"rotation": {"angle": 0, "axis": "y", "origin": [12, 1.5, 7]},
			"faces": {
				"north": {"uv": [0, 0, 0.5, 0.5], "texture": "#0"},
				"east": {"uv": [0, 0, 1, 0.5], "texture": "#0"},
				"south": {"uv": [0, 0, 0.5, 0.5], "texture": "#0"},
				"west": {"uv": [0, 0, 1, 0.5], "texture": "#0"},
				"up": {"uv": [0, 0, 0.5, 1], "texture": "#0"},
				"down": {"uv": [0, 0, 0.5, 1], "texture": "#0"}
			}
		},
		{
			"from": [12, 2.5, 6.5],
			"to": [12.5, 3, 7.5],
			"rotation": {"angle": 0, "axis": "y", "origin": [12, 1.5, 7]},
			"faces": {
				"north": {"uv": [0, 0, 0.5, 0.5], "texture": "#0"},
				"east": {"uv": [0, 0, 1, 0.5], "texture": "#0"},
				"south": {"uv": [0, 0, 0.5, 0.5], "texture": "#0"},
				"west": {"uv": [0, 0, 1, 0.5], "texture": "#0"},
				"up": {"uv": [0, 0, 0.5, 1], "texture": "#0"},
				"down": {"uv": [0, 0, 0.5, 1], "texture": "#0"}
			}
		},
		{
			"from": [12, 1.85, 6.75],
			"to": [12.5, 2.1, 9.25],
			"rotation": {"angle": 0, "axis": "y", "origin": [12, 2.1, 8.1]},
			"faces": {
				"north": {"uv": [0, 0, 0.5, 0.25], "rotation": 180, "texture": "#0"},
				"east": {"uv": [0, 0, 0.25, 2.5], "rotation": 90, "texture": "#0"},
				"south": {"uv": [0, 0, 0.5, 0.25], "texture": "#0"},
				"west": {"uv": [0, 0, 0.25, 2.5], "rotation": 270, "texture": "#0"},
				"up": {"uv": [0, 0, 0.5, 2.5], "texture": "#0"},
				"down": {"uv": [0, 0, 0.5, 2.5], "rotation": 180, "texture": "#0"}
			}
		},
		{
			"from": [12, 1, 7.85],
			"to": [12.5, 3.5, 8.1],
			"rotation": {"angle": 0, "axis": "y", "origin": [12, 1.5, 8.1]},
			"faces": {
				"north": {"uv": [0, 0, 0.5, 2.5], "texture": "#0"},
				"east": {"uv": [0, 0, 0.25, 2.5], "texture": "#0"},
				"south": {"uv": [0, 0, 0.5, 2.5], "texture": "#0"},
				"west": {"uv": [0, 0, 0.25, 2.5], "texture": "#0"},
				"up": {"uv": [0, 0, 0.5, 0.25], "texture": "#0"},
				"down": {"uv": [0, 0, 0.5, 0.25], "texture": "#0"}
			}
		},
		{
			"from": [12, 0.5, 7],
			"to": [12.5, 1, 9],
			"rotation": {"angle": 0, "axis": "y", "origin": [12, 0.5, 7]},
			"faces": {
				"north": {"uv": [0, 0, 0.5, 0.5], "texture": "#0"},
				"east": {"uv": [0, 0, 2, 0.5], "texture": "#0"},
				"south": {"uv": [0, 0, 0.5, 0.5], "texture": "#0"},
				"west": {"uv": [0, 0, 2, 0.5], "texture": "#0"},
				"up": {"uv": [0, 0, 0.5, 2], "texture": "#0"},
				"down": {"uv": [0, 0, 0.5, 2], "texture": "#0"}
			}
		},
		{
			"from": [12, 1, 8.5],
			"to": [12.5, 1.5, 9.5],
			"rotation": {"angle": 0, "axis": "y", "origin": [12, 1.5, 9]},
			"faces": {
				"north": {"uv": [0, 0, 0.5, 0.5], "texture": "#0"},
				"east": {"uv": [0, 0, 1, 0.5], "texture": "#0"},
				"south": {"uv": [0, 0, 0.5, 0.5], "texture": "#0"},
				"west": {"uv": [0, 0, 1, 0.5], "texture": "#0"},
				"up": {"uv": [0, 0, 0.5, 1], "texture": "#0"},
				"down": {"uv": [0, 0, 0.5, 1], "texture": "#0"}
			}
		},
		{
			"from": [12, 1.5, 9.25],
			"to": [12.5, 2.5, 9.75],
			"rotation": {"angle": 0, "axis": "y", "origin": [12, 1.5, 9]},
			"faces": {
				"north": {"uv": [0, 0, 0.5, 1], "texture": "#0"},
				"east": {"uv": [0, 0, 0.5, 1], "texture": "#0"},
				"south": {"uv": [0, 0, 0.5, 1], "texture": "#0"},
				"west": {"uv": [0, 0, 0.5, 1], "texture": "#0"},
				"up": {"uv": [0, 0, 0.5, 0.5], "texture": "#0"},
				"down": {"uv": [0, 0, 0.5, 0.5], "texture": "#0"}
			}
		},
		{
			"from": [12, 2.5, 8.5],
			"to": [12.5, 3, 9.5],
			"rotation": {"angle": 0, "axis": "y", "origin": [12, 2.5, 9]},
			"faces": {
				"north": {"uv": [0, 0, 0.5, 0.5], "texture": "#0"},
				"east": {"uv": [0, 0, 1, 0.5], "texture": "#0"},
				"south": {"uv": [0, 0, 0.5, 0.5], "texture": "#0"},
				"west": {"uv": [0, 0, 1, 0.5], "texture": "#0"},
				"up": {"uv": [0, 0, 0.5, 1], "texture": "#0"},
				"down": {"uv": [0, 0, 0.5, 1], "texture": "#0"}
			}
		},
		{
			"from": [12, 3, 7],
			"to": [12.5, 3.5, 9],
			"rotation": {"angle": 0, "axis": "y", "origin": [12, 3.5, 7]},
			"faces": {
				"north": {"uv": [0, 0, 0.5, 0.5], "texture": "#0"},
				"east": {"uv": [0, 0, 2, 0.5], "texture": "#0"},
				"south": {"uv": [0, 0, 0.5, 0.5], "texture": "#0"},
				"west": {"uv": [0, 0, 2, 0.5], "texture": "#0"},
				"up": {"uv": [0, 0, 0.5, 2], "texture": "#0"},
				"down": {"uv": [0, 0, 0.5, 2], "texture": "#0"}
			}
		},
		{
			"from": [12, 2, -6.5],
			"to": [12.5, 2.5, -5.5],
			"rotation": {"angle": 0, "axis": "y", "origin": [12, 1, -6]},
			"faces": {
				"north": {"uv": [0, 0, 0.5, 0.5], "texture": "#0"},
				"east": {"uv": [0, 0, 1, 0.5], "texture": "#0"},
				"south": {"uv": [0, 0, 0.5, 0.5], "texture": "#0"},
				"west": {"uv": [0, 0, 1, 0.5], "texture": "#0"},
				"up": {"uv": [0, 0, 0.5, 1], "texture": "#0"},
				"down": {"uv": [0, 0, 0.5, 1], "texture": "#0"}
			}
		},
		{
			"from": [12, 2, -4.5],
			"to": [12.5, 2.5, -3.5],
			"rotation": {"angle": 0, "axis": "y", "origin": [12, 2, -4]},
			"faces": {
				"north": {"uv": [0, 0, 0.5, 0.5], "texture": "#0"},
				"east": {"uv": [0, 0, 1, 0.5], "texture": "#0"},
				"south": {"uv": [0, 0, 0.5, 0.5], "texture": "#0"},
				"west": {"uv": [0, 0, 1, 0.5], "texture": "#0"},
				"up": {"uv": [0, 0, 0.5, 1], "texture": "#0"},
				"down": {"uv": [0, 0, 0.5, 1], "texture": "#0"}
			}
		},
		{
			"from": [12, 0.5, -4.5],
			"to": [12.5, 1, -3.5],
			"rotation": {"angle": 0, "axis": "y", "origin": [12, 1, -4]},
			"faces": {
				"north": {"uv": [0, 0, 0.5, 0.5], "texture": "#0"},
				"east": {"uv": [0, 0, 1, 0.5], "texture": "#0"},
				"south": {"uv": [0, 0, 0.5, 0.5], "texture": "#0"},
				"west": {"uv": [0, 0, 1, 0.5], "texture": "#0"},
				"up": {"uv": [0, 0, 0.5, 1], "texture": "#0"},
				"down": {"uv": [0, 0, 0.5, 1], "texture": "#0"}
			}
		},
		{
			"from": [12, 0.5, -6.5],
			"to": [12.5, 1, -5.5],
			"rotation": {"angle": 0, "axis": "y", "origin": [12, 1, -6]},
			"faces": {
				"north": {"uv": [0, 0, 0.5, 0.5], "texture": "#0"},
				"east": {"uv": [0, 0, 1, 0.5], "texture": "#0"},
				"south": {"uv": [0, 0, 0.5, 0.5], "texture": "#0"},
				"west": {"uv": [0, 0, 1, 0.5], "texture": "#0"},
				"up": {"uv": [0, 0, 0.5, 1], "texture": "#0"},
				"down": {"uv": [0, 0, 0.5, 1], "texture": "#0"}
			}
		},
		{
			"from": [12, 0, -6],
			"to": [12.5, 0.5, -4],
			"rotation": {"angle": 0, "axis": "y", "origin": [12, 0, -6]},
			"faces": {
				"north": {"uv": [0, 0, 0.5, 0.5], "texture": "#0"},
				"east": {"uv": [0, 0, 2, 0.5], "texture": "#0"},
				"south": {"uv": [0, 0, 0.5, 0.5], "texture": "#0"},
				"west": {"uv": [0, 0, 2, 0.5], "texture": "#0"},
				"up": {"uv": [0, 0, 0.5, 2], "texture": "#0"},
				"down": {"uv": [0, 0, 0.5, 2], "texture": "#0"}
			}
		},
		{
			"from": [4, 2.5, -6],
			"to": [4.5, 3, -4],
			"rotation": {"angle": 0, "axis": "y", "origin": [4, 3, -6]},
			"faces": {
				"north": {"uv": [0, 0, 0.5, 0.5], "texture": "#0"},
				"east": {"uv": [0, 0, 2, 0.5], "texture": "#0"},
				"south": {"uv": [0, 0, 0.5, 0.5], "texture": "#0"},
				"west": {"uv": [0, 0, 2, 0.5], "texture": "#0"},
				"up": {"uv": [0, 0, 0.5, 2], "texture": "#0"},
				"down": {"uv": [0, 0, 0.5, 2], "texture": "#0"}
			}
		},
		{
			"from": [4, 0.5, -5.15],
			"to": [4.5, 3, -4.9],
			"rotation": {"angle": 0, "axis": "y", "origin": [4, 1, -4.9]},
			"faces": {
				"north": {"uv": [0, 0, 0.5, 2.5], "texture": "#0"},
				"east": {"uv": [0, 0, 0.25, 2.5], "texture": "#0"},
				"south": {"uv": [0, 0, 0.5, 2.5], "texture": "#0"},
				"west": {"uv": [0, 0, 0.25, 2.5], "texture": "#0"},
				"up": {"uv": [0, 0, 0.5, 0.25], "texture": "#0"},
				"down": {"uv": [0, 0, 0.5, 0.25], "texture": "#0"}
			}
		},
		{
			"from": [4, 1.35, -6.25],
			"to": [4.5, 1.6, -3.75],
			"rotation": {"angle": 0, "axis": "x", "origin": [4, 1.6, -4.9]},
			"faces": {
				"north": {"uv": [0, 0, 0.5, 0.25], "rotation": 180, "texture": "#0"},
				"east": {"uv": [0, 0, 0.25, 2.5], "rotation": 90, "texture": "#0"},
				"south": {"uv": [0, 0, 0.5, 0.25], "texture": "#0"},
				"west": {"uv": [0, 0, 0.25, 2.5], "rotation": 270, "texture": "#0"},
				"up": {"uv": [0, 0, 0.5, 2.5], "texture": "#0"},
				"down": {"uv": [0, 0, 0.5, 2.5], "rotation": 180, "texture": "#0"}
			}
		},
		{
			"from": [4, 0.5, -4.5],
			"to": [4.5, 1, -3.5],
			"rotation": {"angle": 0, "axis": "y", "origin": [4, 1, -4]},
			"faces": {
				"north": {"uv": [0, 0, 0.5, 0.5], "texture": "#0"},
				"east": {"uv": [0, 0, 1, 0.5], "texture": "#0"},
				"south": {"uv": [0, 0, 0.5, 0.5], "texture": "#0"},
				"west": {"uv": [0, 0, 1, 0.5], "texture": "#0"},
				"up": {"uv": [0, 0, 0.5, 1], "texture": "#0"},
				"down": {"uv": [0, 0, 0.5, 1], "texture": "#0"}
			}
		},
		{
			"from": [4, 1, -3.75],
			"to": [4.5, 2, -3.25],
			"rotation": {"angle": 0, "axis": "y", "origin": [4, 1, -4]},
			"faces": {
				"north": {"uv": [0, 0, 0.5, 1], "texture": "#0"},
				"east": {"uv": [0, 0, 0.5, 1], "texture": "#0"},
				"south": {"uv": [0, 0, 0.5, 1], "texture": "#0"},
				"west": {"uv": [0, 0, 0.5, 1], "texture": "#0"},
				"up": {"uv": [0, 0, 0.5, 0.5], "texture": "#0"},
				"down": {"uv": [0, 0, 0.5, 0.5], "texture": "#0"}
			}
		},
		{
			"from": [4, 1, -6.75],
			"to": [4.5, 2, -6.25],
			"rotation": {"angle": 0, "axis": "y", "origin": [4, 1, -7]},
			"faces": {
				"north": {"uv": [0, 0, 0.5, 1], "texture": "#0"},
				"east": {"uv": [0, 0, 0.5, 1], "texture": "#0"},
				"south": {"uv": [0, 0, 0.5, 1], "texture": "#0"},
				"west": {"uv": [0, 0, 0.5, 1], "texture": "#0"},
				"up": {"uv": [0, 0, 0.5, 0.5], "texture": "#0"},
				"down": {"uv": [0, 0, 0.5, 0.5], "texture": "#0"}
			}
		},
		{
			"from": [4, 2, -4.5],
			"to": [4.5, 2.5, -3.5],
			"rotation": {"angle": 0, "axis": "y", "origin": [4, 2, -4]},
			"faces": {
				"north": {"uv": [0, 0, 0.5, 0.5], "texture": "#0"},
				"east": {"uv": [0, 0, 1, 0.5], "texture": "#0"},
				"south": {"uv": [0, 0, 0.5, 0.5], "texture": "#0"},
				"west": {"uv": [0, 0, 1, 0.5], "texture": "#0"},
				"up": {"uv": [0, 0, 0.5, 1], "texture": "#0"},
				"down": {"uv": [0, 0, 0.5, 1], "texture": "#0"}
			}
		},
		{
			"from": [4, 0.5, -6.5],
			"to": [4.5, 1, -5.5],
			"rotation": {"angle": 0, "axis": "y", "origin": [4, 1, -6]},
			"faces": {
				"north": {"uv": [0, 0, 0.5, 0.5], "texture": "#0"},
				"east": {"uv": [0, 0, 1, 0.5], "texture": "#0"},
				"south": {"uv": [0, 0, 0.5, 0.5], "texture": "#0"},
				"west": {"uv": [0, 0, 1, 0.5], "texture": "#0"},
				"up": {"uv": [0, 0, 0.5, 1], "texture": "#0"},
				"down": {"uv": [0, 0, 0.5, 1], "texture": "#0"}
			}
		},
		{
			"from": [4, 2, -6.5],
			"to": [4.5, 2.5, -5.5],
			"rotation": {"angle": 0, "axis": "y", "origin": [4, 1, -6]},
			"faces": {
				"north": {"uv": [0, 0, 0.5, 0.5], "texture": "#0"},
				"east": {"uv": [0, 0, 1, 0.5], "texture": "#0"},
				"south": {"uv": [0, 0, 0.5, 0.5], "texture": "#0"},
				"west": {"uv": [0, 0, 1, 0.5], "texture": "#0"},
				"up": {"uv": [0, 0, 0.5, 1], "texture": "#0"},
				"down": {"uv": [0, 0, 0.5, 1], "texture": "#0"}
			}
		},
		{
			"from": [7, 10.3, -1],
			"to": [9, 10.8, 1],
			"rotation": {"angle": 0, "axis": "y", "origin": [7, 9.8, -1]},
			"faces": {
				"north": {"uv": [0, 0, 2, 0.5], "texture": "#6"},
				"east": {"uv": [0, 0, 2, 0.5], "texture": "#6"},
				"south": {"uv": [0, 0, 2, 0.5], "texture": "#6"},
				"west": {"uv": [0, 0, 2, 0.5], "texture": "#6"},
				"up": {"uv": [0, 0, 2, 2], "texture": "#6"},
				"down": {"uv": [0, 0, 2, 2], "texture": "#6"}
			}
		},
		{
			"from": [7.25, 10.3, -0.75],
			"to": [8.75, 11.3, 0.75],
			"rotation": {"angle": 0, "axis": "y", "origin": [8, 10.1, -1]},
			"faces": {
				"north": {"uv": [0, 0, 1.5, 1], "texture": "#6"},
				"east": {"uv": [0, 0, 1.5, 1], "texture": "#6"},
				"south": {"uv": [0, 0, 1.5, 1], "texture": "#6"},
				"west": {"uv": [0, 0, 1.5, 1], "texture": "#6"},
				"up": {"uv": [0, 0, 1.5, 1.5], "texture": "#6"},
				"down": {"uv": [0, 0, 1.5, 1.5], "texture": "#6"}
			}
		},
		{
			"from": [7.45, 10.3, -0.55],
			"to": [8.45, 11.8, 0.45],
			"rotation": {"angle": 0, "axis": "y", "origin": [8.2, 10.3, 1.2]},
			"faces": {
				"north": {"uv": [0, 0, 1, 1.5], "texture": "#6"},
				"east": {"uv": [0, 0, 1, 1.5], "texture": "#6"},
				"south": {"uv": [0, 0, 1, 1.5], "texture": "#6"},
				"west": {"uv": [0, 0, 1, 1.5], "texture": "#6"},
				"up": {"uv": [0, 0, 1, 1], "texture": "#6"},
				"down": {"uv": [0, 0, 1, 1], "texture": "#6"}
			}
		},
		{
			"from": [7.85, 11.8, -0.15],
			"to": [8.1, 12.05, 0.1],
			"rotation": {"angle": 0, "axis": "y", "origin": [8.6, 13.3, 1.3]},
			"faces": {
				"north": {"uv": [0, 0, 0.25, 0.25], "texture": "#5"},
				"east": {"uv": [0, 0, 0.25, 0.25], "texture": "#5"},
				"south": {"uv": [0, 0, 0.25, 0.25], "texture": "#5"},
				"west": {"uv": [0, 0, 0.25, 0.25], "texture": "#5"},
				"up": {"uv": [0, 0, 0.25, 0.25], "texture": "#5"},
				"down": {"uv": [0, 0, 0.25, 0.25], "texture": "#5"}
			}
		},
		{
			"from": [9.5, 10, 0],
			"to": [10, 12, 0.5],
			"rotation": {"angle": 0, "axis": "y", "origin": [9, 10, 0]},
			"faces": {
				"north": {"uv": [0, 0, 0.5, 2], "texture": "#5"},
				"east": {"uv": [0, 0, 0.5, 2], "texture": "#5"},
				"south": {"uv": [0, 0, 0.5, 2], "texture": "#5"},
				"west": {"uv": [0, 0, 0.5, 2], "texture": "#5"},
				"up": {"uv": [0, 0, 0.5, 0.5], "texture": "#5"},
				"down": {"uv": [0, 0, 0.5, 0.5], "texture": "#5"}
			}
		},
		{
			"from": [6, 10, 0],
			"to": [6.5, 12, 0.5],
			"rotation": {"angle": 0, "axis": "y", "origin": [6, 10, 0]},
			"faces": {
				"north": {"uv": [0, 0, 0.5, 2], "texture": "#5"},
				"east": {"uv": [0, 0, 0.5, 2], "texture": "#5"},
				"south": {"uv": [0, 0, 0.5, 2], "texture": "#5"},
				"west": {"uv": [0, 0, 0.5, 2], "texture": "#5"},
				"up": {"uv": [0, 0, 0.5, 0.5], "texture": "#5"},
				"down": {"uv": [0, 0, 0.5, 0.5], "texture": "#5"}
			}
		},
		{
			"from": [6, 12, 0],
			"to": [10, 12.25, 0.5],
			"rotation": {"angle": 0, "axis": "y", "origin": [6, 12, 0]},
			"faces": {
				"north": {"uv": [0, 0, 4, 0.25], "texture": "#5"},
				"east": {"uv": [0, 0, 0.5, 0.25], "texture": "#5"},
				"south": {"uv": [0, 0, 4, 0.25], "texture": "#5"},
				"west": {"uv": [0, 0, 0.5, 0.25], "texture": "#5"},
				"up": {"uv": [0, 0, 4, 0.5], "texture": "#5"},
				"down": {"uv": [0, 0, 4, 0.5], "texture": "#5"}
			}
		}
	]
}
