{
	"credit": "Made with Blockbench",
	"textures": {
		"1": "item/custom/mk/candelabra"
	},
	"elements": [
		{
			"from": [7.2, 0, 7.2],
			"to": [8.8, 0.3, 8.8],
			"rotation": {"angle": 0, "axis": "y", "origin": [7, 0, 7]},
			"faces": {
				"north": {"uv": [5, 1, 6.5, 1.5], "texture": "#1"},
				"east": {"uv": [2, 5, 3.5, 5.5], "texture": "#1"},
				"south": {"uv": [5, 2, 6.5, 2.5], "texture": "#1"},
				"west": {"uv": [5, 3, 6.5, 3.5], "texture": "#1"},
				"up": {"uv": [1.5, 1.5, 0, 0], "texture": "#1"},
				"down": {"uv": [1.5, 2, 0, 3.5], "texture": "#1"}
			}
		},
		{
			"from": [7.5, 0.3, 7.5],
			"to": [8.5, 1.1, 8.5],
			"rotation": {"angle": 0, "axis": "y", "origin": [7, 0.3, 7]},
			"faces": {
				"north": {"uv": [2, 0, 3, 1], "texture": "#1"},
				"east": {"uv": [2, 1, 3, 2], "texture": "#1"},
				"south": {"uv": [2, 2, 3, 3], "texture": "#1"},
				"west": {"uv": [3, 0, 4, 1], "texture": "#1"},
				"up": {"uv": [4, 2, 3, 1], "texture": "#1"},
				"down": {"uv": [3, 3, 2, 4], "texture": "#1"}
			}
		},
		{
			"from": [7.7, 1.1, 7.7],
			"to": [8.3, 3.1, 8.3],
			"rotation": {"angle": 0, "axis": "y", "origin": [7, 1.1, 7]},
			"faces": {
				"north": {"uv": [3, 2, 3.5, 4], "texture": "#1"},
				"east": {"uv": [0, 4, 0.5, 6], "texture": "#1"},
				"south": {"uv": [4, 0, 4.5, 2], "texture": "#1"},
				"west": {"uv": [1, 4, 1.5, 6], "texture": "#1"},
				"up": {"uv": [7.5, 8.5, 7, 8], "texture": "#1"},
				"down": {"uv": [8.5, 7, 8, 7.5], "texture": "#1"}
			}
		},
		{
			"from": [7.5, 3.1, 7.5],
			"to": [8.5, 3.8, 8.5],
			"rotation": {"angle": 0, "axis": "y", "origin": [7, 3.1, 7]},
			"faces": {
				"north": {"uv": [0, 7, 1, 7.5], "texture": "#1"},
				"east": {"uv": [1, 7, 2, 7.5], "texture": "#1"},
				"south": {"uv": [7, 1, 8, 1.5], "texture": "#1"},
				"west": {"uv": [2, 7, 3, 7.5], "texture": "#1"},
				"up": {"uv": [3, 5, 2, 4], "texture": "#1"},
				"down": {"uv": [5, 2, 4, 3], "texture": "#1"}
			}
		},
		{
			"from": [7.6, 3.8, 7.6],
			"to": [8.4, 4.1, 8.4],
			"rotation": {"angle": 0, "axis": "y", "origin": [7, 3.8, 7]},
			"faces": {
				"north": {"uv": [7, 2, 8, 2.5], "texture": "#1"},
				"east": {"uv": [3, 7, 4, 7.5], "texture": "#1"},
				"south": {"uv": [7, 3, 8, 3.5], "texture": "#1"},
				"west": {"uv": [4, 7, 5, 7.5], "texture": "#1"},
				"up": {"uv": [4, 5, 3, 4], "texture": "#1"},
				"down": {"uv": [5, 3, 4, 4], "texture": "#1"}
			}
		},
		{
			"from": [7.8, 4.1, 7.8],
			"to": [8.2, 4.6, 8.2],
			"rotation": {"angle": 0, "axis": "y", "origin": [7, 4.2, 7]},
			"faces": {
				"north": {"uv": [8, 8, 8.5, 8.5], "texture": "#1"},
				"east": {"uv": [0, 9, 0.5, 9.5], "texture": "#1"},
				"south": {"uv": [9, 0, 9.5, 0.5], "texture": "#1"},
				"west": {"uv": [1, 9, 1.5, 9.5], "texture": "#1"},
				"up": {"uv": [9.5, 1.5, 9, 1], "texture": "#1"},
				"down": {"uv": [2.5, 9, 2, 9.5], "texture": "#1"}
			}
		},
		{
			"from": [7.4, 4.6, 7.4],
			"to": [8.6, 4.8, 8.6],
			"rotation": {"angle": 0, "axis": "y", "origin": [7, 4.6, 7]},
			"faces": {
				"north": {"uv": [7, 4, 8, 4.5], "texture": "#1"},
				"east": {"uv": [5, 7, 6, 7.5], "texture": "#1"},
				"south": {"uv": [6, 7, 7, 7.5], "texture": "#1"},
				"west": {"uv": [7, 7, 8, 7.5], "texture": "#1"},
				"up": {"uv": [5, 5, 4, 4], "texture": "#1"},
				"down": {"uv": [6, 0, 5, 1], "texture": "#1"}
			}
		},
		{
			"from": [7.85027, 2.65859, 7.775],
			"to": [9.15027, 3.00859, 8.225],
			"rotation": {"angle": -22.5, "axis": "z", "origin": [9.85027, 1.83359, 7]},
			"faces": {
				"north": {"uv": [4, 5, 5.5, 5.5], "texture": "#1"},
				"east": {"uv": [9, 2, 9.5, 2.5], "texture": "#1"},
				"south": {"uv": [5, 4, 6.5, 4.5], "texture": "#1"},
				"west": {"uv": [3, 9, 3.5, 9.5], "texture": "#1"},
				"up": {"uv": [1.5, 6.5, 0, 6], "texture": "#1"},
				"down": {"uv": [7.5, 0, 6, 0.5], "texture": "#1"}
			}
		},
		{
			"from": [10.00828, 2.4113, 7.775],
			"to": [10.40828, 2.9113, 8.175],
			"rotation": {"angle": -22.5, "axis": "z", "origin": [12.30828, 3.9113, 7.775]},
			"faces": {
				"north": {"uv": [9, 3, 9.5, 3.5], "texture": "#1"},
				"east": {"uv": [4, 9, 4.5, 9.5], "texture": "#1"},
				"south": {"uv": [9, 4, 9.5, 4.5], "texture": "#1"},
				"west": {"uv": [5, 9, 5.5, 9.5], "texture": "#1"},
				"up": {"uv": [9.5, 5.5, 9, 5], "texture": "#1"},
				"down": {"uv": [6.5, 9, 6, 9.5], "texture": "#1"}
			}
		},
		{
			"from": [9.82568, 3.71759, 7.8],
			"to": [10.15068, 3.96759, 8.15],
			"rotation": {"angle": 0, "axis": "z", "origin": [11.80068, 3.86759, 7.775]},
			"faces": {
				"north": {"uv": [9, 6, 9.5, 6.5], "texture": "#1"},
				"east": {"uv": [7, 9, 7.5, 9.5], "texture": "#1"},
				"south": {"uv": [9, 7, 9.5, 7.5], "texture": "#1"},
				"west": {"uv": [8, 9, 8.5, 9.5], "texture": "#1"},
				"up": {"uv": [9.5, 8.5, 9, 8], "texture": "#1"},
				"down": {"uv": [9.5, 9, 9, 9.5], "texture": "#1"}
			}
		},
		{
			"from": [9.65068, 3.96759, 7.6],
			"to": [10.37568, 4.16759, 8.35],
			"rotation": {"angle": 0, "axis": "y", "origin": [11.85068, 3.96759, 6.15]},
			"faces": {
				"north": {"uv": [0, 10, 0.5, 10.5], "texture": "#1"},
				"east": {"uv": [10, 0, 10.5, 0.5], "texture": "#1"},
				"south": {"uv": [1, 10, 1.5, 10.5], "texture": "#1"},
				"west": {"uv": [10, 1, 10.5, 1.5], "texture": "#1"},
				"up": {"uv": [2.5, 10.5, 2, 10], "texture": "#1"},
				"down": {"uv": [10.5, 2, 10, 2.5], "texture": "#1"}
			}
		},
		{
			"from": [9.82568, 4.16759, 7.75],
			"to": [10.22568, 5.16759, 8.15],
			"rotation": {"angle": 0, "axis": "y", "origin": [11.62568, 4.16759, 6.25]},
			"faces": {
				"north": {"uv": [3, 10, 3.5, 10.5], "texture": "#1"},
				"east": {"uv": [10, 3, 10.5, 3.5], "texture": "#1"},
				"south": {"uv": [4, 10, 4.5, 10.5], "texture": "#1"},
				"west": {"uv": [10, 4, 10.5, 4.5], "texture": "#1"},
				"up": {"uv": [5.5, 10.5, 5, 10], "texture": "#1"},
				"down": {"uv": [10.5, 5, 10, 5.5], "texture": "#1"}
			}
		},
		{
			"from": [7.7, 4.8, 7.7],
			"to": [8.3, 6.3, 8.3],
			"rotation": {"angle": 0, "axis": "y", "origin": [7, 4.8, 7]},
			"faces": {
				"north": {"uv": [0, 8, 0.5, 9], "texture": "#1"},
				"east": {"uv": [8, 0, 8.5, 1], "texture": "#1"},
				"south": {"uv": [1, 8, 1.5, 9], "texture": "#1"},
				"west": {"uv": [8, 1, 8.5, 2], "texture": "#1"},
				"up": {"uv": [6.5, 10.5, 6, 10], "texture": "#1"},
				"down": {"uv": [10.5, 6, 10, 6.5], "texture": "#1"}
			}
		},
		{
			"from": [8.21467, 3.23836, 7.8],
			"to": [8.51467, 3.83836, 8.15],
			"rotation": {"angle": -45, "axis": "z", "origin": [8.56467, 1.83836, 7.775]},
			"faces": {
				"north": {"uv": [7, 10, 7.5, 10.5], "texture": "#1"},
				"east": {"uv": [10, 7, 10.5, 7.5], "texture": "#1"},
				"south": {"uv": [8, 10, 8.5, 10.5], "texture": "#1"},
				"west": {"uv": [10, 8, 10.5, 8.5], "texture": "#1"},
				"up": {"uv": [9.5, 10.5, 9, 10], "texture": "#1"},
				"down": {"uv": [10.5, 9, 10, 9.5], "texture": "#1"}
			}
		},
		{
			"from": [5.62432, 3.96759, 7.6],
			"to": [6.34932, 4.16759, 8.35],
			"rotation": {"angle": 0, "axis": "y", "origin": [3.62432, 3.96759, 7.6]},
			"faces": {
				"north": {"uv": [10, 10, 10.5, 10.5], "texture": "#1"},
				"east": {"uv": [2, 8, 3, 8.5], "texture": "#1"},
				"south": {"uv": [0, 11, 0.5, 11.5], "texture": "#1"},
				"west": {"uv": [8, 2, 9, 2.5], "texture": "#1"},
				"up": {"uv": [3.5, 9, 3, 8], "texture": "#1"},
				"down": {"uv": [8.5, 3, 8, 4], "texture": "#1"}
			}
		},
		{
			"from": [5.77432, 4.16759, 7.75],
			"to": [6.17432, 5.16759, 8.15],
			"rotation": {"angle": 0, "axis": "y", "origin": [4.17432, 4.16759, 5.75]},
			"faces": {
				"north": {"uv": [11, 0, 11.5, 0.5], "texture": "#1"},
				"east": {"uv": [1, 11, 1.5, 11.5], "texture": "#1"},
				"south": {"uv": [11, 1, 11.5, 1.5], "texture": "#1"},
				"west": {"uv": [2, 11, 2.5, 11.5], "texture": "#1"},
				"up": {"uv": [11.5, 2.5, 11, 2], "texture": "#1"},
				"down": {"uv": [3.5, 11, 3, 11.5], "texture": "#1"}
			}
		},
		{
			"from": [5.84932, 3.71759, 7.8],
			"to": [6.17432, 4.01759, 8.15],
			"rotation": {"angle": 0, "axis": "y", "origin": [3.84932, 3.71759, 7.8]},
			"faces": {
				"north": {"uv": [11, 3, 11.5, 3.5], "texture": "#1"},
				"east": {"uv": [4, 11, 4.5, 11.5], "texture": "#1"},
				"south": {"uv": [11, 4, 11.5, 4.5], "texture": "#1"},
				"west": {"uv": [5, 11, 5.5, 11.5], "texture": "#1"},
				"up": {"uv": [11.5, 5.5, 11, 5], "texture": "#1"},
				"down": {"uv": [6.5, 11, 6, 11.5], "texture": "#1"}
			}
		},
		{
			"from": [6.17335, 2.48721, 7.775],
			"to": [6.57335, 2.98721, 8.175],
			"rotation": {"angle": 22.5, "axis": "z", "origin": [4.17335, 2.48721, 7.775]},
			"faces": {
				"north": {"uv": [11, 6, 11.5, 6.5], "texture": "#1"},
				"east": {"uv": [7, 11, 7.5, 11.5], "texture": "#1"},
				"south": {"uv": [11, 7, 11.5, 7.5], "texture": "#1"},
				"west": {"uv": [8, 11, 8.5, 11.5], "texture": "#1"},
				"up": {"uv": [11.5, 8.5, 11, 8], "texture": "#1"},
				"down": {"uv": [9.5, 11, 9, 11.5], "texture": "#1"}
			}
		},
		{
			"from": [7.06652, 1.44946, 7.8],
			"to": [7.36652, 2.04946, 8.15],
			"rotation": {"angle": 45, "axis": "z", "origin": [5.06652, 1.44946, 7.8]},
			"faces": {
				"north": {"uv": [11, 9, 11.5, 9.5], "texture": "#1"},
				"east": {"uv": [10, 11, 10.5, 11.5], "texture": "#1"},
				"south": {"uv": [11, 10, 11.5, 10.5], "texture": "#1"},
				"west": {"uv": [11, 11, 11.5, 11.5], "texture": "#1"},
				"up": {"uv": [0.5, 12.5, 0, 12], "texture": "#1"},
				"down": {"uv": [12.5, 0, 12, 0.5], "texture": "#1"}
			}
		},
		{
			"from": [6.63297, 2.0983, 7.775],
			"to": [7.93297, 2.4483, 8.225],
			"rotation": {"angle": 22.5, "axis": "z", "origin": [4.63297, 2.0983, 7.775]},
			"faces": {
				"north": {"uv": [2, 6, 3.5, 6.5], "texture": "#1"},
				"east": {"uv": [1, 12, 1.5, 12.5], "texture": "#1"},
				"south": {"uv": [4, 6, 5.5, 6.5], "texture": "#1"},
				"west": {"uv": [12, 1, 12.5, 1.5], "texture": "#1"},
				"up": {"uv": [7.5, 5.5, 6, 5], "texture": "#1"},
				"down": {"uv": [7.5, 6, 6, 6.5], "texture": "#1"}
			}
		},
		{
			"from": [7.925, 6, 7.925],
			"to": [8.075, 6.6, 8.075],
			"rotation": {"angle": 0, "axis": "y", "origin": [7.9, 6, 7.9]},
			"faces": {
				"north": {"uv": [4, 8, 4.5, 8.5], "texture": "#1"},
				"east": {"uv": [8, 4, 8.5, 4.5], "texture": "#1"},
				"south": {"uv": [5, 8, 5.5, 8.5], "texture": "#1"},
				"west": {"uv": [8, 5, 8.5, 5.5], "texture": "#1"},
				"up": {"uv": [6.5, 8.5, 6, 8], "texture": "#1"},
				"down": {"uv": [8.5, 6, 8, 6.5], "texture": "#1"}
			}
		},
		{
			"from": [5.9, 4.85, 7.85],
			"to": [6.05, 5.45, 8.05],
			"rotation": {"angle": 0, "axis": "y", "origin": [5.875, 4.85, 7.85]},
			"faces": {
				"north": {"uv": [4, 8, 4.5, 8.5], "texture": "#1"},
				"east": {"uv": [8, 4, 8.5, 4.5], "texture": "#1"},
				"south": {"uv": [5, 8, 5.5, 8.5], "texture": "#1"},
				"west": {"uv": [8, 5, 8.5, 5.5], "texture": "#1"},
				"up": {"uv": [6.5, 8.5, 6, 8], "texture": "#1"},
				"down": {"uv": [8.5, 6, 8, 6.5], "texture": "#1"}
			}
		},
		{
			"from": [9.95, 4.85, 7.875],
			"to": [10.1, 5.45, 8.025],
			"rotation": {"angle": 0, "axis": "y", "origin": [9.925, 4.85, 7.85]},
			"faces": {
				"north": {"uv": [4, 8, 4.5, 8.5], "texture": "#1"},
				"east": {"uv": [8, 4, 8.5, 4.5], "texture": "#1"},
				"south": {"uv": [5, 8, 5.5, 8.5], "texture": "#1"},
				"west": {"uv": [8, 5, 8.5, 5.5], "texture": "#1"},
				"up": {"uv": [6.5, 8.5, 6, 8], "texture": "#1"},
				"down": {"uv": [8.5, 6, 8, 6.5], "texture": "#1"}
			}
		}
	]
}
