{
	"format_version": "1.21.6",
	"credit": "Made with Blockbench",
	"texture_size": [64, 64],
	"textures": {
		"0": "item/custom/mk/copchair",
		"particle": "item/custom/mk/copchair"
	},
	"elements": [
		{
			"from": [3.2, 0, 3.2],
			"to": [4.8, 3.4, 4.8],
			"rotation": {"angle": 0, "axis": "y", "origin": [3, 0, 3]},
			"faces": {
				"north": {"uv": [1.5, 6.75, 1.875, 7.625], "texture": "#0"},
				"east": {"uv": [2, 6.75, 2.375, 7.625], "texture": "#0"},
				"south": {"uv": [2.5, 6.75, 2.875, 7.625], "texture": "#0"},
				"west": {"uv": [3, 6.75, 3.375, 7.625], "texture": "#0"},
				"up": {"uv": [3.875, 8.125, 3.5, 7.75], "texture": "#0"},
				"down": {"uv": [8.125, 5.5, 7.75, 5.875], "texture": "#0"}
			}
		},
		{
			"from": [3.2, 0, 9.2],
			"to": [4.8, 3.4, 10.8],
			"rotation": {"angle": 0, "axis": "y", "origin": [2.8, 1.4, 9.2]},
			"faces": {
				"north": {"uv": [3.5, 6.75, 3.875, 7.625], "texture": "#0"},
				"east": {"uv": [7, 0, 7.375, 0.875], "texture": "#0"},
				"south": {"uv": [7, 1, 7.375, 1.875], "texture": "#0"},
				"west": {"uv": [7, 2, 7.375, 2.875], "texture": "#0"},
				"up": {"uv": [8.125, 6.375, 7.75, 6], "texture": "#0"},
				"down": {"uv": [8.375, 0, 8, 0.375], "texture": "#0"}
			}
		},
		{
			"from": [11.2, 0, 3.2],
			"to": [12.8, 3.4, 4.8],
			"rotation": {"angle": 0, "axis": "y", "origin": [13, 0, 3]},
			"faces": {
				"north": {"uv": [4.5, 7, 4.875, 7.875], "texture": "#0"},
				"east": {"uv": [5, 7, 5.375, 7.875], "texture": "#0"},
				"south": {"uv": [5.5, 7, 5.875, 7.875], "texture": "#0"},
				"west": {"uv": [7, 6.5, 7.375, 7.375], "texture": "#0"},
				"up": {"uv": [8.375, 0.875, 8, 0.5], "texture": "#0"},
				"down": {"uv": [8.375, 1, 8, 1.375], "texture": "#0"}
			}
		},
		{
			"from": [3.2, 3.4, 3.2],
			"to": [12.8, 4.4, 10.8],
			"rotation": {"angle": 0, "axis": "y", "origin": [10.8, 3.4, 3.2]},
			"faces": {
				"north": {"uv": [6.25, 3.5, 8.625, 3.75], "texture": "#0"},
				"east": {"uv": [6.25, 4, 8.125, 4.25], "texture": "#0"},
				"south": {"uv": [6.25, 3.75, 8.625, 4], "texture": "#0"},
				"west": {"uv": [6.25, 4.25, 8.125, 4.5], "texture": "#0"},
				"up": {"uv": [2.375, 1.875, 0, 0], "texture": "#0"},
				"down": {"uv": [2.375, 2, 0, 3.875], "texture": "#0"}
			}
		},
		{
			"from": [3.8, 3.7, 3],
			"to": [12.2, 5.7, 9.4],
			"rotation": {"angle": 0, "axis": "y", "origin": [5.2, 3.7, 3.2]},
			"faces": {
				"north": {"uv": [2.25, 4.75, 4.375, 5.25], "texture": "#0"},
				"east": {"uv": [6, 5.5, 7.625, 6], "texture": "#0"},
				"south": {"uv": [4.75, 3, 6.875, 3.5], "texture": "#0"},
				"west": {"uv": [6, 6, 7.625, 6.5], "texture": "#0"},
				"up": {"uv": [4.625, 4.625, 2.5, 3], "texture": "#0"},
				"down": {"uv": [2.125, 4, 0, 5.625], "texture": "#0"}
			}
		},
		{
			"from": [3.2, 4.4, 3.2],
			"to": [4.6, 6.8, 9.4],
			"rotation": {"angle": 0, "axis": "y", "origin": [5.2, 4.4, 3.2]},
			"faces": {
				"north": {"uv": [7.5, 6.5, 7.875, 7.125], "texture": "#0"},
				"east": {"uv": [4.75, 3.5, 6.25, 4.125], "texture": "#0"},
				"south": {"uv": [7, 7.5, 7.375, 8.125], "texture": "#0"},
				"west": {"uv": [4.75, 4.25, 6.25, 4.875], "texture": "#0"},
				"up": {"uv": [4.375, 7.25, 4, 5.75], "texture": "#0"},
				"down": {"uv": [6.875, 0, 6.5, 1.5], "texture": "#0"}
			}
		},
		{
			"from": [11.4, 4.4, 3.2],
			"to": [12.8, 6.8, 9.4],
			"rotation": {"angle": 0, "axis": "y", "origin": [10.8, 4.4, 3.2]},
			"faces": {
				"north": {"uv": [7.5, 7.25, 7.875, 7.875], "texture": "#0"},
				"east": {"uv": [5, 0, 6.5, 0.625], "texture": "#0"},
				"south": {"uv": [0, 7.75, 0.375, 8.375], "texture": "#0"},
				"west": {"uv": [5, 0.75, 6.5, 1.375], "texture": "#0"},
				"up": {"uv": [6.375, 8, 6, 6.5], "texture": "#0"},
				"down": {"uv": [6.875, 6.5, 6.5, 8], "texture": "#0"}
			}
		},
		{
			"from": [3.48558, 5.53209, 3],
			"to": [5.28558, 7.33209, 10.6],
			"rotation": {"angle": -40, "axis": "z", "origin": [5.28558, 7.53209, 3.2]},
			"faces": {
				"north": {"uv": [3, 5.75, 3.5, 6.25], "texture": "#0"},
				"east": {"uv": [5, 1.5, 6.875, 2], "texture": "#0"},
				"south": {"uv": [3.5, 5.75, 4, 6.25], "texture": "#0"},
				"west": {"uv": [5, 2, 6.875, 2.5], "texture": "#0"},
				"up": {"uv": [5, 6.875, 4.5, 5], "texture": "#0"},
				"down": {"uv": [5.5, 5, 5, 6.875], "texture": "#0"}
			}
		},
		{
			"from": [10.71442, 5.53209, 3],
			"to": [12.51442, 7.33209, 10.6],
			"rotation": {"angle": 40, "axis": "z", "origin": [10.71442, 7.53209, 3.2]},
			"faces": {
				"north": {"uv": [7, 3, 7.5, 3.5], "texture": "#0"},
				"east": {"uv": [5, 2.5, 6.875, 3], "texture": "#0"},
				"south": {"uv": [7.5, 3, 8, 3.5], "texture": "#0"},
				"west": {"uv": [2.25, 5.25, 4.125, 5.75], "texture": "#0"},
				"up": {"uv": [6, 6.875, 5.5, 5], "texture": "#0"},
				"down": {"uv": [0.5, 5.75, 0, 7.625], "texture": "#0"}
			}
		},
		{
			"from": [3.2, 4.4, 9.4],
			"to": [12.8, 10.2, 10.8],
			"rotation": {"angle": 0, "axis": "y", "origin": [3.2, 4.4, 8.8]},
			"faces": {
				"north": {"uv": [2.5, 0, 4.875, 1.5], "texture": "#0"},
				"east": {"uv": [0.5, 6.75, 0.875, 8.25], "texture": "#0"},
				"south": {"uv": [2.5, 1.5, 4.875, 3], "texture": "#0"},
				"west": {"uv": [1, 6.75, 1.375, 8.25], "texture": "#0"},
				"up": {"uv": [2.875, 6.125, 0.5, 5.75], "texture": "#0"},
				"down": {"uv": [8.375, 5, 6, 5.375], "texture": "#0"}
			}
		},
		{
			"from": [4.775, 10.2, 9.4],
			"to": [11.225, 11.4, 10.8],
			"rotation": {"angle": 0, "axis": "y", "origin": [6.8, 10.2, 9.4]},
			"faces": {
				"north": {"uv": [6.25, 4.5, 7.875, 4.75], "texture": "#0"},
				"east": {"uv": [4.5, 8, 4.875, 8.25], "texture": "#0"},
				"south": {"uv": [6.25, 4.75, 7.875, 5], "texture": "#0"},
				"west": {"uv": [8, 4.5, 8.375, 4.75], "texture": "#0"},
				"up": {"uv": [2.125, 6.625, 0.5, 6.25], "texture": "#0"},
				"down": {"uv": [3.875, 6.25, 2.25, 6.625], "texture": "#0"}
			}
		},
		{
			"from": [3.2, 9.2, 9.425],
			"to": [5.175, 10.2, 10.775],
			"rotation": {"angle": 37.5, "axis": "z", "origin": [3.2, 10.2, 9.4]},
			"faces": {
				"north": {"uv": [8, 2.5, 8.5, 2.75], "texture": "#0"},
				"east": {"uv": [8, 4.75, 8.375, 5], "texture": "#0"},
				"south": {"uv": [8, 2.75, 8.5, 3], "texture": "#0"},
				"west": {"uv": [5, 8, 5.375, 8.25], "texture": "#0"},
				"up": {"uv": [2, 8.125, 1.5, 7.75], "texture": "#0"},
				"down": {"uv": [2.5, 7.75, 2, 8.125], "texture": "#0"}
			}
		},
		{
			"from": [10.825, 9.2, 9.425],
			"to": [12.8, 10.2, 10.775],
			"rotation": {"angle": -37.5, "axis": "z", "origin": [12.8, 10.2, 9.4]},
			"faces": {
				"north": {"uv": [8, 3, 8.5, 3.25], "texture": "#0"},
				"east": {"uv": [5.5, 8, 5.875, 8.25], "texture": "#0"},
				"south": {"uv": [8, 3.25, 8.5, 3.5], "texture": "#0"},
				"west": {"uv": [6, 8, 6.375, 8.25], "texture": "#0"},
				"up": {"uv": [3, 8.125, 2.5, 7.75], "texture": "#0"},
				"down": {"uv": [3.5, 7.75, 3, 8.125], "texture": "#0"}
			}
		},
		{
			"from": [11.2, 0, 9.2],
			"to": [12.8, 3.4, 10.8],
			"rotation": {"angle": 0, "axis": "y", "origin": [13.2, 1.4, 9.2]},
			"faces": {
				"north": {"uv": [4, 7.25, 4.375, 8.125], "texture": "#0"},
				"east": {"uv": [7.5, 0, 7.875, 0.875], "texture": "#0"},
				"south": {"uv": [7.5, 1, 7.875, 1.875], "texture": "#0"},
				"west": {"uv": [7.5, 2, 7.875, 2.875], "texture": "#0"},
				"up": {"uv": [8.375, 1.875, 8, 1.5], "texture": "#0"},
				"down": {"uv": [8.375, 2, 8, 2.375], "texture": "#0"}
			}
		}
	],
	"display": {}
}
