{
	"format_version": "1.21.6",
	"credit": "Made with Blockbench",
	"texture_size": [128, 128],
	"textures": {
		"2": "item/custom/mk/copwall",
		"3": "item/custom/mk/copfloor"
	},
	"elements": [
		{
			"from": [1, 0, -2],
			"to": [15, 1, 9],
			"rotation": {"angle": 0, "axis": "y", "origin": [7, 0, 0]},
			"faces": {
				"north": {"uv": [6.75, 4.625, 8.5, 4.75], "texture": "#3"},
				"east": {"uv": [6.875, 0.625, 8.25, 0.75], "texture": "#3"},
				"south": {"uv": [6.75, 4.75, 8.5, 4.875], "texture": "#3"},
				"west": {"uv": [6.875, 0.75, 8.25, 0.875], "texture": "#3"},
				"up": {"uv": [1.75, 4.125, 0, 2.75], "texture": "#3"},
				"down": {"uv": [3.5, 2.75, 1.75, 4.125], "texture": "#3"}
			}
		},
		{
			"from": [1, 1, 9],
			"to": [15, 2, 20],
			"rotation": {"angle": 0, "axis": "y", "origin": [7, 1, 9]},
			"faces": {
				"north": {"uv": [6.75, 4.375, 8.5, 4.5], "texture": "#3"},
				"east": {"uv": [6.875, 0.375, 8.25, 0.5], "texture": "#3"},
				"south": {"uv": [6.75, 4.5, 8.5, 4.625], "texture": "#3"},
				"west": {"uv": [6.875, 0.5, 8.25, 0.625], "texture": "#3"},
				"up": {"uv": [3.5, 1.375, 1.75, 0], "texture": "#3"},
				"down": {"uv": [3.5, 1.375, 1.75, 2.75], "texture": "#3"}
			}
		},
		{
			"from": [1, 2, 20],
			"to": [15, 3, 31],
			"rotation": {"angle": 0, "axis": "y", "origin": [7, 2, 22]},
			"faces": {
				"north": {"uv": [6.75, 4.125, 8.5, 4.25], "texture": "#3"},
				"east": {"uv": [6.875, 0.125, 8.25, 0.25], "texture": "#3"},
				"south": {"uv": [6.75, 4.25, 8.5, 4.375], "texture": "#3"},
				"west": {"uv": [6.875, 0.25, 8.25, 0.375], "texture": "#3"},
				"up": {"uv": [1.75, 1.375, 0, 0], "texture": "#3"},
				"down": {"uv": [1.75, 1.375, 0, 2.75], "texture": "#3"}
			}
		},
		{
			"from": [-8.03368, 0, -2.13245],
			"to": [1.96632, 1, 8.86755],
			"rotation": {"angle": -5, "axis": "y", "origin": [-0.03368, 0, -2.13245]},
			"faces": {
				"north": {"uv": [2.75, 6.875, 4, 7], "texture": "#3"},
				"east": {"uv": [6.875, 1.5, 8.25, 1.625], "texture": "#3"},
				"south": {"uv": [4, 6.875, 5.25, 7], "texture": "#3"},
				"west": {"uv": [6.875, 1.625, 8.25, 1.75], "texture": "#3"},
				"up": {"uv": [1.25, 6.875, 0, 5.5], "texture": "#3"},
				"down": {"uv": [2.5, 5.5, 1.25, 6.875], "texture": "#3"}
			}
		},
		{
			"from": [-13.3, 0, -3.18847],
			"to": [-8.58427, 1, 7.81153],
			"rotation": {"angle": -10, "axis": "y", "origin": [-10.58427, 0, 5.81153]},
			"faces": {
				"north": {"uv": [4.25, 7, 4.6875, 7.125], "texture": "#3"},
				"east": {"uv": [6.875, 2.25, 8.25, 2.375], "texture": "#3"},
				"south": {"uv": [4.75, 7, 5.1875, 7.125], "texture": "#3"},
				"west": {"uv": [6.875, 2.375, 8.25, 2.5], "texture": "#3"},
				"up": {"uv": [6.8125, 1.375, 6.375, 0], "texture": "#3"},
				"down": {"uv": [7.1875, 2.75, 6.75, 4.125], "texture": "#3"}
			}
		},
		{
			"from": [-8.98801, 1, 7.82168],
			"to": [2.01199, 2, 18.82168],
			"rotation": {"angle": -5, "axis": "y", "origin": [-11.98801, 1, 7.82168]},
			"faces": {
				"north": {"uv": [6.875, 1.125, 8.25, 1.25], "texture": "#3"},
				"east": {"uv": [6.875, 1.25, 8.25, 1.375], "texture": "#3"},
				"south": {"uv": [1.375, 6.875, 2.75, 7], "texture": "#3"},
				"west": {"uv": [6.875, 1.375, 8.25, 1.5], "texture": "#3"},
				"up": {"uv": [5.625, 5.5, 4.25, 4.125], "texture": "#3"},
				"down": {"uv": [6.375, 0, 5, 1.375], "texture": "#3"}
			}
		},
		{
			"from": [-13.3, 1, 6.26789],
			"to": [-8.2, 2, 17.26789],
			"rotation": {"angle": -10, "axis": "y", "origin": [-19.22819, 1, 8.26789]},
			"faces": {
				"north": {"uv": [2, 7, 2.5625, 7.125], "texture": "#3"},
				"east": {"uv": [6.875, 2, 8.25, 2.125], "texture": "#3"},
				"south": {"uv": [2.625, 7, 3.1875, 7.125], "texture": "#3"},
				"west": {"uv": [6.875, 2.125, 8.25, 2.25], "texture": "#3"},
				"up": {"uv": [6.6875, 6.875, 6.125, 5.5], "texture": "#3"},
				"down": {"uv": [6.8125, 1.375, 6.25, 2.75], "texture": "#3"}
			}
		},
		{
			"from": [-10.03368, 2, 19.86755],
			"to": [1.96632, 3, 30.86755],
			"rotation": {"angle": -5, "axis": "y", "origin": [-0.03368, 2, 19.86755]},
			"faces": {
				"north": {"uv": [6.75, 5.125, 8.25, 5.25], "texture": "#3"},
				"east": {"uv": [6.875, 0.875, 8.25, 1], "texture": "#3"},
				"south": {"uv": [6.75, 5.25, 8.25, 5.375], "texture": "#3"},
				"west": {"uv": [6.875, 1, 8.25, 1.125], "texture": "#3"},
				"up": {"uv": [5, 4.125, 3.5, 2.75], "texture": "#3"},
				"down": {"uv": [1.5, 4.125, 0, 5.5], "texture": "#3"}
			}
		},
		{
			"from": [-16, 2, 18.63722],
			"to": [-10.57666, 3, 29.63722],
			"rotation": {"angle": -10, "axis": "y", "origin": [-12.57666, 2, 27.63722]},
			"faces": {
				"north": {"uv": [6.75, 6.875, 7.4375, 7], "texture": "#3"},
				"east": {"uv": [6.875, 1.75, 8.25, 1.875], "texture": "#3"},
				"south": {"uv": [0, 7, 0.6875, 7.125], "texture": "#3"},
				"west": {"uv": [6.875, 1.875, 8.25, 2], "texture": "#3"},
				"up": {"uv": [4.6875, 6.875, 4, 5.5], "texture": "#3"},
				"down": {"uv": [5.4375, 5.5, 4.75, 6.875], "texture": "#3"}
			}
		},
		{
			"from": [14.03368, 2, 19.86755],
			"to": [26.03368, 3, 30.86755],
			"rotation": {"angle": 5, "axis": "y", "origin": [16.03368, 2, 19.86755]},
			"faces": {
				"north": {"uv": [6.75, 4.875, 8.25, 5], "texture": "#3"},
				"east": {"uv": [0, 6.875, 1.375, 7], "texture": "#3"},
				"south": {"uv": [6.75, 5, 8.25, 5.125], "texture": "#3"},
				"west": {"uv": [6.875, 0, 8.25, 0.125], "texture": "#3"},
				"up": {"uv": [5, 1.375, 3.5, 0], "texture": "#3"},
				"down": {"uv": [5, 1.375, 3.5, 2.75], "texture": "#3"}
			}
		},
		{
			"from": [13.98801, 1, 7.82168],
			"to": [24.98801, 2, 18.82168],
			"rotation": {"angle": 5, "axis": "y", "origin": [27.98801, 1, 7.82168]},
			"faces": {
				"north": {"uv": [6.75, 6.125, 8.125, 6.25], "texture": "#3"},
				"east": {"uv": [6.75, 6.25, 8.125, 6.375], "texture": "#3"},
				"south": {"uv": [6.75, 6.375, 8.125, 6.5], "texture": "#3"},
				"west": {"uv": [6.75, 6.5, 8.125, 6.625], "texture": "#3"},
				"up": {"uv": [2.875, 5.5, 1.5, 4.125], "texture": "#3"},
				"down": {"uv": [4.25, 4.125, 2.875, 5.5], "texture": "#3"}
			}
		},
		{
			"from": [14.03368, 0, -2.13245],
			"to": [24.03368, 1, 8.86755],
			"rotation": {"angle": 5, "axis": "y", "origin": [16.03368, 0, -2.13245]},
			"faces": {
				"north": {"uv": [6.875, 2.5, 8.125, 2.625], "texture": "#3"},
				"east": {"uv": [6.75, 6.625, 8.125, 6.75], "texture": "#3"},
				"south": {"uv": [6.875, 2.625, 8.125, 2.75], "texture": "#3"},
				"west": {"uv": [6.75, 6.75, 8.125, 6.875], "texture": "#3"},
				"up": {"uv": [6.25, 2.75, 5, 1.375], "texture": "#3"},
				"down": {"uv": [6.25, 2.75, 5, 4.125], "texture": "#3"}
			}
		},
		{
			"from": [26.57666, 2, 18.63722],
			"to": [32, 3, 29.63722],
			"rotation": {"angle": 10, "axis": "y", "origin": [28.57666, 2, 27.63722]},
			"faces": {
				"north": {"uv": [5.25, 6.875, 5.9375, 7], "texture": "#3"},
				"east": {"uv": [6.75, 5.375, 8.125, 5.5], "texture": "#3"},
				"south": {"uv": [6, 6.875, 6.6875, 7], "texture": "#3"},
				"west": {"uv": [6.75, 5.5, 8.125, 5.625], "texture": "#3"},
				"up": {"uv": [3.1875, 6.875, 2.5, 5.5], "texture": "#3"},
				"down": {"uv": [3.9375, 5.5, 3.25, 6.875], "texture": "#3"}
			}
		},
		{
			"from": [24.2, 1, 6.26789],
			"to": [29.3, 2, 17.26789],
			"rotation": {"angle": 10, "axis": "y", "origin": [35.22819, 1, 8.26789]},
			"faces": {
				"north": {"uv": [0.75, 7, 1.3125, 7.125], "texture": "#3"},
				"east": {"uv": [6.75, 5.625, 8.125, 5.75], "texture": "#3"},
				"south": {"uv": [1.375, 7, 1.9375, 7.125], "texture": "#3"},
				"west": {"uv": [6.75, 5.75, 8.125, 5.875], "texture": "#3"},
				"up": {"uv": [6.0625, 6.875, 5.5, 5.5], "texture": "#3"},
				"down": {"uv": [6.1875, 4.125, 5.625, 5.5], "texture": "#3"}
			}
		},
		{
			"from": [24.58427, 0, -3.18847],
			"to": [29.3, 1, 7.81153],
			"rotation": {"angle": 10, "axis": "y", "origin": [26.58427, 0, 5.81153]},
			"faces": {
				"north": {"uv": [3.25, 7, 3.6875, 7.125], "texture": "#3"},
				"east": {"uv": [6.75, 5.875, 8.125, 6], "texture": "#3"},
				"south": {"uv": [3.75, 7, 4.1875, 7.125], "texture": "#3"},
				"west": {"uv": [6.75, 6, 8.125, 6.125], "texture": "#3"},
				"up": {"uv": [6.6875, 4.125, 6.25, 2.75], "texture": "#3"},
				"down": {"uv": [6.6875, 4.125, 6.25, 5.5], "texture": "#3"}
			}
		},
		{
			"from": [-11.76155, 1, -2.98206],
			"to": [-11.16155, 19, 8.01794],
			"rotation": {"angle": -10, "axis": "y", "origin": [-9.76155, 1, -2.88206]},
			"faces": {
				"north": {"uv": [11, 0, 11.125, 5], "texture": "#2"},
				"east": {"uv": [0, 0, 2.75, 5], "texture": "#2"},
				"south": {"uv": [11, 5, 11.125, 10], "texture": "#2"},
				"west": {"uv": [2.75, 0, 5.5, 5], "texture": "#2"},
				"up": {"uv": [12.125, 8.25, 12, 5.5], "texture": "#2"},
				"down": {"uv": [12.125, 8.25, 12, 11], "texture": "#2"}
			}
		},
		{
			"from": [-13.01593, 1.9, 7.24818],
			"to": [-12.41593, 19, 18.14818],
			"rotation": {"angle": -10, "axis": "y", "origin": [-14.41593, 1.9, 7.34818]},
			"faces": {
				"north": {"uv": [11.25, 5, 11.375, 9.75], "texture": "#2"},
				"east": {"uv": [5.5, 0, 8.25, 4.75], "texture": "#2"},
				"south": {"uv": [11.25, 9.75, 11.375, 14.5], "texture": "#2"},
				"west": {"uv": [5.5, 4.75, 8.25, 9.5], "texture": "#2"},
				"up": {"uv": [12.125, 2.75, 12, 0], "texture": "#2"},
				"down": {"uv": [12.125, 2.75, 12, 5.5], "texture": "#2"}
			}
		},
		{
			"from": [-14.34299, 3, 18.57451],
			"to": [-13.74299, 19, 29.57451],
			"rotation": {"angle": -10, "axis": "y", "origin": [-12.34299, 19, 18.57451]},
			"faces": {
				"north": {"uv": [11.5, 9.5, 11.625, 14], "texture": "#2"},
				"east": {"uv": [5.5, 9.5, 8.25, 14], "texture": "#2"},
				"south": {"uv": [11.75, 0, 11.875, 4.5], "texture": "#2"},
				"west": {"uv": [8.25, 9.5, 11, 14], "texture": "#2"},
				"up": {"uv": [12.125, 13.75, 12, 11], "texture": "#2"},
				"down": {"uv": [12.375, 0, 12.25, 2.75], "texture": "#2"}
			}
		},
		{
			"from": [29.74299, 3, 18.57451],
			"to": [30.34299, 19, 29.57451],
			"rotation": {"angle": 10, "axis": "y", "origin": [28.34299, 19, 18.57451]},
			"faces": {
				"north": {"uv": [11.75, 4.5, 11.875, 9], "texture": "#2"},
				"east": {"uv": [0, 10, 2.75, 14.5], "texture": "#2"},
				"south": {"uv": [11.75, 9, 11.875, 13.5], "texture": "#2"},
				"west": {"uv": [2.75, 10, 5.5, 14.5], "texture": "#2"},
				"up": {"uv": [12.375, 5.5, 12.25, 2.75], "texture": "#2"},
				"down": {"uv": [12.375, 5.5, 12.25, 8.25], "texture": "#2"}
			}
		},
		{
			"from": [27.16155, 1, -2.98206],
			"to": [27.76155, 19, 8.01794],
			"rotation": {"angle": 10, "axis": "y", "origin": [25.76155, 1, -2.88206]},
			"faces": {
				"north": {"uv": [11.125, 0, 11, 5], "texture": "#2"},
				"east": {"uv": [5.5, 0, 2.75, 5], "texture": "#2"},
				"south": {"uv": [11.125, 5, 11, 10], "texture": "#2"},
				"west": {"uv": [2.75, 0, 0, 5], "texture": "#2"},
				"up": {"uv": [12, 8.25, 12.125, 5.5], "texture": "#2"},
				"down": {"uv": [12, 8.25, 12.125, 11], "texture": "#2"}
			}
		},
		{
			"from": [28.41593, 1.9, 7.24818],
			"to": [29.01593, 19, 18.14818],
			"rotation": {"angle": 10, "axis": "y", "origin": [30.41593, 1.9, 7.34818]},
			"faces": {
				"north": {"uv": [11.375, 5, 11.25, 9.75], "texture": "#2"},
				"east": {"uv": [8.25, 4.75, 5.5, 9.5], "texture": "#2"},
				"south": {"uv": [11.375, 9.75, 11.25, 14.5], "texture": "#2"},
				"west": {"uv": [8.25, 0, 5.5, 4.75], "texture": "#2"},
				"up": {"uv": [12, 2.75, 12.125, 0], "texture": "#2"},
				"down": {"uv": [12, 2.75, 12.125, 5.5], "texture": "#2"}
			}
		}
	],
	"display": {
		"thirdperson_righthand": {
			"scale": [2.1, 1, 1.31]
		}
	}
}
