{
	"credit": "Made with Blockbench",
	"texture_size": [32, 32],
	"textures": {
		"0": "item/custom/mk/dumbolamp",
		"particle": "item/custom/mk/dumbolamp"
	},
	"elements": [
		{
			"from": [7.2, 0, 7.2],
			"to": [8.8, 6, 8.8],
			"rotation": {"angle": 0, "axis": "y", "origin": [7, 0, 7]},
			"faces": {
				"north": {"uv": [5.5, 0.5, 6.25, 3.5], "texture": "#0"},
				"east": {"uv": [2, 5.5, 2.75, 8.5], "texture": "#0"},
				"south": {"uv": [3, 5.5, 3.75, 8.5], "texture": "#0"},
				"west": {"uv": [4, 5.5, 4.75, 8.5], "texture": "#0"},
				"up": {"uv": [7.75, 8.75, 7, 8], "texture": "#0"},
				"down": {"uv": [8.75, 7.5, 8, 8.25], "texture": "#0"}
			}
		},
		{
			"from": [7.5, 6.6, 7.5],
			"to": [8.5, 24, 8.5],
			"rotation": {"angle": 0, "axis": "y", "origin": [7, 6, 7]},
			"faces": {
				"north": {"uv": [0, 4, 0.5, 12.75], "texture": "#0"},
				"east": {"uv": [0.5, 4, 1, 12.75], "texture": "#0"},
				"south": {"uv": [1, 4, 1.5, 12.75], "texture": "#0"},
				"west": {"uv": [1.5, 4, 2, 12.75], "texture": "#0"},
				"up": {"uv": [11.5, 6.5, 11, 6], "texture": "#0"},
				"down": {"uv": [11.5, 6.5, 11, 7], "texture": "#0"}
			}
		},
		{
			"from": [7, 6, 7],
			"to": [9, 6.6, 9],
			"rotation": {"angle": 0, "axis": "y", "origin": [7, 6, 7]},
			"faces": {
				"north": {"uv": [7, 11, 8, 11.25], "texture": "#0"},
				"east": {"uv": [11, 7, 12, 7.25], "texture": "#0"},
				"south": {"uv": [11, 7.5, 12, 7.75], "texture": "#0"},
				"west": {"uv": [8, 11, 9, 11.25], "texture": "#0"},
				"up": {"uv": [6, 8, 5, 7], "texture": "#0"},
				"down": {"uv": [7, 7, 6, 8], "texture": "#0"}
			}
		},
		{
			"from": [7.3, 7.6, 7.3],
			"to": [8.7, 8.1, 8.7],
			"rotation": {"angle": 0, "axis": "y", "origin": [7, 7.6, 7]},
			"faces": {
				"north": {"uv": [9, 11.5, 9.75, 11.75], "texture": "#0"},
				"east": {"uv": [10, 11.5, 10.75, 11.75], "texture": "#0"},
				"south": {"uv": [11.5, 10, 12.25, 10.25], "texture": "#0"},
				"west": {"uv": [11.5, 10.5, 12.25, 10.75], "texture": "#0"},
				"up": {"uv": [2.75, 9.25, 2, 8.5], "texture": "#0"},
				"down": {"uv": [3.75, 8.5, 3, 9.25], "texture": "#0"}
			}
		},
		{
			"from": [1.8, 21.6, 7.6],
			"to": [14.3, 22.4, 8.4],
			"rotation": {"angle": 0, "axis": "y", "origin": [5, 21, 7]},
			"faces": {
				"north": {"uv": [2, 4, 8.25, 4.5], "texture": "#0"},
				"east": {"uv": [11, 8, 11.5, 8.5], "texture": "#0"},
				"south": {"uv": [2, 4.5, 8.25, 5], "texture": "#0"},
				"west": {"uv": [11, 8.5, 11.5, 9], "texture": "#0"},
				"up": {"uv": [8.25, 5.5, 2, 5], "texture": "#0"},
				"down": {"uv": [11.75, 0, 5.5, 0.5], "texture": "#0"}
			}
		},
		{
			"from": [1.2, 21.5, 7.2],
			"to": [2.7, 22.7, 8.8],
			"rotation": {"angle": 0, "axis": "y", "origin": [0.8, 20.6, 6.9]},
			"faces": {
				"north": {"uv": [8.5, 3.5, 9.25, 4.25], "texture": "#0"},
				"east": {"uv": [4, 8.5, 4.75, 9.25], "texture": "#0"},
				"south": {"uv": [8.5, 4.5, 9.25, 5.25], "texture": "#0"},
				"west": {"uv": [8, 8.5, 8.75, 9.25], "texture": "#0"},
				"up": {"uv": [9.75, 1.25, 9, 0.5], "texture": "#0"},
				"down": {"uv": [9.75, 1.5, 9, 2.25], "texture": "#0"}
			}
		},
		{
			"from": [13.3, 21.5, 7.2],
			"to": [14.8, 22.7, 8.8],
			"rotation": {"angle": 0, "axis": "y", "origin": [12.9, 20.6, 6.9]},
			"faces": {
				"north": {"uv": [9, 2.5, 9.75, 3.25], "texture": "#0"},
				"east": {"uv": [5, 9, 5.75, 9.75], "texture": "#0"},
				"south": {"uv": [9, 5.5, 9.75, 6.25], "texture": "#0"},
				"west": {"uv": [6, 9, 6.75, 9.75], "texture": "#0"},
				"up": {"uv": [9.75, 7.25, 9, 6.5], "texture": "#0"},
				"down": {"uv": [7.75, 9, 7, 9.75], "texture": "#0"}
			}
		},
		{
			"from": [2.5, 18, 8],
			"to": [13.5, 21.7, 8],
			"rotation": {"angle": 0, "axis": "y", "origin": [11, 20, 7]},
			"faces": {
				"north": {"uv": [0, 0, 5.5, 1.75], "texture": "#0"},
				"east": {"uv": [0, 0, 0, 1.75], "texture": "#0"},
				"south": {"uv": [0, 2, 5.5, 3.75], "texture": "#0"},
				"west": {"uv": [0, 0, 0, 1.75], "texture": "#0"},
				"up": {"uv": [5.5, 0, 0, 0], "texture": "#0"},
				"down": {"uv": [5.5, 0, 0, 0], "texture": "#0"}
			}
		},
		{
			"from": [0.6, 18.3, 6.6],
			"to": [3.5, 18.5, 9.4],
			"rotation": {"angle": 0, "axis": "y", "origin": [0.9, 18.3, 6.9]},
			"faces": {
				"north": {"uv": [10.5, 5, 12, 5.25], "texture": "#0"},
				"east": {"uv": [8, 10.5, 9.5, 10.75], "texture": "#0"},
				"south": {"uv": [9.5, 10.5, 11, 10.75], "texture": "#0"},
				"west": {"uv": [11, 0.5, 12.5, 0.75], "texture": "#0"},
				"up": {"uv": [6.5, 7, 5, 5.5], "texture": "#0"},
				"down": {"uv": [8, 0.5, 6.5, 2], "texture": "#0"}
			}
		},
		{
			"from": [12.5, 18.3, 6.6],
			"to": [15.4, 18.5, 9.4],
			"rotation": {"angle": 0, "axis": "y", "origin": [15.1, 18.3, 6.9]},
			"faces": {
				"north": {"uv": [11, 1, 12.5, 1.25], "texture": "#0"},
				"east": {"uv": [11, 1.5, 12.5, 1.75], "texture": "#0"},
				"south": {"uv": [11, 2, 12.5, 2.25], "texture": "#0"},
				"west": {"uv": [11, 2.5, 12.5, 2.75], "texture": "#0"},
				"up": {"uv": [8, 3.5, 6.5, 2], "texture": "#0"},
				"down": {"uv": [8, 5.5, 6.5, 7], "texture": "#0"}
			}
		},
		{
			"from": [1.1, 17.5, 7.2],
			"to": [2.9, 18.4, 8.9],
			"rotation": {"angle": 0, "axis": "y", "origin": [0.9, 16.6, 7]},
			"faces": {
				"north": {"uv": [5.5, 3.5, 6.5, 4], "texture": "#0"},
				"east": {"uv": [11, 3, 11.75, 3.5], "texture": "#0"},
				"south": {"uv": [6.5, 3.5, 7.5, 4], "texture": "#0"},
				"west": {"uv": [5, 11, 5.75, 11.5], "texture": "#0"},
				"up": {"uv": [6, 8.75, 5, 8], "texture": "#0"},
				"down": {"uv": [9, 5.5, 8, 6.25], "texture": "#0"}
			}
		},
		{
			"from": [0.9, 18.5, 7],
			"to": [3.1, 19, 9],
			"rotation": {"angle": 0, "axis": "y", "origin": [1.4, 18.7, 7.2]},
			"faces": {
				"north": {"uv": [9, 11, 10, 11.25], "texture": "#0"},
				"east": {"uv": [11, 9, 12, 9.25], "texture": "#0"},
				"south": {"uv": [11, 9.5, 12, 9.75], "texture": "#0"},
				"west": {"uv": [10, 11, 11, 11.25], "texture": "#0"},
				"up": {"uv": [8, 8, 7, 7], "texture": "#0"},
				"down": {"uv": [9, 0.5, 8, 1.5], "texture": "#0"}
			}
		},
		{
			"from": [1.3, 19, 7.3],
			"to": [2.7, 19.5, 8.7],
			"rotation": {"angle": 0, "axis": "y", "origin": [1.1, 18.8, 7]},
			"faces": {
				"north": {"uv": [11.5, 11, 12.25, 11.25], "texture": "#0"},
				"east": {"uv": [11.5, 11.5, 12.25, 11.75], "texture": "#0"},
				"south": {"uv": [12, 0, 12.75, 0.25], "texture": "#0"},
				"west": {"uv": [12, 3, 12.75, 3.25], "texture": "#0"},
				"up": {"uv": [9.75, 8.25, 9, 7.5], "texture": "#0"},
				"down": {"uv": [9.75, 8.5, 9, 9.25], "texture": "#0"}
			}
		},
		{
			"from": [13.3, 19, 7.3],
			"to": [14.7, 19.5, 8.7],
			"rotation": {"angle": 0, "axis": "y", "origin": [13.1, 18.8, 7]},
			"faces": {
				"north": {"uv": [12, 3.5, 12.75, 3.75], "texture": "#0"},
				"east": {"uv": [12, 4, 12.75, 4.25], "texture": "#0"},
				"south": {"uv": [4.5, 12, 5.25, 12.25], "texture": "#0"},
				"west": {"uv": [12, 5, 12.75, 5.25], "texture": "#0"},
				"up": {"uv": [2.75, 10.25, 2, 9.5], "texture": "#0"},
				"down": {"uv": [3.75, 9.5, 3, 10.25], "texture": "#0"}
			}
		},
		{
			"from": [1.7, 20.4, 7.7],
			"to": [2.3, 22.4, 8.3],
			"rotation": {"angle": 0, "axis": "y", "origin": [0.9, 20.4, 7.4]},
			"faces": {
				"north": {"uv": [11, 10, 11.25, 11], "texture": "#0"},
				"east": {"uv": [11, 11, 11.25, 12], "texture": "#0"},
				"south": {"uv": [2, 11.5, 2.25, 12.5], "texture": "#0"},
				"west": {"uv": [2.5, 11.5, 2.75, 12.5], "texture": "#0"},
				"up": {"uv": [7.25, 12.75, 7, 12.5], "texture": "#0"},
				"down": {"uv": [7.75, 12.5, 7.5, 12.75], "texture": "#0"}
			}
		},
		{
			"from": [13.7, 20.4, 7.7],
			"to": [14.3, 22.4, 8.3],
			"rotation": {"angle": 0, "axis": "y", "origin": [12.9, 20.4, 7.4]},
			"faces": {
				"north": {"uv": [3, 11.5, 3.25, 12.5], "texture": "#0"},
				"east": {"uv": [3.5, 11.5, 3.75, 12.5], "texture": "#0"},
				"south": {"uv": [11.5, 3.5, 11.75, 4.5], "texture": "#0"},
				"west": {"uv": [4, 11.5, 4.25, 12.5], "texture": "#0"},
				"up": {"uv": [8.25, 12.75, 8, 12.5], "texture": "#0"},
				"down": {"uv": [8.75, 12.5, 8.5, 12.75], "texture": "#0"}
			}
		},
		{
			"from": [7.35, 14.85, 7.35],
			"to": [8.65, 16.15, 8.65],
			"rotation": {"angle": 0, "axis": "y", "origin": [7, 14.9, 7]},
			"faces": {
				"north": {"uv": [9.5, 3.5, 10.25, 4.25], "texture": "#0"},
				"east": {"uv": [4, 9.5, 4.75, 10.25], "texture": "#0"},
				"south": {"uv": [9.5, 4.5, 10.25, 5.25], "texture": "#0"},
				"west": {"uv": [8, 9.5, 8.75, 10.25], "texture": "#0"},
				"up": {"uv": [9.75, 10.25, 9, 9.5], "texture": "#0"},
				"down": {"uv": [10.75, 0.5, 10, 1.25], "texture": "#0"}
			}
		},
		{
			"from": [7.35, 21.35, 7.35],
			"to": [8.65, 22.65, 8.65],
			"rotation": {"angle": 0, "axis": "y", "origin": [7, 21.4, 7]},
			"faces": {
				"north": {"uv": [10, 1.5, 10.75, 2.25], "texture": "#0"},
				"east": {"uv": [10, 2.5, 10.75, 3.25], "texture": "#0"},
				"south": {"uv": [5, 10, 5.75, 10.75], "texture": "#0"},
				"west": {"uv": [10, 5.5, 10.75, 6.25], "texture": "#0"},
				"up": {"uv": [6.75, 10.75, 6, 10], "texture": "#0"},
				"down": {"uv": [10.75, 6.5, 10, 7.25], "texture": "#0"}
			}
		},
		{
			"from": [12.9, 18.5, 7],
			"to": [15.1, 19, 9],
			"rotation": {"angle": 0, "axis": "y", "origin": [14.6, 18.7, 7.2]},
			"faces": {
				"north": {"uv": [4.5, 11.5, 5.5, 11.75], "texture": "#0"},
				"east": {"uv": [11.5, 4.5, 12.5, 4.75], "texture": "#0"},
				"south": {"uv": [5.5, 11.5, 6.5, 11.75], "texture": "#0"},
				"west": {"uv": [11.5, 6, 12.5, 6.25], "texture": "#0"},
				"up": {"uv": [9, 2.5, 8, 1.5], "texture": "#0"},
				"down": {"uv": [9, 2.5, 8, 3.5], "texture": "#0"}
			}
		},
		{
			"from": [1.5, 19.5, 7.5],
			"to": [2.5, 20.1, 8.5],
			"rotation": {"angle": 0, "axis": "y", "origin": [1, 19.5, 7]},
			"faces": {
				"north": {"uv": [12.5, 1, 13, 1.25], "texture": "#0"},
				"east": {"uv": [12.5, 1.5, 13, 1.75], "texture": "#0"},
				"south": {"uv": [2, 12.5, 2.5, 12.75], "texture": "#0"},
				"west": {"uv": [12.5, 2, 13, 2.25], "texture": "#0"},
				"up": {"uv": [7, 12, 6.5, 11.5], "texture": "#0"},
				"down": {"uv": [12, 6.5, 11.5, 7], "texture": "#0"}
			}
		},
		{
			"from": [13.5, 19.5, 7.5],
			"to": [14.5, 20.1, 8.5],
			"rotation": {"angle": 0, "axis": "y", "origin": [15, 19.5, 7]},
			"faces": {
				"north": {"uv": [2.5, 12.5, 3, 12.75], "texture": "#0"},
				"east": {"uv": [12.5, 2.5, 13, 2.75], "texture": "#0"},
				"south": {"uv": [3, 12.5, 3.5, 12.75], "texture": "#0"},
				"west": {"uv": [3.5, 12.5, 4, 12.75], "texture": "#0"},
				"up": {"uv": [7.5, 12, 7, 11.5], "texture": "#0"},
				"down": {"uv": [8, 11.5, 7.5, 12], "texture": "#0"}
			}
		},
		{
			"from": [1.2, 20.1, 7.2],
			"to": [2.8, 20.4, 8.8],
			"rotation": {"angle": 0, "axis": "y", "origin": [0.5, 20.1, 7.5]},
			"faces": {
				"north": {"uv": [5.5, 12, 6.25, 12.25], "texture": "#0"},
				"east": {"uv": [12, 5.5, 12.75, 5.75], "texture": "#0"},
				"south": {"uv": [6.5, 12, 7.25, 12.25], "texture": "#0"},
				"west": {"uv": [12, 6.5, 12.75, 6.75], "texture": "#0"},
				"up": {"uv": [7.75, 10.75, 7, 10], "texture": "#0"},
				"down": {"uv": [10.75, 7.5, 10, 8.25], "texture": "#0"}
			}
		},
		{
			"from": [13.2, 20.1, 7.2],
			"to": [14.8, 20.4, 8.8],
			"rotation": {"angle": 0, "axis": "y", "origin": [15.5, 20.1, 7.5]},
			"faces": {
				"north": {"uv": [12, 7, 12.75, 7.25], "texture": "#0"},
				"east": {"uv": [7.5, 12, 8.25, 12.25], "texture": "#0"},
				"south": {"uv": [12, 7.5, 12.75, 7.75], "texture": "#0"},
				"west": {"uv": [12, 8, 12.75, 8.25], "texture": "#0"},
				"up": {"uv": [10.75, 9.25, 10, 8.5], "texture": "#0"},
				"down": {"uv": [10.75, 9.5, 10, 10.25], "texture": "#0"}
			}
		},
		{
			"from": [1.4, 20.4, 7.4],
			"to": [2.6, 20.6, 8.6],
			"rotation": {"angle": 0, "axis": "y", "origin": [1.2, 38.8, 14.6]},
			"faces": {
				"north": {"uv": [4, 12.5, 4.5, 12.75], "texture": "#0"},
				"east": {"uv": [4.5, 12.5, 5, 12.75], "texture": "#0"},
				"south": {"uv": [12.5, 4.5, 13, 4.75], "texture": "#0"},
				"west": {"uv": [5, 12.5, 5.5, 12.75], "texture": "#0"},
				"up": {"uv": [8.5, 12, 8, 11.5], "texture": "#0"},
				"down": {"uv": [12, 8, 11.5, 8.5], "texture": "#0"}
			}
		},
		{
			"from": [13.4, 20.4, 7.4],
			"to": [14.6, 20.6, 8.6],
			"rotation": {"angle": 0, "axis": "y", "origin": [14.8, 38.8, 14.6]},
			"faces": {
				"north": {"uv": [5.5, 12.5, 6, 12.75], "texture": "#0"},
				"east": {"uv": [6, 12.5, 6.5, 12.75], "texture": "#0"},
				"south": {"uv": [12.5, 6, 13, 6.25], "texture": "#0"},
				"west": {"uv": [6.5, 12.5, 7, 12.75], "texture": "#0"},
				"up": {"uv": [9, 12, 8.5, 11.5], "texture": "#0"},
				"down": {"uv": [12, 8.5, 11.5, 9], "texture": "#0"}
			}
		},
		{
			"from": [1.8, 22.7, 7.8],
			"to": [2.3, 23, 8.3],
			"rotation": {"angle": 0, "axis": "y", "origin": [1.5, 43.5, 14.5]},
			"faces": {
				"north": {"uv": [9, 12.5, 9.25, 12.75], "texture": "#0"},
				"east": {"uv": [9.5, 12.5, 9.75, 12.75], "texture": "#0"},
				"south": {"uv": [10, 12.5, 10.25, 12.75], "texture": "#0"},
				"west": {"uv": [12.5, 10, 12.75, 10.25], "texture": "#0"},
				"up": {"uv": [10.75, 12.75, 10.5, 12.5], "texture": "#0"},
				"down": {"uv": [12.75, 10.5, 12.5, 10.75], "texture": "#0"}
			}
		},
		{
			"from": [1.7, 23, 7.7],
			"to": [2.4, 23.5, 8.4],
			"rotation": {"angle": 0, "axis": "y", "origin": [2.7, 44.1, 15.5]},
			"faces": {
				"north": {"uv": [11, 12.5, 11.25, 12.75], "texture": "#0"},
				"east": {"uv": [12.5, 11, 12.75, 11.25], "texture": "#0"},
				"south": {"uv": [11.5, 12.5, 11.75, 12.75], "texture": "#0"},
				"west": {"uv": [12.5, 11.5, 12.75, 11.75], "texture": "#0"},
				"up": {"uv": [12.25, 12.75, 12, 12.5], "texture": "#0"},
				"down": {"uv": [12.75, 12, 12.5, 12.25], "texture": "#0"}
			}
		},
		{
			"from": [1.8, 23.5, 7.8],
			"to": [2.3, 23.8, 8.3],
			"rotation": {"angle": 0, "axis": "y", "origin": [2.5, 45.1, 15.3]},
			"faces": {
				"north": {"uv": [12.5, 12.5, 12.75, 12.75], "texture": "#0"},
				"east": {"uv": [0, 13, 0.25, 13.25], "texture": "#0"},
				"south": {"uv": [13, 0, 13.25, 0.25], "texture": "#0"},
				"west": {"uv": [0.5, 13, 0.75, 13.25], "texture": "#0"},
				"up": {"uv": [1.25, 13.25, 1, 13], "texture": "#0"},
				"down": {"uv": [13.25, 1, 13, 1.25], "texture": "#0"}
			}
		},
		{
			"from": [7.75, 24, 7.8],
			"to": [8.25, 24.3, 8.3],
			"rotation": {"angle": 0, "axis": "y", "origin": [7.45, 44.8, 14.5]},
			"faces": {
				"north": {"uv": [1.5, 13, 1.75, 13.25], "texture": "#0"},
				"east": {"uv": [13, 1.5, 13.25, 1.75], "texture": "#0"},
				"south": {"uv": [2, 13, 2.25, 13.25], "texture": "#0"},
				"west": {"uv": [13, 2, 13.25, 2.25], "texture": "#0"},
				"up": {"uv": [2.75, 13.25, 2.5, 13], "texture": "#0"},
				"down": {"uv": [13.25, 2.5, 13, 2.75], "texture": "#0"}
			}
		},
		{
			"from": [7.75, 24.8, 7.8],
			"to": [8.25, 25.1, 8.3],
			"rotation": {"angle": 0, "axis": "y", "origin": [8.45, 46.4, 15.3]},
			"faces": {
				"north": {"uv": [3, 13, 3.25, 13.25], "texture": "#0"},
				"east": {"uv": [13, 3, 13.25, 3.25], "texture": "#0"},
				"south": {"uv": [3.5, 13, 3.75, 13.25], "texture": "#0"},
				"west": {"uv": [13, 3.5, 13.25, 3.75], "texture": "#0"},
				"up": {"uv": [4.25, 13.25, 4, 13], "texture": "#0"},
				"down": {"uv": [13.25, 4, 13, 4.25], "texture": "#0"}
			}
		},
		{
			"from": [7.65, 24.3, 7.7],
			"to": [8.35, 24.8, 8.4],
			"rotation": {"angle": 0, "axis": "y", "origin": [8.65, 45.4, 15.5]},
			"faces": {
				"north": {"uv": [4.5, 13, 4.75, 13.25], "texture": "#0"},
				"east": {"uv": [13, 4.5, 13.25, 4.75], "texture": "#0"},
				"south": {"uv": [5, 13, 5.25, 13.25], "texture": "#0"},
				"west": {"uv": [13, 5, 13.25, 5.25], "texture": "#0"},
				"up": {"uv": [5.75, 13.25, 5.5, 13], "texture": "#0"},
				"down": {"uv": [13.25, 5.5, 13, 5.75], "texture": "#0"}
			}
		},
		{
			"from": [13.6, 23, 7.7],
			"to": [14.3, 23.5, 8.4],
			"rotation": {"angle": 0, "axis": "y", "origin": [13.3, 44.1, 15.5]},
			"faces": {
				"north": {"uv": [6, 13, 6.25, 13.25], "texture": "#0"},
				"east": {"uv": [13, 6, 13.25, 6.25], "texture": "#0"},
				"south": {"uv": [6.5, 13, 6.75, 13.25], "texture": "#0"},
				"west": {"uv": [13, 6.5, 13.25, 6.75], "texture": "#0"},
				"up": {"uv": [7.25, 13.25, 7, 13], "texture": "#0"},
				"down": {"uv": [13.25, 7, 13, 7.25], "texture": "#0"}
			}
		},
		{
			"from": [13.7, 23.5, 7.8],
			"to": [14.2, 23.8, 8.3],
			"rotation": {"angle": 0, "axis": "y", "origin": [13.5, 45.1, 15.3]},
			"faces": {
				"north": {"uv": [7.5, 13, 7.75, 13.25], "texture": "#0"},
				"east": {"uv": [13, 7.5, 13.25, 7.75], "texture": "#0"},
				"south": {"uv": [8, 13, 8.25, 13.25], "texture": "#0"},
				"west": {"uv": [13, 8, 13.25, 8.25], "texture": "#0"},
				"up": {"uv": [8.75, 13.25, 8.5, 13], "texture": "#0"},
				"down": {"uv": [13.25, 8.5, 13, 8.75], "texture": "#0"}
			}
		},
		{
			"from": [13.7, 22.7, 7.8],
			"to": [14.2, 23, 8.3],
			"rotation": {"angle": 0, "axis": "y", "origin": [14.5, 43.5, 14.5]},
			"faces": {
				"north": {"uv": [9, 13, 9.25, 13.25], "texture": "#0"},
				"east": {"uv": [13, 9, 13.25, 9.25], "texture": "#0"},
				"south": {"uv": [9.5, 13, 9.75, 13.25], "texture": "#0"},
				"west": {"uv": [13, 9.5, 13.25, 9.75], "texture": "#0"},
				"up": {"uv": [10.25, 13.25, 10, 13], "texture": "#0"},
				"down": {"uv": [13.25, 10, 13, 10.25], "texture": "#0"}
			}
		},
		{
			"from": [1.3, 16.95, 7.4],
			"to": [2.7, 17.55, 8.7],
			"rotation": {"angle": 0, "axis": "y", "origin": [1.1, 15.55, 7]},
			"faces": {
				"north": {"uv": [8.5, 12, 9.25, 12.25], "texture": "#0"},
				"east": {"uv": [12, 8.5, 12.75, 8.75], "texture": "#0"},
				"south": {"uv": [12, 9, 12.75, 9.25], "texture": "#0"},
				"west": {"uv": [9.5, 12, 10.25, 12.25], "texture": "#0"},
				"up": {"uv": [2.75, 11.25, 2, 10.5], "texture": "#0"},
				"down": {"uv": [3.75, 10.5, 3, 11.25], "texture": "#0"}
			}
		},
		{
			"from": [13.1, 17.5, 7.2],
			"to": [14.9, 18.4, 8.9],
			"rotation": {"angle": 0, "axis": "y", "origin": [12.9, 16.6, 7]},
			"faces": {
				"north": {"uv": [7.5, 3.5, 8.5, 4], "texture": "#0"},
				"east": {"uv": [11, 5.5, 11.75, 6], "texture": "#0"},
				"south": {"uv": [10.5, 4.5, 11.5, 5], "texture": "#0"},
				"west": {"uv": [6, 11, 6.75, 11.5], "texture": "#0"},
				"up": {"uv": [7, 8.75, 6, 8], "texture": "#0"},
				"down": {"uv": [9, 6.5, 8, 7.25], "texture": "#0"}
			}
		},
		{
			"from": [13.3, 16.95, 7.4],
			"to": [14.7, 17.55, 8.7],
			"rotation": {"angle": 0, "axis": "y", "origin": [13.1, 15.55, 7]},
			"faces": {
				"north": {"uv": [12, 9.5, 12.75, 9.75], "texture": "#0"},
				"east": {"uv": [10.5, 12, 11.25, 12.25], "texture": "#0"},
				"south": {"uv": [11.5, 12, 12.25, 12.25], "texture": "#0"},
				"west": {"uv": [12.5, 0.5, 13.25, 0.75], "texture": "#0"},
				"up": {"uv": [11.25, 4.25, 10.5, 3.5], "texture": "#0"},
				"down": {"uv": [4.75, 10.5, 4, 11.25], "texture": "#0"}
			}
		}
	]
}
