{
	"credit": "Made with Blockbench",
	"texture_size": [32, 32],
	"textures": {
		"3": "item/custom/mk/dumbolightninglane"
	},
	"elements": [
		{
			"from": [-1, 0, 7.9],
			"to": [11.5, 4.2, 7.9],
			"rotation": {"angle": 0, "axis": "y", "origin": [4, 0, 6.9]},
			"faces": {
				"north": {"uv": [6, 0, 12.25, 2.09375], "texture": "#3"},
				"east": {"uv": [0, 0, 0, 2.09375], "texture": "#3"},
				"south": {"uv": [6, 2.5, 12.25, 4.59375], "texture": "#3"},
				"west": {"uv": [0, 0, 0, 2.09375], "texture": "#3"},
				"up": {"uv": [6.25, 0, 0, 0], "texture": "#3"},
				"down": {"uv": [6.25, 0, 0, 0], "texture": "#3"}
			}
		},
		{
			"from": [2, 3.7, 8],
			"to": [15, 7.7, 8],
			"rotation": {"angle": 0, "axis": "y", "origin": [7, 3.7, 7]},
			"faces": {
				"north": {"uv": [6, 5, 12.5, 7], "texture": "#3"},
				"east": {"uv": [0, 0, 0, 2], "texture": "#3"},
				"south": {"uv": [6, 7, 12.5, 9], "texture": "#3"},
				"west": {"uv": [0, 0, 0, 2], "texture": "#3"},
				"up": {"uv": [6.5, 0, 0, 0], "texture": "#3"},
				"down": {"uv": [6.5, 0, 0, 0], "texture": "#3"}
			}
		},
		{
			"from": [2, 6.8, 8.1],
			"to": [14, 16.8, 8.1],
			"rotation": {"angle": 0, "axis": "y", "origin": [7, 6.8, 7.1]},
			"faces": {
				"north": {"uv": [0, 0, 6, 5], "texture": "#3"},
				"east": {"uv": [0, 0, 0, 5], "texture": "#3"},
				"south": {"uv": [0, 5, 6, 10], "texture": "#3"},
				"west": {"uv": [0, 0, 0, 5], "texture": "#3"},
				"up": {"uv": [6, 0, 0, 0], "texture": "#3"},
				"down": {"uv": [6, 0, 0, 0], "texture": "#3"}
			}
		}
	]
}
