{
	"credit": "Made with Blockbench",
	"texture_size": [32, 32],
	"textures": {
		"0": "item/custom/mk/dumbo_d",
		"particle": "item/custom/mk/dumbo_d"
	},
	"elements": [
		{
			"from": [-11.72414, 0, 0],
			"to": [10.41379, 12.34483, 0],
			"faces": {
				"north": {"uv": [0, 0, 11, 6.25], "texture": "#0"},
				"east": {"uv": [0, 0, 0, 6.25], "texture": "#0"},
				"south": {"uv": [0, 6.5, 11, 12.75], "texture": "#0"},
				"west": {"uv": [0, 0, 0, 6.25], "texture": "#0"},
				"up": {"uv": [11, 0, 0, 0], "texture": "#0"},
				"down": {"uv": [11, 0, 0, 0], "texture": "#0"}
			}
		},
		{
			"from": [0.93793, 10.98966, -0.2],
			"to": [1.53793, 11.58966, 0.4],
			"rotation": {"angle": 0, "axis": "y", "origin": [-0.86207, 9.78966, -0.2]},
			"faces": {
				"north": {"uv": [3.27586, 1.96552, 3.36897, 2.26552], "texture": "#0"},
				"east": {"uv": [3.27586, 1.93103, 3.36897, 2.23103], "texture": "#0"},
				"south": {"uv": [3.31034, 2.03448, 3.43793, 2.19655], "texture": "#0"},
				"west": {"uv": [3.31034, 2.17241, 3.43793, 2.47241], "texture": "#0"},
				"up": {"uv": [3.31034, 2.06897, 3.40345, 2.36897], "texture": "#0"},
				"down": {"uv": [3.31034, 1.82759, 3.40345, 2.12759], "texture": "#0"}
			}
		},
		{
			"from": [-2.86207, 10.98966, -0.2],
			"to": [-2.26207, 11.58966, 0.4],
			"rotation": {"angle": 0, "axis": "y", "origin": [-4.66207, 9.78966, -0.2]},
			"faces": {
				"north": {"uv": [3.27586, 1.96552, 3.36897, 2.26552], "texture": "#0"},
				"east": {"uv": [3.27586, 1.93103, 3.36897, 2.23103], "texture": "#0"},
				"south": {"uv": [3.31034, 2.03448, 3.43793, 2.19655], "texture": "#0"},
				"west": {"uv": [3.31034, 2.17241, 3.43793, 2.47241], "texture": "#0"},
				"up": {"uv": [3.31034, 2.06897, 3.40345, 2.36897], "texture": "#0"},
				"down": {"uv": [3.31034, 1.82759, 3.40345, 2.12759], "texture": "#0"}
			}
		},
		{
			"from": [3.03793, 10.58966, -0.2],
			"to": [3.63793, 11.18966, 0.4],
			"rotation": {"angle": 0, "axis": "y", "origin": [1.23793, 9.38966, -0.2]},
			"faces": {
				"north": {"uv": [3.27586, 1.96552, 3.36897, 2.26552], "texture": "#0"},
				"east": {"uv": [3.27586, 1.93103, 3.36897, 2.23103], "texture": "#0"},
				"south": {"uv": [3.31034, 2.03448, 3.43793, 2.19655], "texture": "#0"},
				"west": {"uv": [3.31034, 2.17241, 3.43793, 2.47241], "texture": "#0"},
				"up": {"uv": [3.31034, 2.06897, 3.40345, 2.36897], "texture": "#0"},
				"down": {"uv": [3.31034, 1.82759, 3.40345, 2.12759], "texture": "#0"}
			}
		},
		{
			"from": [-4.46207, 10.58966, -0.2],
			"to": [-3.86207, 11.18966, 0.4],
			"rotation": {"angle": 0, "axis": "y", "origin": [-6.26207, 9.38966, -0.2]},
			"faces": {
				"north": {"uv": [3.27586, 1.96552, 3.36897, 2.26552], "texture": "#0"},
				"east": {"uv": [3.27586, 1.93103, 3.36897, 2.23103], "texture": "#0"},
				"south": {"uv": [3.31034, 2.03448, 3.43793, 2.19655], "texture": "#0"},
				"west": {"uv": [3.31034, 2.17241, 3.43793, 2.47241], "texture": "#0"},
				"up": {"uv": [3.31034, 2.06897, 3.40345, 2.36897], "texture": "#0"},
				"down": {"uv": [3.31034, 1.82759, 3.40345, 2.12759], "texture": "#0"}
			}
		},
		{
			"from": [-0.76207, 11.08966, -0.2],
			"to": [-0.06207, 11.68966, 0.4],
			"rotation": {"angle": 0, "axis": "y", "origin": [-2.46207, 9.88966, -0.2]},
			"faces": {
				"north": {"uv": [3.27586, 1.96552, 3.36897, 2.26552], "texture": "#0"},
				"east": {"uv": [3.27586, 1.93103, 3.36897, 2.23103], "texture": "#0"},
				"south": {"uv": [3.31034, 2.03448, 3.43793, 2.19655], "texture": "#0"},
				"west": {"uv": [3.31034, 2.17241, 3.43793, 2.47241], "texture": "#0"},
				"up": {"uv": [3.31034, 2.06897, 3.40345, 2.36897], "texture": "#0"},
				"down": {"uv": [3.31034, 1.82759, 3.40345, 2.12759], "texture": "#0"}
			}
		}
	]
}
