{
	"credit": "Made with Blockbench",
	"texture_size": [64, 64],
	"textures": {
		"2": "item/custom/mk/dumbo",
		"particle": "item/custom/mk/dumbo"
	},
	"elements": [
		{
			"from": [6.6, 1.8, 2],
			"to": [9.4, 4.6, 4.4],
			"rotation": {"angle": 0, "axis": "y", "origin": [6.8, 2, 2]},
			"faces": {
				"north": {"uv": [3.5, 0, 4.1875, 0.6875], "texture": "#2"},
				"east": {"uv": [3.5, 2.25, 4.125, 2.9375], "texture": "#2"},
				"south": {"uv": [3.5, 0.75, 4.1875, 1.4375], "texture": "#2"},
				"west": {"uv": [2, 3.75, 2.625, 4.4375], "texture": "#2"},
				"up": {"uv": [3.4375, 4.375, 2.75, 3.75], "texture": "#2"},
				"down": {"uv": [4.1875, 3.75, 3.5, 4.375], "texture": "#2"}
			}
		},
		{
			"from": [6.4, 1.7, 1.8],
			"to": [9.6, 2.7, 3],
			"rotation": {"angle": 0, "axis": "y", "origin": [6, 0.8, 1]},
			"faces": {
				"north": {"uv": [5.25, 1, 6.0625, 1.25], "texture": "#2"},
				"east": {"uv": [7.5, 5.5, 7.8125, 5.75], "texture": "#2"},
				"south": {"uv": [5.5, 4.25, 6.3125, 4.5], "texture": "#2"},
				"west": {"uv": [7.75, 0.5, 8.0625, 0.75], "texture": "#2"},
				"up": {"uv": [6.0625, 3.0625, 5.25, 2.75], "texture": "#2"},
				"down": {"uv": [6.0625, 4.75, 5.25, 5.0625], "texture": "#2"}
			}
		},
		{
			"from": [7.4, 1.7, 1.7],
			"to": [8.6, 2.9, 2.8],
			"rotation": {"angle": -22.5, "axis": "x", "origin": [7, 1.3, 0.7]},
			"faces": {
				"north": {"uv": [7, 6.25, 7.3125, 6.5625], "texture": "#2"},
				"east": {"uv": [1, 7.75, 1.25, 8.0625], "texture": "#2"},
				"south": {"uv": [7, 6.75, 7.3125, 7.0625], "texture": "#2"},
				"west": {"uv": [1.25, 7.75, 1.5, 8.0625], "texture": "#2"},
				"up": {"uv": [8.0625, 1, 7.75, 0.75], "texture": "#2"},
				"down": {"uv": [8.0625, 1.25, 7.75, 1.5], "texture": "#2"}
			}
		},
		{
			"from": [7.5, 2.1685, 0.24985],
			"to": [8.5, 3.2685, 1.44985],
			"rotation": {"angle": 0, "axis": "y", "origin": [7.5, 1.0685, -0.95015]},
			"faces": {
				"north": {"uv": [2.25, 2.75, 2.5, 3], "texture": "#2"},
				"east": {"uv": [1.5, 7.75, 1.8125, 8], "texture": "#2"},
				"south": {"uv": [1, 3.25, 1.25, 3.5], "texture": "#2"},
				"west": {"uv": [7.75, 1.5, 8.0625, 1.75], "texture": "#2"},
				"up": {"uv": [8, 2.0625, 7.75, 1.75], "texture": "#2"},
				"down": {"uv": [2.25, 7.75, 2, 8.0625], "texture": "#2"}
			}
		},
		{
			"from": [7.6, 3.03387, -0.5979],
			"to": [8.4, 4.03387, 0.4021],
			"rotation": {"angle": 22.5, "axis": "x", "origin": [7.6, 3.03387, -1.5979]},
			"faces": {
				"north": {"uv": [6.25, 7, 6.4375, 7.25], "texture": "#2"},
				"east": {"uv": [2, 3.5, 2.25, 3.75], "texture": "#2"},
				"south": {"uv": [7, 7.75, 7.1875, 8], "texture": "#2"},
				"west": {"uv": [0.75, 4, 1, 4.25], "texture": "#2"},
				"up": {"uv": [7.9375, 7.25, 7.75, 7], "texture": "#2"},
				"down": {"uv": [7.4375, 7.75, 7.25, 8], "texture": "#2"}
			}
		},
		{
			"from": [7.7, 4.15779, -0.64997],
			"to": [8.3, 5.05779, -0.04997],
			"rotation": {"angle": 45, "axis": "x", "origin": [7.7, 4.15779, -2.04997]},
			"faces": {
				"north": {"uv": [8, 7.75, 8.125, 8], "texture": "#2"},
				"east": {"uv": [8, 8, 8.125, 8.25], "texture": "#2"},
				"south": {"uv": [8.25, 0.25, 8.375, 0.5], "texture": "#2"},
				"west": {"uv": [8.25, 0.5, 8.375, 0.75], "texture": "#2"},
				"up": {"uv": [8.375, 4.125, 8.25, 4], "texture": "#2"},
				"down": {"uv": [4.375, 8.25, 4.25, 8.375], "texture": "#2"}
			}
		},
		{
			"from": [7.8, 2.52492, -1.36865],
			"to": [8.2, 3.42492, -0.96865],
			"rotation": {"angle": 22.5, "axis": "x", "origin": [7.8, 1.97821, 0.36347]},
			"faces": {
				"north": {"uv": [8.25, 0.75, 8.375, 1], "texture": "#2"},
				"east": {"uv": [1, 8.25, 1.125, 8.5], "texture": "#2"},
				"south": {"uv": [8.25, 1, 8.375, 1.25], "texture": "#2"},
				"west": {"uv": [1.25, 8.25, 1.375, 8.5], "texture": "#2"},
				"up": {"uv": [8.375, 4.375, 8.25, 4.25], "texture": "#2"},
				"down": {"uv": [4.625, 8.25, 4.5, 8.375], "texture": "#2"}
			}
		},
		{
			"from": [3.7, 4, 1.7],
			"to": [7, 4, 3.7],
			"rotation": {"angle": 22.5, "axis": "x", "origin": [4.6, 2.4, 1.5]},
			"faces": {
				"north": {"uv": [0, 0, 0.8125, 0], "texture": "#2"},
				"east": {"uv": [0, 0, 0.5, 0], "texture": "#2"},
				"south": {"uv": [0, 0, 0.8125, 0], "texture": "#2"},
				"west": {"uv": [0, 0, 0.5, 0], "texture": "#2"},
				"up": {"uv": [1.5625, 4.75, 0.75, 4.25], "texture": "#2"},
				"down": {"uv": [5.0625, 0.75, 4.25, 1.25], "texture": "#2"}
			}
		},
		{
			"from": [9, 4, 1.7],
			"to": [12.3, 4, 3.7],
			"rotation": {"angle": 22.5, "axis": "x", "origin": [11.4, 2.4, 1.5]},
			"faces": {
				"north": {"uv": [0, 0, 0.8125, 0], "texture": "#2"},
				"east": {"uv": [0, 0, 0.5, 0], "texture": "#2"},
				"south": {"uv": [0, 0, 0.8125, 0], "texture": "#2"},
				"west": {"uv": [0, 0, 0.5, 0], "texture": "#2"},
				"up": {"uv": [5.0625, 2.75, 4.25, 2.25], "texture": "#2"},
				"down": {"uv": [5.0625, 2.75, 4.25, 3.25], "texture": "#2"}
			}
		},
		{
			"from": [7.3, 4.6, 1.8],
			"to": [8.7, 5.2, 3.3],
			"rotation": {"angle": 0, "axis": "y", "origin": [7, 4.6, 2.1]},
			"faces": {
				"north": {"uv": [7.75, 7.25, 8.125, 7.375], "texture": "#2"},
				"east": {"uv": [7.5, 7.75, 7.875, 7.875], "texture": "#2"},
				"south": {"uv": [7.75, 7.5, 8.125, 7.625], "texture": "#2"},
				"west": {"uv": [8, 0, 8.375, 0.125], "texture": "#2"},
				"up": {"uv": [5.125, 6.375, 4.75, 6], "texture": "#2"},
				"down": {"uv": [6.375, 5.25, 6, 5.625], "texture": "#2"}
			}
		},
		{
			"from": [7.4, 5.2, 1.9],
			"to": [8.6, 5.7, 3.2],
			"rotation": {"angle": 0, "axis": "y", "origin": [7, 5, 1.7]},
			"faces": {
				"north": {"uv": [8, 5.5, 8.3125, 5.625], "texture": "#2"},
				"east": {"uv": [8, 6, 8.3125, 6.125], "texture": "#2"},
				"south": {"uv": [8, 6.25, 8.3125, 6.375], "texture": "#2"},
				"west": {"uv": [8, 6.5, 8.3125, 6.625], "texture": "#2"},
				"up": {"uv": [0.3125, 7.5625, 0, 7.25], "texture": "#2"},
				"down": {"uv": [0.8125, 7.25, 0.5, 7.5625], "texture": "#2"}
			}
		},
		{
			"from": [7.5, 5.7, 2],
			"to": [8.5, 6.3, 3.2],
			"rotation": {"angle": 22.5, "axis": "x", "origin": [6.6, 5.7, 1.9]},
			"faces": {
				"north": {"uv": [8.25, 1.25, 8.5, 1.375], "texture": "#2"},
				"east": {"uv": [8, 6.75, 8.3125, 6.875], "texture": "#2"},
				"south": {"uv": [1.5, 8.25, 1.75, 8.375], "texture": "#2"},
				"west": {"uv": [7, 8, 7.3125, 8.125], "texture": "#2"},
				"up": {"uv": [2.5, 8.0625, 2.25, 7.75], "texture": "#2"},
				"down": {"uv": [8, 2.25, 7.75, 2.5625], "texture": "#2"}
			}
		},
		{
			"from": [7.6, 4.54627, 7.43477],
			"to": [8.4, 5.54627, 8.23477],
			"rotation": {"angle": 45, "axis": "x", "origin": [15, 11.43212, 6.744]},
			"faces": {
				"north": {"uv": [8, 0.25, 8.1875, 0.5], "texture": "#2"},
				"east": {"uv": [8, 1, 8.1875, 1.25], "texture": "#2"},
				"south": {"uv": [1.5, 8, 1.6875, 8.25], "texture": "#2"},
				"west": {"uv": [1.75, 8, 1.9375, 8.25], "texture": "#2"},
				"up": {"uv": [8.1875, 7.1875, 8, 7], "texture": "#2"},
				"down": {"uv": [7.9375, 8, 7.75, 8.1875], "texture": "#2"}
			}
		},
		{
			"from": [6.7, 1.85224, 3.63463],
			"to": [9.3, 4.65224, 5.13463],
			"rotation": {"angle": 22.5, "axis": "x", "origin": [6.6, 2.75224, 3.63463]},
			"faces": {
				"north": {"uv": [0, 4, 0.625, 4.6875], "texture": "#2"},
				"east": {"uv": [4.25, 5.25, 4.625, 5.9375], "texture": "#2"},
				"south": {"uv": [4.25, 0, 4.875, 0.6875], "texture": "#2"},
				"west": {"uv": [4.75, 5.25, 5.125, 5.9375], "texture": "#2"},
				"up": {"uv": [5.875, 5.625, 5.25, 5.25], "texture": "#2"},
				"down": {"uv": [1.625, 5.5, 1, 5.875], "texture": "#2"}
			}
		},
		{
			"from": [6, 1.2, 4.6],
			"to": [10, 4.3, 5.8],
			"rotation": {"angle": 0, "axis": "y", "origin": [7, 2.2, 4.6]},
			"faces": {
				"north": {"uv": [2.5, 0, 3.5, 0.75], "texture": "#2"},
				"east": {"uv": [1.75, 5.5, 2.0625, 6.25], "texture": "#2"},
				"south": {"uv": [2.5, 0.75, 3.5, 1.5], "texture": "#2"},
				"west": {"uv": [2.25, 5.5, 2.5625, 6.25], "texture": "#2"},
				"up": {"uv": [4.25, 5.3125, 3.25, 5], "texture": "#2"},
				"down": {"uv": [1, 5.25, 0, 5.5625], "texture": "#2"}
			}
		},
		{
			"from": [5.6, -0.1, 4.2],
			"to": [7.2, 1.5, 5.9],
			"rotation": {"angle": 0, "axis": "y", "origin": [5.4, -0.3, 4]},
			"faces": {
				"north": {"uv": [0, 6.25, 0.375, 6.625], "texture": "#2"},
				"east": {"uv": [0.5, 5.75, 0.9375, 6.125], "texture": "#2"},
				"south": {"uv": [0.5, 6.25, 0.875, 6.625], "texture": "#2"},
				"west": {"uv": [5.75, 1.5, 6.1875, 1.875], "texture": "#2"},
				"up": {"uv": [5.625, 6.1875, 5.25, 5.75], "texture": "#2"},
				"down": {"uv": [6.125, 5.75, 5.75, 6.1875], "texture": "#2"}
			}
		},
		{
			"from": [5.7, 0.62997, 2.92884],
			"to": [7.1, 2.02997, 4.22884],
			"rotation": {"angle": 22.5, "axis": "x", "origin": [5.4, 0.32997, 2.52884]},
			"faces": {
				"north": {"uv": [6.25, 0.5, 6.625, 0.875], "texture": "#2"},
				"east": {"uv": [6.5, 5.25, 6.8125, 5.625], "texture": "#2"},
				"south": {"uv": [1.5, 6.25, 1.875, 6.625], "texture": "#2"},
				"west": {"uv": [6.5, 6.25, 6.8125, 6.625], "texture": "#2"},
				"up": {"uv": [0.375, 7.0625, 0, 6.75], "texture": "#2"},
				"down": {"uv": [0.875, 6.75, 0.5, 7.0625], "texture": "#2"}
			}
		},
		{
			"from": [8.9, 0.62997, 2.92884],
			"to": [10.3, 2.02997, 4.22884],
			"rotation": {"angle": 22.5, "axis": "x", "origin": [10.6, 0.32997, 2.52884]},
			"faces": {
				"north": {"uv": [6.25, 1.5, 6.625, 1.875], "texture": "#2"},
				"east": {"uv": [6.75, 0.5, 7.0625, 0.875], "texture": "#2"},
				"south": {"uv": [2, 6.25, 2.375, 6.625], "texture": "#2"},
				"west": {"uv": [1.5, 6.75, 1.8125, 7.125], "texture": "#2"},
				"up": {"uv": [7.125, 1.8125, 6.75, 1.5], "texture": "#2"},
				"down": {"uv": [2.375, 6.75, 2, 7.0625], "texture": "#2"}
			}
		},
		{
			"from": [5.8, 0.34749, 2.34896],
			"to": [7, 1.64749, 3.54896],
			"rotation": {"angle": 0, "axis": "y", "origin": [5.4, 0.14749, 1.94896]},
			"faces": {
				"north": {"uv": [7.25, 0.5, 7.5625, 0.8125], "texture": "#2"},
				"east": {"uv": [1, 7.25, 1.3125, 7.5625], "texture": "#2"},
				"south": {"uv": [7.25, 1.25, 7.5625, 1.5625], "texture": "#2"},
				"west": {"uv": [1.5, 7.25, 1.8125, 7.5625], "texture": "#2"},
				"up": {"uv": [7.5625, 2.0625, 7.25, 1.75], "texture": "#2"},
				"down": {"uv": [2.3125, 7.25, 2, 7.5625], "texture": "#2"}
			}
		},
		{
			"from": [9, 0.34749, 2.34896],
			"to": [10.2, 1.64749, 3.54896],
			"rotation": {"angle": 0, "axis": "y", "origin": [10.6, 0.14749, 1.94896]},
			"faces": {
				"north": {"uv": [7.25, 2.25, 7.5625, 2.5625], "texture": "#2"},
				"east": {"uv": [2.5, 7.25, 2.8125, 7.5625], "texture": "#2"},
				"south": {"uv": [7.25, 2.75, 7.5625, 3.0625], "texture": "#2"},
				"west": {"uv": [3, 7.25, 3.3125, 7.5625], "texture": "#2"},
				"up": {"uv": [7.5625, 3.5625, 7.25, 3.25], "texture": "#2"},
				"down": {"uv": [4.3125, 7.25, 4, 7.5625], "texture": "#2"}
			}
		},
		{
			"from": [5.7, -0.28094, 3.34896],
			"to": [7.1, 0.81906, 4.34896],
			"rotation": {"angle": -45, "axis": "x", "origin": [5.8, -1.18094, 2.34896]},
			"faces": {
				"north": {"uv": [1.25, 4.75, 1.625, 5], "texture": "#2"},
				"east": {"uv": [4.25, 1.25, 4.5, 1.5], "texture": "#2"},
				"south": {"uv": [5.75, 2, 6.125, 2.25], "texture": "#2"},
				"west": {"uv": [1.75, 4.25, 2, 4.5], "texture": "#2"},
				"up": {"uv": [7.375, 5.75, 7, 5.5], "texture": "#2"},
				"down": {"uv": [7.625, 3.75, 7.25, 4], "texture": "#2"}
			}
		},
		{
			"from": [8.9, -0.28094, 3.34896],
			"to": [10.3, 0.81906, 4.34896],
			"rotation": {"angle": -45, "axis": "x", "origin": [10.2, -1.18094, 2.34896]},
			"faces": {
				"north": {"uv": [5, 7.25, 5.375, 7.5], "texture": "#2"},
				"east": {"uv": [5, 0.5, 5.25, 0.75], "texture": "#2"},
				"south": {"uv": [5.5, 7.25, 5.875, 7.5], "texture": "#2"},
				"west": {"uv": [1, 5.25, 1.25, 5.5], "texture": "#2"},
				"up": {"uv": [7.625, 6, 7.25, 5.75], "texture": "#2"},
				"down": {"uv": [6.375, 7.25, 6, 7.5], "texture": "#2"}
			}
		},
		{
			"from": [5.8, 0.1, 5.8],
			"to": [10.2, 1.3, 10],
			"rotation": {"angle": 0, "axis": "y", "origin": [6, 0, 6]},
			"faces": {
				"north": {"uv": [1.75, 4.5, 2.875, 4.8125], "texture": "#2"},
				"east": {"uv": [3, 4.5, 4.0625, 4.8125], "texture": "#2"},
				"south": {"uv": [4.5, 1.75, 5.625, 2.0625], "texture": "#2"},
				"west": {"uv": [0, 4.75, 1.0625, 5.0625], "texture": "#2"},
				"up": {"uv": [1.125, 1.0625, 0, 0], "texture": "#2"},
				"down": {"uv": [1.125, 1.25, 0, 2.3125], "texture": "#2"}
			}
		},
		{
			"from": [8.8, -0.1, 4.2],
			"to": [10.4, 1.5, 5.9],
			"rotation": {"angle": 0, "axis": "y", "origin": [10.8, 0, 4]},
			"faces": {
				"north": {"uv": [6.25, 2, 6.625, 2.375], "texture": "#2"},
				"east": {"uv": [6, 0, 6.4375, 0.375], "texture": "#2"},
				"south": {"uv": [2.5, 6.25, 2.875, 6.625], "texture": "#2"},
				"west": {"uv": [1, 6, 1.4375, 6.375], "texture": "#2"},
				"up": {"uv": [4.125, 6.4375, 3.75, 6], "texture": "#2"},
				"down": {"uv": [4.625, 6, 4.25, 6.4375], "texture": "#2"}
			}
		},
		{
			"from": [5.7, 0.05224, 9.33463],
			"to": [7.3, 1.55224, 10.33463],
			"rotation": {"angle": 22.5, "axis": "x", "origin": [5.6, -0.34776, 9.33463]},
			"faces": {
				"north": {"uv": [6.25, 2.5, 6.625, 2.875], "texture": "#2"},
				"east": {"uv": [7, 7.25, 7.25, 7.625], "texture": "#2"},
				"south": {"uv": [3, 6.25, 3.375, 6.625], "texture": "#2"},
				"west": {"uv": [7.25, 7.25, 7.5, 7.625], "texture": "#2"},
				"up": {"uv": [7.625, 6.25, 7.25, 6], "texture": "#2"},
				"down": {"uv": [7.875, 0, 7.5, 0.25], "texture": "#2"}
			}
		},
		{
			"from": [8.7, 0.05224, 9.33463],
			"to": [10.3, 1.55224, 10.33463],
			"rotation": {"angle": 22.5, "axis": "x", "origin": [10.4, -0.34776, 9.33463]},
			"faces": {
				"north": {"uv": [6.25, 3, 6.625, 3.375], "texture": "#2"},
				"east": {"uv": [7.5, 4, 7.75, 4.375], "texture": "#2"},
				"south": {"uv": [6.25, 3.5, 6.625, 3.875], "texture": "#2"},
				"west": {"uv": [5, 7.5, 5.25, 7.875], "texture": "#2"},
				"up": {"uv": [7.875, 0.5, 7.5, 0.25], "texture": "#2"},
				"down": {"uv": [7.875, 1, 7.5, 1.25], "texture": "#2"}
			}
		},
		{
			"from": [5.8, -0.27507, 10.38561],
			"to": [7.2, 1.12493, 11.58561],
			"rotation": {"angle": 0, "axis": "y", "origin": [5.7, -0.97507, 10.98561]},
			"faces": {
				"north": {"uv": [6.25, 4.75, 6.625, 5.125], "texture": "#2"},
				"east": {"uv": [6.75, 2, 7.0625, 2.375], "texture": "#2"},
				"south": {"uv": [5.25, 6.25, 5.625, 6.625], "texture": "#2"},
				"west": {"uv": [2.5, 6.75, 2.8125, 7.125], "texture": "#2"},
				"up": {"uv": [7.125, 2.8125, 6.75, 2.5], "texture": "#2"},
				"down": {"uv": [3.375, 6.75, 3, 7.0625], "texture": "#2"}
			}
		},
		{
			"from": [8.8, -0.27507, 10.38561],
			"to": [10.2, 1.12493, 11.58561],
			"rotation": {"angle": 0, "axis": "y", "origin": [10.3, -0.97507, 10.98561]},
			"faces": {
				"north": {"uv": [5.75, 6.25, 6.125, 6.625], "texture": "#2"},
				"east": {"uv": [6.75, 3, 7.0625, 3.375], "texture": "#2"},
				"south": {"uv": [6.25, 5.75, 6.625, 6.125], "texture": "#2"},
				"west": {"uv": [6.75, 3.5, 7.0625, 3.875], "texture": "#2"},
				"up": {"uv": [4.625, 7.0625, 4.25, 6.75], "texture": "#2"},
				"down": {"uv": [7.125, 4.5, 6.75, 4.8125], "texture": "#2"}
			}
		},
		{
			"from": [5.9, 4.6351, 12.67174],
			"to": [7.1, 6.0351, 13.67174],
			"rotation": {"angle": -22.5, "axis": "x", "origin": [11.6, -0.55014, 24.47122]},
			"faces": {
				"north": {"uv": [4.75, 6.75, 5.0625, 7.125], "texture": "#2"},
				"east": {"uv": [7.5, 5, 7.75, 5.375], "texture": "#2"},
				"south": {"uv": [5.25, 6.75, 5.5625, 7.125], "texture": "#2"},
				"west": {"uv": [5.25, 7.5, 5.5, 7.875], "texture": "#2"},
				"up": {"uv": [2.8125, 8, 2.5, 7.75], "texture": "#2"},
				"down": {"uv": [8.0625, 2.75, 7.75, 3], "texture": "#2"}
			}
		},
		{
			"from": [8.9, 4.6351, 12.67174],
			"to": [10.1, 6.0351, 13.67174],
			"rotation": {"angle": -22.5, "axis": "x", "origin": [4.4, -0.55014, 24.47122]},
			"faces": {
				"north": {"uv": [5.75, 6.75, 6.0625, 7.125], "texture": "#2"},
				"east": {"uv": [5.5, 7.5, 5.75, 7.875], "texture": "#2"},
				"south": {"uv": [6.75, 5.75, 7.0625, 6.125], "texture": "#2"},
				"west": {"uv": [5.75, 7.5, 6, 7.875], "texture": "#2"},
				"up": {"uv": [3.3125, 8, 3, 7.75], "texture": "#2"},
				"down": {"uv": [8.0625, 3, 7.75, 3.25], "texture": "#2"}
			}
		},
		{
			"from": [6, 0.24567, 11.24664],
			"to": [7, 1.54567, 12.24664],
			"rotation": {"angle": 22.5, "axis": "x", "origin": [5.9, -0.35433, 11.24664]},
			"faces": {
				"north": {"uv": [7.75, 3.25, 8, 3.5625], "texture": "#2"},
				"east": {"uv": [7.75, 3.75, 8, 4.0625], "texture": "#2"},
				"south": {"uv": [4, 7.75, 4.25, 8.0625], "texture": "#2"},
				"west": {"uv": [4.25, 7.75, 4.5, 8.0625], "texture": "#2"},
				"up": {"uv": [1.75, 6.25, 1.5, 6], "texture": "#2"},
				"down": {"uv": [7, 5, 6.75, 5.25], "texture": "#2"}
			}
		},
		{
			"from": [9, 0.24567, 11.24664],
			"to": [10, 1.54567, 12.24664],
			"rotation": {"angle": 22.5, "axis": "x", "origin": [10.1, -0.35433, 11.24664]},
			"faces": {
				"north": {"uv": [7.75, 4.25, 8, 4.5625], "texture": "#2"},
				"east": {"uv": [4.5, 7.75, 4.75, 8.0625], "texture": "#2"},
				"south": {"uv": [4.75, 7.75, 5, 8.0625], "texture": "#2"},
				"west": {"uv": [7.75, 4.75, 8, 5.0625], "texture": "#2"},
				"up": {"uv": [7.25, 1.5, 7, 1.25], "texture": "#2"},
				"down": {"uv": [4.25, 7, 4, 7.25], "texture": "#2"}
			}
		},
		{
			"from": [5.8, 1.3, 9.6],
			"to": [10.2, 4.6, 10.1],
			"rotation": {"angle": 0, "axis": "y", "origin": [7, 1.3, 9]},
			"faces": {
				"north": {"uv": [1.25, 0, 2.375, 0.8125], "texture": "#2"},
				"east": {"uv": [3.5, 7, 3.625, 7.8125], "texture": "#2"},
				"south": {"uv": [1.25, 1, 2.375, 1.8125], "texture": "#2"},
				"west": {"uv": [3.75, 7, 3.875, 7.8125], "texture": "#2"},
				"up": {"uv": [7.375, 1.125, 6.25, 1], "texture": "#2"},
				"down": {"uv": [7.375, 4, 6.25, 4.125], "texture": "#2"}
			}
		},
		{
			"from": [5.8, 1.3, 5.8],
			"to": [6.3, 4, 9.6],
			"rotation": {"angle": 0, "axis": "y", "origin": [5.8, 2.6, 7.6]},
			"faces": {
				"north": {"uv": [7.5, 6.25, 7.625, 6.9375], "texture": "#2"},
				"east": {"uv": [1.25, 2.75, 2.1875, 3.4375], "texture": "#2"},
				"south": {"uv": [7.5, 7, 7.625, 7.6875], "texture": "#2"},
				"west": {"uv": [2.25, 3, 3.1875, 3.6875], "texture": "#2"},
				"up": {"uv": [6.625, 7.6875, 6.5, 6.75], "texture": "#2"},
				"down": {"uv": [6.875, 6.75, 6.75, 7.6875], "texture": "#2"}
			}
		},
		{
			"from": [5.8, 4, 8.2],
			"to": [6.3, 4.4, 9.6],
			"rotation": {"angle": 0, "axis": "y", "origin": [5.8, 2.6, 7.6]},
			"faces": {
				"north": {"uv": [8.25, 4.5, 8.375, 4.625], "texture": "#2"},
				"east": {"uv": [8, 1.75, 8.375, 1.875], "texture": "#2"},
				"south": {"uv": [4.75, 8.25, 4.875, 8.375], "texture": "#2"},
				"west": {"uv": [8, 2, 8.375, 2.125], "texture": "#2"},
				"up": {"uv": [8.125, 2.625, 8, 2.25], "texture": "#2"},
				"down": {"uv": [2.625, 8, 2.5, 8.375], "texture": "#2"}
			}
		},
		{
			"from": [6.1, 1.6, 10.1],
			"to": [9.9, 4.3, 10.4],
			"rotation": {"angle": 0, "axis": "y", "origin": [5.8, 2.6, 10.1]},
			"faces": {
				"north": {"uv": [0, 3.25, 0.9375, 3.9375], "texture": "#2"},
				"east": {"uv": [5.25, 8, 5.3125, 8.6875], "texture": "#2"},
				"south": {"uv": [3.25, 3, 4.1875, 3.6875], "texture": "#2"},
				"west": {"uv": [5.5, 8, 5.5625, 8.6875], "texture": "#2"},
				"up": {"uv": [8.6875, 5.3125, 7.75, 5.25], "texture": "#2"},
				"down": {"uv": [8.6875, 5.75, 7.75, 5.8125], "texture": "#2"}
			}
		},
		{
			"from": [9.6, 1.3, 8.9],
			"to": [10.2, 4.4, 9.6],
			"rotation": {"angle": 0, "axis": "y", "origin": [9, 1.3, 7.6]},
			"faces": {
				"north": {"uv": [6, 7.5, 6.125, 8.25], "texture": "#2"},
				"east": {"uv": [3.5, 6.25, 3.6875, 7], "texture": "#2"},
				"south": {"uv": [6.25, 7.5, 6.375, 8.25], "texture": "#2"},
				"west": {"uv": [6.25, 6.25, 6.4375, 7], "texture": "#2"},
				"up": {"uv": [3.375, 8.4375, 3.25, 8.25], "texture": "#2"},
				"down": {"uv": [8.375, 3.25, 8.25, 3.4375], "texture": "#2"}
			}
		},
		{
			"from": [9.6, 1.3, 7.7],
			"to": [10.175, 4, 8.9],
			"rotation": {"angle": 0, "axis": "y", "origin": [8.2, 1.3, 6.9]},
			"faces": {
				"north": {"uv": [0, 7.75, 0.125, 8.4375], "texture": "#2"},
				"east": {"uv": [2.75, 5.5, 3.0625, 6.1875], "texture": "#2"},
				"south": {"uv": [0.25, 7.75, 0.375, 8.4375], "texture": "#2"},
				"west": {"uv": [3.25, 5.5, 3.5625, 6.1875], "texture": "#2"},
				"up": {"uv": [5.875, 8.3125, 5.75, 8], "texture": "#2"},
				"down": {"uv": [7.625, 8, 7.5, 8.3125], "texture": "#2"}
			}
		},
		{
			"from": [6.275, 1.3, 5.8],
			"to": [10.2, 4, 6.2],
			"rotation": {"angle": 0, "axis": "y", "origin": [9, 1.3, 5.8]},
			"faces": {
				"north": {"uv": [2.5, 1.5, 3.5, 2.1875], "texture": "#2"},
				"east": {"uv": [0.5, 7.75, 0.625, 8.4375], "texture": "#2"},
				"south": {"uv": [2.5, 2.25, 3.5, 2.9375], "texture": "#2"},
				"west": {"uv": [0.75, 7.75, 0.875, 8.4375], "texture": "#2"},
				"up": {"uv": [5.25, 6.625, 4.25, 6.5], "texture": "#2"},
				"down": {"uv": [7.5, 4.25, 6.5, 4.375], "texture": "#2"}
			}
		},
		{
			"from": [6.3, 1.3, 7.8],
			"to": [9.6, 2.9, 10],
			"rotation": {"angle": 0, "axis": "y", "origin": [8, 1.3, 8]},
			"faces": {
				"north": {"uv": [5.25, 0.5, 6.0625, 0.875], "texture": "#2"},
				"east": {"uv": [5.5, 3.25, 6.0625, 3.625], "texture": "#2"},
				"south": {"uv": [5.25, 2.25, 6.0625, 2.625], "texture": "#2"},
				"west": {"uv": [5.5, 3.75, 6.0625, 4.125], "texture": "#2"},
				"up": {"uv": [1.8125, 4.0625, 1, 3.5], "texture": "#2"},
				"down": {"uv": [4.3125, 1.5, 3.5, 2.0625], "texture": "#2"}
			}
		},
		{
			"from": [9.6, 1.3, 6.2],
			"to": [10.2, 1.7, 7.7],
			"rotation": {"angle": 0, "axis": "y", "origin": [9, 0, 5]},
			"faces": {
				"north": {"uv": [8.25, 4.75, 8.375, 4.875], "texture": "#2"},
				"east": {"uv": [2.75, 8, 3.125, 8.125], "texture": "#2"},
				"south": {"uv": [8.25, 5, 8.375, 5.125], "texture": "#2"},
				"west": {"uv": [3.25, 8, 3.625, 8.125], "texture": "#2"},
				"up": {"uv": [8.125, 3.625, 8, 3.25], "texture": "#2"},
				"down": {"uv": [3.875, 8, 3.75, 8.375], "texture": "#2"}
			}
		},
		{
			"from": [7.7, 2.7, 10.4],
			"to": [8.3, 3.3, 11.3],
			"rotation": {"angle": 0, "axis": "y", "origin": [7, 2, 10.4]},
			"faces": {
				"north": {"uv": [6, 8.25, 6.125, 8.375], "texture": "#2"},
				"east": {"uv": [8.25, 1.5, 8.5, 1.625], "texture": "#2"},
				"south": {"uv": [6.25, 8.25, 6.375, 8.375], "texture": "#2"},
				"west": {"uv": [1.75, 8.25, 2, 8.375], "texture": "#2"},
				"up": {"uv": [2.125, 8.5, 2, 8.25], "texture": "#2"},
				"down": {"uv": [2.375, 8.25, 2.25, 8.5], "texture": "#2"}
			}
		},
		{
			"from": [7.8, 2.9, 11.8],
			"to": [8.2, 3.3, 12.6],
			"rotation": {"angle": -22.5, "axis": "x", "origin": [7.7, 1.4, 11.8]},
			"faces": {
				"north": {"uv": [6.5, 8.25, 6.625, 8.375], "texture": "#2"},
				"east": {"uv": [3.5, 8.25, 3.6875, 8.375], "texture": "#2"},
				"south": {"uv": [6.75, 8.25, 6.875, 8.375], "texture": "#2"},
				"west": {"uv": [8.25, 3.5, 8.4375, 3.625], "texture": "#2"},
				"up": {"uv": [8.375, 3.9375, 8.25, 3.75], "texture": "#2"},
				"down": {"uv": [4.125, 8.25, 4, 8.4375], "texture": "#2"}
			}
		},
		{
			"from": [7.85, 3.30615, 11.08491],
			"to": [8.15, 3.58115, 11.68491],
			"rotation": {"angle": 22.5, "axis": "x", "origin": [7.8, 1.70615, 11.08491]},
			"faces": {
				"north": {"uv": [8.25, 7.5, 8.3125, 7.5625], "texture": "#2"},
				"east": {"uv": [7, 8.25, 7.125, 8.3125], "texture": "#2"},
				"south": {"uv": [7.75, 8.25, 7.8125, 8.3125], "texture": "#2"},
				"west": {"uv": [8.25, 7, 8.375, 7.0625], "texture": "#2"},
				"up": {"uv": [7.3125, 8.375, 7.25, 8.25], "texture": "#2"},
				"down": {"uv": [8.3125, 7.25, 8.25, 7.375], "texture": "#2"}
			}
		},
		{
			"from": [5.8, 1.49253, 4.3548],
			"to": [10.1, 4.49253, 5.0548],
			"rotation": {"angle": 0, "axis": "y", "origin": [6.2, 10.5641, 3.55165]},
			"faces": {
				"north": {"uv": [1.25, 2, 2.3125, 2.75], "texture": "#2"},
				"east": {"uv": [1, 6.5, 1.1875, 7.25], "texture": "#2"},
				"south": {"uv": [0, 2.5, 1.0625, 3.25], "texture": "#2"},
				"west": {"uv": [1.25, 6.5, 1.4375, 7.25], "texture": "#2"},
				"up": {"uv": [6.5625, 4.6875, 5.5, 4.5], "texture": "#2"},
				"down": {"uv": [6.8125, 1.25, 5.75, 1.4375], "texture": "#2"}
			}
		},
		{
			"from": [5.2, 0.8, 6.8],
			"to": [5.8, 2.5, 8.5],
			"rotation": {"angle": 0, "axis": "y", "origin": [4, 0.7, 6.7]},
			"faces": {
				"north": {"uv": [7.75, 6, 7.875, 6.4375], "texture": "#2"},
				"east": {"uv": [3.75, 5.5, 4.1875, 5.9375], "texture": "#2"},
				"south": {"uv": [6.5, 7.75, 6.625, 8.1875], "texture": "#2"},
				"west": {"uv": [0, 5.75, 0.4375, 6.1875], "texture": "#2"},
				"up": {"uv": [7.875, 6.9375, 7.75, 6.5], "texture": "#2"},
				"down": {"uv": [6.875, 7.75, 6.75, 8.1875], "texture": "#2"}
			}
		},
		{
			"from": [-0.11313, 1.11761, 7.1],
			"to": [4.66187, 2.31761, 8.3],
			"rotation": {"angle": 0, "axis": "y", "origin": [3.88687, 0.71761, 6.5]},
			"faces": {
				"north": {"uv": [4.25, 3.25, 5.4375, 3.5625], "texture": "#2"},
				"east": {"uv": [4.5, 7.25, 4.8125, 7.5625], "texture": "#2"},
				"south": {"uv": [4.25, 3.75, 5.4375, 4.0625], "texture": "#2"},
				"west": {"uv": [7.25, 4.5, 7.5625, 4.8125], "texture": "#2"},
				"up": {"uv": [5.4375, 4.5625, 4.25, 4.25], "texture": "#2"},
				"down": {"uv": [5.6875, 1.25, 4.5, 1.5625], "texture": "#2"}
			}
		},
		{
			"from": [4.6335, 0.92585, 6.92342],
			"to": [5.2335, 2.42585, 8.42342],
			"rotation": {"angle": 0, "axis": "y", "origin": [-7.0665, 1.32585, 6.02342]},
			"faces": {
				"north": {"uv": [8, 3.75, 8.125, 4.125], "texture": "#2"},
				"east": {"uv": [6.5, 0, 6.875, 0.375], "texture": "#2"},
				"south": {"uv": [8, 4.25, 8.125, 4.625], "texture": "#2"},
				"west": {"uv": [3.75, 6.5, 4.125, 6.875], "texture": "#2"},
				"up": {"uv": [8.125, 5.125, 8, 4.75], "texture": "#2"},
				"down": {"uv": [5.125, 8, 5, 8.375], "texture": "#2"}
			}
		},
		{
			"from": [4.25, -1.68701, 8.07868],
			"to": [4.4, 0.31299, 8.27868],
			"rotation": {"angle": -45, "axis": "x", "origin": [4.025, -0.08701, 4.97868]},
			"faces": {
				"north": {"uv": [8.25, 2.25, 8.3125, 2.75], "texture": "#2"},
				"east": {"uv": [2.75, 8.25, 2.8125, 8.75], "texture": "#2"},
				"south": {"uv": [8.25, 2.75, 8.3125, 3.25], "texture": "#2"},
				"west": {"uv": [3, 8.25, 3.0625, 8.75], "texture": "#2"},
				"up": {"uv": [8.3125, 7.8125, 8.25, 7.75], "texture": "#2"},
				"down": {"uv": [8.0625, 8.25, 8, 8.3125], "texture": "#2"}
			}
		},
		{
			"from": [4.25, 2.11299, 9.12868],
			"to": [4.4, 2.31299, 11.12868],
			"rotation": {"angle": -45, "axis": "x", "origin": [4.025, -0.98701, 9.52868]},
			"faces": {
				"north": {"uv": [8.25, 7.75, 8.3125, 7.8125], "texture": "#2"},
				"east": {"uv": [2.75, 8.25, 2.8125, 8.75], "texture": "#2"},
				"south": {"uv": [8, 8.25, 8.0625, 8.3125], "texture": "#2"},
				"west": {"uv": [3, 8.25, 3.0625, 8.75], "texture": "#2"},
				"up": {"uv": [8.3125, 3.25, 8.25, 2.75], "texture": "#2"},
				"down": {"uv": [8.3125, 2.25, 8.25, 2.75], "texture": "#2"}
			}
		},
		{
			"from": [4.25, 1.53799, 6.75368],
			"to": [4.4, 1.73799, 8.55368],
			"rotation": {"angle": 0, "axis": "y", "origin": [4.025, -1.56201, 7.05368]},
			"faces": {
				"north": {"uv": [8.25, 7.75, 8.3125, 7.8125], "texture": "#2"},
				"east": {"uv": [2.75, 8.25, 2.8125, 8.75], "texture": "#2"},
				"south": {"uv": [8, 8.25, 8.0625, 8.3125], "texture": "#2"},
				"west": {"uv": [3, 8.25, 3.0625, 8.75], "texture": "#2"},
				"up": {"uv": [8.3125, 3.25, 8.25, 2.75], "texture": "#2"},
				"down": {"uv": [8.3125, 2.25, 8.25, 2.75], "texture": "#2"}
			}
		},
		{
			"from": [4.25, 0.8, 7.6],
			"to": [4.4, 2.7, 7.8],
			"rotation": {"angle": 0, "axis": "y", "origin": [4.025, 2.4, 4.5]},
			"faces": {
				"north": {"uv": [8.25, 2.25, 8.3125, 2.75], "texture": "#2"},
				"east": {"uv": [2.75, 8.25, 2.8125, 8.75], "texture": "#2"},
				"south": {"uv": [8.25, 2.75, 8.3125, 3.25], "texture": "#2"},
				"west": {"uv": [3, 8.25, 3.0625, 8.75], "texture": "#2"},
				"up": {"uv": [8.3125, 7.8125, 8.25, 7.75], "texture": "#2"},
				"down": {"uv": [8.0625, 8.25, 8, 8.3125], "texture": "#2"}
			}
		},
		{
			"from": [-12, 1.11761, 7.1],
			"to": [-0.08813, 2.31761, 8.3],
			"rotation": {"angle": 0, "axis": "y", "origin": [-2.11313, 0.31761, 7.1]},
			"faces": {
				"north": {"uv": [4.25, 4.75, 5.25, 5.0625], "texture": "#2"},
				"east": {"uv": [7, 0, 7.3125, 0.3125], "texture": "#2"},
				"south": {"uv": [5, 0, 6, 0.3125], "texture": "#2"},
				"west": {"uv": [7, 5, 7.3125, 5.3125], "texture": "#2"},
				"up": {"uv": [2.25, 5.3125, 1.25, 5], "texture": "#2"},
				"down": {"uv": [3.25, 5, 2.25, 5.3125], "texture": "#2"}
			}
		}
	]
}
