{
	"credit": "Made with Blockbench",
	"texture_size": [64, 64],
	"textures": {
		"0": "item/custom/mk/dumboarm",
		"particle": "item/custom/mk/dumboarm"
	},
	"elements": [
		{
			"from": [16.2, 0.8, 6.8],
			"to": [16.8, 2.5, 8.5],
			"rotation": {"angle": 0, "axis": "y", "origin": [15, 0.7, 6.7]},
			"faces": {
				"north": {"uv": [7.75, 6, 7.875, 6.4375], "texture": "#0"},
				"east": {"uv": [3.75, 5.5, 4.1875, 5.9375], "texture": "#0"},
				"south": {"uv": [6.5, 7.75, 6.625, 8.1875], "texture": "#0"},
				"west": {"uv": [0, 5.75, 0.4375, 6.1875], "texture": "#0"},
				"up": {"uv": [7.875, 6.9375, 7.75, 6.5], "texture": "#0"},
				"down": {"uv": [6.875, 7.75, 6.75, 8.1875], "texture": "#0"}
			}
		},
		{
			"from": [10.88687, 1.11761, 7.1],
			"to": [15.66187, 2.31761, 8.3],
			"rotation": {"angle": 0, "axis": "y", "origin": [14.88687, 0.71761, 6.5]},
			"faces": {
				"north": {"uv": [4.25, 3.25, 5.4375, 3.5625], "texture": "#0"},
				"east": {"uv": [4.5, 7.25, 4.8125, 7.5625], "texture": "#0"},
				"south": {"uv": [4.25, 3.75, 5.4375, 4.0625], "texture": "#0"},
				"west": {"uv": [7.25, 4.5, 7.5625, 4.8125], "texture": "#0"},
				"up": {"uv": [5.4375, 4.5625, 4.25, 4.25], "texture": "#0"},
				"down": {"uv": [5.6875, 1.25, 4.5, 1.5625], "texture": "#0"}
			}
		},
		{
			"from": [15.6335, 0.92585, 6.92342],
			"to": [16.2335, 2.42585, 8.42342],
			"rotation": {"angle": 0, "axis": "y", "origin": [3.9335, 1.32585, 6.02342]},
			"faces": {
				"north": {"uv": [8, 3.75, 8.125, 4.125], "texture": "#0"},
				"east": {"uv": [6.5, 0, 6.875, 0.375], "texture": "#0"},
				"south": {"uv": [8, 4.25, 8.125, 4.625], "texture": "#0"},
				"west": {"uv": [3.75, 6.5, 4.125, 6.875], "texture": "#0"},
				"up": {"uv": [8.125, 5.125, 8, 4.75], "texture": "#0"},
				"down": {"uv": [5.125, 8, 5, 8.375], "texture": "#0"}
			}
		},
		{
			"from": [15.25, -1.68701, 8.07868],
			"to": [15.4, 0.31299, 8.27868],
			"rotation": {"angle": -45, "axis": "x", "origin": [15.025, -0.08701, 4.97868]},
			"faces": {
				"north": {"uv": [8.25, 2.25, 8.3125, 2.75], "texture": "#0"},
				"east": {"uv": [2.75, 8.25, 2.8125, 8.75], "texture": "#0"},
				"south": {"uv": [8.25, 2.75, 8.3125, 3.25], "texture": "#0"},
				"west": {"uv": [3, 8.25, 3.0625, 8.75], "texture": "#0"},
				"up": {"uv": [8.3125, 7.8125, 8.25, 7.75], "texture": "#0"},
				"down": {"uv": [8.0625, 8.25, 8, 8.3125], "texture": "#0"}
			}
		},
		{
			"from": [15.25, 2.11299, 9.12868],
			"to": [15.4, 2.31299, 11.12868],
			"rotation": {"angle": -45, "axis": "x", "origin": [15.025, -0.98701, 9.52868]},
			"faces": {
				"north": {"uv": [8.25, 7.75, 8.3125, 7.8125], "texture": "#0"},
				"east": {"uv": [2.75, 8.25, 2.8125, 8.75], "texture": "#0"},
				"south": {"uv": [8, 8.25, 8.0625, 8.3125], "texture": "#0"},
				"west": {"uv": [3, 8.25, 3.0625, 8.75], "texture": "#0"},
				"up": {"uv": [8.3125, 3.25, 8.25, 2.75], "texture": "#0"},
				"down": {"uv": [8.3125, 2.25, 8.25, 2.75], "texture": "#0"}
			}
		},
		{
			"from": [15.25, 1.53799, 6.75368],
			"to": [15.4, 1.73799, 8.55368],
			"rotation": {"angle": 0, "axis": "y", "origin": [15.025, -1.56201, 7.05368]},
			"faces": {
				"north": {"uv": [8.25, 7.75, 8.3125, 7.8125], "texture": "#0"},
				"east": {"uv": [2.75, 8.25, 2.8125, 8.75], "texture": "#0"},
				"south": {"uv": [8, 8.25, 8.0625, 8.3125], "texture": "#0"},
				"west": {"uv": [3, 8.25, 3.0625, 8.75], "texture": "#0"},
				"up": {"uv": [8.3125, 3.25, 8.25, 2.75], "texture": "#0"},
				"down": {"uv": [8.3125, 2.25, 8.25, 2.75], "texture": "#0"}
			}
		},
		{
			"from": [15.25, 0.8, 7.6],
			"to": [15.4, 2.7, 7.8],
			"rotation": {"angle": 0, "axis": "y", "origin": [15.025, 2.4, 4.5]},
			"faces": {
				"north": {"uv": [8.25, 2.25, 8.3125, 2.75], "texture": "#0"},
				"east": {"uv": [2.75, 8.25, 2.8125, 8.75], "texture": "#0"},
				"south": {"uv": [8.25, 2.75, 8.3125, 3.25], "texture": "#0"},
				"west": {"uv": [3, 8.25, 3.0625, 8.75], "texture": "#0"},
				"up": {"uv": [8.3125, 7.8125, 8.25, 7.75], "texture": "#0"},
				"down": {"uv": [8.0625, 8.25, 8, 8.3125], "texture": "#0"}
			}
		},
		{
			"from": [-1, 1.11761, 7.1],
			"to": [10.91187, 2.31761, 8.3],
			"rotation": {"angle": 0, "axis": "y", "origin": [8.88687, 0.31761, 7.1]},
			"faces": {
				"north": {"uv": [4.25, 4.75, 5.25, 5.0625], "texture": "#0"},
				"east": {"uv": [7, 0, 7.3125, 0.3125], "texture": "#0"},
				"south": {"uv": [5, 0, 6, 0.3125], "texture": "#0"},
				"west": {"uv": [7, 5, 7.3125, 5.3125], "texture": "#0"},
				"up": {"uv": [2.25, 5.3125, 1.25, 5], "texture": "#0"},
				"down": {"uv": [3.25, 5, 2.25, 5.3125], "texture": "#0"}
			}
		}
	]
}
