{
	"credit": "Made with Blockbench",
	"texture_size": [8, 8],
	"textures": {
		"2": "item/custom/mk/flrr-texture",
		"3": "item/custom/mk/railroadstation",
		"4": "item/custom/mk/traintexture",
		"particle": "item/custom/mk/flrr-texture"
	},
	"elements": [
		{
			"from": [-0.5, 3, 0],
			"to": [0, 6.5, 1.5],
			"rotation": {"angle": 0, "axis": "y", "origin": [-1, 0, 0]},
			"faces": {
				"north": {"uv": [6, 10, 6.25, 11.75], "texture": "#2"},
				"east": {"uv": [1, 8, 1.75, 9.75], "texture": "#2"},
				"south": {"uv": [6.5, 10, 6.75, 11.75], "texture": "#2"},
				"west": {"uv": [2, 8, 2.75, 9.75], "texture": "#2"},
				"up": {"uv": [3.25, 12.25, 3, 11.5], "texture": "#2"},
				"down": {"uv": [3.75, 11.5, 3.5, 12.25], "texture": "#2"}
			}
		},
		{
			"from": [0, 3, 0],
			"to": [3, 3.5, 1.5],
			"rotation": {"angle": 0, "axis": "y", "origin": [-13, 0, 0]},
			"faces": {
				"north": {"uv": [10, 5.5, 11.5, 5.75], "texture": "#2"},
				"east": {"uv": [11, 4, 11.75, 4.25], "texture": "#2"},
				"south": {"uv": [7, 10, 8.5, 10.25], "texture": "#2"},
				"west": {"uv": [11, 4.5, 11.75, 4.75], "texture": "#2"},
				"up": {"uv": [9.5, 3.75, 8, 3], "texture": "#2"},
				"down": {"uv": [6, 8, 4.5, 8.75], "texture": "#2"}
			}
		},
		{
			"from": [13, 3, 0],
			"to": [16, 3.5, 1.5],
			"faces": {
				"north": {"uv": [10, 1, 11.5, 1.25], "texture": "#2"},
				"east": {"uv": [3, 11, 3.75, 11.25], "texture": "#2"},
				"south": {"uv": [10, 5, 11.5, 5.25], "texture": "#2"},
				"west": {"uv": [4, 11, 4.75, 11.25], "texture": "#2"},
				"up": {"uv": [9.5, 2.75, 8, 2], "texture": "#2"},
				"down": {"uv": [4.5, 8, 3, 8.75], "texture": "#2"}
			}
		},
		{
			"from": [11, 6, 0],
			"to": [16, 6.5, 1.5],
			"rotation": {"angle": 0, "axis": "y", "origin": [16, 3, 0]},
			"faces": {
				"north": {"uv": [9.5, 6.5, 12, 6.75], "texture": "#2"},
				"east": {"uv": [11, 2, 11.75, 2.25], "texture": "#2"},
				"south": {"uv": [9, 9.5, 11.5, 9.75], "texture": "#2"},
				"west": {"uv": [11, 2.5, 11.75, 2.75], "texture": "#2"},
				"up": {"uv": [5, 7.75, 2.5, 7], "texture": "#2"},
				"down": {"uv": [7.5, 7, 5, 7.75], "texture": "#2"}
			}
		},
		{
			"from": [10.65168, 6.71994, 0.1],
			"to": [11.85168, 7.21994, 1.6],
			"rotation": {"angle": 0, "axis": "z", "origin": [5.25168, 2.61994, 0]},
			"faces": {
				"north": {"uv": [11.5, 1, 12.125, 1.25], "texture": "#2"},
				"east": {"uv": [11, 1.5, 11.75, 1.75], "texture": "#2"},
				"south": {"uv": [11.5, 3, 12.125, 3.25], "texture": "#2"},
				"west": {"uv": [2, 11, 2.75, 11.25], "texture": "#2"},
				"up": {"uv": [1.625, 10.75, 1, 10], "texture": "#2"},
				"down": {"uv": [2.625, 10, 2, 10.75], "texture": "#2"}
			}
		},
		{
			"from": [6.6, 8.6, 0.1],
			"to": [8.6, 9.1, 1.6],
			"rotation": {"angle": -22.5, "axis": "z", "origin": [5, 2.5, 0]},
			"faces": {
				"north": {"uv": [10.5, 3, 11.5, 3.25], "texture": "#2"},
				"east": {"uv": [11, 0.5, 11.75, 0.75], "texture": "#2"},
				"south": {"uv": [7, 10.5, 8, 10.75], "texture": "#2"},
				"west": {"uv": [1, 11, 1.75, 11.25], "texture": "#2"},
				"up": {"uv": [6, 9.75, 5, 9], "texture": "#2"},
				"down": {"uv": [10, 8.5, 9, 9.25], "texture": "#2"}
			}
		},
		{
			"from": [7, 7.5, 0.1],
			"to": [9, 8, 1.6],
			"rotation": {"angle": 0, "axis": "y", "origin": [2, 3.5, 0]},
			"faces": {
				"north": {"uv": [10, 9, 11, 9.25], "texture": "#2"},
				"east": {"uv": [0, 11, 0.75, 11.25], "texture": "#2"},
				"south": {"uv": [3, 10.5, 4, 10.75], "texture": "#2"},
				"west": {"uv": [11, 0, 11.75, 0.25], "texture": "#2"},
				"up": {"uv": [9.5, 6.75, 8.5, 6], "texture": "#2"},
				"down": {"uv": [5, 9, 4, 9.75], "texture": "#2"}
			}
		},
		{
			"from": [0, 6, 0],
			"to": [5, 6.5, 1.5],
			"rotation": {"angle": 0, "axis": "y", "origin": [0, 3, 0]},
			"faces": {
				"north": {"uv": [9.5, 3.5, 12, 3.75], "texture": "#2"},
				"east": {"uv": [10.5, 10, 11.25, 10.25], "texture": "#2"},
				"south": {"uv": [9.5, 6, 12, 6.25], "texture": "#2"},
				"west": {"uv": [10.5, 10.5, 11.25, 10.75], "texture": "#2"},
				"up": {"uv": [8.5, 6.75, 6, 6], "texture": "#2"},
				"down": {"uv": [2.5, 7, 0, 7.75], "texture": "#2"}
			}
		},
		{
			"from": [6.25, 7.2, 0.5],
			"to": [10.05, 7.5, 1.5],
			"rotation": {"angle": 0, "axis": "y", "origin": [-1, 5, 0]},
			"faces": {
				"north": {"uv": [10.5, 8, 12.375, 8.125], "texture": "#2"},
				"east": {"uv": [9, 1.5, 9.5, 1.625], "texture": "#2"},
				"south": {"uv": [10.5, 8.5, 12.375, 8.625], "texture": "#2"},
				"west": {"uv": [11.5, 5.5, 12, 5.625], "texture": "#2"},
				"up": {"uv": [7.875, 8.5, 6, 8], "texture": "#2"},
				"down": {"uv": [9.875, 8, 8, 8.5], "texture": "#2"}
			}
		},
		{
			"from": [5, 6, 0.5],
			"to": [11, 7.2, 1.5],
			"rotation": {"angle": 0, "axis": "y", "origin": [0, 2, 0]},
			"faces": {
				"north": {"uv": [0, 0, 12, 2.5], "texture": "#4"},
				"east": {"uv": [0, 12, 2, 14.5], "texture": "#4"},
				"south": {"uv": [0, 4, 12, 6.5], "texture": "#4"},
				"west": {"uv": [12, 0, 14, 2.5], "texture": "#4"},
				"up": {"uv": [12, 10, 0, 8], "texture": "#4"},
				"down": {"uv": [12, 10, 0, 12], "texture": "#4"}
			}
		},
		{
			"from": [0, 3, 0.4],
			"to": [16, 6, 1.4],
			"rotation": {"angle": 0, "axis": "y", "origin": [0, 3, 0]},
			"faces": {
				"north": {"uv": [0, 0, 8, 1.5], "texture": "#2"},
				"east": {"uv": [3, 9, 3.5, 10.5], "texture": "#2"},
				"south": {"uv": [0, 1.5, 8, 3], "texture": "#2"},
				"west": {"uv": [3.5, 9, 4, 10.5], "texture": "#2"},
				"up": {"uv": [8, 3.5, 0, 3], "texture": "#2"},
				"down": {"uv": [8, 3.5, 0, 4], "texture": "#2"}
			}
		},
		{
			"from": [15.5, 3.5, 0],
			"to": [16, 6, 1.5],
			"rotation": {"angle": 0, "axis": "y", "origin": [15, 0, 0]},
			"faces": {
				"north": {"uv": [10, 10, 10.25, 11.25], "texture": "#2"},
				"east": {"uv": [8, 8.5, 8.75, 9.75], "texture": "#2"},
				"south": {"uv": [10.5, 1.5, 10.75, 2.75], "texture": "#2"},
				"west": {"uv": [9, 0, 9.75, 1.25], "texture": "#2"},
				"up": {"uv": [2.25, 12.25, 2, 11.5], "texture": "#2"},
				"down": {"uv": [2.75, 11.5, 2.5, 12.25], "texture": "#2"}
			}
		},
		{
			"from": [7.4, 8.6, 0.1],
			"to": [9.4, 9.1, 1.6],
			"rotation": {"angle": 22.5, "axis": "z", "origin": [11, 2.5, 0]},
			"faces": {
				"north": {"uv": [10.5, 7, 11.5, 7.25], "texture": "#2"},
				"east": {"uv": [0, 11.5, 0.75, 11.75], "texture": "#2"},
				"south": {"uv": [10.5, 7.5, 11.5, 7.75], "texture": "#2"},
				"west": {"uv": [1, 11.5, 1.75, 11.75], "texture": "#2"},
				"up": {"uv": [10.5, 2.25, 9.5, 1.5], "texture": "#2"},
				"down": {"uv": [10.5, 2.5, 9.5, 3.25], "texture": "#2"}
			}
		},
		{
			"from": [4.14832, 6.71994, 0.1],
			"to": [5.34832, 7.21994, 1.6],
			"rotation": {"angle": 0, "axis": "z", "origin": [10.74832, 2.61994, 0]},
			"faces": {
				"north": {"uv": [4, 11.5, 4.625, 11.75], "texture": "#2"},
				"east": {"uv": [11, 9, 11.75, 9.25], "texture": "#2"},
				"south": {"uv": [11.5, 5, 12.125, 5.25], "texture": "#2"},
				"west": {"uv": [10.5, 11, 11.25, 11.25], "texture": "#2"},
				"up": {"uv": [4.625, 10.75, 4, 10], "texture": "#2"},
				"down": {"uv": [10.625, 4, 10, 4.75], "texture": "#2"}
			}
		},
		{
			"from": [16, 3, 0],
			"to": [16.5, 6.5, 1.5],
			"rotation": {"angle": 0, "axis": "y", "origin": [17, 0, 0]},
			"faces": {
				"north": {"uv": [5, 10, 5.25, 11.75], "texture": "#2"},
				"east": {"uv": [0, 8, 0.75, 9.75], "texture": "#2"},
				"south": {"uv": [5.5, 10, 5.75, 11.75], "texture": "#2"},
				"west": {"uv": [8, 0, 8.75, 1.75], "texture": "#2"},
				"up": {"uv": [7.75, 11.75, 7.5, 11], "texture": "#2"},
				"down": {"uv": [8.75, 11, 8.5, 11.75], "texture": "#2"}
			}
		},
		{
			"from": [0, 3.5, 0],
			"to": [0.5, 6, 1.5],
			"rotation": {"angle": 0, "axis": "y", "origin": [1, 0, 0]},
			"faces": {
				"north": {"uv": [9, 10, 9.25, 11.25], "texture": "#2"},
				"east": {"uv": [6, 8.5, 6.75, 9.75], "texture": "#2"},
				"south": {"uv": [9.5, 10, 9.75, 11.25], "texture": "#2"},
				"west": {"uv": [7, 8.5, 7.75, 9.75], "texture": "#2"},
				"up": {"uv": [8.25, 11.25, 8, 10.5], "texture": "#2"},
				"down": {"uv": [7.25, 11, 7, 11.75], "texture": "#2"}
			}
		},
		{
			"from": [3, 2.6, 0],
			"to": [13, 4, 1.6],
			"rotation": {"angle": 0, "axis": "y", "origin": [7, 3, 0]},
			"faces": {
				"north": {"uv": [0, 4, 10, 5.375], "texture": "#3"},
				"east": {"uv": [0, 8, 1.625, 9.375], "texture": "#3"},
				"south": {"uv": [0, 6, 10, 7.375], "texture": "#3"},
				"west": {"uv": [2, 8, 3.625, 9.375], "texture": "#3"},
				"up": {"uv": [10, 1.625, 0, 0], "texture": "#3"},
				"down": {"uv": [10, 2, 0, 3.625], "texture": "#3"}
			}
		}
	],
	"groups": [
		{
			"name": "group",
			"origin": [1, 0, 0],
			"color": 0,
			"children": [0, 1, 2, 3, 4, 5, 6, 7, 8, 9, 10, 11, 12, 13, 14, 15]
		},
		{
			"name": "group",
			"origin": [7, 3, 0],
			"color": 0,
			"children": [16]
		}
	]
}
