{
	"credit": "Made with Blockbench",
	"textures": {
		"0": "item/custom/mk/frontierland-shootin-arcade-sign",
		"1": "block/acacia_planks",
		"particle": "item/custom/mk/frontierland-shootin-arcade-sign"
	},
	"elements": [
		{
			"name": "graphic",
			"from": [-12.28125, 1.40625, 7.64063],
			"to": [28.71875, 9.40625, 7.76563],
			"rotation": {"angle": 0, "axis": "y", "origin": [0, 0, 5.17188]},
			"faces": {
				"north": {"uv": [0, 0, 16, 16], "texture": "#0"},
				"east": {"uv": [0, 0, 0.125, 16], "texture": "#0"},
				"south": {"uv": [15.2352, 15.8527, 16, 16], "texture": "#0"},
				"west": {"uv": [14.33687, 14.95437, 15.80937, 16], "texture": "#0"},
				"up": {"uv": [15.01669, 15.63419, 16, 15.99146], "texture": "#0"},
				"down": {"uv": [14.43039, 15.04789, 15.74147, 16], "texture": "#0"}
			}
		},
		{
			"from": [-13.78125, 0.75, 7.67188],
			"to": [29.9375, 5.875, 8.92188],
			"rotation": {"angle": 0, "axis": "y", "origin": [0, 0, 7.67188]},
			"faces": {
				"north": {"uv": [8.3705, 6.58704, 7.98899, 8.63122], "texture": "#0"},
				"east": {"uv": [8.02744, 6.65565, 8.16467, 8.53252], "texture": "#0"},
				"south": {"uv": [8, 6.55959, 8.45554, 8.76579], "texture": "#0"},
				"west": {"uv": [8.02744, 6.65565, 8.16467, 8.53252], "texture": "#0"},
				"up": {"uv": [8.17839, 6.65565, 8.35949, 7.03987], "texture": "#0"},
				"down": {"uv": [8.17839, 6.65565, 8.27715, 7.02615], "texture": "#0"}
			}
		},
		{
			"from": [1.71875, 5.75, 7.67188],
			"to": [14.9375, 8.125, 8.92188],
			"rotation": {"angle": 0, "axis": "y", "origin": [0, 0, 7.67188]},
			"faces": {
				"north": {"uv": [8.3705, 6.58704, 7.98899, 8.63122], "texture": "#0"},
				"east": {"uv": [8.02744, 6.65565, 8.16467, 8.53252], "texture": "#0"},
				"south": {"uv": [8, 6.55959, 8.45554, 8.76579], "texture": "#0"},
				"west": {"uv": [8.02744, 6.65565, 8.16467, 8.53252], "texture": "#0"},
				"up": {"uv": [8.17839, 6.65565, 8.35949, 7.03987], "texture": "#0"},
				"down": {"uv": [8.17839, 6.65565, 8.27715, 7.02615], "texture": "#0"}
			}
		},
		{
			"from": [2.46875, 8.125, 7.67188],
			"to": [14.1875, 9, 8.92188],
			"rotation": {"angle": 0, "axis": "y", "origin": [0, 0, 7.67188]},
			"faces": {
				"north": {"uv": [8.3705, 6.58704, 7.98899, 8.63122], "texture": "#0"},
				"east": {"uv": [8.02744, 6.65565, 8.16467, 8.53252], "texture": "#0"},
				"south": {"uv": [8, 6.55959, 8.45554, 8.76579], "texture": "#0"},
				"west": {"uv": [8.02744, 6.65565, 8.16467, 8.53252], "texture": "#0"},
				"up": {"uv": [8.17839, 6.65565, 8.35949, 7.03987], "texture": "#0"},
				"down": {"uv": [8.17839, 6.65565, 8.27715, 7.02615], "texture": "#0"}
			}
		},
		{
			"from": [3.21875, 8.875, 7.67188],
			"to": [13.6875, 9.5, 8.92188],
			"rotation": {"angle": 0, "axis": "y", "origin": [0, 0, 7.67188]},
			"faces": {
				"north": {"uv": [8.3705, 6.58704, 7.98899, 8.63122], "texture": "#0"},
				"east": {"uv": [8.02744, 6.65565, 8.16467, 8.53252], "texture": "#0"},
				"south": {"uv": [8, 6.55959, 8.45554, 8.76579], "texture": "#0"},
				"west": {"uv": [8.02744, 6.65565, 8.16467, 8.53252], "texture": "#0"},
				"up": {"uv": [8.17839, 6.65565, 8.35949, 7.03987], "texture": "#0"},
				"down": {"uv": [8.17839, 6.65565, 8.27715, 7.02615], "texture": "#0"}
			}
		},
		{
			"from": [3.71875, 9.375, 7.67188],
			"to": [12.9375, 10, 8.92188],
			"rotation": {"angle": 0, "axis": "y", "origin": [0, 0, 7.67188]},
			"faces": {
				"north": {"uv": [8.3705, 6.58704, 7.98899, 8.63122], "texture": "#0"},
				"east": {"uv": [8.02744, 6.65565, 8.16467, 8.53252], "texture": "#0"},
				"south": {"uv": [8, 6.55959, 8.45554, 8.76579], "texture": "#0"},
				"west": {"uv": [8.02744, 6.65565, 8.16467, 8.53252], "texture": "#0"},
				"up": {"uv": [8.17839, 6.65565, 8.35949, 7.03987], "texture": "#0"},
				"down": {"uv": [8.17839, 6.65565, 8.27715, 7.02615], "texture": "#0"}
			}
		},
		{
			"from": [15.40625, 5.75, 7.42188],
			"to": [29.75, 6.5, 7.67188],
			"rotation": {"angle": 0, "axis": "z", "origin": [0, 0, 7.67188]},
			"faces": {
				"north": {"uv": [0, 0, 3.03187, 4.66768], "rotation": 270, "texture": "#1"},
				"east": {"uv": [0, 0, 1.03187, 0], "rotation": 90, "texture": "#1"},
				"south": {"uv": [0, 0, 1.03187, 2.0827], "rotation": 90, "texture": "#1"},
				"west": {"uv": [0, 0, 1.03187, 0], "rotation": 90, "texture": "#1"},
				"up": {"uv": [0, 0, 0, 2.0827], "rotation": 90, "texture": "#1"},
				"down": {"uv": [0, 0, 0, 2.0827], "rotation": 90, "texture": "#1"}
			}
		},
		{
			"from": [3.875, 9.75, 7.42188],
			"to": [12.84375, 10.5, 7.67188],
			"rotation": {"angle": 0, "axis": "z", "origin": [0, 0, 7.67188]},
			"faces": {
				"north": {"uv": [0, 0, 3.03187, 4.66768], "rotation": 270, "texture": "#1"},
				"east": {"uv": [0, 0, 1.03187, 0], "rotation": 90, "texture": "#1"},
				"south": {"uv": [0, 0, 1.03187, 2.0827], "rotation": 90, "texture": "#1"},
				"west": {"uv": [0, 0, 1.03187, 0], "rotation": 90, "texture": "#1"},
				"up": {"uv": [0, 0, 0, 2.0827], "rotation": 90, "texture": "#1"},
				"down": {"uv": [0, 0, 0, 2.0827], "rotation": 90, "texture": "#1"}
			}
		},
		{
			"from": [1.65625, 15.78125, 7.42188],
			"to": [5.4375, 16.53125, 7.67188],
			"rotation": {"angle": -45, "axis": "z", "origin": [0, 0, 7.67188]},
			"faces": {
				"north": {"uv": [0, 0, 3.03187, 4.66768], "rotation": 270, "texture": "#1"},
				"east": {"uv": [0, 0, 1.03187, 0], "rotation": 90, "texture": "#1"},
				"south": {"uv": [0, 0, 1.03187, 2.0827], "rotation": 90, "texture": "#1"},
				"west": {"uv": [0, 0, 1.03187, 0], "rotation": 90, "texture": "#1"},
				"up": {"uv": [0, 0, 0, 2.0827], "rotation": 90, "texture": "#1"},
				"down": {"uv": [0, 0, 0, 2.0827], "rotation": 90, "texture": "#1"}
			}
		},
		{
			"from": [14.78125, 5.75, 7.42188],
			"to": [15.53125, 7.84375, 7.67188],
			"rotation": {"angle": 0, "axis": "z", "origin": [0, 0, 7.67188]},
			"faces": {
				"north": {"uv": [0, 0, 3.03187, 4.66768], "rotation": 180, "texture": "#1"},
				"east": {"uv": [0, 0, 0, 2.0827], "rotation": 180, "texture": "#1"},
				"south": {"uv": [0, 0, 1.03187, 2.0827], "rotation": 180, "texture": "#1"},
				"west": {"uv": [0, 0, 0, 2.0827], "rotation": 180, "texture": "#1"},
				"up": {"uv": [0, 0, 1.03187, 0], "rotation": 180, "texture": "#1"},
				"down": {"uv": [0, 0, 1.03187, 0], "rotation": 180, "texture": "#1"}
			}
		},
		{
			"from": [11.3125, 15.78125, 7.42188],
			"to": [15.09375, 16.53125, 7.67188],
			"rotation": {"angle": 45, "axis": "z", "origin": [16.75, 0, 7.67188]},
			"faces": {
				"north": {"uv": [0, 4.66768, 3.03187, 0], "rotation": 270, "texture": "#1"},
				"east": {"uv": [0, 0, 1.03187, 0], "rotation": 90, "texture": "#1"},
				"south": {"uv": [0, 2.0827, 1.03187, 0], "rotation": 90, "texture": "#1"},
				"west": {"uv": [0, 0, 1.03187, 0], "rotation": 90, "texture": "#1"},
				"up": {"uv": [0, 2.0827, 0, 0], "rotation": 90, "texture": "#1"},
				"down": {"uv": [0, 2.0827, 0, 0], "rotation": 90, "texture": "#1"}
			}
		},
		{
			"from": [1.21875, 5.75, 7.42188],
			"to": [1.96875, 7.84375, 7.67188],
			"rotation": {"angle": 0, "axis": "z", "origin": [16.75, 0, 7.67188]},
			"faces": {
				"north": {"uv": [3.03187, 0, 0, 4.66768], "rotation": 180, "texture": "#1"},
				"east": {"uv": [0, 0, 0, 2.0827], "rotation": 180, "texture": "#1"},
				"south": {"uv": [1.03187, 0, 0, 2.0827], "rotation": 180, "texture": "#1"},
				"west": {"uv": [0, 0, 0, 2.0827], "rotation": 180, "texture": "#1"},
				"up": {"uv": [1.03187, 0, 0, 0], "rotation": 180, "texture": "#1"},
				"down": {"uv": [1.03187, 0, 0, 0], "rotation": 180, "texture": "#1"}
			}
		},
		{
			"from": [29.75, 0, 7.42188],
			"to": [30.5, 6.5, 7.67188],
			"rotation": {"angle": 0, "axis": "y", "origin": [0, 0, 7.67188]},
			"faces": {
				"north": {"uv": [0, 0, 3.03187, 4.66768], "texture": "#1"},
				"east": {"uv": [0, 0, 0, 2.0827], "texture": "#1"},
				"south": {"uv": [0, 0, 1.03187, 2.0827], "texture": "#1"},
				"west": {"uv": [0, 0, 0, 2.0827], "texture": "#1"},
				"up": {"uv": [0, 0, 1.03187, 0], "texture": "#1"},
				"down": {"uv": [0, 0, 1.03187, 0], "texture": "#1"}
			}
		},
		{
			"from": [-14.5, 0, 7.42188],
			"to": [-13.75, 6.5, 7.67188],
			"rotation": {"angle": 0, "axis": "y", "origin": [0, 0, 7.67188]},
			"faces": {
				"north": {"uv": [0, 0, 3.03187, 4.66768], "texture": "#1"},
				"east": {"uv": [0, 0, 0, 2.0827], "texture": "#1"},
				"south": {"uv": [0, 0, 1.03187, 2.0827], "texture": "#1"},
				"west": {"uv": [0, 0, 0, 2.0827], "texture": "#1"},
				"up": {"uv": [0, 0, 1.03187, 0], "texture": "#1"},
				"down": {"uv": [0, 0, 1.03187, 0], "texture": "#1"}
			}
		},
		{
			"from": [-13.75, 0, 7.42188],
			"to": [29.75, 0.75, 7.67188],
			"rotation": {"angle": 0, "axis": "z", "origin": [0, 0, 7.67188]},
			"faces": {
				"north": {"uv": [0, 0, 3.03187, 4.66768], "rotation": 270, "texture": "#1"},
				"east": {"uv": [0, 0, 1.03187, 0], "rotation": 90, "texture": "#1"},
				"south": {"uv": [0, 0, 1.03187, 2.0827], "rotation": 90, "texture": "#1"},
				"west": {"uv": [0, 0, 1.03187, 0], "rotation": 90, "texture": "#1"},
				"up": {"uv": [0, 0, 0, 2.0827], "rotation": 90, "texture": "#1"},
				"down": {"uv": [0, 0, 0, 2.0827], "rotation": 90, "texture": "#1"}
			}
		},
		{
			"from": [-13.75, 5.75, 7.42188],
			"to": [1.21875, 6.5, 7.67188],
			"rotation": {"angle": 0, "axis": "z", "origin": [0, 0, 7.67188]},
			"faces": {
				"north": {"uv": [0, 0, 3.03187, 4.66768], "rotation": 270, "texture": "#1"},
				"east": {"uv": [0, 0, 1.03187, 0], "rotation": 90, "texture": "#1"},
				"south": {"uv": [0, 0, 1.03187, 2.0827], "rotation": 90, "texture": "#1"},
				"west": {"uv": [0, 0, 1.03187, 0], "rotation": 90, "texture": "#1"},
				"up": {"uv": [0, 0, 0, 2.0827], "rotation": 90, "texture": "#1"},
				"down": {"uv": [0, 0, 0, 2.0827], "rotation": 90, "texture": "#1"}
			}
		}
	],
	"display": {
		"head": {
			"translation": [0, -17.75, -1.25],
			"scale": [4, 4, 4]
		}
	},
	"groups": [
		0,
		{
			"name": "background",
			"origin": [0, 0, 7.67188],
			"color": 0,
			"children": [1, 2, 3, 4, 5]
		},
		{
			"name": "trim",
			"origin": [0, 0, 7.67188],
			"color": 0,
			"children": [6, 7, 8, 9, 10, 11, 12, 13, 14, 15]
		}
	]
}