{
	"credit": "Made with Blockbench",
	"textures": {
		"1": "item/custom/mk/texturefur1",
		"2": "item/custom/mk/texturefur2",
		"3": "item/custom/mk/texturefur3",
		"4": "item/custom/mk/texturefur4",
		"5": "item/custom/mk/texturefur5",
		"6": "item/custom/mk/texturefur6",
		"7": "item/custom/mk/texturefur7",
		"8": "item/custom/mk/texturefur8",
		"9": "item/custom/mk/texturefur9",
		"10": "item/custom/mk/texturefur10",
		"11": "item/custom/mk/texturetail"
	},
	"elements": [
		{
			"from": [-9.7931, 7.72414, 0],
			"to": [-8.48276, 9.72414, 9.86207],
			"faces": {
				"north": {"uv": [2, 4, 3, 6], "texture": "#7"},
				"east": {"uv": [0, 0, 10, 2], "texture": "#7"},
				"south": {"uv": [3, 4, 4, 6], "texture": "#7"},
				"west": {"uv": [0, 2, 10, 4], "texture": "#7"},
				"up": {"uv": [1, 14, 0, 4], "texture": "#7"},
				"down": {"uv": [2, 4, 1, 14], "texture": "#7"}
			}
		},
		{
			"from": [-8.55172, 7.72414, 9.7931],
			"to": [2, 9.72414, 11.10345],
			"faces": {
				"north": {"uv": [0, 0, 11, 2], "texture": "#10"},
				"east": {"uv": [0, 6, 1, 8], "texture": "#10"},
				"south": {"uv": [0, 2, 11, 4], "texture": "#10"},
				"west": {"uv": [1, 6, 2, 8], "texture": "#10"},
				"up": {"uv": [11, 5, 0, 4], "texture": "#10"},
				"down": {"uv": [11, 5, 0, 6], "texture": "#10"}
			}
		},
		{
			"from": [-8.55172, 9.65517, 0],
			"to": [2, 12.62069, 10],
			"faces": {
				"north": {"uv": [5.5, 0, 11, 1.5], "texture": "#2"},
				"east": {"uv": [5.5, 3, 10.5, 4.5], "texture": "#2"},
				"south": {"uv": [5.5, 1.5, 11, 3], "texture": "#2"},
				"west": {"uv": [5.5, 4.5, 10.5, 6], "texture": "#2"},
				"up": {"uv": [5.5, 5, 0, 0], "texture": "#2"},
				"down": {"uv": [5.5, 5, 0, 10], "texture": "#2"}
			}
		},
		{
			"from": [-6.06897, 10.06897, 2.48276],
			"to": [0.06897, 13.03448, 8.75862],
			"faces": {
				"north": {"uv": [6, 0, 12, 3], "texture": "#1"},
				"east": {"uv": [6, 3, 12, 6], "texture": "#1"},
				"south": {"uv": [6, 6, 12, 9], "texture": "#1"},
				"west": {"uv": [6, 9, 12, 12], "texture": "#1"},
				"up": {"uv": [6, 6, 0, 0], "texture": "#1"},
				"down": {"uv": [6, 6, 0, 12], "texture": "#1"}
			}
		},
		{
			"from": [-8.55172, 7.72414, -1.24138],
			"to": [2, 9.72414, 0.06897],
			"faces": {
				"north": {"uv": [0, 0, 11, 2], "texture": "#8"},
				"east": {"uv": [0, 6, 1, 8], "texture": "#8"},
				"south": {"uv": [0, 2, 11, 4], "texture": "#8"},
				"west": {"uv": [1, 6, 2, 8], "texture": "#8"},
				"up": {"uv": [11, 5, 0, 4], "texture": "#8"},
				"down": {"uv": [11, 5, 0, 6], "texture": "#8"}
			}
		},
		{
			"from": [1.93103, 7.72414, 0],
			"to": [3.24138, 9.72414, 9.86207],
			"faces": {
				"north": {"uv": [2, 4, 3, 6], "texture": "#9"},
				"east": {"uv": [0, 0, 10, 2], "texture": "#9"},
				"south": {"uv": [3, 4, 4, 6], "texture": "#9"},
				"west": {"uv": [0, 2, 10, 4], "texture": "#9"},
				"up": {"uv": [1, 14, 0, 4], "texture": "#9"},
				"down": {"uv": [2, 4, 1, 14], "texture": "#9"}
			}
		},
		{
			"from": [1.37931, 9.65517, 1.65517],
			"to": [2.68966, 11.65517, 8.06897],
			"faces": {
				"north": {"uv": [2, 4, 3, 6], "texture": "#5"},
				"east": {"uv": [0, 0, 6, 2], "texture": "#5"},
				"south": {"uv": [3, 4, 4, 6], "texture": "#5"},
				"west": {"uv": [0, 2, 6, 4], "texture": "#5"},
				"up": {"uv": [1, 10, 0, 4], "texture": "#5"},
				"down": {"uv": [2, 4, 1, 10], "texture": "#5"}
			}
		},
		{
			"from": [-9.10345, 9.65517, 1.65517],
			"to": [-7.7931, 11.65517, 8.06897],
			"faces": {
				"north": {"uv": [2, 4, 3, 6], "texture": "#3"},
				"east": {"uv": [0, 0, 6, 2], "texture": "#3"},
				"south": {"uv": [3, 4, 4, 6], "texture": "#3"},
				"west": {"uv": [0, 2, 6, 4], "texture": "#3"},
				"up": {"uv": [1, 10, 0, 4], "texture": "#3"},
				"down": {"uv": [2, 4, 1, 10], "texture": "#3"}
			}
		},
		{
			"from": [-6.34483, 9.65517, 9.51724],
			"to": [-0.34483, 11.65517, 10.68966],
			"faces": {
				"north": {"uv": [0, 0, 6, 2], "texture": "#4"},
				"east": {"uv": [0, 6, 1, 8], "texture": "#4"},
				"south": {"uv": [0, 2, 6, 4], "texture": "#4"},
				"west": {"uv": [6, 0, 7, 2], "texture": "#4"},
				"up": {"uv": [6, 5, 0, 4], "texture": "#4"},
				"down": {"uv": [6, 5, 0, 6], "texture": "#4"}
			}
		},
		{
			"from": [-6.34483, 9.65517, -0.68966],
			"to": [-0.34483, 11.65517, 0.48276],
			"faces": {
				"north": {"uv": [0, 0, 6, 2], "texture": "#6"},
				"east": {"uv": [0, 6, 1, 8], "texture": "#6"},
				"south": {"uv": [0, 2, 6, 4], "texture": "#6"},
				"west": {"uv": [6, 0, 7, 2], "texture": "#6"},
				"up": {"uv": [6, 5, 0, 4], "texture": "#6"},
				"down": {"uv": [6, 5, 0, 6], "texture": "#6"}
			}
		},
		{
			"from": [-4.96552, -5.93103, 12.27586],
			"to": [-1.58621, 4.75862, 14.27586],
			"rotation": {"angle": -22.5, "axis": "x", "origin": [0, 0, 0]},
			"faces": {
				"north": {"uv": [0, 0, 3, 11], "texture": "#11"},
				"east": {"uv": [6, 0, 8, 11], "texture": "#11"},
				"south": {"uv": [3, 0, 6, 11], "texture": "#11"},
				"west": {"uv": [8, 0, 10, 11], "texture": "#11"},
				"up": {"uv": [13, 2, 10, 0], "texture": "#11"},
				"down": {"uv": [13, 2, 10, 4], "texture": "#11"}
			}
		}
	],
	"display": {
		"thirdperson_righthand": {
			"translation": [-3.25, -1.5, -1.25],
			"scale": [0.75, 0.75, 0.75]
		},
		"thirdperson_lefthand": {
			"translation": [-20.25, 0, 0],
			"scale": [0.75, 0.75, 0.75]
		},
		"firstperson_righthand": {
			"translation": [15, 0, 0]
		},
		"firstperson_lefthand": {
			"translation": [-4.25, 0, 0]
		},
		"ground": {
			"translation": [11.25, 3.5, 3]
		},
		"gui": {
			"translation": [11.25, 2, 0]
		},
		"head": {
			"translation": [14.5, 2.65, 4.25],
			"scale": [1.29, 1.32, 1.34]
		},
		"fixed": {
			"translation": [11, 0, 0]
		}
	}
}
