{
	"credit": "Made with Blockbench",
	"texture_size": [32, 32],
	"textures": {
		"2": "item/custom/mk/gator1ppf"
	},
	"elements": [
		{
			"from": [4, 0, 5],
			"to": [11, 3, 12],
			"rotation": {"angle": 0, "axis": "y", "origin": [0, 0, -15]},
			"faces": {
				"north": {"uv": [3.5, 0, 7, 1.5], "texture": "#2"},
				"east": {"uv": [3.5, 1.5, 7, 3], "texture": "#2"},
				"south": {"uv": [3.5, 3, 7, 4.5], "texture": "#2"},
				"west": {"uv": [3.5, 4.5, 7, 6], "texture": "#2"},
				"up": {"uv": [3.5, 3.5, 0, 0], "texture": "#2"},
				"down": {"uv": [3.5, 3.5, 0, 7], "texture": "#2"}
			}
		},
		{
			"from": [7.21943, 0, 1.35939],
			"to": [9.71943, 2, 4.95939],
			"rotation": {"angle": -22.5, "axis": "y", "origin": [6.7, 0, 6]},
			"faces": {
				"north": {"uv": [9.5, 0, 10.75, 1], "texture": "#2"},
				"east": {"uv": [8.5, 2, 10.3125, 3], "texture": "#2"},
				"south": {"uv": [9.5, 1, 10.75, 2], "texture": "#2"},
				"west": {"uv": [2.5, 8.5, 4.3125, 9.5], "texture": "#2"},
				"up": {"uv": [8.25, 3.8125, 7, 2], "texture": "#2"},
				"down": {"uv": [8.25, 4, 7, 5.8125], "texture": "#2"}
			}
		},
		{
			"from": [5.11943, 0, 1.55939],
			"to": [7.61943, 2, 5.15939],
			"rotation": {"angle": 22.5, "axis": "y", "origin": [7.3, 0, 6]},
			"faces": {
				"north": {"uv": [2.5, 9.5, 3.75, 10.5], "texture": "#2"},
				"east": {"uv": [8.5, 3, 10.3125, 4], "texture": "#2"},
				"south": {"uv": [4, 10, 5.25, 11], "texture": "#2"},
				"west": {"uv": [8.5, 4, 10.3125, 5], "texture": "#2"},
				"up": {"uv": [8.75, 7.8125, 7.5, 6], "texture": "#2"},
				"down": {"uv": [8.75, 8, 7.5, 9.8125], "texture": "#2"}
			}
		},
		{
			"from": [5.51943, 2, 2.05939],
			"to": [7.21943, 2.7, 3.75939],
			"rotation": {"angle": 22.5, "axis": "y", "origin": [7.3, 2, 6]},
			"faces": {
				"north": {"uv": [2.5, 8, 3.375, 8.375], "texture": "#2"},
				"east": {"uv": [10.5, 6, 11.375, 6.375], "texture": "#2"},
				"south": {"uv": [11, 1, 11.875, 1.375], "texture": "#2"},
				"west": {"uv": [11, 1.5, 11.875, 1.875], "texture": "#2"},
				"up": {"uv": [3.375, 7.875, 2.5, 7], "texture": "#2"},
				"down": {"uv": [11.375, 4, 10.5, 4.875], "texture": "#2"}
			}
		},
		{
			"from": [7.81943, 2, 2.75939],
			"to": [9.51943, 2.7, 4.45939],
			"rotation": {"angle": -22.5, "axis": "y", "origin": [9.3, 2, 6]},
			"faces": {
				"north": {"uv": [11, 9.5, 11.875, 9.875], "texture": "#2"},
				"east": {"uv": [11, 10, 11.875, 10.375], "texture": "#2"},
				"south": {"uv": [11, 10.5, 11.875, 10.875], "texture": "#2"},
				"west": {"uv": [11, 11, 11.875, 11.375], "texture": "#2"},
				"up": {"uv": [11.375, 5.875, 10.5, 5], "texture": "#2"},
				"down": {"uv": [11.875, 0, 11, 0.875], "texture": "#2"}
			}
		},
		{
			"from": [7.7, 0, 4.7],
			"to": [10.7, 2.1, 6],
			"rotation": {"angle": 0, "axis": "y", "origin": [0, 0, -15]},
			"faces": {
				"north": {"uv": [4.5, 8.5, 6, 9.5625], "texture": "#2"},
				"east": {"uv": [4, 11, 4.625, 12.0625], "texture": "#2"},
				"south": {"uv": [6, 8.5, 7.5, 9.5625], "texture": "#2"},
				"west": {"uv": [5, 11, 5.625, 12.0625], "texture": "#2"},
				"up": {"uv": [1.5, 11.125, 0, 10.5], "texture": "#2"},
				"down": {"uv": [12, 2, 10.5, 2.625], "texture": "#2"}
			}
		},
		{
			"from": [4.2, 0, 4.7],
			"to": [7.2, 2.1, 6],
			"rotation": {"angle": 0, "axis": "y", "origin": [0, 0, -15]},
			"faces": {
				"north": {"uv": [0, 9, 1.5, 10.0625], "texture": "#2"},
				"east": {"uv": [6, 11, 6.625, 12.0625], "texture": "#2"},
				"south": {"uv": [9, 5, 10.5, 6.0625], "texture": "#2"},
				"west": {"uv": [8.5, 11, 9.125, 12.0625], "texture": "#2"},
				"up": {"uv": [4, 11.125, 2.5, 10.5], "texture": "#2"},
				"down": {"uv": [12, 3, 10.5, 3.625], "texture": "#2"}
			}
		},
		{
			"from": [5.3, 0.5, 5.8],
			"to": [9.8, 3.7, 7.1],
			"rotation": {"angle": -22.5, "axis": "x", "origin": [0, 0, 1]},
			"faces": {
				"north": {"uv": [0, 7, 2.25, 8.625], "texture": "#2"},
				"east": {"uv": [7.5, 10, 8.125, 11.625], "texture": "#2"},
				"south": {"uv": [7, 0, 9.25, 1.625], "texture": "#2"},
				"west": {"uv": [10, 9.5, 10.625, 11.125], "texture": "#2"},
				"up": {"uv": [11.25, 7.125, 9, 6.5], "texture": "#2"},
				"down": {"uv": [11.25, 7.5, 9, 8.125], "texture": "#2"}
			}
		},
		{
			"from": [5.8, 3.7, 5.8],
			"to": [9.3, 8, 7.1],
			"rotation": {"angle": -22.5, "axis": "x", "origin": [0, 0, 1]},
			"faces": {
				"north": {"uv": [3.5, 6, 5.25, 8.125], "texture": "#2"},
				"east": {"uv": [1.5, 9, 2.125, 11.125], "texture": "#2"},
				"south": {"uv": [5.5, 6, 7.25, 8.125], "texture": "#2"},
				"west": {"uv": [9, 8.5, 9.625, 10.625], "texture": "#2"},
				"up": {"uv": [7.25, 10.625, 5.5, 10], "texture": "#2"},
				"down": {"uv": [11.75, 8.5, 10, 9.125], "texture": "#2"}
			}
		},
		{
			"from": [5.7, 3.9, 8.3],
			"to": [9.2, 8.2, 9.6],
			"rotation": {"angle": 22.5, "axis": "x", "origin": [15, 0.2, 14.4]},
			"faces": {
				"north": {"uv": [5.5, 6, 7.25, 8.125], "texture": "#2"},
				"east": {"uv": [9, 8.5, 9.625, 10.625], "texture": "#2"},
				"south": {"uv": [3.5, 6, 5.25, 8.125], "texture": "#2"},
				"west": {"uv": [1.5, 9, 2.125, 11.125], "texture": "#2"},
				"up": {"uv": [5.5, 10, 7.25, 10.625], "texture": "#2"},
				"down": {"uv": [10, 8.5, 11.75, 9.125], "texture": "#2"}
			}
		},
		{
			"from": [5.2, 0.7, 8.3],
			"to": [9.7, 3.9, 9.6],
			"rotation": {"angle": 22.5, "axis": "x", "origin": [15, 0.2, 14.4]},
			"faces": {
				"north": {"uv": [7, 0, 9.25, 1.625], "texture": "#2"},
				"east": {"uv": [10, 9.5, 10.625, 11.125], "texture": "#2"},
				"south": {"uv": [0, 7, 2.25, 8.625], "texture": "#2"},
				"west": {"uv": [7.5, 10, 8.125, 11.625], "texture": "#2"},
				"up": {"uv": [9, 6.5, 11.25, 7.125], "texture": "#2"},
				"down": {"uv": [9, 7.5, 11.25, 8.125], "texture": "#2"}
			}
		}
	],
	"display": {}
}
