{
	"credit": "Made with Blockbench",
	"texture_size": [32, 32],
	"textures": {
		"2": "item/custom/mk/goldendumbo",
		"particle": "item/custom/mk/goldendumbo"
	},
	"elements": [
		{
			"from": [4.6, 0.1, 6],
			"to": [11.4, 6.9, 12.4],
			"rotation": {"angle": 0, "axis": "y", "origin": [6.8, 2.3, 8]},
			"faces": {
				"north": {"uv": [0, 0, 3.5, 3.5], "texture": "#2"},
				"east": {"uv": [3.5, 0, 6.75, 3.5], "texture": "#2"},
				"south": {"uv": [0, 3.5, 3.5, 7], "texture": "#2"},
				"west": {"uv": [3.5, 3.5, 6.75, 7], "texture": "#2"},
				"up": {"uv": [3.5, 10.25, 0, 7], "texture": "#2"},
				"down": {"uv": [10.5, 0, 7, 3.25], "texture": "#2"}
			}
		},
		{
			"from": [4.2, 0, 5.4],
			"to": [11.8, 2.6, 8.3],
			"rotation": {"angle": 0, "axis": "y", "origin": [6, 1.1, 6]},
			"faces": {
				"north": {"uv": [10, 7.5, 13.75, 8.75], "texture": "#2"},
				"east": {"uv": [2.5, 11, 4, 12.25], "texture": "#2"},
				"south": {"uv": [10, 9, 13.75, 10.25], "texture": "#2"},
				"west": {"uv": [11, 3, 12.5, 4.25], "texture": "#2"},
				"up": {"uv": [7.25, 8.5, 3.5, 7], "texture": "#2"},
				"down": {"uv": [10.75, 3.5, 7, 5], "texture": "#2"}
			}
		},
		{
			"from": [1, 1.3, 7.7],
			"to": [5, 6.3, 8.3],
			"rotation": {"angle": -22.5, "axis": "x", "origin": [2, 4.3, 7]},
			"faces": {
				"north": {"uv": [3.5, 8.5, 5.5, 11], "texture": "#2"},
				"east": {"uv": [2, 13.5, 2.25, 16], "texture": "#2"},
				"south": {"uv": [5.5, 8.5, 7.5, 11], "texture": "#2"},
				"west": {"uv": [2.5, 13.5, 2.75, 16], "texture": "#2"},
				"up": {"uv": [16, 5.25, 14, 5], "texture": "#2"},
				"down": {"uv": [16, 7.5, 14, 7.75], "texture": "#2"}
			}
		},
		{
			"from": [11, 1.3, 7.7],
			"to": [15, 6.3, 8.3],
			"rotation": {"angle": -22.5, "axis": "x", "origin": [12, 4.3, 7]},
			"faces": {
				"north": {"uv": [10, 5, 12, 7.5], "texture": "#2"},
				"east": {"uv": [3, 13.5, 3.25, 16], "texture": "#2"},
				"south": {"uv": [7.5, 10, 9.5, 12.5], "texture": "#2"},
				"west": {"uv": [13.5, 3, 13.75, 5.5], "texture": "#2"},
				"up": {"uv": [16, 8.25, 14, 8], "texture": "#2"},
				"down": {"uv": [16, 8.5, 14, 8.75], "texture": "#2"}
			}
		},
		{
			"from": [6.8, 0.6, 4.1],
			"to": [9.2, 3, 7.2],
			"rotation": {"angle": -22.5, "axis": "x", "origin": [7, 0.8, 4.1]},
			"faces": {
				"north": {"uv": [12, 6, 13.25, 7.25], "texture": "#2"},
				"east": {"uv": [4, 11, 5.5, 12.25], "texture": "#2"},
				"south": {"uv": [9.5, 12, 10.75, 13.25], "texture": "#2"},
				"west": {"uv": [5.5, 11, 7, 12.25], "texture": "#2"},
				"up": {"uv": [1.25, 13.5, 0, 12], "texture": "#2"},
				"down": {"uv": [13.25, 4.5, 12, 6], "texture": "#2"}
			}
		},
		{
			"from": [6.9, 0.6685, 2.94985],
			"to": [9.1, 2.9685, 4.24985],
			"rotation": {"angle": 0, "axis": "y", "origin": [7.5, 0.5685, 1.04985]},
			"faces": {
				"north": {"uv": [1.5, 12, 2.5, 13.25], "texture": "#2"},
				"east": {"uv": [3.5, 12.5, 4.25, 13.75], "texture": "#2"},
				"south": {"uv": [12, 10.5, 13, 11.75], "texture": "#2"},
				"west": {"uv": [4.5, 12.5, 5.25, 13.75], "texture": "#2"},
				"up": {"uv": [8.5, 13.25, 7.5, 12.5], "texture": "#2"},
				"down": {"uv": [9.5, 12.5, 8.5, 13.25], "texture": "#2"}
			}
		},
		{
			"from": [7, 2.18271, 1.53564],
			"to": [9, 3.88271, 3.53564],
			"rotation": {"angle": 45, "axis": "x", "origin": [6.9, 2.08271, 1.53564]},
			"faces": {
				"north": {"uv": [13, 0, 14, 0.75], "texture": "#2"},
				"east": {"uv": [13, 1, 14, 1.75], "texture": "#2"},
				"south": {"uv": [13, 2, 14, 2.75], "texture": "#2"},
				"west": {"uv": [13, 10.5, 14, 11.25], "texture": "#2"},
				"up": {"uv": [12, 13, 11, 12], "texture": "#2"},
				"down": {"uv": [13, 12, 12, 13], "texture": "#2"}
			}
		},
		{
			"from": [7.1, 1.93047, 0.97027],
			"to": [8.9, 3.93047, 2.57027],
			"rotation": {"angle": -22.5, "axis": "x", "origin": [6.9, 3.93047, 0.77027]},
			"faces": {
				"north": {"uv": [2.5, 12.5, 3.5, 13.5], "texture": "#2"},
				"east": {"uv": [11, 13, 11.75, 14], "texture": "#2"},
				"south": {"uv": [12.5, 3, 13.5, 4], "texture": "#2"},
				"west": {"uv": [13, 11.5, 13.75, 12.5], "texture": "#2"},
				"up": {"uv": [13, 13.75, 12, 13], "texture": "#2"},
				"down": {"uv": [14, 12.5, 13, 13.25], "texture": "#2"}
			}
		},
		{
			"from": [7.2, 4.00701, 1.05505],
			"to": [9, 5.00701, 2.55505],
			"rotation": {"angle": 0, "axis": "y", "origin": [7.1, 3.39472, 1.47684]},
			"faces": {
				"north": {"uv": [2.5, 10.5, 3.5, 11], "texture": "#2"},
				"east": {"uv": [12.5, 4, 13.25, 4.5], "texture": "#2"},
				"south": {"uv": [11, 4.5, 12, 5], "texture": "#2"},
				"west": {"uv": [14, 9, 14.75, 9.5], "texture": "#2"},
				"up": {"uv": [1, 14.25, 0, 13.5], "texture": "#2"},
				"down": {"uv": [2, 13.5, 1, 14.25], "texture": "#2"}
			}
		},
		{
			"from": [7.3, 4.24164, 0.30729],
			"to": [8.9, 5.34164, 2.60729],
			"rotation": {"angle": -22.5, "axis": "x", "origin": [7.2, 4.24164, 0.70729]},
			"faces": {
				"north": {"uv": [14, 9.5, 14.75, 10], "texture": "#2"},
				"east": {"uv": [13.5, 5.5, 14.75, 6], "texture": "#2"},
				"south": {"uv": [14, 10, 14.75, 10.5], "texture": "#2"},
				"west": {"uv": [13.5, 6, 14.75, 6.5], "texture": "#2"},
				"up": {"uv": [6.25, 13.75, 5.5, 12.5], "texture": "#2"},
				"down": {"uv": [7.25, 12.5, 6.5, 13.75], "texture": "#2"}
			}
		},
		{
			"from": [5.4, 6, 6.8],
			"to": [10.6, 8.7, 11.2],
			"rotation": {"angle": 0, "axis": "y", "origin": [7, 6, 8]},
			"faces": {
				"north": {"uv": [0, 10.5, 2.5, 11.75], "texture": "#2"},
				"east": {"uv": [10.5, 1.5, 12.75, 2.75], "texture": "#2"},
				"south": {"uv": [10.5, 0, 13, 1.25], "texture": "#2"},
				"west": {"uv": [9.5, 10.5, 11.75, 11.75], "texture": "#2"},
				"up": {"uv": [10, 7.25, 7.5, 5], "texture": "#2"},
				"down": {"uv": [10, 7.5, 7.5, 9.75], "texture": "#2"}
			}
		},
		{
			"from": [7.2, 8.2, 8.5],
			"to": [8.8, 9.8, 9.5],
			"rotation": {"angle": 0, "axis": "y", "origin": [7, 8, 8]},
			"faces": {
				"north": {"uv": [14, 1, 14.75, 1.75], "texture": "#2"},
				"east": {"uv": [7, 5, 7.5, 5.75], "texture": "#2"},
				"south": {"uv": [14, 2, 14.75, 2.75], "texture": "#2"},
				"west": {"uv": [7, 6, 7.5, 6.75], "texture": "#2"},
				"up": {"uv": [11.25, 14.5, 10.5, 14], "texture": "#2"},
				"down": {"uv": [14.75, 10.5, 14, 11], "texture": "#2"}
			}
		},
		{
			"from": [5.9, 8.7, 8.3],
			"to": [7.5, 10.1, 9.6],
			"rotation": {"angle": 0, "axis": "y", "origin": [5.2, 7.8, 8.5]},
			"faces": {
				"north": {"uv": [14, 3, 14.75, 3.75], "texture": "#2"},
				"east": {"uv": [3.5, 14, 4.25, 14.75], "texture": "#2"},
				"south": {"uv": [14, 4, 14.75, 4.75], "texture": "#2"},
				"west": {"uv": [4.5, 14, 5.25, 14.75], "texture": "#2"},
				"up": {"uv": [6.25, 14.75, 5.5, 14], "texture": "#2"},
				"down": {"uv": [7.25, 14, 6.5, 14.75], "texture": "#2"}
			}
		},
		{
			"from": [8.5, 8.7, 8.3],
			"to": [10.1, 10.1, 9.6],
			"rotation": {"angle": 0, "axis": "y", "origin": [10.8, 7.8, 8.5]},
			"faces": {
				"north": {"uv": [13.5, 6.5, 14.25, 7.25], "texture": "#2"},
				"east": {"uv": [7.5, 13.5, 8.25, 14.25], "texture": "#2"},
				"south": {"uv": [8.5, 13.5, 9.25, 14.25], "texture": "#2"},
				"west": {"uv": [9.5, 13.5, 10.25, 14.25], "texture": "#2"},
				"up": {"uv": [13.75, 14.25, 13, 13.5], "texture": "#2"},
				"down": {"uv": [14.75, 0, 14, 0.75], "texture": "#2"}
			}
		}
	],
	"display": {
		"fixed": {
			"translation": [0, 14.75, -2],
			"scale": [4, 4, 4]
		}
	}
}
