{
	"credit": "Made with Blockbench",
	"textures": {
		"1": "block/gray_concrete",
		"2": "block/black_concrete",
		"4": "block/black_concrete",
		"5": "block/anvil",
		"8": "block/cyan_terracotta",
		"particle": "block/black_concrete"
	},
	"elements": [
		{
			"from": [11, -10, -5.5],
			"to": [12, 0, -4.5],
			"rotation": {"angle": 22.5, "axis": "x", "origin": [0, -8.5, 0]},
			"faces": {
				"north": {"uv": [0, 0, 1, 11], "texture": "#1"},
				"east": {"uv": [0, 0, 1, 11], "texture": "#1"},
				"south": {"uv": [0, 0, 1, 11], "texture": "#1"},
				"west": {"uv": [0, 0, 1, 11], "texture": "#1"},
				"up": {"uv": [0, 0, 1, 1], "texture": "#1"},
				"down": {"uv": [0, 0, 1, 1], "texture": "#1"}
			}
		},
		{
			"from": [-10, -10, -5.5],
			"to": [-9, 0, -4.5],
			"rotation": {"angle": 22.5, "axis": "x", "origin": [0, -8.5, 0]},
			"faces": {
				"north": {"uv": [0, 0, 1, 11], "texture": "#1"},
				"east": {"uv": [0, 0, 1, 11], "texture": "#1"},
				"south": {"uv": [0, 0, 1, 11], "texture": "#1"},
				"west": {"uv": [0, 0, 1, 11], "texture": "#1"},
				"up": {"uv": [0, 0, 1, 1], "texture": "#1"},
				"down": {"uv": [0, 0, 1, 1], "texture": "#1"}
			}
		},
		{
			"from": [-10, -1, -5.5],
			"to": [12, 0, -4.5],
			"rotation": {"angle": 22.5, "axis": "x", "origin": [0, -8.5, 0]},
			"faces": {
				"north": {"uv": [0, 0, 16, 1], "texture": "#1"},
				"east": {"uv": [0, 0, 1, 1], "texture": "#1"},
				"south": {"uv": [0, 0, 16, 1], "texture": "#1"},
				"west": {"uv": [0, 0, 1, 1], "texture": "#1"},
				"up": {"uv": [0, 0, 16, 1], "texture": "#1"},
				"down": {"uv": [0, 0, 16, 1], "texture": "#1"}
			}
		},
		{
			"from": [-12.44531, -5, 2],
			"to": [14.25, -3, 10.70703],
			"rotation": {"angle": 0, "axis": "y", "origin": [0, -8.5, 0]},
			"faces": {
				"north": {"uv": [3, 4, 13, 3], "texture": "#2"},
				"east": {"uv": [3, 4, 5, 3], "texture": "#2"},
				"south": {"uv": [3, 4, 13, 3], "texture": "#2"},
				"west": {"uv": [3, 4, 5, 3], "texture": "#2"},
				"up": {"uv": [3, 4.5, 13, 8.5], "texture": "#2"},
				"down": {"uv": [3, 4.5, 13, 8.5], "texture": "#2"}
			}
		},
		{
			"from": [-11, -7.5, 3],
			"to": [13, -3.5, 10],
			"rotation": {"angle": 0, "axis": "y", "origin": [0, -8.5, 0]},
			"faces": {
				"north": {"uv": [0, 0, 16, 2], "texture": "#2"},
				"east": {"uv": [0, 0, 8, 2], "texture": "#2"},
				"south": {"uv": [0, 0, 16, 2], "texture": "#2"},
				"west": {"uv": [0, 0, 8, 2], "texture": "#2"},
				"up": {"uv": [0, 0, 16, 8], "texture": "#2"},
				"down": {"uv": [0, 0, 16, 8], "texture": "#2"}
			}
		},
		{
			"from": [14.07813, 17.5, 8],
			"to": [15, 22, 11.5],
			"rotation": {"angle": 0, "axis": "y", "origin": [-6, -8.5, 7]},
			"faces": {
				"north": {"uv": [0, 0, 11, 1], "rotation": 180, "texture": "#2"},
				"east": {"uv": [3, 0, 13.5, 9.5], "rotation": 90, "texture": "#2"},
				"south": {"uv": [0, 0, 11, 1], "texture": "#2"},
				"west": {"uv": [5, 0, 14, 8.5], "rotation": 270, "texture": "#2"},
				"up": {"uv": [0, 0, 11, 12], "texture": "#2"},
				"down": {"uv": [0, 0, 11, 12], "rotation": 180, "texture": "#2"}
			}
		},
		{
			"from": [14.05469, 13.5, 9],
			"to": [14.94141, 18, 15],
			"rotation": {"angle": 0, "axis": "y", "origin": [-6, -8.5, 7]},
			"faces": {
				"north": {"uv": [0, 0, 11, 1], "rotation": 180, "texture": "#2"},
				"east": {"uv": [3, 0, 15.5, 10.5], "rotation": 90, "texture": "#2"},
				"south": {"uv": [0, 0, 11, 1], "texture": "#2"},
				"west": {"uv": [3.5, 0, 15, 10], "rotation": 270, "texture": "#2"},
				"up": {"uv": [0, 0, 11, 12], "texture": "#2"},
				"down": {"uv": [0, 0, 11, 12], "rotation": 180, "texture": "#2"}
			}
		},
		{
			"from": [14.02734, -1.5, 12.5],
			"to": [14.96875, 6.5, 19.5],
			"rotation": {"angle": -22.5, "axis": "x", "origin": [-6, -8.5, 7]},
			"faces": {
				"north": {"uv": [0, 0, 11, 12], "texture": "#2"},
				"east": {"uv": [4, 1, 11.5, 11], "texture": "#2"},
				"south": {"uv": [0, 0, 11, 12], "texture": "#2"},
				"west": {"uv": [4.5, 0, 13.5, 8], "texture": "#2"},
				"up": {"uv": [0, 0, 11, 1], "texture": "#2"},
				"down": {"uv": [0, 0, 11, 1], "texture": "#2"}
			}
		},
		{
			"from": [14.08203, 9, 2],
			"to": [14.94531, 15, 7.5],
			"rotation": {"angle": 22.5, "axis": "x", "origin": [-6, -8.5, 7]},
			"faces": {
				"north": {"uv": [0, 0, 11, 1], "rotation": 180, "texture": "#2"},
				"east": {"uv": [4.5, 1, 11, 8.5], "rotation": 90, "texture": "#2"},
				"south": {"uv": [0, 0, 11, 1], "texture": "#2"},
				"west": {"uv": [3, 0, 13.5, 9], "rotation": 270, "texture": "#2"},
				"up": {"uv": [0, 0, 11, 12], "texture": "#2"},
				"down": {"uv": [0, 0, 11, 12], "rotation": 180, "texture": "#2"}
			}
		},
		{
			"from": [14, -8.5, 4],
			"to": [15, 6, 13],
			"rotation": {"angle": 0, "axis": "y", "origin": [-6, -8.5, -10]},
			"faces": {
				"north": {"uv": [0, 0, 11, 12], "texture": "#2"},
				"east": {"uv": [3, 0, 14.5, 13.5], "texture": "#2"},
				"south": {"uv": [0, 0, 11, 12], "texture": "#2"},
				"west": {"uv": [3, 0, 13, 12.5], "texture": "#2"},
				"up": {"uv": [0, 0, 11, 1], "texture": "#2"},
				"down": {"uv": [0, 0, 11, 1], "texture": "#2"}
			}
		},
		{
			"from": [13.5, -8.5, 0],
			"to": [14.5, 3.5, 4.5],
			"rotation": {"angle": 0, "axis": "y", "origin": [-6, -8.5, -10]},
			"faces": {
				"north": {"uv": [0, 0, 11, 12], "texture": "#2"},
				"east": {"uv": [2.5, 0, 14, 12], "texture": "#2"},
				"south": {"uv": [0, 0, 11, 12], "texture": "#2"},
				"west": {"uv": [2.5, 0, 14, 12], "texture": "#2"},
				"up": {"uv": [0, 0, 11, 1], "texture": "#2"},
				"down": {"uv": [0, 0, 11, 1], "texture": "#2"}
			}
		},
		{
			"from": [13, -8.5, -4],
			"to": [14, 1.5, 0.5],
			"rotation": {"angle": 0, "axis": "y", "origin": [-6, -8.5, -10]},
			"faces": {
				"north": {"uv": [0, 0, 11, 12], "texture": "#2"},
				"east": {"uv": [3, 0, 12.5, 12], "texture": "#2"},
				"south": {"uv": [0, 0, 11, 12], "texture": "#2"},
				"west": {"uv": [3, 0, 13, 12], "texture": "#2"},
				"up": {"uv": [0, 0, 10, 12.5], "texture": "#2"},
				"down": {"uv": [0, 0, 11, 1], "texture": "#2"}
			}
		},
		{
			"from": [12.5, -8.5, -8],
			"to": [13.5, 0, -3.5],
			"rotation": {"angle": 0, "axis": "y", "origin": [-6, -8.5, -10]},
			"faces": {
				"north": {"uv": [0, 0, 11, 12], "texture": "#2"},
				"east": {"uv": [2, 1, 13.5, 13], "texture": "#2"},
				"south": {"uv": [0, 0, 11, 12], "texture": "#2"},
				"west": {"uv": [4.5, 0, 12.5, 11], "texture": "#2"},
				"up": {"uv": [0, 0, 11, 1], "texture": "#2"},
				"down": {"uv": [0, 0, 11, 1], "texture": "#2"}
			}
		},
		{
			"from": [-13, 17.5, 8],
			"to": [-12, 22, 11.5],
			"rotation": {"angle": 0, "axis": "y", "origin": [-33, -8.5, 7]},
			"faces": {
				"north": {"uv": [0, 0, 11, 1], "rotation": 180, "texture": "#2"},
				"east": {"uv": [4, 0, 14, 10], "rotation": 90, "texture": "#2"},
				"south": {"uv": [0, 0, 11, 1], "texture": "#2"},
				"west": {"uv": [6.5, 0, 13.5, 10], "rotation": 270, "texture": "#2"},
				"up": {"uv": [0, 0, 11, 12], "texture": "#2"},
				"down": {"uv": [0, 0, 11, 12], "rotation": 180, "texture": "#2"}
			}
		},
		{
			"from": [-13.05469, 13.5, 9],
			"to": [-12.10937, 18, 15],
			"rotation": {"angle": 0, "axis": "y", "origin": [-33, -8.5, 7]},
			"faces": {
				"north": {"uv": [0, 0, 11, 1], "rotation": 180, "texture": "#2"},
				"east": {"uv": [4.5, 0, 13.5, 7.5], "rotation": 90, "texture": "#2"},
				"south": {"uv": [0, 0, 11, 1], "texture": "#2"},
				"west": {"uv": [3, 0, 10.5, 10], "rotation": 270, "texture": "#2"},
				"up": {"uv": [0, 0, 11, 12], "texture": "#2"},
				"down": {"uv": [0, 0, 11, 12], "rotation": 180, "texture": "#2"}
			}
		},
		{
			"from": [-12.93359, 7.5, 17.25],
			"to": [-12, 11, 23.25],
			"rotation": {"angle": -22.5, "axis": "x", "origin": [-33, -8.5, 7]},
			"faces": {
				"north": {"uv": [0, 0, 11, 1], "rotation": 180, "texture": "#2"},
				"east": {"uv": [0, 0, 1, 12], "rotation": 90, "texture": "#2"},
				"south": {"uv": [0, 0, 11, 1], "texture": "#2"},
				"west": {"uv": [0, 0, 1, 12], "rotation": 270, "texture": "#2"},
				"up": {"uv": [0, 0, 11, 12], "texture": "#2"},
				"down": {"uv": [0, 0, 11, 12], "rotation": 180, "texture": "#2"}
			}
		},
		{
			"from": [14, 7.5, 17.25],
			"to": [15, 11, 23.25],
			"rotation": {"angle": -22.5, "axis": "x", "origin": [-33, -8.5, 7]},
			"faces": {
				"north": {"uv": [0, 0, 11, 1], "rotation": 180, "texture": "#2"},
				"east": {"uv": [4, 0, 13.5, 8.5], "rotation": 90, "texture": "#2"},
				"south": {"uv": [0, 0, 11, 1], "texture": "#2"},
				"west": {"uv": [4.5, 0, 13, 10], "rotation": 270, "texture": "#2"},
				"up": {"uv": [0, 0, 11, 12], "texture": "#2"},
				"down": {"uv": [2, 0, 13, 12], "rotation": 180, "texture": "#2"}
			}
		},
		{
			"from": [-12.93359, 11.75, 17.9],
			"to": [-12, 15.25, 23.9],
			"rotation": {"angle": -22.5, "axis": "x", "origin": [-33, -8.5, 7]},
			"faces": {
				"north": {"uv": [0, 0, 11, 1], "rotation": 180, "texture": "#2"},
				"east": {"uv": [3, 0, 16, 9.5], "rotation": 90, "texture": "#2"},
				"south": {"uv": [0, 0, 11, 1], "texture": "#2"},
				"west": {"uv": [6.5, 0, 13.5, 11], "rotation": 270, "texture": "#2"},
				"up": {"uv": [0, 0, 11, 12], "texture": "#2"},
				"down": {"uv": [0, 0, 11, 12], "rotation": 180, "texture": "#2"}
			}
		},
		{
			"from": [14, 11.75, 17.9],
			"to": [14.94531, 15.25, 23.9],
			"rotation": {"angle": -22.5, "axis": "x", "origin": [-33, -8.5, 7]},
			"faces": {
				"north": {"uv": [0, 0, 11, 1], "rotation": 180, "texture": "#2"},
				"east": {"uv": [5, 0, 12.5, 12], "rotation": 90, "texture": "#2"},
				"south": {"uv": [0, 0, 11, 1], "texture": "#2"},
				"west": {"uv": [3.5, 0, 14.5, 10], "rotation": 270, "texture": "#2"},
				"up": {"uv": [0, 0, 11, 12], "texture": "#2"},
				"down": {"uv": [0, 0, 11, 12], "rotation": 180, "texture": "#2"}
			}
		},
		{
			"from": [-12.97656, -1.5, 12.5],
			"to": [-12.14453, 6.5, 19.5],
			"rotation": {"angle": -22.5, "axis": "x", "origin": [-33, -8.5, 7]},
			"faces": {
				"north": {"uv": [0, 0, 11, 12], "texture": "#2"},
				"east": {"uv": [4.5, 0, 15, 9], "texture": "#2"},
				"south": {"uv": [0, 0, 11, 12], "texture": "#2"},
				"west": {"uv": [1.5, 0, 14, 11.5], "texture": "#2"},
				"up": {"uv": [0, 0, 11, 1], "texture": "#2"},
				"down": {"uv": [0, 0, 11, 1], "texture": "#2"}
			}
		},
		{
			"from": [-13.01953, 1.25, 15.55],
			"to": [-12.04687, 3.25, 17.8],
			"rotation": {"angle": -45, "axis": "x", "origin": [-33, -8.5, 7]},
			"faces": {
				"north": {"uv": [0, 0, 11, 12], "texture": "#2"},
				"east": {"uv": [0, 0, 1, 12], "texture": "#2"},
				"south": {"uv": [0, 0, 11, 12], "texture": "#2"},
				"west": {"uv": [0, 0, 9, 10], "texture": "#2"},
				"up": {"uv": [0, 0, 11, 1], "texture": "#2"},
				"down": {"uv": [0, 0, 11, 1], "texture": "#2"}
			}
		},
		{
			"from": [14.02344, 1.25, 15.55],
			"to": [14.95313, 3.25, 17.8],
			"rotation": {"angle": -45, "axis": "x", "origin": [-33, -8.5, 7]},
			"faces": {
				"north": {"uv": [0, 0, 11, 12], "texture": "#2"},
				"east": {"uv": [0, 0, 1, 12], "texture": "#2"},
				"south": {"uv": [0, 0, 11, 12], "texture": "#2"},
				"west": {"uv": [0, 0, 1, 12], "texture": "#2"},
				"up": {"uv": [0, 0, 11, 1], "texture": "#2"},
				"down": {"uv": [0, 0, 11, 1], "texture": "#2"}
			}
		},
		{
			"from": [-12.91015, 3.05, -4.25],
			"to": [-12.04687, 6.3, -2],
			"rotation": {"angle": 45, "axis": "x", "origin": [-33, -8.5, 7]},
			"faces": {
				"north": {"uv": [0, 0, 11, 1], "rotation": 180, "texture": "#2"},
				"east": {"uv": [4.5, 0, 14, 9], "rotation": 90, "texture": "#2"},
				"south": {"uv": [0, 0, 11, 1], "texture": "#2"},
				"west": {"uv": [6, 0, 12, 9], "rotation": 270, "texture": "#2"},
				"up": {"uv": [0, 0, 11, 12], "texture": "#2"},
				"down": {"uv": [0, 0, 11, 12], "rotation": 180, "texture": "#2"}
			}
		},
		{
			"from": [14.02344, 3.05, -4.25],
			"to": [14.95313, 6.3, -2],
			"rotation": {"angle": 45, "axis": "x", "origin": [-33, -8.5, 7]},
			"faces": {
				"north": {"uv": [0, 0, 11, 1], "rotation": 180, "texture": "#2"},
				"east": {"uv": [0, 0, 1, 12], "rotation": 90, "texture": "#2"},
				"south": {"uv": [0, 0, 11, 1], "texture": "#2"},
				"west": {"uv": [5, 0, 12, 8.5], "rotation": 270, "texture": "#2"},
				"up": {"uv": [0, 0, 11, 12], "texture": "#2"},
				"down": {"uv": [0, 0, 11, 12], "rotation": 180, "texture": "#2"}
			}
		},
		{
			"from": [-12.47656, 3.25, 5.25],
			"to": [-11.54687, 5.25, 8.25],
			"rotation": {"angle": -22.5, "axis": "x", "origin": [-33, -8.5, 7]},
			"faces": {
				"north": {"uv": [0, 0, 11, 12], "texture": "#2"},
				"east": {"uv": [0, 0, 1, 12], "texture": "#2"},
				"south": {"uv": [0, 0, 11, 12], "texture": "#2"},
				"west": {"uv": [0, 0, 1, 12], "texture": "#2"},
				"up": {"uv": [0, 0, 11, 1], "texture": "#2"},
				"down": {"uv": [0, 0, 11, 1], "texture": "#2"}
			}
		},
		{
			"from": [13.52344, 3.25, 5.25],
			"to": [14.45313, 5.25, 8.25],
			"rotation": {"angle": -22.5, "axis": "x", "origin": [-33, -8.5, 7]},
			"faces": {
				"north": {"uv": [0, 0, 11, 12], "texture": "#2"},
				"east": {"uv": [0, 0, 1, 12], "texture": "#2"},
				"south": {"uv": [0, 0, 11, 12], "texture": "#2"},
				"west": {"uv": [0, 0, 1, 12], "texture": "#2"},
				"up": {"uv": [0, 0, 11, 1], "texture": "#2"},
				"down": {"uv": [0, 0, 11, 1], "texture": "#2"}
			}
		},
		{
			"from": [-12.47656, 0.12, -1.82],
			"to": [-11.54687, 2.12, 1.18],
			"rotation": {"angle": 22.5, "axis": "x", "origin": [-33, -8.5, 7]},
			"faces": {
				"north": {"uv": [0, 0, 11, 12], "texture": "#2"},
				"east": {"uv": [0, 0, 1, 12], "texture": "#2"},
				"south": {"uv": [0, 0, 11, 12], "texture": "#2"},
				"west": {"uv": [0, 0, 1, 12], "texture": "#2"},
				"up": {"uv": [0, 0, 11, 1], "texture": "#2"},
				"down": {"uv": [0, 0, 11, 1], "texture": "#2"}
			}
		},
		{
			"from": [13.52344, 0.12, -1.82],
			"to": [14.45313, 2.12, 1.18],
			"rotation": {"angle": 22.5, "axis": "x", "origin": [-33, -8.5, 7]},
			"faces": {
				"north": {"uv": [0, 0, 11, 12], "texture": "#2"},
				"east": {"uv": [0, 0, 1, 12], "texture": "#2"},
				"south": {"uv": [0, 0, 11, 12], "texture": "#2"},
				"west": {"uv": [0, 0, 1, 12], "texture": "#2"},
				"up": {"uv": [0, 0, 11, 1], "texture": "#2"},
				"down": {"uv": [0, 0, 11, 1], "texture": "#2"}
			}
		},
		{
			"from": [-13, 9, 2],
			"to": [-12.03516, 15, 7.5],
			"rotation": {"angle": 22.5, "axis": "x", "origin": [-33, -8.5, 7]},
			"faces": {
				"north": {"uv": [0, 0, 11, 1], "rotation": 180, "texture": "#2"},
				"east": {"uv": [4.5, 0, 14.5, 8.5], "rotation": 90, "texture": "#2"},
				"south": {"uv": [0, 0, 11, 1], "texture": "#2"},
				"west": {"uv": [4.5, 0, 13, 9.5], "rotation": 270, "texture": "#2"},
				"up": {"uv": [0, 0, 11, 12], "texture": "#2"},
				"down": {"uv": [0, 0, 11, 12], "rotation": 180, "texture": "#2"}
			}
		},
		{
			"from": [-13, -8.5, 4],
			"to": [-12, 6, 13],
			"rotation": {"angle": 0, "axis": "y", "origin": [-33, -8.5, -10]},
			"faces": {
				"north": {"uv": [0, 0, 11, 12], "texture": "#2"},
				"east": {"uv": [3.5, 0, 13.5, 11.5], "texture": "#2"},
				"south": {"uv": [0, 0, 11, 12], "texture": "#2"},
				"west": {"uv": [3.5, 0, 13.5, 12], "texture": "#2"},
				"up": {"uv": [0, 0, 11, 1], "texture": "#2"},
				"down": {"uv": [0, 0, 11, 1], "texture": "#2"}
			}
		},
		{
			"from": [-12.5, -8.5, 0],
			"to": [-11.5, 3.5, 4.5],
			"rotation": {"angle": 0, "axis": "y", "origin": [-33, -8.5, -10]},
			"faces": {
				"north": {"uv": [0, 0, 11, 12], "texture": "#2"},
				"east": {"uv": [3, 0, 14.5, 11], "texture": "#2"},
				"south": {"uv": [0, 0, 11, 12], "texture": "#2"},
				"west": {"uv": [3, 0, 13.5, 12], "texture": "#2"},
				"up": {"uv": [0, 0, 11, 1], "texture": "#2"},
				"down": {"uv": [0, 0, 11, 1], "texture": "#2"}
			}
		},
		{
			"from": [9, -8.5, -8.5],
			"to": [13, -0.5, -7.5],
			"rotation": {"angle": 0, "axis": "y", "origin": [-6, -8.5, -10]},
			"faces": {
				"north": {"uv": [0, 0, 11, 12], "texture": "#2"},
				"east": {"uv": [0, 0, 1, 12], "texture": "#2"},
				"south": {"uv": [0, 0, 11, 12], "texture": "#2"},
				"west": {"uv": [0, 0, 1, 12], "texture": "#2"},
				"up": {"uv": [0, 0, 11, 1], "texture": "#2"},
				"down": {"uv": [0, 0, 11, 1], "texture": "#2"}
			}
		},
		{
			"from": [6.5, -8.5, -9],
			"to": [9.5, 1.5, -8],
			"rotation": {"angle": 0, "axis": "y", "origin": [-6, -8.5, -10]},
			"faces": {
				"north": {"uv": [2.5, 0, 13.5, 12], "texture": "#2"},
				"east": {"uv": [0, 0, 1, 12], "texture": "#2"},
				"south": {"uv": [0, 0, 11, 12], "texture": "#2"},
				"west": {"uv": [0, 0, 1, 12], "texture": "#2"},
				"up": {"uv": [0, 0, 11, 1], "texture": "#2"},
				"down": {"uv": [0, 0, 11, 1], "texture": "#2"}
			}
		},
		{
			"from": [4, -8.5, -9.5],
			"to": [7, 3, -8.5],
			"rotation": {"angle": 0, "axis": "y", "origin": [-6, -8.5, -10]},
			"faces": {
				"north": {"uv": [2, 0, 13, 12], "texture": "#2"},
				"east": {"uv": [0, 0, 1, 12], "texture": "#2"},
				"south": {"uv": [0, 0, 11, 12], "texture": "#2"},
				"west": {"uv": [0, 0, 1, 12], "texture": "#2"},
				"up": {"uv": [0, 0, 11, 1], "texture": "#2"},
				"down": {"uv": [0, 0, 11, 1], "texture": "#2"}
			}
		},
		{
			"from": [-3.5, -8.5, -10],
			"to": [4.5, 4, -9],
			"rotation": {"angle": 0, "axis": "y", "origin": [-6, -8.5, -10]},
			"faces": {
				"north": {"uv": [2.5, 2, 13.5, 14], "texture": "#2"},
				"east": {"uv": [0, 0, 1, 12], "texture": "#2"},
				"south": {"uv": [0, 0, 11, 12], "texture": "#2"},
				"west": {"uv": [0, 0, 1, 12], "texture": "#2"},
				"up": {"uv": [0, 0, 11, 1], "texture": "#2"},
				"down": {"uv": [0, 0, 11, 1], "texture": "#2"}
			}
		},
		{
			"from": [-6, -8.5, -9.5],
			"to": [-3, 3, -8.5],
			"rotation": {"angle": 0, "axis": "y", "origin": [22, -8.5, -10]},
			"faces": {
				"north": {"uv": [14, 0, 3, 12], "texture": "#2"},
				"east": {"uv": [1, 0, 0, 12], "texture": "#2"},
				"south": {"uv": [11, 0, 0, 12], "texture": "#2"},
				"west": {"uv": [1, 0, 0, 12], "texture": "#2"},
				"up": {"uv": [11, 0, 0, 1], "texture": "#2"},
				"down": {"uv": [11, 0, 0, 1], "texture": "#2"}
			}
		},
		{
			"from": [-8.5, -8.5, -9],
			"to": [-5.5, 1.5, -8],
			"rotation": {"angle": 0, "axis": "y", "origin": [22, -8.5, -10]},
			"faces": {
				"north": {"uv": [14, 0, 3, 12], "texture": "#2"},
				"east": {"uv": [1, 0, 0, 12], "texture": "#2"},
				"south": {"uv": [11, 0, 0, 12], "texture": "#2"},
				"west": {"uv": [1, 0, 0, 12], "texture": "#2"},
				"up": {"uv": [11, 0, 0, 1], "texture": "#2"},
				"down": {"uv": [11, 0, 0, 1], "texture": "#2"}
			}
		},
		{
			"from": [-10.5, -8.5, -8.5],
			"to": [-8, -0.5, -7.5],
			"rotation": {"angle": 0, "axis": "y", "origin": [22, -8.5, -10]},
			"faces": {
				"north": {"uv": [14, 0, 3, 12], "texture": "#2"},
				"east": {"uv": [1, 0, 0, 12], "texture": "#2"},
				"south": {"uv": [11, 0, 0, 12], "texture": "#2"},
				"west": {"uv": [1, 0, 0, 12], "texture": "#2"},
				"up": {"uv": [11, 0, 0, 1], "texture": "#2"},
				"down": {"uv": [11, 0, 0, 1], "texture": "#2"}
			}
		},
		{
			"from": [-12, -8.5, -8],
			"to": [-10, -3, -7],
			"rotation": {"angle": 0, "axis": "y", "origin": [22, -8.5, -10]},
			"faces": {
				"north": {"uv": [11, 0, 0, 12], "texture": "#2"},
				"east": {"uv": [1, 0, 0, 12], "texture": "#2"},
				"south": {"uv": [11, 0, 0, 12], "texture": "#2"},
				"west": {"uv": [1, 0, 0, 12], "texture": "#2"},
				"up": {"uv": [11, 0, 0, 1], "texture": "#2"},
				"down": {"uv": [11, 0, 0, 1], "texture": "#2"}
			}
		},
		{
			"from": [-7.25, 9, -7.98437],
			"to": [-5.25, 9.5, -7],
			"rotation": {"angle": 22.5, "axis": "z", "origin": [22, -8.5, -10]},
			"faces": {
				"north": {"uv": [11, 0, 0, 12], "texture": "#2"},
				"east": {"uv": [1, 0, 0, 12], "texture": "#2"},
				"south": {"uv": [11, 0, 0, 12], "texture": "#2"},
				"west": {"uv": [1, 0, 0, 12], "texture": "#2"},
				"up": {"uv": [11, 0, 0, 1], "texture": "#2"},
				"down": {"uv": [11, 0, 0, 1], "texture": "#2"}
			}
		},
		{
			"from": [-4.75, 10.25, -8.44141],
			"to": [-2.75, 11.25, -7.5],
			"rotation": {"angle": 22.5, "axis": "z", "origin": [22, -8.5, -10]},
			"faces": {
				"north": {"uv": [11, 0, 0, 12], "texture": "#2"},
				"east": {"uv": [1, 0, 0, 12], "texture": "#2"},
				"south": {"uv": [11, 0, 0, 12], "texture": "#2"},
				"west": {"uv": [1, 0, 0, 12], "texture": "#2"},
				"up": {"uv": [11, 0, 0, 1], "texture": "#2"},
				"down": {"uv": [11, 0, 0, 1], "texture": "#2"}
			}
		},
		{
			"from": [0.75, 11.5, -9.44141],
			"to": [3.75, 12.5, -8.5],
			"rotation": {"angle": 22.5, "axis": "z", "origin": [22, -8.5, -10]},
			"faces": {
				"north": {"uv": [11, 0, 0, 12], "texture": "#2"},
				"east": {"uv": [1, 0, 0, 12], "texture": "#2"},
				"south": {"uv": [11, 0, 0, 12], "texture": "#2"},
				"west": {"uv": [1, 0, 0, 12], "texture": "#2"},
				"up": {"uv": [11, 0, 0, 1], "texture": "#2"},
				"down": {"uv": [11, 0, 0, 1], "texture": "#2"}
			}
		},
		{
			"from": [0.75, -4.75, -9.44141],
			"to": [3.75, -3.75, -8.5],
			"rotation": {"angle": -22.5, "axis": "z", "origin": [22, -8.5, -10]},
			"faces": {
				"north": {"uv": [11, 0, 0, 12], "texture": "#2"},
				"east": {"uv": [1, 0, 0, 12], "texture": "#2"},
				"south": {"uv": [11, 0, 0, 12], "texture": "#2"},
				"west": {"uv": [1, 0, 0, 12], "texture": "#2"},
				"up": {"uv": [11, 0, 0, 1], "texture": "#2"},
				"down": {"uv": [11, 0, 0, 1], "texture": "#2"}
			}
		},
		{
			"from": [-2.25, 11.25, -8.94141],
			"to": [0.75, 12.25, -8],
			"rotation": {"angle": 22.5, "axis": "z", "origin": [22, -8.5, -10]},
			"faces": {
				"north": {"uv": [11, 0, 0, 12], "texture": "#2"},
				"east": {"uv": [1, 0, 0, 12], "texture": "#2"},
				"south": {"uv": [11, 0, 0, 12], "texture": "#2"},
				"west": {"uv": [1, 0, 0, 12], "texture": "#2"},
				"up": {"uv": [11, 0, 0, 1], "texture": "#2"},
				"down": {"uv": [11, 0, 0, 1], "texture": "#2"}
			}
		},
		{
			"from": [3.5, -5.25, -8.94141],
			"to": [6.5, -4.25, -8],
			"rotation": {"angle": -22.5, "axis": "z", "origin": [22, -8.5, -10]},
			"faces": {
				"north": {"uv": [11, 0, 0, 12], "texture": "#2"},
				"east": {"uv": [1, 0, 0, 12], "texture": "#2"},
				"south": {"uv": [11, 0, 0, 12], "texture": "#2"},
				"west": {"uv": [1, 0, 0, 12], "texture": "#2"},
				"up": {"uv": [11, 0, 0, 1], "texture": "#2"},
				"down": {"uv": [11, 0, 0, 1], "texture": "#2"}
			}
		},
		{
			"from": [6.5, -6, -8.44141],
			"to": [9.5, -5, -7.5],
			"rotation": {"angle": -22.5, "axis": "z", "origin": [22, -8.5, -10]},
			"faces": {
				"north": {"uv": [11, 0, 0, 12], "texture": "#2"},
				"east": {"uv": [1, 0, 0, 12], "texture": "#2"},
				"south": {"uv": [11, 0, 0, 12], "texture": "#2"},
				"west": {"uv": [1, 0, 0, 12], "texture": "#2"},
				"up": {"uv": [11, 0, 0, 1], "texture": "#2"},
				"down": {"uv": [11, 0, 0, 1], "texture": "#2"}
			}
		},
		{
			"from": [-12.98828, 0.5, 7],
			"to": [14.94922, 12.46484, 10.68359],
			"rotation": {"angle": 22.5, "axis": "x", "origin": [-6, -8.5, -11]},
			"faces": {
				"north": {"uv": [8, 3, 13, 11], "texture": "#2"},
				"east": {"uv": [3, 3, 7, 11], "texture": "#2"},
				"south": {"uv": [8, 3, 13, 11], "texture": "#2"},
				"west": {"uv": [3, 3, 7, 11], "texture": "#2"},
				"up": {"uv": [8, 3, 13, 3], "texture": "#2"},
				"down": {"uv": [8, 3, 13, 3], "texture": "#2"}
			}
		},
		{
			"from": [-13.04297, 2.5, 13.2],
			"to": [14.92188, 14.5, 17.04766],
			"rotation": {"angle": 0, "axis": "y", "origin": [-6, -8.5, -11]},
			"faces": {
				"north": {"uv": [8, 3, 13, 11], "texture": "#2"},
				"east": {"uv": [3, 3, 7, 11], "texture": "#2"},
				"south": {"uv": [8, 3, 13, 11], "texture": "#2"},
				"west": {"uv": [3, 3, 7, 11], "texture": "#2"},
				"up": {"uv": [8, 3, 13, 3], "texture": "#2"},
				"down": {"uv": [8, 3, 13, 3], "texture": "#2"}
			}
		},
		{
			"from": [-13.05078, 2, 19.7],
			"to": [14.96875, 12, 23.7],
			"rotation": {"angle": -22.5, "axis": "x", "origin": [-6, -8.5, -11]},
			"faces": {
				"north": {"uv": [7, 6, 12, 12], "texture": "#2"},
				"east": {"uv": [3, 3, 6.5, 10], "texture": "#2"},
				"south": {"uv": [7.5, 6.5, 12.5, 12.5], "texture": "#2"},
				"west": {"uv": [3, 3, 6.5, 10], "texture": "#2"},
				"up": {"uv": [8, 3, 12.5, 4], "texture": "#2"},
				"down": {"uv": [8, 5, 12.5, 7], "texture": "#2"}
			}
		},
		{
			"from": [-12.5, 20.26167, 5.47487],
			"to": [-7, 22.26167, 9.97487],
			"rotation": {"angle": 22.5, "axis": "x", "origin": [-6, 18, 12]},
			"faces": {
				"north": {"uv": [0, 0, 16, 4], "rotation": 180, "texture": "#2"},
				"east": {"uv": [0, 0, 4, 10], "rotation": 90, "texture": "#2"},
				"south": {"uv": [0, 0, 16, 4], "texture": "#2"},
				"west": {"uv": [0, 0, 4, 10], "rotation": 270, "texture": "#2"},
				"up": {"uv": [0, 0, 16, 10], "texture": "#2"},
				"down": {"uv": [0, 0, 16, 10], "rotation": 180, "texture": "#2"}
			}
		},
		{
			"from": [9, 20.26167, 5.47487],
			"to": [14.5, 22.26167, 9.97487],
			"rotation": {"angle": 22.5, "axis": "x", "origin": [-6, 18, 12]},
			"faces": {
				"north": {"uv": [0, 0, 16, 4], "rotation": 180, "texture": "#2"},
				"east": {"uv": [0, 0, 4, 10], "rotation": 90, "texture": "#2"},
				"south": {"uv": [0, 0, 16, 4], "texture": "#2"},
				"west": {"uv": [0, 0, 4, 10], "rotation": 270, "texture": "#2"},
				"up": {"uv": [0, 0, 16, 10], "texture": "#2"},
				"down": {"uv": [0, 0, 16, 10], "rotation": 180, "texture": "#2"}
			}
		},
		{
			"from": [-8, 21.26167, 4.47487],
			"to": [-2, 23, 10.97487],
			"rotation": {"angle": 22.5, "axis": "x", "origin": [-6, 18, 12]},
			"faces": {
				"north": {"uv": [0, 0, 16, 4], "rotation": 180, "texture": "#2"},
				"east": {"uv": [0, 0, 4, 10], "rotation": 90, "texture": "#2"},
				"south": {"uv": [0, 0, 16, 4], "texture": "#2"},
				"west": {"uv": [0, 0, 4, 10], "rotation": 270, "texture": "#2"},
				"up": {"uv": [0, 0, 16, 10], "texture": "#2"},
				"down": {"uv": [0, 0, 16, 10], "rotation": 180, "texture": "#2"}
			}
		},
		{
			"from": [4, 21.26167, 4.47487],
			"to": [10, 23, 10.97487],
			"rotation": {"angle": 22.5, "axis": "x", "origin": [-6, 18, 12]},
			"faces": {
				"north": {"uv": [0, 0, 16, 4], "rotation": 180, "texture": "#2"},
				"east": {"uv": [0, 0, 4, 10], "rotation": 90, "texture": "#2"},
				"south": {"uv": [0, 0, 16, 4], "texture": "#2"},
				"west": {"uv": [0, 0, 4, 10], "rotation": 270, "texture": "#2"},
				"up": {"uv": [0, 0, 16, 10], "texture": "#2"},
				"down": {"uv": [0, 0, 16, 10], "rotation": 180, "texture": "#2"}
			}
		},
		{
			"from": [-3, 22.26167, 2.97487],
			"to": [5, 23.75, 10.97487],
			"rotation": {"angle": 22.5, "axis": "x", "origin": [-6, 18, 12]},
			"faces": {
				"north": {"uv": [0, 0, 16, 4], "rotation": 180, "texture": "#2"},
				"east": {"uv": [0, 0, 4, 10], "rotation": 90, "texture": "#2"},
				"south": {"uv": [0, 0, 16, 4], "texture": "#2"},
				"west": {"uv": [0, 0, 4, 10], "rotation": 270, "texture": "#2"},
				"up": {"uv": [0, 0, 16, 10], "texture": "#2"},
				"down": {"uv": [0, 0, 16, 10], "rotation": 180, "texture": "#2"}
			}
		},
		{
			"from": [-8, -8.5625, -8.98047],
			"to": [9, -7.5625, -7.5],
			"rotation": {"angle": 0, "axis": "y", "origin": [-6, -8.5, -11]},
			"faces": {
				"north": {"uv": [0, 0, 11, 1], "texture": "#1"},
				"east": {"uv": [0, 0, 10, 1], "texture": "#1"},
				"south": {"uv": [0, 0, 11, 1], "texture": "#1"},
				"west": {"uv": [0, 0, 10, 1], "texture": "#1"},
				"up": {"uv": [0, 0, 11, 10], "rotation": 180, "texture": "#1"},
				"down": {"uv": [0, 0, 11, 10], "rotation": 180, "texture": "#1"}
			}
		},
		{
			"from": [-12, -8.5625, -7.5],
			"to": [13.44922, -7.5625, 12.71875],
			"rotation": {"angle": 0, "axis": "y", "origin": [-6, -8.5, -11]},
			"faces": {
				"north": {"uv": [0, 0, 11, 1], "texture": "#1"},
				"east": {"uv": [0, 0, 10, 1], "texture": "#1"},
				"south": {"uv": [0, 0, 11, 1], "texture": "#1"},
				"west": {"uv": [0, 0, 10, 1], "texture": "#1"},
				"up": {"uv": [0, 0, 11, 10], "rotation": 180, "texture": "#1"},
				"down": {"uv": [0, 0, 11, 10], "rotation": 180, "texture": "#1"}
			}
		},
		{
			"from": [13.5, -8.5625, 4.5],
			"to": [14, -7.5625, 12.71875],
			"rotation": {"angle": 0, "axis": "y", "origin": [-6, -8.5, -11]},
			"faces": {
				"north": {"uv": [0, 0, 11, 1], "texture": "#1"},
				"east": {"uv": [0, 0, 10, 1], "texture": "#1"},
				"south": {"uv": [0, 0, 11, 1], "texture": "#1"},
				"west": {"uv": [0, 0, 10, 1], "texture": "#1"},
				"up": {"uv": [0, 0, 11, 10], "rotation": 180, "texture": "#1"},
				"down": {"uv": [0, 0, 11, 10], "rotation": 180, "texture": "#1"}
			}
		},
		{
			"from": [-7, -9.5, 5],
			"to": [-6, -8.5, 6],
			"rotation": {"angle": 0, "axis": "y", "origin": [-3, -9.5, 4.75]},
			"faces": {
				"north": {"uv": [0, 0, 1, 1], "texture": "#8"},
				"east": {"uv": [0, 0, 1, 1], "texture": "#8"},
				"south": {"uv": [0, 0, 1, 1], "texture": "#8"},
				"west": {"uv": [0, 0, 1, 1], "texture": "#8"},
				"up": {"uv": [0, 0, 1, 1], "texture": "#8"},
				"down": {"uv": [0, 0, 1, 1], "texture": "#8"}
			}
		},
		{
			"from": [-7, -9.1, 5.5],
			"to": [-6, -8.1, 6.5],
			"rotation": {"angle": 22.5, "axis": "x", "origin": [-3, -9.5, 4.75]},
			"faces": {
				"north": {"uv": [0, 0, 1, 1], "texture": "#8"},
				"east": {"uv": [0, 0, 1, 1], "texture": "#8"},
				"south": {"uv": [0, 0, 1, 1], "texture": "#8"},
				"west": {"uv": [0, 0, 1, 1], "texture": "#8"},
				"up": {"uv": [0, 0, 1, 1], "texture": "#8"},
				"down": {"uv": [0, 0, 1, 1], "texture": "#8"}
			}
		},
		{
			"from": [-7, -8.55, 5.8],
			"to": [-6, -7.55, 6.8],
			"rotation": {"angle": 45, "axis": "x", "origin": [-3, -9.5, 4.75]},
			"faces": {
				"north": {"uv": [0, 0, 1, 1], "texture": "#8"},
				"east": {"uv": [0, 0, 1, 1], "texture": "#8"},
				"south": {"uv": [0, 0, 1, 1], "texture": "#8"},
				"west": {"uv": [0, 0, 1, 1], "texture": "#8"},
				"up": {"uv": [0, 0, 1, 1], "texture": "#8"},
				"down": {"uv": [0, 0, 1, 1], "texture": "#8"}
			}
		},
		{
			"from": [-7, -11.65, 6.32],
			"to": [-6, -10.65, 7.32],
			"rotation": {"angle": -22.5, "axis": "x", "origin": [-3, -9.5, 4.75]},
			"faces": {
				"north": {"uv": [0, 0, 1, 1], "rotation": 180, "texture": "#8"},
				"east": {"uv": [0, 0, 1, 1], "rotation": 270, "texture": "#8"},
				"south": {"uv": [0, 0, 1, 1], "texture": "#8"},
				"west": {"uv": [0, 0, 1, 1], "rotation": 90, "texture": "#8"},
				"up": {"uv": [0, 0, 1, 1], "rotation": 180, "texture": "#8"},
				"down": {"uv": [0, 0, 1, 1], "texture": "#8"}
			}
		},
		{
			"from": [-7, -11.5, 6.95],
			"to": [-6, -10.5, 7.95],
			"rotation": {"angle": 0, "axis": "y", "origin": [-3, -9.5, 4.75]},
			"faces": {
				"north": {"uv": [0, 0, 1, 1], "rotation": 180, "texture": "#8"},
				"east": {"uv": [0, 0, 1, 1], "rotation": 270, "texture": "#8"},
				"south": {"uv": [0, 0, 1, 1], "texture": "#8"},
				"west": {"uv": [0, 0, 1, 1], "rotation": 90, "texture": "#8"},
				"up": {"uv": [0, 0, 1, 1], "rotation": 180, "texture": "#8"},
				"down": {"uv": [0, 0, 1, 1], "texture": "#8"}
			}
		},
		{
			"from": [-7, -11.1, 7.45],
			"to": [-6, -10.1, 8.45],
			"rotation": {"angle": 22.5, "axis": "x", "origin": [-3, -9.5, 4.75]},
			"faces": {
				"north": {"uv": [0, 0, 1, 1], "rotation": 180, "texture": "#8"},
				"east": {"uv": [0, 0, 1, 1], "rotation": 270, "texture": "#8"},
				"south": {"uv": [0, 0, 1, 1], "texture": "#8"},
				"west": {"uv": [0, 0, 1, 1], "rotation": 90, "texture": "#8"},
				"up": {"uv": [0, 0, 1, 1], "rotation": 180, "texture": "#8"},
				"down": {"uv": [0, 0, 1, 1], "texture": "#8"}
			}
		},
		{
			"from": [-7, -10.55, 7.78],
			"to": [-6, -9.55, 8.78],
			"rotation": {"angle": 45, "axis": "x", "origin": [-3, -9.5, 4.75]},
			"faces": {
				"north": {"uv": [0, 0, 1, 1], "rotation": 180, "texture": "#8"},
				"east": {"uv": [0, 0, 1, 1], "rotation": 270, "texture": "#8"},
				"south": {"uv": [0, 0, 1, 1], "texture": "#8"},
				"west": {"uv": [0, 0, 1, 1], "rotation": 90, "texture": "#8"},
				"up": {"uv": [0, 0, 1, 1], "rotation": 180, "texture": "#8"},
				"down": {"uv": [0, 0, 1, 1], "texture": "#8"}
			}
		},
		{
			"from": [-7, -13.63, 4.32],
			"to": [-6, -12.63, 5.32],
			"rotation": {"angle": -22.5, "axis": "x", "origin": [-3, -9.5, 4.75]},
			"faces": {
				"north": {"uv": [0, 0, 1, 1], "rotation": 180, "texture": "#8"},
				"east": {"uv": [0, 0, 1, 1], "rotation": 180, "texture": "#8"},
				"south": {"uv": [0, 0, 1, 1], "rotation": 180, "texture": "#8"},
				"west": {"uv": [0, 0, 1, 1], "rotation": 180, "texture": "#8"},
				"up": {"uv": [0, 0, 1, 1], "texture": "#8"},
				"down": {"uv": [0, 0, 1, 1], "texture": "#8"}
			}
		},
		{
			"from": [-7, -13.47, 4.95],
			"to": [-6, -12.47, 5.95],
			"rotation": {"angle": 0, "axis": "y", "origin": [-3, -9.5, 4.75]},
			"faces": {
				"north": {"uv": [0, 0, 1, 1], "rotation": 180, "texture": "#8"},
				"east": {"uv": [0, 0, 1, 1], "rotation": 180, "texture": "#8"},
				"south": {"uv": [0, 0, 1, 1], "rotation": 180, "texture": "#8"},
				"west": {"uv": [0, 0, 1, 1], "rotation": 180, "texture": "#8"},
				"up": {"uv": [0, 0, 1, 1], "texture": "#8"},
				"down": {"uv": [0, 0, 1, 1], "texture": "#8"}
			}
		},
		{
			"from": [-7, -13.09, 5.45],
			"to": [-6, -12.09, 6.45],
			"rotation": {"angle": 22.5, "axis": "x", "origin": [-3, -9.5, 4.75]},
			"faces": {
				"north": {"uv": [0, 0, 1, 1], "rotation": 180, "texture": "#8"},
				"east": {"uv": [0, 0, 1, 1], "rotation": 180, "texture": "#8"},
				"south": {"uv": [0, 0, 1, 1], "rotation": 180, "texture": "#8"},
				"west": {"uv": [0, 0, 1, 1], "rotation": 180, "texture": "#8"},
				"up": {"uv": [0, 0, 1, 1], "texture": "#8"},
				"down": {"uv": [0, 0, 1, 1], "texture": "#8"}
			}
		},
		{
			"from": [-7, -12.55, 5.75],
			"to": [-6, -11.55, 6.75],
			"rotation": {"angle": 45, "axis": "x", "origin": [-3, -9.5, 4.75]},
			"faces": {
				"north": {"uv": [0, 0, 1, 1], "rotation": 180, "texture": "#8"},
				"east": {"uv": [0, 0, 1, 1], "rotation": 180, "texture": "#8"},
				"south": {"uv": [0, 0, 1, 1], "rotation": 180, "texture": "#8"},
				"west": {"uv": [0, 0, 1, 1], "rotation": 180, "texture": "#8"},
				"up": {"uv": [0, 0, 1, 1], "texture": "#8"},
				"down": {"uv": [0, 0, 1, 1], "texture": "#8"}
			}
		},
		{
			"from": [-7, -11.6, 2.3],
			"to": [-6, -10.6, 3.3],
			"rotation": {"angle": -22.5, "axis": "x", "origin": [-3, -9.5, 4.75]},
			"faces": {
				"north": {"uv": [0, 0, 1, 1], "rotation": 180, "texture": "#8"},
				"east": {"uv": [0, 0, 1, 1], "rotation": 90, "texture": "#8"},
				"south": {"uv": [0, 0, 1, 1], "texture": "#8"},
				"west": {"uv": [0, 0, 1, 1], "rotation": 270, "texture": "#8"},
				"up": {"uv": [0, 0, 1, 1], "texture": "#8"},
				"down": {"uv": [0, 0, 1, 1], "rotation": 180, "texture": "#8"}
			}
		},
		{
			"from": [-7, -11.44, 2.9],
			"to": [-6, -10.44, 3.9],
			"rotation": {"angle": 0, "axis": "y", "origin": [-3, -9.5, 4.75]},
			"faces": {
				"north": {"uv": [0, 0, 1, 1], "rotation": 180, "texture": "#8"},
				"east": {"uv": [0, 0, 1, 1], "rotation": 90, "texture": "#8"},
				"south": {"uv": [0, 0, 1, 1], "texture": "#8"},
				"west": {"uv": [0, 0, 1, 1], "rotation": 270, "texture": "#8"},
				"up": {"uv": [0, 0, 1, 1], "texture": "#8"},
				"down": {"uv": [0, 0, 1, 1], "rotation": 180, "texture": "#8"}
			}
		},
		{
			"from": [-7, -11.09, 3.42],
			"to": [-6, -10.09, 4.42],
			"rotation": {"angle": 22.5, "axis": "x", "origin": [-3, -9.5, 4.75]},
			"faces": {
				"north": {"uv": [0, 0, 1, 1], "rotation": 180, "texture": "#8"},
				"east": {"uv": [0, 0, 1, 1], "rotation": 90, "texture": "#8"},
				"south": {"uv": [0, 0, 1, 1], "texture": "#8"},
				"west": {"uv": [0, 0, 1, 1], "rotation": 270, "texture": "#8"},
				"up": {"uv": [0, 0, 1, 1], "texture": "#8"},
				"down": {"uv": [0, 0, 1, 1], "rotation": 180, "texture": "#8"}
			}
		},
		{
			"from": [-7, -9.67, 4.38],
			"to": [-6, -8.67, 5.38],
			"rotation": {"angle": -22.5, "axis": "x", "origin": [-3, -9.5, 4.75]},
			"faces": {
				"north": {"uv": [0, 0, 1, 1], "texture": "#8"},
				"east": {"uv": [0, 0, 1, 1], "texture": "#8"},
				"south": {"uv": [0, 0, 1, 1], "texture": "#8"},
				"west": {"uv": [0, 0, 1, 1], "texture": "#8"},
				"up": {"uv": [0, 0, 1, 1], "texture": "#8"},
				"down": {"uv": [0, 0, 1, 1], "texture": "#8"}
			}
		},
		{
			"from": [-7, -10.56, 3.75],
			"to": [-6, -9.56, 4.75],
			"rotation": {"angle": 45, "axis": "x", "origin": [-3, -9.5, 4.75]},
			"faces": {
				"north": {"uv": [0, 0, 1, 1], "rotation": 180, "texture": "#8"},
				"east": {"uv": [0, 0, 1, 1], "rotation": 90, "texture": "#8"},
				"south": {"uv": [0, 0, 1, 1], "texture": "#8"},
				"west": {"uv": [0, 0, 1, 1], "rotation": 270, "texture": "#8"},
				"up": {"uv": [0, 0, 1, 1], "texture": "#8"},
				"down": {"uv": [0, 0, 1, 1], "rotation": 180, "texture": "#8"}
			}
		},
		{
			"from": [-6.75, -12.5, -2.75],
			"to": [-6.25, -9.5, 0.75],
			"rotation": {"angle": 0, "axis": "y", "origin": [-12, -9.5, 4.75]},
			"faces": {
				"north": {"uv": [0, 0, 0.5, 3], "texture": "#4"},
				"east": {"uv": [0, 0, 3.5, 3], "texture": "#4"},
				"south": {"uv": [0, 0, 0.5, 3], "texture": "#4"},
				"west": {"uv": [0, 0, 3.5, 3], "texture": "#4"},
				"up": {"uv": [0, 0, 0.5, 3.5], "texture": "#4"},
				"down": {"uv": [0, 0, 0.5, 3.5], "texture": "#4"}
			}
		},
		{
			"from": [6.75, -9.5, 5],
			"to": [7.75, -8.5, 6],
			"rotation": {"angle": 0, "axis": "y", "origin": [10.75, -9.5, 4.75]},
			"faces": {
				"north": {"uv": [0, 0, 1, 1], "texture": "#8"},
				"east": {"uv": [0, 0, 1, 1], "texture": "#8"},
				"south": {"uv": [0, 0, 1, 1], "texture": "#8"},
				"west": {"uv": [0, 0, 1, 1], "texture": "#8"},
				"up": {"uv": [0, 0, 1, 1], "texture": "#8"},
				"down": {"uv": [0, 0, 1, 1], "texture": "#8"}
			}
		},
		{
			"from": [6.75, -9.1, 5.5],
			"to": [7.75, -8.1, 6.5],
			"rotation": {"angle": 22.5, "axis": "x", "origin": [10.75, -9.5, 4.75]},
			"faces": {
				"north": {"uv": [0, 0, 1, 1], "texture": "#8"},
				"east": {"uv": [0, 0, 1, 1], "texture": "#8"},
				"south": {"uv": [0, 0, 1, 1], "texture": "#8"},
				"west": {"uv": [0, 0, 1, 1], "texture": "#8"},
				"up": {"uv": [0, 0, 1, 1], "texture": "#8"},
				"down": {"uv": [0, 0, 1, 1], "texture": "#8"}
			}
		},
		{
			"from": [6.75, -8.55, 5.8],
			"to": [7.75, -7.55, 6.8],
			"rotation": {"angle": 45, "axis": "x", "origin": [10.75, -9.5, 4.75]},
			"faces": {
				"north": {"uv": [0, 0, 1, 1], "texture": "#8"},
				"east": {"uv": [0, 0, 1, 1], "texture": "#8"},
				"south": {"uv": [0, 0, 1, 1], "texture": "#8"},
				"west": {"uv": [0, 0, 1, 1], "texture": "#8"},
				"up": {"uv": [0, 0, 1, 1], "texture": "#8"},
				"down": {"uv": [0, 0, 1, 1], "texture": "#8"}
			}
		},
		{
			"from": [6.75, -11.65, 6.32],
			"to": [7.75, -10.65, 7.32],
			"rotation": {"angle": -22.5, "axis": "x", "origin": [10.75, -9.5, 4.75]},
			"faces": {
				"north": {"uv": [0, 0, 1, 1], "rotation": 180, "texture": "#8"},
				"east": {"uv": [0, 0, 1, 1], "rotation": 270, "texture": "#8"},
				"south": {"uv": [0, 0, 1, 1], "texture": "#8"},
				"west": {"uv": [0, 0, 1, 1], "rotation": 90, "texture": "#8"},
				"up": {"uv": [0, 0, 1, 1], "rotation": 180, "texture": "#8"},
				"down": {"uv": [0, 0, 1, 1], "texture": "#8"}
			}
		},
		{
			"from": [6.75, -11.5, 6.95],
			"to": [7.75, -10.5, 7.95],
			"rotation": {"angle": 0, "axis": "y", "origin": [10.75, -9.5, 4.75]},
			"faces": {
				"north": {"uv": [0, 0, 1, 1], "rotation": 180, "texture": "#8"},
				"east": {"uv": [0, 0, 1, 1], "rotation": 270, "texture": "#8"},
				"south": {"uv": [0, 0, 1, 1], "texture": "#8"},
				"west": {"uv": [0, 0, 1, 1], "rotation": 90, "texture": "#8"},
				"up": {"uv": [0, 0, 1, 1], "rotation": 180, "texture": "#8"},
				"down": {"uv": [0, 0, 1, 1], "texture": "#8"}
			}
		},
		{
			"from": [6.75, -11.1, 7.45],
			"to": [7.75, -10.1, 8.45],
			"rotation": {"angle": 22.5, "axis": "x", "origin": [10.75, -9.5, 4.75]},
			"faces": {
				"north": {"uv": [0, 0, 1, 1], "rotation": 180, "texture": "#8"},
				"east": {"uv": [0, 0, 1, 1], "rotation": 270, "texture": "#8"},
				"south": {"uv": [0, 0, 1, 1], "texture": "#8"},
				"west": {"uv": [0, 0, 1, 1], "rotation": 90, "texture": "#8"},
				"up": {"uv": [0, 0, 1, 1], "rotation": 180, "texture": "#8"},
				"down": {"uv": [0, 0, 1, 1], "texture": "#8"}
			}
		},
		{
			"from": [6.75, -10.55, 7.78],
			"to": [7.75, -9.55, 8.78],
			"rotation": {"angle": 45, "axis": "x", "origin": [10.75, -9.5, 4.75]},
			"faces": {
				"north": {"uv": [0, 0, 1, 1], "rotation": 180, "texture": "#8"},
				"east": {"uv": [0, 0, 1, 1], "rotation": 270, "texture": "#8"},
				"south": {"uv": [0, 0, 1, 1], "texture": "#8"},
				"west": {"uv": [0, 0, 1, 1], "rotation": 90, "texture": "#8"},
				"up": {"uv": [0, 0, 1, 1], "rotation": 180, "texture": "#8"},
				"down": {"uv": [0, 0, 1, 1], "texture": "#8"}
			}
		},
		{
			"from": [6.75, -13.63, 4.32],
			"to": [7.75, -12.63, 5.32],
			"rotation": {"angle": -22.5, "axis": "x", "origin": [10.75, -9.5, 4.75]},
			"faces": {
				"north": {"uv": [0, 0, 1, 1], "rotation": 180, "texture": "#8"},
				"east": {"uv": [0, 0, 1, 1], "rotation": 180, "texture": "#8"},
				"south": {"uv": [0, 0, 1, 1], "rotation": 180, "texture": "#8"},
				"west": {"uv": [0, 0, 1, 1], "rotation": 180, "texture": "#8"},
				"up": {"uv": [0, 0, 1, 1], "texture": "#8"},
				"down": {"uv": [0, 0, 1, 1], "texture": "#8"}
			}
		},
		{
			"from": [6.75, -13.47, 4.95],
			"to": [7.75, -12.47, 5.95],
			"rotation": {"angle": 0, "axis": "y", "origin": [10.75, -9.5, 4.75]},
			"faces": {
				"north": {"uv": [0, 0, 1, 1], "rotation": 180, "texture": "#8"},
				"east": {"uv": [0, 0, 1, 1], "rotation": 180, "texture": "#8"},
				"south": {"uv": [0, 0, 1, 1], "rotation": 180, "texture": "#8"},
				"west": {"uv": [0, 0, 1, 1], "rotation": 180, "texture": "#8"},
				"up": {"uv": [0, 0, 1, 1], "texture": "#8"},
				"down": {"uv": [0, 0, 1, 1], "texture": "#8"}
			}
		},
		{
			"from": [6.75, -13.09, 5.45],
			"to": [7.75, -12.09, 6.45],
			"rotation": {"angle": 22.5, "axis": "x", "origin": [10.75, -9.5, 4.75]},
			"faces": {
				"north": {"uv": [0, 0, 1, 1], "rotation": 180, "texture": "#8"},
				"east": {"uv": [0, 0, 1, 1], "rotation": 180, "texture": "#8"},
				"south": {"uv": [0, 0, 1, 1], "rotation": 180, "texture": "#8"},
				"west": {"uv": [0, 0, 1, 1], "rotation": 180, "texture": "#8"},
				"up": {"uv": [0, 0, 1, 1], "texture": "#8"},
				"down": {"uv": [0, 0, 1, 1], "texture": "#8"}
			}
		},
		{
			"from": [6.75, -12.55, 5.75],
			"to": [7.75, -11.55, 6.75],
			"rotation": {"angle": 45, "axis": "x", "origin": [10.75, -9.5, 4.75]},
			"faces": {
				"north": {"uv": [0, 0, 1, 1], "rotation": 180, "texture": "#8"},
				"east": {"uv": [0, 0, 1, 1], "rotation": 180, "texture": "#8"},
				"south": {"uv": [0, 0, 1, 1], "rotation": 180, "texture": "#8"},
				"west": {"uv": [0, 0, 1, 1], "rotation": 180, "texture": "#8"},
				"up": {"uv": [0, 0, 1, 1], "texture": "#8"},
				"down": {"uv": [0, 0, 1, 1], "texture": "#8"}
			}
		},
		{
			"from": [6.75, -11.6, 2.3],
			"to": [7.75, -10.6, 3.3],
			"rotation": {"angle": -22.5, "axis": "x", "origin": [10.75, -9.5, 4.75]},
			"faces": {
				"north": {"uv": [0, 0, 1, 1], "rotation": 180, "texture": "#8"},
				"east": {"uv": [0, 0, 1, 1], "rotation": 90, "texture": "#8"},
				"south": {"uv": [0, 0, 1, 1], "texture": "#8"},
				"west": {"uv": [0, 0, 1, 1], "rotation": 270, "texture": "#8"},
				"up": {"uv": [0, 0, 1, 1], "texture": "#8"},
				"down": {"uv": [0, 0, 1, 1], "rotation": 180, "texture": "#8"}
			}
		},
		{
			"from": [6.75, -11.44, 2.9],
			"to": [7.75, -10.44, 3.9],
			"rotation": {"angle": 0, "axis": "y", "origin": [10.75, -9.5, 4.75]},
			"faces": {
				"north": {"uv": [0, 0, 1, 1], "rotation": 180, "texture": "#8"},
				"east": {"uv": [0, 0, 1, 1], "rotation": 90, "texture": "#8"},
				"south": {"uv": [0, 0, 1, 1], "texture": "#8"},
				"west": {"uv": [0, 0, 1, 1], "rotation": 270, "texture": "#8"},
				"up": {"uv": [0, 0, 1, 1], "texture": "#8"},
				"down": {"uv": [0, 0, 1, 1], "rotation": 180, "texture": "#8"}
			}
		},
		{
			"from": [6.75, -11.09, 3.42],
			"to": [7.75, -10.09, 4.42],
			"rotation": {"angle": 22.5, "axis": "x", "origin": [10.75, -9.5, 4.75]},
			"faces": {
				"north": {"uv": [0, 0, 1, 1], "rotation": 180, "texture": "#8"},
				"east": {"uv": [0, 0, 1, 1], "rotation": 90, "texture": "#8"},
				"south": {"uv": [0, 0, 1, 1], "texture": "#8"},
				"west": {"uv": [0, 0, 1, 1], "rotation": 270, "texture": "#8"},
				"up": {"uv": [0, 0, 1, 1], "texture": "#8"},
				"down": {"uv": [0, 0, 1, 1], "rotation": 180, "texture": "#8"}
			}
		},
		{
			"from": [6.75, -9.67, 4.38],
			"to": [7.75, -8.67, 5.38],
			"rotation": {"angle": -22.5, "axis": "x", "origin": [10.75, -9.5, 4.75]},
			"faces": {
				"north": {"uv": [0, 0, 1, 1], "texture": "#8"},
				"east": {"uv": [0, 0, 1, 1], "texture": "#8"},
				"south": {"uv": [0, 0, 1, 1], "texture": "#8"},
				"west": {"uv": [0, 0, 1, 1], "texture": "#8"},
				"up": {"uv": [0, 0, 1, 1], "texture": "#8"},
				"down": {"uv": [0, 0, 1, 1], "texture": "#8"}
			}
		},
		{
			"from": [6.75, -10.56, 3.75],
			"to": [7.75, -9.56, 4.75],
			"rotation": {"angle": 45, "axis": "x", "origin": [10.75, -9.5, 4.75]},
			"faces": {
				"north": {"uv": [0, 0, 1, 1], "rotation": 180, "texture": "#8"},
				"east": {"uv": [0, 0, 1, 1], "rotation": 90, "texture": "#8"},
				"south": {"uv": [0, 0, 1, 1], "texture": "#8"},
				"west": {"uv": [0, 0, 1, 1], "rotation": 270, "texture": "#8"},
				"up": {"uv": [0, 0, 1, 1], "texture": "#8"},
				"down": {"uv": [0, 0, 1, 1], "rotation": 180, "texture": "#8"}
			}
		},
		{
			"from": [7, -12.5, -2.75],
			"to": [7.5, -9.5, 0.75],
			"rotation": {"angle": 0, "axis": "y", "origin": [10.75, -9.5, 4.75]},
			"faces": {
				"north": {"uv": [0, 0, 0.5, 3], "texture": "#4"},
				"east": {"uv": [0, 0, 3.5, 3], "texture": "#4"},
				"south": {"uv": [0, 0, 0.5, 3], "texture": "#4"},
				"west": {"uv": [0, 0, 3.5, 3], "texture": "#4"},
				"up": {"uv": [0, 0, 0.5, 3.5], "texture": "#4"},
				"down": {"uv": [0, 0, 0.5, 3.5], "texture": "#4"}
			}
		},
		{
			"from": [-7, -9.5, -1.5],
			"to": [-6, -8.5, -0.5],
			"rotation": {"angle": 0, "axis": "y", "origin": [-3, -9.5, -1.75]},
			"faces": {
				"north": {"uv": [0, 0, 1, 1], "texture": "#8"},
				"east": {"uv": [0, 0, 1, 1], "texture": "#8"},
				"south": {"uv": [0, 0, 1, 1], "texture": "#8"},
				"west": {"uv": [0, 0, 1, 1], "texture": "#8"},
				"up": {"uv": [0, 0, 1, 1], "texture": "#8"},
				"down": {"uv": [0, 0, 1, 1], "texture": "#8"}
			}
		},
		{
			"from": [-7, -9.1, -1],
			"to": [-6, -8.1, 0],
			"rotation": {"angle": 22.5, "axis": "x", "origin": [-3, -9.5, -1.75]},
			"faces": {
				"north": {"uv": [0, 0, 1, 1], "texture": "#8"},
				"east": {"uv": [0, 0, 1, 1], "texture": "#8"},
				"south": {"uv": [0, 0, 1, 1], "texture": "#8"},
				"west": {"uv": [0, 0, 1, 1], "texture": "#8"},
				"up": {"uv": [0, 0, 1, 1], "texture": "#8"},
				"down": {"uv": [0, 0, 1, 1], "texture": "#8"}
			}
		},
		{
			"from": [-7, -8.55, -0.7],
			"to": [-6, -7.55, 0.3],
			"rotation": {"angle": 45, "axis": "x", "origin": [-3, -9.5, -1.75]},
			"faces": {
				"north": {"uv": [0, 0, 1, 1], "texture": "#8"},
				"east": {"uv": [0, 0, 1, 1], "texture": "#8"},
				"south": {"uv": [0, 0, 1, 1], "texture": "#8"},
				"west": {"uv": [0, 0, 1, 1], "texture": "#8"},
				"up": {"uv": [0, 0, 1, 1], "texture": "#8"},
				"down": {"uv": [0, 0, 1, 1], "texture": "#8"}
			}
		},
		{
			"from": [-7, -11.65, -0.18],
			"to": [-6, -10.65, 0.82],
			"rotation": {"angle": -22.5, "axis": "x", "origin": [-3, -9.5, -1.75]},
			"faces": {
				"north": {"uv": [0, 0, 1, 1], "rotation": 180, "texture": "#8"},
				"east": {"uv": [0, 0, 1, 1], "rotation": 270, "texture": "#8"},
				"south": {"uv": [0, 0, 1, 1], "texture": "#8"},
				"west": {"uv": [0, 0, 1, 1], "rotation": 90, "texture": "#8"},
				"up": {"uv": [0, 0, 1, 1], "rotation": 180, "texture": "#8"},
				"down": {"uv": [0, 0, 1, 1], "texture": "#8"}
			}
		},
		{
			"from": [-7, -11.5, 0.45],
			"to": [-6, -10.5, 1.45],
			"rotation": {"angle": 0, "axis": "y", "origin": [-3, -9.5, -1.75]},
			"faces": {
				"north": {"uv": [0, 0, 1, 1], "rotation": 180, "texture": "#8"},
				"east": {"uv": [0, 0, 1, 1], "rotation": 270, "texture": "#8"},
				"south": {"uv": [0, 0, 1, 1], "texture": "#8"},
				"west": {"uv": [0, 0, 1, 1], "rotation": 90, "texture": "#8"},
				"up": {"uv": [0, 0, 1, 1], "rotation": 180, "texture": "#8"},
				"down": {"uv": [0, 0, 1, 1], "texture": "#8"}
			}
		},
		{
			"from": [-7, -11.1, 0.95],
			"to": [-6, -10.1, 1.95],
			"rotation": {"angle": 22.5, "axis": "x", "origin": [-3, -9.5, -1.75]},
			"faces": {
				"north": {"uv": [0, 0, 1, 1], "rotation": 180, "texture": "#8"},
				"east": {"uv": [0, 0, 1, 1], "rotation": 270, "texture": "#8"},
				"south": {"uv": [0, 0, 1, 1], "texture": "#8"},
				"west": {"uv": [0, 0, 1, 1], "rotation": 90, "texture": "#8"},
				"up": {"uv": [0, 0, 1, 1], "rotation": 180, "texture": "#8"},
				"down": {"uv": [0, 0, 1, 1], "texture": "#8"}
			}
		},
		{
			"from": [-7, -10.55, 1.28],
			"to": [-6, -9.55, 2.28],
			"rotation": {"angle": 45, "axis": "x", "origin": [-3, -9.5, -1.75]},
			"faces": {
				"north": {"uv": [0, 0, 1, 1], "rotation": 180, "texture": "#8"},
				"east": {"uv": [0, 0, 1, 1], "rotation": 270, "texture": "#8"},
				"south": {"uv": [0, 0, 1, 1], "texture": "#8"},
				"west": {"uv": [0, 0, 1, 1], "rotation": 90, "texture": "#8"},
				"up": {"uv": [0, 0, 1, 1], "rotation": 180, "texture": "#8"},
				"down": {"uv": [0, 0, 1, 1], "texture": "#8"}
			}
		},
		{
			"from": [-7, -13.63, -2.18],
			"to": [-6, -12.63, -1.18],
			"rotation": {"angle": -22.5, "axis": "x", "origin": [-3, -9.5, -1.75]},
			"faces": {
				"north": {"uv": [0, 0, 1, 1], "rotation": 180, "texture": "#8"},
				"east": {"uv": [0, 0, 1, 1], "rotation": 180, "texture": "#8"},
				"south": {"uv": [0, 0, 1, 1], "rotation": 180, "texture": "#8"},
				"west": {"uv": [0, 0, 1, 1], "rotation": 180, "texture": "#8"},
				"up": {"uv": [0, 0, 1, 1], "texture": "#8"},
				"down": {"uv": [0, 0, 1, 1], "texture": "#8"}
			}
		},
		{
			"from": [-7, -13.47, -1.55],
			"to": [-6, -12.47, -0.55],
			"rotation": {"angle": 0, "axis": "y", "origin": [-3, -9.5, -1.75]},
			"faces": {
				"north": {"uv": [0, 0, 1, 1], "rotation": 180, "texture": "#8"},
				"east": {"uv": [0, 0, 1, 1], "rotation": 180, "texture": "#8"},
				"south": {"uv": [0, 0, 1, 1], "rotation": 180, "texture": "#8"},
				"west": {"uv": [0, 0, 1, 1], "rotation": 180, "texture": "#8"},
				"up": {"uv": [0, 0, 1, 1], "texture": "#8"},
				"down": {"uv": [0, 0, 1, 1], "texture": "#8"}
			}
		},
		{
			"from": [-7, -13.09, -1.05],
			"to": [-6, -12.09, -0.05],
			"rotation": {"angle": 22.5, "axis": "x", "origin": [-3, -9.5, -1.75]},
			"faces": {
				"north": {"uv": [0, 0, 1, 1], "rotation": 180, "texture": "#8"},
				"east": {"uv": [0, 0, 1, 1], "rotation": 180, "texture": "#8"},
				"south": {"uv": [0, 0, 1, 1], "rotation": 180, "texture": "#8"},
				"west": {"uv": [0, 0, 1, 1], "rotation": 180, "texture": "#8"},
				"up": {"uv": [0, 0, 1, 1], "texture": "#8"},
				"down": {"uv": [0, 0, 1, 1], "texture": "#8"}
			}
		},
		{
			"from": [-7, -12.55, -0.75],
			"to": [-6, -11.55, 0.25],
			"rotation": {"angle": 45, "axis": "x", "origin": [-3, -9.5, -1.75]},
			"faces": {
				"north": {"uv": [0, 0, 1, 1], "rotation": 180, "texture": "#8"},
				"east": {"uv": [0, 0, 1, 1], "rotation": 180, "texture": "#8"},
				"south": {"uv": [0, 0, 1, 1], "rotation": 180, "texture": "#8"},
				"west": {"uv": [0, 0, 1, 1], "rotation": 180, "texture": "#8"},
				"up": {"uv": [0, 0, 1, 1], "texture": "#8"},
				"down": {"uv": [0, 0, 1, 1], "texture": "#8"}
			}
		},
		{
			"from": [-7, -11.6, -4.2],
			"to": [-6, -10.6, -3.2],
			"rotation": {"angle": -22.5, "axis": "x", "origin": [-3, -9.5, -1.75]},
			"faces": {
				"north": {"uv": [0, 0, 1, 1], "rotation": 180, "texture": "#8"},
				"east": {"uv": [0, 0, 1, 1], "rotation": 90, "texture": "#8"},
				"south": {"uv": [0, 0, 1, 1], "texture": "#8"},
				"west": {"uv": [0, 0, 1, 1], "rotation": 270, "texture": "#8"},
				"up": {"uv": [0, 0, 1, 1], "texture": "#8"},
				"down": {"uv": [0, 0, 1, 1], "rotation": 180, "texture": "#8"}
			}
		},
		{
			"from": [-7, -11.44, -3.6],
			"to": [-6, -10.44, -2.6],
			"rotation": {"angle": 0, "axis": "y", "origin": [-3, -9.5, -1.75]},
			"faces": {
				"north": {"uv": [0, 0, 1, 1], "rotation": 180, "texture": "#8"},
				"east": {"uv": [0, 0, 1, 1], "rotation": 90, "texture": "#8"},
				"south": {"uv": [0, 0, 1, 1], "texture": "#8"},
				"west": {"uv": [0, 0, 1, 1], "rotation": 270, "texture": "#8"},
				"up": {"uv": [0, 0, 1, 1], "texture": "#8"},
				"down": {"uv": [0, 0, 1, 1], "rotation": 180, "texture": "#8"}
			}
		},
		{
			"from": [-7, -11.09, -3.08],
			"to": [-6, -10.09, -2.08],
			"rotation": {"angle": 22.5, "axis": "x", "origin": [-3, -9.5, -1.75]},
			"faces": {
				"north": {"uv": [0, 0, 1, 1], "rotation": 180, "texture": "#8"},
				"east": {"uv": [0, 0, 1, 1], "rotation": 90, "texture": "#8"},
				"south": {"uv": [0, 0, 1, 1], "texture": "#8"},
				"west": {"uv": [0, 0, 1, 1], "rotation": 270, "texture": "#8"},
				"up": {"uv": [0, 0, 1, 1], "texture": "#8"},
				"down": {"uv": [0, 0, 1, 1], "rotation": 180, "texture": "#8"}
			}
		},
		{
			"from": [-7, -9.67, -2.12],
			"to": [-6, -8.67, -1.12],
			"rotation": {"angle": -22.5, "axis": "x", "origin": [-3, -9.5, -1.75]},
			"faces": {
				"north": {"uv": [0, 0, 1, 1], "texture": "#8"},
				"east": {"uv": [0, 0, 1, 1], "texture": "#8"},
				"south": {"uv": [0, 0, 1, 1], "texture": "#8"},
				"west": {"uv": [0, 0, 1, 1], "texture": "#8"},
				"up": {"uv": [0, 0, 1, 1], "texture": "#8"},
				"down": {"uv": [0, 0, 1, 1], "texture": "#8"}
			}
		},
		{
			"from": [-7, -10.56, -2.75],
			"to": [-6, -9.56, -1.75],
			"rotation": {"angle": 45, "axis": "x", "origin": [-3, -9.5, -1.75]},
			"faces": {
				"north": {"uv": [0, 0, 1, 1], "rotation": 180, "texture": "#8"},
				"east": {"uv": [0, 0, 1, 1], "rotation": 90, "texture": "#8"},
				"south": {"uv": [0, 0, 1, 1], "texture": "#8"},
				"west": {"uv": [0, 0, 1, 1], "rotation": 270, "texture": "#8"},
				"up": {"uv": [0, 0, 1, 1], "texture": "#8"},
				"down": {"uv": [0, 0, 1, 1], "rotation": 180, "texture": "#8"}
			}
		},
		{
			"from": [-6.75, -12.5, 3.75],
			"to": [-6.25, -9.5, 7.25],
			"rotation": {"angle": 0, "axis": "y", "origin": [-3, -9.5, 4.75]},
			"faces": {
				"north": {"uv": [0, 0, 0.5, 3], "texture": "#4"},
				"east": {"uv": [0, 0, 3.5, 3], "texture": "#4"},
				"south": {"uv": [0, 0, 0.5, 3], "texture": "#4"},
				"west": {"uv": [0, 0, 3.5, 3], "texture": "#4"},
				"up": {"uv": [0, 0, 0.5, 3.5], "texture": "#4"},
				"down": {"uv": [0, 0, 0.5, 3.5], "texture": "#4"}
			}
		},
		{
			"from": [6.75, -9.5, -1.5],
			"to": [7.75, -8.5, -0.5],
			"rotation": {"angle": 0, "axis": "y", "origin": [10.75, -9.5, -1.75]},
			"faces": {
				"north": {"uv": [0, 0, 1, 1], "texture": "#8"},
				"east": {"uv": [0, 0, 1, 1], "texture": "#8"},
				"south": {"uv": [0, 0, 1, 1], "texture": "#8"},
				"west": {"uv": [0, 0, 1, 1], "texture": "#8"},
				"up": {"uv": [0, 0, 1, 1], "texture": "#8"},
				"down": {"uv": [0, 0, 1, 1], "texture": "#8"}
			}
		},
		{
			"from": [6.75, -9.1, -1],
			"to": [7.75, -8.1, 0],
			"rotation": {"angle": 22.5, "axis": "x", "origin": [10.75, -9.5, -1.75]},
			"faces": {
				"north": {"uv": [0, 0, 1, 1], "texture": "#8"},
				"east": {"uv": [0, 0, 1, 1], "texture": "#8"},
				"south": {"uv": [0, 0, 1, 1], "texture": "#8"},
				"west": {"uv": [0, 0, 1, 1], "texture": "#8"},
				"up": {"uv": [0, 0, 1, 1], "texture": "#8"},
				"down": {"uv": [0, 0, 1, 1], "texture": "#8"}
			}
		},
		{
			"from": [6.75, -8.55, -0.7],
			"to": [7.75, -7.55, 0.3],
			"rotation": {"angle": 45, "axis": "x", "origin": [10.75, -9.5, -1.75]},
			"faces": {
				"north": {"uv": [0, 0, 1, 1], "texture": "#8"},
				"east": {"uv": [0, 0, 1, 1], "texture": "#8"},
				"south": {"uv": [0, 0, 1, 1], "texture": "#8"},
				"west": {"uv": [0, 0, 1, 1], "texture": "#8"},
				"up": {"uv": [0, 0, 1, 1], "texture": "#8"},
				"down": {"uv": [0, 0, 1, 1], "texture": "#8"}
			}
		},
		{
			"from": [6.75, -11.65, -0.18],
			"to": [7.75, -10.65, 0.82],
			"rotation": {"angle": -22.5, "axis": "x", "origin": [10.75, -9.5, -1.75]},
			"faces": {
				"north": {"uv": [0, 0, 1, 1], "rotation": 180, "texture": "#8"},
				"east": {"uv": [0, 0, 1, 1], "rotation": 270, "texture": "#8"},
				"south": {"uv": [0, 0, 1, 1], "texture": "#8"},
				"west": {"uv": [0, 0, 1, 1], "rotation": 90, "texture": "#8"},
				"up": {"uv": [0, 0, 1, 1], "rotation": 180, "texture": "#8"},
				"down": {"uv": [0, 0, 1, 1], "texture": "#8"}
			}
		},
		{
			"from": [6.75, -11.5, 0.45],
			"to": [7.75, -10.5, 1.45],
			"rotation": {"angle": 0, "axis": "y", "origin": [10.75, -9.5, -1.75]},
			"faces": {
				"north": {"uv": [0, 0, 1, 1], "rotation": 180, "texture": "#8"},
				"east": {"uv": [0, 0, 1, 1], "rotation": 270, "texture": "#8"},
				"south": {"uv": [0, 0, 1, 1], "texture": "#8"},
				"west": {"uv": [0, 0, 1, 1], "rotation": 90, "texture": "#8"},
				"up": {"uv": [0, 0, 1, 1], "rotation": 180, "texture": "#8"},
				"down": {"uv": [0, 0, 1, 1], "texture": "#8"}
			}
		},
		{
			"from": [6.75, -11.1, 0.95],
			"to": [7.75, -10.1, 1.95],
			"rotation": {"angle": 22.5, "axis": "x", "origin": [10.75, -9.5, -1.75]},
			"faces": {
				"north": {"uv": [0, 0, 1, 1], "rotation": 180, "texture": "#8"},
				"east": {"uv": [0, 0, 1, 1], "rotation": 270, "texture": "#8"},
				"south": {"uv": [0, 0, 1, 1], "texture": "#8"},
				"west": {"uv": [0, 0, 1, 1], "rotation": 90, "texture": "#8"},
				"up": {"uv": [0, 0, 1, 1], "rotation": 180, "texture": "#8"},
				"down": {"uv": [0, 0, 1, 1], "texture": "#8"}
			}
		},
		{
			"from": [6.75, -10.55, 1.28],
			"to": [7.75, -9.55, 2.28],
			"rotation": {"angle": 45, "axis": "x", "origin": [10.75, -9.5, -1.75]},
			"faces": {
				"north": {"uv": [0, 0, 1, 1], "rotation": 180, "texture": "#8"},
				"east": {"uv": [0, 0, 1, 1], "rotation": 270, "texture": "#8"},
				"south": {"uv": [0, 0, 1, 1], "texture": "#8"},
				"west": {"uv": [0, 0, 1, 1], "rotation": 90, "texture": "#8"},
				"up": {"uv": [0, 0, 1, 1], "rotation": 180, "texture": "#8"},
				"down": {"uv": [0, 0, 1, 1], "texture": "#8"}
			}
		},
		{
			"from": [6.75, -13.63, -2.18],
			"to": [7.75, -12.63, -1.18],
			"rotation": {"angle": -22.5, "axis": "x", "origin": [10.75, -9.5, -1.75]},
			"faces": {
				"north": {"uv": [0, 0, 1, 1], "rotation": 180, "texture": "#8"},
				"east": {"uv": [0, 0, 1, 1], "rotation": 180, "texture": "#8"},
				"south": {"uv": [0, 0, 1, 1], "rotation": 180, "texture": "#8"},
				"west": {"uv": [0, 0, 1, 1], "rotation": 180, "texture": "#8"},
				"up": {"uv": [0, 0, 1, 1], "texture": "#8"},
				"down": {"uv": [0, 0, 1, 1], "texture": "#8"}
			}
		},
		{
			"from": [6.75, -13.47, -1.55],
			"to": [7.75, -12.47, -0.55],
			"rotation": {"angle": 0, "axis": "y", "origin": [10.75, -9.5, -1.75]},
			"faces": {
				"north": {"uv": [0, 0, 1, 1], "rotation": 180, "texture": "#8"},
				"east": {"uv": [0, 0, 1, 1], "rotation": 180, "texture": "#8"},
				"south": {"uv": [0, 0, 1, 1], "rotation": 180, "texture": "#8"},
				"west": {"uv": [0, 0, 1, 1], "rotation": 180, "texture": "#8"},
				"up": {"uv": [0, 0, 1, 1], "texture": "#8"},
				"down": {"uv": [0, 0, 1, 1], "texture": "#8"}
			}
		},
		{
			"from": [6.75, -13.09, -1.05],
			"to": [7.75, -12.09, -0.05],
			"rotation": {"angle": 22.5, "axis": "x", "origin": [10.75, -9.5, -1.75]},
			"faces": {
				"north": {"uv": [0, 0, 1, 1], "rotation": 180, "texture": "#8"},
				"east": {"uv": [0, 0, 1, 1], "rotation": 180, "texture": "#8"},
				"south": {"uv": [0, 0, 1, 1], "rotation": 180, "texture": "#8"},
				"west": {"uv": [0, 0, 1, 1], "rotation": 180, "texture": "#8"},
				"up": {"uv": [0, 0, 1, 1], "texture": "#8"},
				"down": {"uv": [0, 0, 1, 1], "texture": "#8"}
			}
		},
		{
			"from": [6.75, -12.55, -0.75],
			"to": [7.75, -11.55, 0.25],
			"rotation": {"angle": 45, "axis": "x", "origin": [10.75, -9.5, -1.75]},
			"faces": {
				"north": {"uv": [0, 0, 1, 1], "rotation": 180, "texture": "#8"},
				"east": {"uv": [0, 0, 1, 1], "rotation": 180, "texture": "#8"},
				"south": {"uv": [0, 0, 1, 1], "rotation": 180, "texture": "#8"},
				"west": {"uv": [0, 0, 1, 1], "rotation": 180, "texture": "#8"},
				"up": {"uv": [0, 0, 1, 1], "texture": "#8"},
				"down": {"uv": [0, 0, 1, 1], "texture": "#8"}
			}
		},
		{
			"from": [6.75, -11.6, -4.2],
			"to": [7.75, -10.6, -3.2],
			"rotation": {"angle": -22.5, "axis": "x", "origin": [10.75, -9.5, -1.75]},
			"faces": {
				"north": {"uv": [0, 0, 1, 1], "rotation": 180, "texture": "#8"},
				"east": {"uv": [0, 0, 1, 1], "rotation": 90, "texture": "#8"},
				"south": {"uv": [0, 0, 1, 1], "texture": "#8"},
				"west": {"uv": [0, 0, 1, 1], "rotation": 270, "texture": "#8"},
				"up": {"uv": [0, 0, 1, 1], "texture": "#8"},
				"down": {"uv": [0, 0, 1, 1], "rotation": 180, "texture": "#8"}
			}
		},
		{
			"from": [6.75, -11.44, -3.6],
			"to": [7.75, -10.44, -2.6],
			"rotation": {"angle": 0, "axis": "y", "origin": [10.75, -9.5, -1.75]},
			"faces": {
				"north": {"uv": [0, 0, 1, 1], "rotation": 180, "texture": "#8"},
				"east": {"uv": [0, 0, 1, 1], "rotation": 90, "texture": "#8"},
				"south": {"uv": [0, 0, 1, 1], "texture": "#8"},
				"west": {"uv": [0, 0, 1, 1], "rotation": 270, "texture": "#8"},
				"up": {"uv": [0, 0, 1, 1], "texture": "#8"},
				"down": {"uv": [0, 0, 1, 1], "rotation": 180, "texture": "#8"}
			}
		},
		{
			"from": [6.75, -11.09, -3.08],
			"to": [7.75, -10.09, -2.08],
			"rotation": {"angle": 22.5, "axis": "x", "origin": [10.75, -9.5, -1.75]},
			"faces": {
				"north": {"uv": [0, 0, 1, 1], "rotation": 180, "texture": "#8"},
				"east": {"uv": [0, 0, 1, 1], "rotation": 90, "texture": "#8"},
				"south": {"uv": [0, 0, 1, 1], "texture": "#8"},
				"west": {"uv": [0, 0, 1, 1], "rotation": 270, "texture": "#8"},
				"up": {"uv": [0, 0, 1, 1], "texture": "#8"},
				"down": {"uv": [0, 0, 1, 1], "rotation": 180, "texture": "#8"}
			}
		},
		{
			"from": [6.75, -9.67, -2.12],
			"to": [7.75, -8.67, -1.12],
			"rotation": {"angle": -22.5, "axis": "x", "origin": [10.75, -9.5, -1.75]},
			"faces": {
				"north": {"uv": [0, 0, 1, 1], "texture": "#8"},
				"east": {"uv": [0, 0, 1, 1], "texture": "#8"},
				"south": {"uv": [0, 0, 1, 1], "texture": "#8"},
				"west": {"uv": [0, 0, 1, 1], "texture": "#8"},
				"up": {"uv": [0, 0, 1, 1], "texture": "#8"},
				"down": {"uv": [0, 0, 1, 1], "texture": "#8"}
			}
		},
		{
			"from": [6.75, -10.56, -2.75],
			"to": [7.75, -9.56, -1.75],
			"rotation": {"angle": 45, "axis": "x", "origin": [10.75, -9.5, -1.75]},
			"faces": {
				"north": {"uv": [0, 0, 1, 1], "rotation": 180, "texture": "#8"},
				"east": {"uv": [0, 0, 1, 1], "rotation": 90, "texture": "#8"},
				"south": {"uv": [0, 0, 1, 1], "texture": "#8"},
				"west": {"uv": [0, 0, 1, 1], "rotation": 270, "texture": "#8"},
				"up": {"uv": [0, 0, 1, 1], "texture": "#8"},
				"down": {"uv": [0, 0, 1, 1], "rotation": 180, "texture": "#8"}
			}
		},
		{
			"from": [7, -12.5, 3.75],
			"to": [7.5, -9.5, 7.25],
			"rotation": {"angle": 0, "axis": "y", "origin": [10.75, -9.5, 4.75]},
			"faces": {
				"north": {"uv": [0, 0, 0.5, 3], "texture": "#4"},
				"east": {"uv": [0, 0, 3.5, 3], "texture": "#4"},
				"south": {"uv": [0, 0, 0.5, 3], "texture": "#4"},
				"west": {"uv": [0, 0, 3.5, 3], "texture": "#4"},
				"up": {"uv": [0, 0, 0.5, 3.5], "texture": "#4"},
				"down": {"uv": [0, 0, 0.5, 3.5], "texture": "#4"}
			}
		},
		{
			"from": [-6.25, -11.25, 5.25],
			"to": [-4, -10.25, 6.25],
			"rotation": {"angle": 0, "axis": "y", "origin": [-3, -10.5, 4.75]},
			"faces": {
				"north": {"uv": [0, 0, 2.25, 1], "texture": "#5"},
				"east": {"uv": [0, 0, 1, 1], "texture": "#5"},
				"south": {"uv": [0, 0, 2.25, 1], "texture": "#5"},
				"west": {"uv": [0, 0, 1, 1], "texture": "#5"},
				"up": {"uv": [0, 0, 2.25, 1], "texture": "#5"},
				"down": {"uv": [0, 0, 2.25, 1], "texture": "#5"}
			}
		},
		{
			"from": [-6.25, -11.25, -1.75],
			"to": [-4, -10.25, -0.75],
			"rotation": {"angle": 0, "axis": "y", "origin": [-3, -10.5, 4.75]},
			"faces": {
				"north": {"uv": [0, 0, 2.25, 1], "texture": "#5"},
				"east": {"uv": [0, 0, 1, 1], "texture": "#5"},
				"south": {"uv": [0, 0, 2.25, 1], "texture": "#5"},
				"west": {"uv": [0, 0, 1, 1], "texture": "#5"},
				"up": {"uv": [0, 0, 2.25, 1], "texture": "#5"},
				"down": {"uv": [0, 0, 2.25, 1], "texture": "#5"}
			}
		},
		{
			"from": [-5, -9.5, 0.75],
			"to": [-2, -8.5, 3.75],
			"rotation": {"angle": 0, "axis": "y", "origin": [-3, -10.5, 4.75]},
			"faces": {
				"north": {"uv": [0, 0, 3, 1], "texture": "#4"},
				"east": {"uv": [0, 0, 3, 1], "texture": "#4"},
				"south": {"uv": [0, 0, 3, 1], "texture": "#4"},
				"west": {"uv": [0, 0, 3, 1], "texture": "#4"},
				"up": {"uv": [0, 0, 3, 3], "texture": "#4"},
				"down": {"uv": [0, 0, 3, 3], "texture": "#4"}
			}
		},
		{
			"from": [-5, -13.5, -1.25],
			"to": [-4, -12.5, 3.75],
			"rotation": {"angle": 22.5, "axis": "x", "origin": [-3, -10.5, 4.75]},
			"faces": {
				"north": {"uv": [0, 0, 1, 1], "rotation": 180, "texture": "#5"},
				"east": {"uv": [0, 0, 1, 5], "rotation": 90, "texture": "#5"},
				"south": {"uv": [0, 0, 1, 1], "texture": "#5"},
				"west": {"uv": [0, 0, 1, 5], "rotation": 270, "texture": "#5"},
				"up": {"uv": [0, 0, 1, 5], "texture": "#5"},
				"down": {"uv": [0, 0, 1, 5], "rotation": 180, "texture": "#5"}
			}
		},
		{
			"from": [-5, -12.5, 1.75],
			"to": [-4, -9.5, 2.75],
			"rotation": {"angle": 0, "axis": "y", "origin": [-3, -10.5, 4.75]},
			"faces": {
				"north": {"uv": [0, 0, 1, 3], "texture": "#5"},
				"east": {"uv": [0, 0, 1, 3], "texture": "#5"},
				"south": {"uv": [0, 0, 1, 3], "texture": "#5"},
				"west": {"uv": [0, 0, 1, 3], "texture": "#5"},
				"up": {"uv": [0, 0, 1, 1], "texture": "#5"},
				"down": {"uv": [0, 0, 1, 1], "texture": "#5"}
			}
		},
		{
			"from": [-5, -11.75, 1],
			"to": [-4, -10.75, 6],
			"rotation": {"angle": -22.5, "axis": "x", "origin": [-3, -10.5, 4.75]},
			"faces": {
				"north": {"uv": [0, 0, 1, 1], "rotation": 180, "texture": "#5"},
				"east": {"uv": [0, 0, 1, 5], "rotation": 270, "texture": "#5"},
				"south": {"uv": [0, 0, 1, 1], "texture": "#5"},
				"west": {"uv": [0, 0, 1, 5], "rotation": 90, "texture": "#5"},
				"up": {"uv": [0, 0, 1, 5], "rotation": 180, "texture": "#5"},
				"down": {"uv": [0, 0, 1, 5], "texture": "#5"}
			}
		},
		{
			"from": [5, -13.5, -1.25],
			"to": [6, -12.5, 3.75],
			"rotation": {"angle": 22.5, "axis": "x", "origin": [7, -10.5, 4.75]},
			"faces": {
				"north": {"uv": [0, 0, 1, 1], "rotation": 180, "texture": "#5"},
				"east": {"uv": [0, 0, 1, 5], "rotation": 90, "texture": "#5"},
				"south": {"uv": [0, 0, 1, 1], "texture": "#5"},
				"west": {"uv": [0, 0, 1, 5], "rotation": 270, "texture": "#5"},
				"up": {"uv": [0, 0, 1, 5], "texture": "#5"},
				"down": {"uv": [0, 0, 1, 5], "rotation": 180, "texture": "#5"}
			}
		},
		{
			"from": [5, -12.5, 1.75],
			"to": [6, -9.5, 2.75],
			"rotation": {"angle": 0, "axis": "y", "origin": [7, -10.5, 4.75]},
			"faces": {
				"north": {"uv": [0, 0, 1, 3], "texture": "#5"},
				"east": {"uv": [0, 0, 1, 3], "texture": "#5"},
				"south": {"uv": [0, 0, 1, 3], "texture": "#5"},
				"west": {"uv": [0, 0, 1, 3], "texture": "#5"},
				"up": {"uv": [0, 0, 1, 1], "texture": "#5"},
				"down": {"uv": [0, 0, 1, 1], "texture": "#5"}
			}
		},
		{
			"from": [5, -11.75, 1],
			"to": [6, -10.75, 6],
			"rotation": {"angle": -22.5, "axis": "x", "origin": [7, -10.5, 4.75]},
			"faces": {
				"north": {"uv": [0, 0, 1, 1], "rotation": 180, "texture": "#5"},
				"east": {"uv": [0, 0, 1, 5], "rotation": 270, "texture": "#5"},
				"south": {"uv": [0, 0, 1, 1], "texture": "#5"},
				"west": {"uv": [0, 0, 1, 5], "rotation": 90, "texture": "#5"},
				"up": {"uv": [0, 0, 1, 5], "rotation": 180, "texture": "#5"},
				"down": {"uv": [0, 0, 1, 5], "texture": "#5"}
			}
		},
		{
			"from": [5, -11.25, -1.75],
			"to": [7.25, -10.25, -0.75],
			"rotation": {"angle": 0, "axis": "y", "origin": [7, -10.5, 4.75]},
			"faces": {
				"north": {"uv": [0, 0, 2.25, 1], "texture": "#5"},
				"east": {"uv": [0, 0, 1, 1], "texture": "#5"},
				"south": {"uv": [0, 0, 2.25, 1], "texture": "#5"},
				"west": {"uv": [0, 0, 1, 1], "texture": "#5"},
				"up": {"uv": [0, 0, 2.25, 1], "texture": "#5"},
				"down": {"uv": [0, 0, 2.25, 1], "texture": "#5"}
			}
		},
		{
			"from": [5, -11.25, 5.25],
			"to": [7.25, -10.25, 6.25],
			"rotation": {"angle": 0, "axis": "y", "origin": [7, -10.5, 4.75]},
			"faces": {
				"north": {"uv": [0, 0, 2.25, 1], "texture": "#5"},
				"east": {"uv": [0, 0, 1, 1], "texture": "#5"},
				"south": {"uv": [0, 0, 2.25, 1], "texture": "#5"},
				"west": {"uv": [0, 0, 1, 1], "texture": "#5"},
				"up": {"uv": [0, 0, 2.25, 1], "texture": "#5"},
				"down": {"uv": [0, 0, 2.25, 1], "texture": "#5"}
			}
		},
		{
			"from": [3.1, -9.5, 0.75],
			"to": [6.1, -8.5, 3.75],
			"rotation": {"angle": 0, "axis": "y", "origin": [-12, -10.5, 4.75]},
			"faces": {
				"north": {"uv": [0, 0, 3, 1], "texture": "#4"},
				"east": {"uv": [0, 0, 3, 1], "texture": "#4"},
				"south": {"uv": [0, 0, 3, 1], "texture": "#4"},
				"west": {"uv": [0, 0, 3, 1], "texture": "#4"},
				"up": {"uv": [0, 0, 3, 3], "texture": "#4"},
				"down": {"uv": [0, 0, 3, 3], "texture": "#4"}
			}
		},
		{
			"from": [-5.25, -12.25, 2],
			"to": [-4.25, -7, 3],
			"rotation": {"angle": 45, "axis": "z", "origin": [0, 0, 0]},
			"faces": {
				"north": {"uv": [0, 0, 1, 5.25], "texture": "#5"},
				"east": {"uv": [0, 0, 1, 5.25], "texture": "#5"},
				"south": {"uv": [0, 0, 1, 5.25], "texture": "#5"},
				"west": {"uv": [0, 0, 1, 5.25], "texture": "#5"},
				"up": {"uv": [0, 0, 1, 1], "texture": "#5"},
				"down": {"uv": [0, 0, 1, 1], "texture": "#5"}
			}
		},
		{
			"from": [5.25, -12, 2],
			"to": [6.25, -5.75, 3],
			"rotation": {"angle": -45, "axis": "z", "origin": [0, 0, 0]},
			"faces": {
				"north": {"uv": [0, 0, 1, 6.25], "texture": "#5"},
				"east": {"uv": [0, 0, 1, 6.25], "texture": "#5"},
				"south": {"uv": [0, 0, 1, 6.25], "texture": "#5"},
				"west": {"uv": [0, 0, 1, 6.25], "texture": "#5"},
				"up": {"uv": [0, 0, 1, 1], "texture": "#5"},
				"down": {"uv": [0, 0, 1, 1], "texture": "#5"}
			}
		}
	],
	"display": {
		"gui": {
			"rotation": [-163.75, 35.75, -180],
			"translation": [-1.75, 1.25, 0],
			"scale": [0.35, 0.35, 0.35]
		},
		"head": {
			"translation": [12.25, 19.75, 8],
			"scale": [1.6, 1.6, 1.6]
		}
	},
	"groups": [
		{
			"name": "Handle",
			"origin": [0, 0, 0],
			"color": 0,
			"children": [0, 1, 2]
		},
		{
			"name": "seats",
			"origin": [0, 0, 0],
			"color": 0,
			"children": [3, 4]
		},
		{
			"name": "Car",
			"origin": [0, 0, 0],
			"color": 0,
			"children": [
				{
					"name": "group",
					"origin": [-6, 0, -10],
					"color": 0,
					"children": [5, 6, 7, 8, 9, 10, 11, 12]
				},
				{
					"name": "group",
					"origin": [-6, 0, -10],
					"color": 0,
					"children": [13, 14, 15, 16, 17, 18, 19, 20, 21, 22, 23, 24, 25, 26, 27, 28, 29, 30]
				},
				{
					"name": "group",
					"origin": [22, 0, -10],
					"color": 0,
					"children": [31, 32, 33, 34, 35, 36, 37, 38, 39, 40, 41, 42, 43, 44, 45]
				},
				46,
				47,
				48,
				49,
				50,
				51,
				52,
				53,
				54,
				55,
				56
			]
		},
		{
			"name": "Wheel",
			"origin": [0, 0, 0],
			"color": 0,
			"children": [57, 58, 59, 60, 61, 62, 63, 64, 65, 66, 67, 68, 69, 70, 71, 72, 73, 74, 75, 76, 77, 78, 79, 80, 81, 82, 83, 84, 85, 86, 87, 88, 89, 90]
		},
		{
			"name": "Wheel",
			"origin": [0, 0, 0],
			"color": 0,
			"children": [91, 92, 93, 94, 95, 96, 97, 98, 99, 100, 101, 102, 103, 104, 105, 106, 107, 108, 109, 110, 111, 112, 113, 114, 115, 116, 117, 118, 119, 120, 121, 122, 123, 124]
		},
		{
			"name": "Underside",
			"origin": [0, 0, 0],
			"color": 0,
			"children": [125, 126, 127, 128, 129, 130]
		},
		{
			"name": "Underside",
			"origin": [0, 0, 0],
			"color": 0,
			"children": [131, 132, 133, 134, 135, 136]
		},
		137,
		138
	]
}
