{
	"credit": "Made with Blockbench",
	"texture_size": [32, 32],
	"textures": {
		"2": "item/custom/mk/hmpiano",
		"particle": "item/custom/mk/hmpiano"
	},
	"elements": [
		{
			"from": [3, 2.7, 5],
			"to": [13, 3.4, 11],
			"rotation": {"angle": 0, "axis": "y", "origin": [7, 3, 7]},
			"faces": {
				"north": {"uv": [6, 8, 11, 8.375], "texture": "#2"},
				"east": {"uv": [8, 7.5, 11, 7.875], "texture": "#2"},
				"south": {"uv": [8, 7, 13, 7.375], "texture": "#2"},
				"west": {"uv": [10, 1, 13, 1.375], "texture": "#2"},
				"up": {"uv": [5, 3, 0, 0], "texture": "#2"},
				"down": {"uv": [5, 3, 0, 6], "texture": "#2"}
			}
		},
		{
			"from": [3.1, 3.4, 7.1],
			"to": [12.9, 4.7, 10.9],
			"rotation": {"angle": 0, "axis": "y", "origin": [6, 3.8, 10]},
			"faces": {
				"north": {"uv": [0, 6, 4.875, 6.625], "texture": "#2"},
				"east": {"uv": [5, 9.5, 6.875, 10.125], "texture": "#2"},
				"south": {"uv": [0, 7, 4.875, 7.625], "texture": "#2"},
				"west": {"uv": [7, 9.5, 8.875, 10.125], "texture": "#2"},
				"up": {"uv": [9.875, 1.875, 5, 0], "texture": "#2"},
				"down": {"uv": [9.875, 2, 5, 3.875], "texture": "#2"}
			}
		},
		{
			"from": [3.1, 3.4, 5.1],
			"to": [5.1, 4.7, 7.1],
			"rotation": {"angle": 0, "axis": "y", "origin": [6.1, 3.8, 10.1]},
			"faces": {
				"north": {"uv": [0, 10.5, 1, 11.125], "texture": "#2"},
				"east": {"uv": [1, 10.5, 2, 11.125], "texture": "#2"},
				"south": {"uv": [2, 10.5, 3, 11.125], "texture": "#2"},
				"west": {"uv": [5, 10.5, 6, 11.125], "texture": "#2"},
				"up": {"uv": [11, 2.5, 10, 1.5], "texture": "#2"},
				"down": {"uv": [11, 2.5, 10, 3.5], "texture": "#2"}
			}
		},
		{
			"from": [10.9, 3.4, 5.1],
			"to": [12.9, 4.7, 7.1],
			"rotation": {"angle": 0, "axis": "y", "origin": [10.9, 3.4, 5.1]},
			"faces": {
				"north": {"uv": [6, 10.5, 7, 11.125], "texture": "#2"},
				"east": {"uv": [7, 10.5, 8, 11.125], "texture": "#2"},
				"south": {"uv": [8, 10.5, 9, 11.125], "texture": "#2"},
				"west": {"uv": [9, 10.5, 10, 11.125], "texture": "#2"},
				"up": {"uv": [11, 4.5, 10, 3.5], "texture": "#2"},
				"down": {"uv": [11, 4.5, 10, 5.5], "texture": "#2"}
			}
		},
		{
			"from": [3.4, 4.7, 7.6],
			"to": [12.6, 5, 10.6],
			"rotation": {"angle": 0, "axis": "y", "origin": [3.1, 4.7, 8.9]},
			"faces": {
				"north": {"uv": [10, 6.5, 14.625, 6.625], "texture": "#2"},
				"east": {"uv": [11.5, 2.5, 13, 2.625], "texture": "#2"},
				"south": {"uv": [10.5, 9.5, 15.125, 9.625], "texture": "#2"},
				"west": {"uv": [5, 11.5, 6.5, 11.625], "texture": "#2"},
				"up": {"uv": [9.625, 5.5, 5, 4], "texture": "#2"},
				"down": {"uv": [9.625, 5.5, 5, 7], "texture": "#2"}
			}
		},
		{
			"from": [6.2, 4.6, 7.45],
			"to": [9.8, 6.7, 7.475],
			"rotation": {"angle": 22.5, "axis": "x", "origin": [8, 4.7, 7.575]},
			"faces": {
				"north": {"uv": [6, 8.5, 7.75, 9.5], "texture": "#2"},
				"east": {"uv": [12, 3, 12.125, 4], "texture": "#2"},
				"south": {"uv": [8, 8.5, 9.75, 9.5], "texture": "#2"},
				"west": {"uv": [3.5, 12, 3.625, 13], "texture": "#2"},
				"up": {"uv": [13.25, 0.625, 11.5, 0.5], "texture": "#2"},
				"down": {"uv": [2.75, 11.5, 1, 11.625], "texture": "#2"}
			}
		},
		{
			"from": [3.2, 2.3, 5.2],
			"to": [4.4, 3, 6.4],
			"rotation": {"angle": 0, "axis": "y", "origin": [3, 1, 5]},
			"faces": {
				"north": {"uv": [11, 10.5, 11.625, 10.875], "texture": "#2"},
				"east": {"uv": [11, 11, 11.625, 11.375], "texture": "#2"},
				"south": {"uv": [0, 11.5, 0.625, 11.875], "texture": "#2"},
				"west": {"uv": [11.5, 0, 12.125, 0.375], "texture": "#2"},
				"up": {"uv": [11.625, 3.625, 11, 3], "texture": "#2"},
				"down": {"uv": [4.125, 11, 3.5, 11.625], "texture": "#2"}
			}
		},
		{
			"from": [2.6, 0.6, 5.1],
			"to": [3.4, 2.3, 5.9],
			"rotation": {"angle": 45, "axis": "y", "origin": [3.8, 0.3, 4.7]},
			"faces": {
				"north": {"uv": [4.5, 11, 4.875, 11.875], "texture": "#2"},
				"east": {"uv": [11, 5, 11.375, 5.875], "texture": "#2"},
				"south": {"uv": [11, 7.5, 11.375, 8.375], "texture": "#2"},
				"west": {"uv": [11, 8.5, 11.375, 9.375], "texture": "#2"},
				"up": {"uv": [7.375, 11.875, 7, 11.5], "texture": "#2"},
				"down": {"uv": [7.875, 11.5, 7.5, 11.875], "texture": "#2"}
			}
		},
		{
			"from": [2.5, 0, 5],
			"to": [3.5, 0.6, 6],
			"rotation": {"angle": 45, "axis": "y", "origin": [3.8, -1.4, 4.7]},
			"faces": {
				"north": {"uv": [11.5, 9, 12, 9.25], "texture": "#2"},
				"east": {"uv": [9.5, 11.5, 10, 11.75], "texture": "#2"},
				"south": {"uv": [11.5, 10, 12, 10.25], "texture": "#2"},
				"west": {"uv": [10.5, 11.5, 11, 11.75], "texture": "#2"},
				"up": {"uv": [11.5, 6.5, 11, 6], "texture": "#2"},
				"down": {"uv": [11.5, 10, 11, 10.5], "texture": "#2"}
			}
		},
		{
			"from": [2.5, 0, 9.4],
			"to": [3.5, 0.6, 10.4],
			"rotation": {"angle": 45, "axis": "y", "origin": [3.8, -1.4, 9.1]},
			"faces": {
				"north": {"uv": [11.5, 9, 12, 9.25], "texture": "#2"},
				"east": {"uv": [9.5, 11.5, 10, 11.75], "texture": "#2"},
				"south": {"uv": [11.5, 10, 12, 10.25], "texture": "#2"},
				"west": {"uv": [10.5, 11.5, 11, 11.75], "texture": "#2"},
				"up": {"uv": [11.5, 6.5, 11, 6], "texture": "#2"},
				"down": {"uv": [11.5, 10, 11, 10.5], "texture": "#2"}
			}
		},
		{
			"from": [3.2, 2.3, 9.6],
			"to": [4.4, 3, 10.8],
			"rotation": {"angle": 0, "axis": "y", "origin": [3, 1, 9.4]},
			"faces": {
				"north": {"uv": [11, 10.5, 11.625, 10.875], "texture": "#2"},
				"east": {"uv": [11, 11, 11.625, 11.375], "texture": "#2"},
				"south": {"uv": [0, 11.5, 0.625, 11.875], "texture": "#2"},
				"west": {"uv": [11.5, 0, 12.125, 0.375], "texture": "#2"},
				"up": {"uv": [11.625, 3.625, 11, 3], "texture": "#2"},
				"down": {"uv": [4.125, 11, 3.5, 11.625], "texture": "#2"}
			}
		},
		{
			"from": [2.6, 0.6, 9.5],
			"to": [3.4, 2.3, 10.3],
			"rotation": {"angle": 45, "axis": "y", "origin": [3.8, 0.3, 9.1]},
			"faces": {
				"north": {"uv": [4.5, 11, 4.875, 11.875], "texture": "#2"},
				"east": {"uv": [11, 5, 11.375, 5.875], "texture": "#2"},
				"south": {"uv": [11, 7.5, 11.375, 8.375], "texture": "#2"},
				"west": {"uv": [11, 8.5, 11.375, 9.375], "texture": "#2"},
				"up": {"uv": [7.375, 11.875, 7, 11.5], "texture": "#2"},
				"down": {"uv": [7.875, 11.5, 7.5, 11.875], "texture": "#2"}
			}
		},
		{
			"from": [11.6, 2.3, 5.2],
			"to": [12.8, 3, 6.4],
			"rotation": {"angle": 0, "axis": "y", "origin": [11.4, 1, 5]},
			"faces": {
				"north": {"uv": [11, 10.5, 11.625, 10.875], "texture": "#2"},
				"east": {"uv": [11, 11, 11.625, 11.375], "texture": "#2"},
				"south": {"uv": [0, 11.5, 0.625, 11.875], "texture": "#2"},
				"west": {"uv": [11.5, 0, 12.125, 0.375], "texture": "#2"},
				"up": {"uv": [11.625, 3.625, 11, 3], "texture": "#2"},
				"down": {"uv": [4.125, 11, 3.5, 11.625], "texture": "#2"}
			}
		},
		{
			"from": [11, 0.6, 5.1],
			"to": [11.8, 2.3, 5.9],
			"rotation": {"angle": 45, "axis": "y", "origin": [12.2, 0.3, 4.7]},
			"faces": {
				"north": {"uv": [4.5, 11, 4.875, 11.875], "texture": "#2"},
				"east": {"uv": [11, 5, 11.375, 5.875], "texture": "#2"},
				"south": {"uv": [11, 7.5, 11.375, 8.375], "texture": "#2"},
				"west": {"uv": [11, 8.5, 11.375, 9.375], "texture": "#2"},
				"up": {"uv": [7.375, 11.875, 7, 11.5], "texture": "#2"},
				"down": {"uv": [7.875, 11.5, 7.5, 11.875], "texture": "#2"}
			}
		},
		{
			"from": [10.9, 0, 5],
			"to": [11.9, 0.6, 6],
			"rotation": {"angle": 45, "axis": "y", "origin": [12.2, -1.4, 4.7]},
			"faces": {
				"north": {"uv": [11.5, 9, 12, 9.25], "texture": "#2"},
				"east": {"uv": [9.5, 11.5, 10, 11.75], "texture": "#2"},
				"south": {"uv": [11.5, 10, 12, 10.25], "texture": "#2"},
				"west": {"uv": [10.5, 11.5, 11, 11.75], "texture": "#2"},
				"up": {"uv": [11.5, 6.5, 11, 6], "texture": "#2"},
				"down": {"uv": [11.5, 10, 11, 10.5], "texture": "#2"}
			}
		},
		{
			"from": [11, 0.6, 9.5],
			"to": [11.8, 2.3, 10.3],
			"rotation": {"angle": 45, "axis": "y", "origin": [12.2, 0.3, 9.1]},
			"faces": {
				"north": {"uv": [4.5, 11, 4.875, 11.875], "texture": "#2"},
				"east": {"uv": [11, 5, 11.375, 5.875], "texture": "#2"},
				"south": {"uv": [11, 7.5, 11.375, 8.375], "texture": "#2"},
				"west": {"uv": [11, 8.5, 11.375, 9.375], "texture": "#2"},
				"up": {"uv": [7.375, 11.875, 7, 11.5], "texture": "#2"},
				"down": {"uv": [7.875, 11.5, 7.5, 11.875], "texture": "#2"}
			}
		},
		{
			"from": [11.6, 2.3, 9.6],
			"to": [12.8, 3, 10.8],
			"rotation": {"angle": 0, "axis": "y", "origin": [11.4, 1, 9.4]},
			"faces": {
				"north": {"uv": [11, 10.5, 11.625, 10.875], "texture": "#2"},
				"east": {"uv": [11, 11, 11.625, 11.375], "texture": "#2"},
				"south": {"uv": [0, 11.5, 0.625, 11.875], "texture": "#2"},
				"west": {"uv": [11.5, 0, 12.125, 0.375], "texture": "#2"},
				"up": {"uv": [11.625, 3.625, 11, 3], "texture": "#2"},
				"down": {"uv": [4.125, 11, 3.5, 11.625], "texture": "#2"}
			}
		},
		{
			"from": [10.9, 0, 9.4],
			"to": [11.9, 0.6, 10.4],
			"rotation": {"angle": 45, "axis": "y", "origin": [12.2, -1.4, 9.1]},
			"faces": {
				"north": {"uv": [11.5, 9, 12, 9.25], "texture": "#2"},
				"east": {"uv": [9.5, 11.5, 10, 11.75], "texture": "#2"},
				"south": {"uv": [11.5, 10, 12, 10.25], "texture": "#2"},
				"west": {"uv": [10.5, 11.5, 11, 11.75], "texture": "#2"},
				"up": {"uv": [11.5, 6.5, 11, 6], "texture": "#2"},
				"down": {"uv": [11.5, 10, 11, 10.5], "texture": "#2"}
			}
		},
		{
			"from": [6.5, 0, 7],
			"to": [9.5, 2.8, 7.1],
			"rotation": {"angle": 0, "axis": "y", "origin": [6.5, 0, 7]},
			"faces": {
				"north": {"uv": [3, 8, 4.5, 9.375], "texture": "#2"},
				"east": {"uv": [11.5, 5, 11.625, 6.375], "texture": "#2"},
				"south": {"uv": [4.5, 8, 6, 9.375], "texture": "#2"},
				"west": {"uv": [6.5, 11.5, 6.625, 12.875], "texture": "#2"},
				"up": {"uv": [13, 1.625, 11.5, 1.5], "texture": "#2"},
				"down": {"uv": [13, 2, 11.5, 2.125], "texture": "#2"}
			}
		},
		{
			"from": [6.9, 2.7, 0.1],
			"to": [9.1, 3, 2.1],
			"rotation": {"angle": 0, "axis": "y", "origin": [7, 0.9, 0]},
			"faces": {
				"north": {"uv": [11.5, 7.5, 12.625, 7.625], "texture": "#2"},
				"east": {"uv": [11, 11.5, 12, 11.625], "texture": "#2"},
				"south": {"uv": [8, 11.5, 9.125, 11.625], "texture": "#2"},
				"west": {"uv": [0, 12, 1, 12.125], "texture": "#2"},
				"up": {"uv": [10.125, 10.5, 9, 9.5], "texture": "#2"},
				"down": {"uv": [11.125, 0, 10, 1], "texture": "#2"}
			}
		},
		{
			"from": [7, 0.4, 0.2],
			"to": [9, 0.6, 2],
			"rotation": {"angle": 0, "axis": "y", "origin": [7, -1.4, 0]},
			"faces": {
				"north": {"uv": [1, 12, 2, 12.125], "texture": "#2"},
				"east": {"uv": [12, 5, 12.875, 5.125], "texture": "#2"},
				"south": {"uv": [2, 12, 3, 12.125], "texture": "#2"},
				"west": {"uv": [12, 5.5, 12.875, 5.625], "texture": "#2"},
				"up": {"uv": [11, 6.375, 10, 5.5], "texture": "#2"},
				"down": {"uv": [11, 8.5, 10, 9.375], "texture": "#2"}
			}
		},
		{
			"from": [8, 0, 0.1],
			"to": [8, 2.8, 2.1],
			"rotation": {"angle": 0, "axis": "y", "origin": [7.2, 0, 0]},
			"faces": {
				"north": {"uv": [0, 0, 0, 1.375], "texture": "#2"},
				"east": {"uv": [3, 9.5, 4, 10.875], "texture": "#2"},
				"south": {"uv": [0, 0, 0, 1.375], "texture": "#2"},
				"west": {"uv": [4, 9.5, 5, 10.875], "texture": "#2"},
				"up": {"uv": [0, 1, 0, 0], "texture": "#2"},
				"down": {"uv": [0, 0, 0, 1], "texture": "#2"}
			}
		},
		{
			"from": [6.9, 0, 1.1],
			"to": [9.1, 2.8, 1.1],
			"rotation": {"angle": 0, "axis": "y", "origin": [7, 0, 1.8]},
			"faces": {
				"north": {"uv": [0, 9, 1.125, 10.375], "texture": "#2"},
				"east": {"uv": [0, 0, 0, 1.375], "texture": "#2"},
				"south": {"uv": [1.5, 9, 2.625, 10.375], "texture": "#2"},
				"west": {"uv": [0, 0, 0, 1.375], "texture": "#2"},
				"up": {"uv": [1.125, 0, 0, 0], "texture": "#2"},
				"down": {"uv": [1.125, 0, 0, 0], "texture": "#2"}
			}
		},
		{
			"from": [7.6, 0, 0.7],
			"to": [8.4, 2.7, 1.5],
			"rotation": {"angle": 0, "axis": "y", "origin": [7, 0, 0.1]},
			"faces": {
				"north": {"uv": [10, 10.5, 10.375, 11.875], "texture": "#2"},
				"east": {"uv": [10.5, 10, 10.875, 11.375], "texture": "#2"},
				"south": {"uv": [11, 1.5, 11.375, 2.875], "texture": "#2"},
				"west": {"uv": [3, 11, 3.375, 12.375], "texture": "#2"},
				"up": {"uv": [11.875, 8.375, 11.5, 8], "texture": "#2"},
				"down": {"uv": [11.875, 8.5, 11.5, 8.875], "texture": "#2"}
			}
		},
		{
			"from": [5.1, 3.4, 5.3],
			"to": [10.9, 3.7, 7],
			"rotation": {"angle": 0, "axis": "y", "origin": [8, 3, 5]},
			"faces": {
				"north": {"uv": [11, 4, 13.875, 4.125], "texture": "#2"},
				"east": {"uv": [4, 12, 4.875, 12.125], "texture": "#2"},
				"south": {"uv": [11, 4.5, 13.875, 4.625], "texture": "#2"},
				"west": {"uv": [5, 12, 5.875, 12.125], "texture": "#2"},
				"up": {"uv": [7.875, 7.875, 5, 7], "texture": "#2"},
				"down": {"uv": [2.875, 8, 0, 8.875], "texture": "#2"}
			}
		}
	],
	"display": {}
}
