{
	"credit": "Made with Blockbench",
	"textures": {
		"0": "item/custom/mk/jackheadpotc1",
		"1": "item/custom/mk/jackheadpotc2",
		"2": "item/custom/mk/jackheadpotc3",
		"3": "item/custom/mk/jackheadpotc4",
		"4": "item/custom/mk/jackheadpotc5",
		"5": "item/custom/mk/jackheadpotc6",
		"6": "item/custom/mk/jackheadpotc7",
		"7": "item/custom/mk/jackheadpotc8",
		"8": "item/custom/mk/jackheadpotc9",
		"9": "item/custom/mk/texturejackheadpotc10",
		"particle": "item/custom/mk/jackheadpotc1"
	},
	"elements": [
		{
			"from": [-1.51724, -4.4138, -5.37931],
			"to": [13.48276, 9.51724, 9.12069],
			"rotation": {"angle": 0, "axis": "y", "origin": [-1.51724, 1.51724, -5.37931]},
			"faces": {
				"north": {"uv": [0, 0, 4, 4], "texture": "#0"},
				"east": {"uv": [0, 4, 4, 8], "texture": "#0"},
				"south": {"uv": [4, 0, 8, 4], "texture": "#0"},
				"west": {"uv": [4, 4, 8, 8], "texture": "#0"},
				"up": {"uv": [4, 12, 0, 8], "texture": "#0"},
				"down": {"uv": [12, 0, 8, 4], "texture": "#0"}
			}
		},
		{
			"from": [3.44828, 11.68966, -10.34483],
			"to": [8.48276, 14.10345, -8.34483],
			"rotation": {"angle": -22.5, "axis": "x", "origin": [-0.55172, 7.68966, -1.37931]},
			"faces": {
				"north": {"uv": [0, 0, 2.91379, 1.22414], "texture": "#2"},
				"east": {"uv": [0, 0, 2.91379, 1.22414], "texture": "#2"},
				"south": {"uv": [0, 0, 2.91379, 1.22414], "texture": "#2"},
				"west": {"uv": [4.55172, 5.03448, 5.46552, 5.98276], "texture": "#2"},
				"up": {"uv": [4.48276, 2.94828, 7.46552, 2], "texture": "#2"},
				"down": {"uv": [0, 5.03448, 2.98276, 5.94828], "texture": "#2"}
			}
		},
		{
			"from": [3.72414, 7.41379, -11.72414],
			"to": [7.93103, 9.41379, -7.37931],
			"rotation": {"angle": 0, "axis": "y", "origin": [-0.55172, 7.68966, -1.37931]},
			"faces": {
				"north": {"uv": [0, 0, 2.41379, 1.24138], "texture": "#1"},
				"east": {"uv": [0, 0, 2.41379, 1.24138], "texture": "#1"},
				"south": {"uv": [0, 0, 2.34483, 1.24138], "texture": "#1"},
				"west": {"uv": [0, 0, 2.34483, 1.24138], "texture": "#1"},
				"up": {"uv": [0, 0, 2.41379, 2.62069], "texture": "#1"},
				"down": {"uv": [0, 0, 2.41379, 2.62069], "texture": "#1"}
			}
		},
		{
			"from": [10.06897, 7.68966, -7.72414],
			"to": [12.06897, 12.58621, -3.65517],
			"rotation": {"angle": 22.5, "axis": "y", "origin": [-0.55172, 7.68966, -1.37931]},
			"faces": {
				"north": {"uv": [0, 5.03103, 1.95862, 9.93103], "texture": "#3"},
				"east": {"uv": [0, 0, 4, 5], "texture": "#3"},
				"south": {"uv": [2.01034, 5.03448, 4.01034, 9.93448], "texture": "#3"},
				"west": {"uv": [4.03103, 0, 7.93103, 5], "texture": "#3"},
				"up": {"uv": [5.94828, 8.93448, 4.04828, 5.03448], "texture": "#3"},
				"down": {"uv": [7.93448, 4.98276, 6.03448, 8.88276], "texture": "#3"}
			}
		},
		{
			"from": [3.51724, 7.68966, -6.68966],
			"to": [5.51724, 12.58621, -2.62069],
			"rotation": {"angle": -22.5, "axis": "y", "origin": [16.13793, 7.68966, -8.96552]},
			"faces": {
				"north": {"uv": [2.01034, 5.03448, 4.01034, 9.93448], "texture": "#3"},
				"east": {"uv": [4.03103, 0, 7.93103, 5], "texture": "#3"},
				"south": {"uv": [0, 5.03103, 1.95862, 9.93103], "texture": "#3"},
				"west": {"uv": [0, 0, 4, 5], "texture": "#3"},
				"up": {"uv": [5.94828, 8.93448, 4.04828, 5.03448], "rotation": 180, "texture": "#3"},
				"down": {"uv": [7.93448, 4.98276, 6.03448, 8.88276], "rotation": 180, "texture": "#3"}
			}
		},
		{
			"from": [10.06897, 7.68966, -3.72414],
			"to": [12.06897, 14.65517, 0.34483],
			"rotation": {"angle": 22.5, "axis": "y", "origin": [-0.55172, 7.68966, -1.37931]},
			"faces": {
				"north": {"uv": [0, 6.94828, 1.96552, 13.99655], "texture": "#4"},
				"east": {"uv": [0, 0, 3.93103, 6.94828], "texture": "#4"},
				"south": {"uv": [1.96552, 6.94828, 3.93103, 13.99655], "texture": "#4"},
				"west": {"uv": [3.93103, 0, 8, 6.94828], "texture": "#4"},
				"up": {"uv": [6.03448, 10.97931, 3.93103, 6.94828], "texture": "#4"},
				"down": {"uv": [8.03448, 6.94828, 6.03448, 10.94828], "texture": "#4"}
			}
		},
		{
			"from": [0.62069, 7.68966, -3.7931],
			"to": [2.62069, 14.65517, 0.27586],
			"rotation": {"angle": -22.5, "axis": "y", "origin": [13.24138, 7.68966, -2.06897]},
			"faces": {
				"north": {"uv": [1.96552, 6.94828, 3.93103, 13.99655], "texture": "#4"},
				"east": {"uv": [3.93103, 0, 8, 6.94828], "texture": "#4"},
				"south": {"uv": [0, 6.94828, 1.96552, 13.99655], "texture": "#4"},
				"west": {"uv": [0, 0, 3.93103, 6.94828], "texture": "#4"},
				"up": {"uv": [6.03448, 10.97931, 3.93103, 6.94828], "rotation": 180, "texture": "#4"},
				"down": {"uv": [8.03448, 6.94828, 6.03448, 10.94828], "rotation": 180, "texture": "#4"}
			}
		},
		{
			"from": [10.06897, 7.68966, 0.41379],
			"to": [12.06897, 16.17241, 11.10345],
			"rotation": {"angle": 22.5, "axis": "y", "origin": [-0.55172, 7.68966, -1.37931]},
			"faces": {
				"north": {"uv": [6.49138, 0.06897, 7.47414, 4], "texture": "#5"},
				"east": {"uv": [0, 0, 5.50862, 3.93103], "texture": "#5"},
				"south": {"uv": [6.56034, 4, 7.47414, 7.93103], "texture": "#5"},
				"west": {"uv": [0, 3.93103, 5.50862, 8], "texture": "#5"},
				"up": {"uv": [6.49138, 5.44828, 5.43966, 0], "texture": "#5"},
				"down": {"uv": [6.49138, 5.43966, 5.50862, 11.01724], "texture": "#5"}
			}
		},
		{
			"from": [-5.03448, 7.68966, -0.89655],
			"to": [-3.03448, 16.17241, 9.7931],
			"rotation": {"angle": -22.5, "axis": "y", "origin": [7.58621, 7.68966, 11.58621]},
			"faces": {
				"north": {"uv": [6.56034, 4, 7.47414, 7.93103], "texture": "#5"},
				"east": {"uv": [0, 3.93103, 5.50862, 8], "texture": "#5"},
				"south": {"uv": [6.49138, 0.06897, 7.47414, 4], "texture": "#5"},
				"west": {"uv": [0, 0, 5.50862, 3.93103], "texture": "#5"},
				"up": {"uv": [6.49138, 5.44828, 5.43966, 0], "rotation": 180, "texture": "#5"},
				"down": {"uv": [6.49138, 5.43966, 5.50862, 11.01724], "rotation": 180, "texture": "#5"}
			}
		},
		{
			"from": [-8.48276, 7.58966, 3.17241],
			"to": [-4.41379, 13.03793, 5.17241],
			"rotation": {"angle": 22.5, "axis": "y", "origin": [-0.55172, 7.58966, -1.37931]},
			"faces": {
				"north": {"uv": [0, 0, 3.93103, 6.96552], "texture": "#4"},
				"east": {"uv": [0, 0, 6.96552, 2], "rotation": 270, "texture": "#4"},
				"south": {"uv": [0, 0, 3.93103, 6.96552], "rotation": 180, "texture": "#4"},
				"west": {"uv": [0, 0, 6.96552, 2], "rotation": 90, "texture": "#4"},
				"up": {"uv": [0, 0, 3.93103, 2], "rotation": 180, "texture": "#4"},
				"down": {"uv": [0, 0, 3.93103, 2], "texture": "#4"}
			}
		},
		{
			"from": [15.93103, 7.58966, 7.72414],
			"to": [20, 13.03793, 9.72414],
			"rotation": {"angle": -22.5, "axis": "y", "origin": [23.86207, 7.58966, 3.17241]},
			"faces": {
				"north": {"uv": [0, 0, 3.93103, 6.96552], "texture": "#4"},
				"east": {"uv": [0, 0, 6.96552, 2], "rotation": 270, "texture": "#4"},
				"south": {"uv": [0, 0, 3.93103, 6.96552], "rotation": 180, "texture": "#4"},
				"west": {"uv": [0, 0, 6.96552, 2], "rotation": 90, "texture": "#4"},
				"up": {"uv": [0, 0, 3.93103, 2], "rotation": 180, "texture": "#4"},
				"down": {"uv": [0, 0, 3.93103, 2], "texture": "#4"}
			}
		},
		{
			"from": [17.86207, 7.68966, 5.65517],
			"to": [20.55172, 10.7931, 7.65517],
			"rotation": {"angle": 0, "axis": "y", "origin": [28.55172, 7.68966, 1.10345]},
			"faces": {
				"north": {"uv": [0, 0, 2.82759, 5.03448], "texture": "#3"},
				"east": {"uv": [0, 0, 5.03448, 2], "rotation": 270, "texture": "#3"},
				"south": {"uv": [0, 0, 2.82759, 5.03448], "rotation": 180, "texture": "#3"},
				"west": {"uv": [0, 0, 5.03448, 1.86207], "rotation": 90, "texture": "#3"},
				"up": {"uv": [0, 0, 2.68966, 2], "rotation": 180, "texture": "#3"},
				"down": {"uv": [0, 0, 2.68966, 2], "texture": "#3"}
			}
		},
		{
			"from": [-8.2069, 7.68966, 5.65517],
			"to": [-5.51724, 10.7931, 7.65517],
			"rotation": {"angle": 0, "axis": "y", "origin": [2.48276, 7.68966, 1.10345]},
			"faces": {
				"north": {"uv": [0, 0, 2.82759, 5.03448], "texture": "#3"},
				"east": {"uv": [0, 0, 5.03448, 2], "rotation": 270, "texture": "#3"},
				"south": {"uv": [0, 0, 2.82759, 5.03448], "rotation": 180, "texture": "#3"},
				"west": {"uv": [0, 0, 5.03448, 1.86207], "rotation": 90, "texture": "#3"},
				"up": {"uv": [0, 0, 2.68966, 2], "rotation": 180, "texture": "#3"},
				"down": {"uv": [0, 0, 2.68966, 2], "texture": "#3"}
			}
		},
		{
			"from": [-8, 11.13793, 6.68966],
			"to": [-5.17241, 14.65517, 9.51724],
			"rotation": {"angle": 22.5, "axis": "x", "origin": [-0.55172, 7.68966, -1.37931]},
			"faces": {
				"north": {"uv": [0, 0, 1.58621, 1.86207], "rotation": 180, "texture": "#4"},
				"east": {"uv": [0, 0, 2.13793, 1.44828], "rotation": 90, "texture": "#4"},
				"south": {"uv": [0, 0, 1.44828, 2.13793], "texture": "#4"},
				"west": {"uv": [0, 0, 2.27586, 1.86207], "rotation": 270, "texture": "#4"},
				"up": {"uv": [0.41379, 0.13793, 2, 1.72414], "texture": "#4"},
				"down": {"uv": [0, 0, 2.82759, 2.82759], "rotation": 180, "texture": "#4"}
			}
		},
		{
			"from": [17.4, 11.13793, 6.68966],
			"to": [20.22759, 14.65517, 9.51724],
			"rotation": {"angle": 22.5, "axis": "x", "origin": [24.84828, 7.68966, -1.37931]},
			"faces": {
				"north": {"uv": [0, 0, 1.58621, 1.86207], "rotation": 180, "texture": "#4"},
				"east": {"uv": [0, 0, 2.13793, 1.44828], "rotation": 90, "texture": "#4"},
				"south": {"uv": [0, 0, 1.44828, 2.13793], "texture": "#4"},
				"west": {"uv": [0, 0, 2.27586, 1.86207], "rotation": 270, "texture": "#4"},
				"up": {"uv": [0.41379, 0.13793, 2, 1.72414], "texture": "#4"},
				"down": {"uv": [0, 0, 2.82759, 2.82759], "rotation": 180, "texture": "#4"}
			}
		},
		{
			"from": [2.2069, 9.48276, -3.44828],
			"to": [10.27586, 14.03448, 4.75862],
			"rotation": {"angle": 0, "axis": "y", "origin": [-0.55172, 7.68966, -1.37931]},
			"faces": {
				"north": {"uv": [4, 0, 8, 2.49138], "texture": "#1"},
				"east": {"uv": [4, 2.49138, 8, 5.05172], "texture": "#1"},
				"south": {"uv": [4, 5.05172, 8, 7.5431], "texture": "#1"},
				"west": {"uv": [4, 2.50862, 8, 5.06897], "texture": "#1"},
				"up": {"uv": [4, 4.06897, 0, 0], "texture": "#1"},
				"down": {"uv": [4, 4.06897, 0, 8], "texture": "#1"}
			}
		},
		{
			"from": [2.99655, 7.51379, -10.41379],
			"to": [9.44828, 9.82759, -4.41379],
			"rotation": {"angle": 0, "axis": "y", "origin": [-0.55172, 7.68966, -1.37931]},
			"faces": {
				"north": {"uv": [0, 0, 2.1069, 1.07241], "texture": "#1"},
				"east": {"uv": [0, 0, 2.06897, 1.07241], "texture": "#1"},
				"south": {"uv": [0, 0, 2.03793, 1.14138], "texture": "#1"},
				"west": {"uv": [0, 0, 2.13793, 1.00345], "texture": "#1"},
				"up": {"uv": [0, 0, 2, 2.31379], "rotation": 270, "texture": "#1"},
				"down": {"uv": [0, 0, 2, 2.31379], "rotation": 90, "texture": "#1"}
			}
		},
		{
			"from": [11.54828, 7.51379, 4.64828],
			"to": [15, 9.82759, 10.34828],
			"rotation": {"angle": 0, "axis": "y", "origin": [8, 7.68966, 14.48276]},
			"faces": {
				"north": {"uv": [0, 0, 2.1069, 1.07241], "texture": "#1"},
				"east": {"uv": [0, 0, 2.06897, 1.07241], "texture": "#1"},
				"south": {"uv": [0, 0, 2.03793, 1.14138], "texture": "#1"},
				"west": {"uv": [0, 0, 2.13793, 1.00345], "texture": "#1"},
				"up": {"uv": [0, 0, 2, 2.31379], "rotation": 270, "texture": "#1"},
				"down": {"uv": [0, 0, 2, 2.31379], "rotation": 90, "texture": "#1"}
			}
		},
		{
			"from": [-2.85172, 7.51379, 4.64828],
			"to": [0.6, 9.82759, 10.34828],
			"rotation": {"angle": 0, "axis": "y", "origin": [-6.4, 7.68966, 14.48276]},
			"faces": {
				"north": {"uv": [0, 0, 2.1069, 1.07241], "texture": "#1"},
				"east": {"uv": [0, 0, 2.06897, 1.07241], "texture": "#1"},
				"south": {"uv": [0, 0, 2.03793, 1.14138], "texture": "#1"},
				"west": {"uv": [0, 0, 2.13793, 1.00345], "texture": "#1"},
				"up": {"uv": [0, 0, 2, 2.31379], "rotation": 270, "texture": "#1"},
				"down": {"uv": [0, 0, 2, 2.31379], "rotation": 90, "texture": "#1"}
			}
		},
		{
			"from": [-5.56207, 7.51379, 6.44828],
			"to": [-2.71034, 9.82759, 10.34828],
			"rotation": {"angle": 0, "axis": "y", "origin": [-9.71034, 7.68966, 14.48276]},
			"faces": {
				"north": {"uv": [0, 0, 2.1069, 1.07241], "texture": "#1"},
				"east": {"uv": [0, 0, 2.06897, 1.07241], "texture": "#1"},
				"south": {"uv": [0, 0, 2.03793, 1.14138], "texture": "#1"},
				"west": {"uv": [0, 0, 2.13793, 1.00345], "texture": "#1"},
				"up": {"uv": [0, 0, 2, 2.31379], "rotation": 270, "texture": "#1"},
				"down": {"uv": [0, 0, 2, 2.31379], "rotation": 90, "texture": "#1"}
			}
		},
		{
			"from": [14.83793, 7.51379, 6.44828],
			"to": [17.68966, 9.82759, 10.34828],
			"rotation": {"angle": 0, "axis": "y", "origin": [10.68966, 7.68966, 14.48276]},
			"faces": {
				"north": {"uv": [0, 0, 2.1069, 1.07241], "texture": "#1"},
				"east": {"uv": [0, 0, 2.06897, 1.07241], "texture": "#1"},
				"south": {"uv": [0, 0, 2.03793, 1.14138], "texture": "#1"},
				"west": {"uv": [0, 0, 2.13793, 1.00345], "texture": "#1"},
				"up": {"uv": [0, 0, 2, 2.31379], "rotation": 270, "texture": "#1"},
				"down": {"uv": [0, 0, 2, 2.31379], "rotation": 90, "texture": "#1"}
			}
		},
		{
			"from": [-5.10345, 11.13793, 6.68966],
			"to": [17.58621, 16.58621, 9.65517],
			"rotation": {"angle": 22.5, "axis": "x", "origin": [-0.55172, 7.68966, -1.37931]},
			"faces": {
				"north": {"uv": [0, 0, 11.47414, 2.42241], "texture": "#2"},
				"east": {"uv": [0, 7.01724, 0.98276, 9.43966], "texture": "#2"},
				"south": {"uv": [0, 4.97414, 11.47414, 2.43103], "texture": "#2"},
				"west": {"uv": [0.98276, 7.01724, 1.96552, 9.43966], "texture": "#2"},
				"up": {"uv": [11.47414, 5.96552, 0, 4.98276], "texture": "#2"},
				"down": {"uv": [11.47414, 5.96552, 0, 6.94828], "texture": "#2"}
			}
		},
		{
			"from": [10.34483, 7.41379, -4.89655],
			"to": [11.51724, 9.41379, -1.37931],
			"rotation": {"angle": 0, "axis": "y", "origin": [-0.55172, 7.68966, -1.37931]},
			"faces": {
				"north": {"uv": [0, 0, 1.17241, 2], "texture": "#missing"},
				"east": {"uv": [0, 0, 3.51724, 2], "texture": "#missing"},
				"south": {"uv": [0, 0, 1.17241, 2], "texture": "#missing"},
				"west": {"uv": [0, 0, 3.51724, 2], "texture": "#missing"},
				"up": {"uv": [0, 0, 3.51724, 1.17241], "rotation": 270, "texture": "#missing"},
				"down": {"uv": [0, 0, 3.51724, 1.17241], "rotation": 90, "texture": "#missing"}
			}
		},
		{
			"from": [6.65517, -7.31034, -5.10345],
			"to": [7.65517, -4.18276, -4.20345],
			"rotation": {"angle": 0, "axis": "y", "origin": [5.65517, -6.48276, -5.10345]},
			"faces": {
				"north": {"uv": [0, 0, 1, 2], "texture": "#6"},
				"east": {"uv": [1, 0, 2, 2], "texture": "#6"},
				"south": {"uv": [0, 2, 1, 4], "texture": "#6"},
				"west": {"uv": [2, 0, 3, 2], "texture": "#6"},
				"up": {"uv": [2, 3, 1, 2], "texture": "#6"},
				"down": {"uv": [3, 2, 2, 3], "texture": "#6"}
			}
		},
		{
			"from": [4.45517, -7.31034, -5.10345],
			"to": [5.45517, -4.18276, -4.20345],
			"rotation": {"angle": 0, "axis": "y", "origin": [3.45517, -6.48276, -5.10345]},
			"faces": {
				"north": {"uv": [0, 0, 1, 2], "texture": "#6"},
				"east": {"uv": [1, 0, 2, 2], "texture": "#6"},
				"south": {"uv": [0, 2, 1, 4], "texture": "#6"},
				"west": {"uv": [2, 0, 3, 2], "texture": "#6"},
				"up": {"uv": [2, 3, 1, 2], "texture": "#6"},
				"down": {"uv": [3, 2, 2, 3], "texture": "#6"}
			}
		},
		{
			"from": [12.50345, -12.17931, -3.01034],
			"to": [14.10345, 6.2, -1.31034],
			"rotation": {"angle": 0, "axis": "y", "origin": [12.50345, -2.83448, -3.31034]},
			"faces": {
				"north": {"uv": [0, 0, 2, 16], "texture": "#9"},
				"east": {"uv": [2, 0, 4, 16], "texture": "#9"},
				"south": {"uv": [4, 0, 6, 16], "texture": "#9"},
				"west": {"uv": [6, 0, 8, 16], "texture": "#9"},
				"up": {"uv": [10, 2, 8, 0], "texture": "#9"},
				"down": {"uv": [10, 2, 8, 4], "texture": "#9"}
			}
		},
		{
			"from": [-1.94828, -5.86207, -5.46207],
			"to": [-0.34828, 6.1, -4.26207],
			"rotation": {"angle": 0, "axis": "y", "origin": [-2.34828, -2.93448, -5.46207]},
			"faces": {
				"north": {"uv": [0, 0, 2, 12], "texture": "#8"},
				"east": {"uv": [4, 0, 5, 12], "texture": "#8"},
				"south": {"uv": [2, 0, 4, 12], "texture": "#8"},
				"west": {"uv": [5, 0, 6, 12], "texture": "#8"},
				"up": {"uv": [8, 1, 6, 0], "texture": "#8"},
				"down": {"uv": [8, 1, 6, 2], "texture": "#8"}
			}
		},
		{
			"from": [13.08621, -5.86207, 1.57241],
			"to": [14.68621, 6.1, 2.77241],
			"rotation": {"angle": 0, "axis": "y", "origin": [12.68621, -2.93448, 1.57241]},
			"faces": {
				"north": {"uv": [0, 0, 2, 12], "texture": "#8"},
				"east": {"uv": [4, 0, 5, 12], "texture": "#8"},
				"south": {"uv": [2, 0, 4, 12], "texture": "#8"},
				"west": {"uv": [5, 0, 6, 12], "texture": "#8"},
				"up": {"uv": [8, 1, 6, 0], "texture": "#8"},
				"down": {"uv": [8, 1, 6, 2], "texture": "#8"}
			}
		},
		{
			"from": [-1.94828, -2, 3.22759],
			"to": [-0.34828, 6.1, 4.42759],
			"rotation": {"angle": 0, "axis": "y", "origin": [-2.34828, -2.93448, 3.22759]},
			"faces": {
				"north": {"uv": [0, 0, 2, 12], "texture": "#8"},
				"east": {"uv": [4, 0, 5, 12], "texture": "#8"},
				"south": {"uv": [2, 0, 4, 12], "texture": "#8"},
				"west": {"uv": [5, 0, 6, 12], "texture": "#8"},
				"up": {"uv": [8, 1, 6, 0], "texture": "#8"},
				"down": {"uv": [8, 1, 6, 2], "texture": "#8"}
			}
		},
		{
			"from": [12.16207, -8.48966, 3.51724],
			"to": [14.16207, 6.2, 5.51724],
			"rotation": {"angle": 0, "axis": "y", "origin": [12.16207, -2.83448, 5.51724]},
			"faces": {
				"north": {"uv": [2, 0, 4, 12], "texture": "#7"},
				"east": {"uv": [4, 0, 6, 12], "texture": "#7"},
				"south": {"uv": [6, 0, 8, 12], "texture": "#7"},
				"west": {"uv": [0, 0, 2, 12], "texture": "#7"},
				"up": {"uv": [10, 2, 8, 0], "rotation": 270, "texture": "#7"},
				"down": {"uv": [10, 2, 8, 4], "rotation": 90, "texture": "#7"}
			}
		},
		{
			"from": [-2.11379, -8.48966, 4],
			"to": [-0.11379, 6.2, 6],
			"rotation": {"angle": 0, "axis": "y", "origin": [-0.11379, -2.83448, 4]},
			"faces": {
				"north": {"uv": [6, 0, 8, 12], "texture": "#7"},
				"east": {"uv": [0, 0, 2, 12], "texture": "#7"},
				"south": {"uv": [2, 0, 4, 12], "texture": "#7"},
				"west": {"uv": [4, 0, 6, 12], "texture": "#7"},
				"up": {"uv": [10, 2, 8, 0], "rotation": 90, "texture": "#7"},
				"down": {"uv": [10, 2, 8, 4], "rotation": 270, "texture": "#7"}
			}
		},
		{
			"from": [12.16207, -6.28276, 0],
			"to": [14.16207, 6.2, 2],
			"rotation": {"angle": 0, "axis": "y", "origin": [12.16207, -2.83448, 0]},
			"faces": {
				"north": {"uv": [0, 0, 2, 12], "texture": "#7"},
				"east": {"uv": [2, 0, 4, 12], "texture": "#7"},
				"south": {"uv": [4, 0, 6, 12], "texture": "#7"},
				"west": {"uv": [6, 0, 8, 12], "texture": "#7"},
				"up": {"uv": [10, 2, 8, 0], "texture": "#7"},
				"down": {"uv": [10, 2, 8, 4], "texture": "#7"}
			}
		},
		{
			"from": [12.16207, -8.76552, 7.58621],
			"to": [14.16207, 6.2, 9.58621],
			"rotation": {"angle": 0, "axis": "y", "origin": [12.16207, -2.83448, 7.58621]},
			"faces": {
				"north": {"uv": [0, 0, 2, 12], "texture": "#7"},
				"east": {"uv": [2, 0, 4, 12], "texture": "#7"},
				"south": {"uv": [4, 0, 6, 12], "texture": "#7"},
				"west": {"uv": [6, 0, 8, 12], "texture": "#7"},
				"up": {"uv": [10, 2, 8, 0], "texture": "#7"},
				"down": {"uv": [10, 2, 8, 4], "texture": "#7"}
			}
		},
		{
			"from": [12.26897, -9.04138, -5.77586],
			"to": [13.66897, 6.2, -4.27586],
			"rotation": {"angle": 0, "axis": "y", "origin": [11.66897, -2.83448, -4.27586]},
			"faces": {
				"north": {"uv": [2, 0, 4, 12], "texture": "#7"},
				"east": {"uv": [4, 0, 6, 12], "texture": "#7"},
				"south": {"uv": [6, 0, 8, 12], "texture": "#7"},
				"west": {"uv": [0, 0, 2, 12], "texture": "#7"},
				"up": {"uv": [10, 2, 8, 0], "rotation": 270, "texture": "#7"},
				"down": {"uv": [10, 2, 8, 4], "rotation": 90, "texture": "#7"}
			}
		},
		{
			"from": [-2.13793, -12.35172, -3.65517],
			"to": [-0.13793, 6.2, -1.65517],
			"rotation": {"angle": 0, "axis": "y", "origin": [-2.13793, -2.83448, -1.65517]},
			"faces": {
				"north": {"uv": [2, 0, 4, 12], "texture": "#7"},
				"east": {"uv": [4, 0, 6, 12], "texture": "#7"},
				"south": {"uv": [6, 0, 8, 12], "texture": "#7"},
				"west": {"uv": [0, 0, 2, 12], "texture": "#7"},
				"up": {"uv": [10, 2, 8, 0], "rotation": 270, "texture": "#7"},
				"down": {"uv": [10, 2, 8, 4], "rotation": 90, "texture": "#7"}
			}
		},
		{
			"from": [7.10345, -11.93793, 7.93103],
			"to": [9.10345, 6.2, 9.93103],
			"rotation": {"angle": 0, "axis": "y", "origin": [7.10345, -2.83448, 9.93103]},
			"faces": {
				"north": {"uv": [2, 0, 4, 12], "texture": "#7"},
				"east": {"uv": [4, 0, 6, 12], "texture": "#7"},
				"south": {"uv": [6, 0, 8, 12], "texture": "#7"},
				"west": {"uv": [0, 0, 2, 12], "texture": "#7"},
				"up": {"uv": [10, 2, 8, 0], "rotation": 270, "texture": "#7"},
				"down": {"uv": [10, 2, 8, 4], "rotation": 90, "texture": "#7"}
			}
		},
		{
			"from": [-2.13793, -6.28276, 0],
			"to": [-0.13793, 6.2, 2],
			"rotation": {"angle": 0, "axis": "y", "origin": [-2.13793, -2.83448, 0]},
			"faces": {
				"north": {"uv": [0, 0, 2, 12], "texture": "#7"},
				"east": {"uv": [2, 0, 4, 12], "texture": "#7"},
				"south": {"uv": [4, 0, 6, 12], "texture": "#7"},
				"west": {"uv": [6, 0, 8, 12], "texture": "#7"},
				"up": {"uv": [10, 2, 8, 0], "texture": "#7"},
				"down": {"uv": [10, 2, 8, 4], "texture": "#7"}
			}
		},
		{
			"from": [-2.13793, -8.76552, 7.58621],
			"to": [-0.13793, 6.2, 9.58621],
			"rotation": {"angle": 0, "axis": "y", "origin": [-2.13793, -2.83448, 7.58621]},
			"faces": {
				"north": {"uv": [0, 0, 2, 12], "texture": "#7"},
				"east": {"uv": [2, 0, 4, 12], "texture": "#7"},
				"south": {"uv": [4, 0, 6, 12], "texture": "#7"},
				"west": {"uv": [6, 0, 8, 12], "texture": "#7"},
				"up": {"uv": [10, 2, 8, 0], "texture": "#7"},
				"down": {"uv": [10, 2, 8, 4], "texture": "#7"}
			}
		},
		{
			"from": [2, -10.55862, 7.51724],
			"to": [4, 6.2, 9.51724],
			"rotation": {"angle": 0, "axis": "y", "origin": [2, -2.83448, 9.51724]},
			"faces": {
				"north": {"uv": [2, 0, 4, 12], "texture": "#7"},
				"east": {"uv": [4, 0, 6, 12], "texture": "#7"},
				"south": {"uv": [6, 0, 8, 12], "texture": "#7"},
				"west": {"uv": [0, 0, 2, 12], "texture": "#7"},
				"up": {"uv": [10, 2, 8, 0], "rotation": 270, "texture": "#7"},
				"down": {"uv": [10, 2, 8, 4], "rotation": 90, "texture": "#7"}
			}
		}
	],
	"display": {
		"thirdperson_righthand": {
			"scale": [0.45, 0.45, 0.45]
		},
		"thirdperson_lefthand": {
			"scale": [0.45, 0.45, 0.45]
		},
		"firstperson_righthand": {
			"translation": [0, 5, 0],
			"scale": [0.45, 0.45, 0.45]
		},
		"firstperson_lefthand": {
			"translation": [0, 5.5, 0],
			"scale": [0.45, 0.45, 0.45]
		},
		"ground": {
			"translation": [2, 8.25, 3.25],
			"scale": [0.45, 0.45, 0.45]
		},
		"gui": {
			"rotation": [0, 180, 0],
			"translation": [-0.25, 2.75, 0],
			"scale": [0.45, 0.45, 0.45]
		},
		"head": {
			"translation": [1.25, 5.75, 6.25],
			"scale": [1, 0.99, 1.09]
		},
		"fixed": {
			"translation": [0.5, 2.75, 0],
			"scale": [0.45, 0.45, 0.45]
		}
	},
	"groups": [
		0,
		{
			"name": "hat",
			"origin": [0, 8.13793, 0],
			"color": 0,
			"children": [1, 2, 3, 4, 5, 6, 7, 8, 9, 10, 11, 12, 13, 14, 15, 16, 17, 18, 19, 20, 21, 22]
		},
		23,
		24,
		25,
		26,
		27,
		28,
		29,
		30,
		31,
		32,
		33,
		34,
		35,
		36,
		37,
		38
	]
}
