{
	"credit": "Made with Blockbench",
	"texture_size": [512, 512],
	"textures": {
		"0": "item/custom/mk/jungle_cruise_boat",
		"1": "block/lantern",
		"particle": "block/lantern"
	},
	"elements": [
		{
			"from": [19.84207, 8, 11.80438],
			"to": [22.09207, 9, 12.30438],
			"rotation": {"angle": 45, "axis": "y", "origin": [19.46707, 8.75, 12.05438]},
			"faces": {
				"south": {"uv": [6.9375, 4.3125, 7.21875, 4.4375], "texture": "#0"},
				"up": {"uv": [4.625, 6.875, 4.34375, 6.8125], "texture": "#0"}
			}
		},
		{
			"from": [-7.25, 8.0025, 5.625],
			"to": [-6.75, 9.0025, 10.375],
			"rotation": {"angle": 0, "axis": "y", "origin": [-8.25, 8.5, 1.875]},
			"faces": {
				"west": {"uv": [7.34375, 2.75, 7.9375, 2.875], "texture": "#0"},
				"up": {"uv": [5.8125, 6.96875, 5.75, 6.375], "texture": "#0"}
			}
		},
		{
			"from": [21, 8.0025, 5.625],
			"to": [21.5, 9.0025, 10.375],
			"rotation": {"angle": 0, "axis": "y", "origin": [20, 8.5, 1.875]},
			"faces": {
				"east": {"uv": [7.34375, 2.875, 7.9375, 3], "texture": "#0"},
				"up": {"uv": [2.125, 7.21875, 2.0625, 6.625], "texture": "#0"}
			}
		},
		{
			"from": [-2, 8, 2],
			"to": [15, 9, 2.5],
			"rotation": {"angle": 0, "axis": "y", "origin": [-8, 8.5, 2]},
			"faces": {
				"north": {"uv": [10.5625, 0, 12.6875, 0.125], "texture": "#0"},
				"up": {"uv": [8.4375, 0.125, 6.3125, 0.0625], "texture": "#0"}
			}
		},
		{
			"from": [-2, 8, 13.5],
			"to": [15, 9, 14],
			"rotation": {"angle": 0, "axis": "y", "origin": [-8, 8.5, 2]},
			"faces": {
				"south": {"uv": [8.4375, 0, 10.5625, 0.125], "texture": "#0"},
				"up": {"uv": [8.4375, 0.375, 6.3125, 0.3125], "texture": "#0"}
			}
		},
		{
			"from": [-4.75209, 8.0025, 2.74634],
			"to": [-1.75209, 9.0025, 3.24634],
			"rotation": {"angle": 22.5, "axis": "y", "origin": [-3.75209, 8.75, 2.99634]},
			"faces": {
				"north": {"uv": [2.125, 6.84375, 2.5, 6.96875], "texture": "#0"},
				"up": {"uv": [7.125, 4.0625, 6.75, 4], "texture": "#0"}
			}
		},
		{
			"from": [-4.75209, 8.0025, 12.75366],
			"to": [-1.75209, 9.0025, 13.25366],
			"rotation": {"angle": -22.5, "axis": "y", "origin": [-3.75209, 8.75, 13.00366]},
			"faces": {
				"south": {"uv": [12.6875, 0, 13.0625, 0.125], "texture": "#0"},
				"up": {"uv": [0.75, 6.875, 0.375, 6.8125], "texture": "#0"}
			}
		},
		{
			"from": [-7.50908, 8, 11.01096],
			"to": [-4.00908, 9, 11.51096],
			"rotation": {"angle": -45, "axis": "y", "origin": [-6.00908, 8.75, 11.26096]},
			"faces": {
				"south": {"uv": [7.1875, 3.5, 7.625, 3.625], "texture": "#0"},
				"up": {"uv": [7.1875, 3.625, 6.75, 3.5625], "texture": "#0"}
			}
		},
		{
			"from": [-6.25908, 8, 2.73904],
			"to": [-5.75908, 9, 6.23904],
			"rotation": {"angle": -45, "axis": "y", "origin": [-6.00908, 8.75, 4.73904]},
			"faces": {
				"west": {"uv": [7.1875, 3.75, 7.625, 3.875], "texture": "#0"},
				"up": {"uv": [4.1875, 5, 4.125, 4.5625], "texture": "#0"}
			}
		},
		{
			"from": [14.56179, 8.0025, 3.70305],
			"to": [19.87429, 9.0025, 4.20305],
			"rotation": {"angle": -22.5, "axis": "y", "origin": [19.06179, 8.75, 3.95305]},
			"faces": {
				"north": {"uv": [7.34375, 5, 8, 5.125], "texture": "#0"},
				"up": {"uv": [7.34375, 5.1875, 6.6875, 5.125], "texture": "#0"}
			}
		},
		{
			"from": [14.56179, 8.0025, 11.79695],
			"to": [19.87429, 9.0025, 12.29695],
			"rotation": {"angle": 22.5, "axis": "y", "origin": [19.06179, 8.75, 12.04695]},
			"faces": {
				"south": {"uv": [8.59375, 0.125, 9.25, 0.25], "texture": "#0"},
				"up": {"uv": [7.34375, 5.4375, 6.6875, 5.375], "texture": "#0"}
			}
		},
		{
			"from": [19.84207, 8, 3.69562],
			"to": [22.09207, 9, 4.19562],
			"rotation": {"angle": -45, "axis": "y", "origin": [19.46707, 8.75, 3.94562]},
			"faces": {
				"north": {"uv": [1.4375, 6.875, 1.71875, 7], "texture": "#0"},
				"up": {"uv": [1.71875, 6.875, 1.4375, 6.8125], "texture": "#0"}
			}
		},
		{
			"from": [19.84207, 9, 11.80438],
			"to": [22.09207, 8, 12.30438],
			"rotation": {"angle": 45, "axis": "y", "origin": [19.46707, 7.25, 12.05438]},
			"faces": {
				"south": {"uv": [6.9375, 4.4375, 7.21875, 4.3125], "texture": "#0"},
				"down": {"uv": [4.625, 6.8125, 4.34375, 6.875], "texture": "#0"}
			}
		},
		{
			"from": [-7.25, 9, 5.625],
			"to": [-6.75, 8, 10.375],
			"rotation": {"angle": 0, "axis": "y", "origin": [-8.25, 7.5, 1.875]},
			"faces": {
				"west": {"uv": [7.34375, 2.875, 7.9375, 2.75], "texture": "#0"},
				"down": {"uv": [5.8125, 6.375, 5.75, 6.96875], "texture": "#0"}
			}
		},
		{
			"from": [21, 9, 5.625],
			"to": [21.5, 8, 10.375],
			"rotation": {"angle": 0, "axis": "y", "origin": [20, 7.5, 1.875]},
			"faces": {
				"east": {"uv": [7.34375, 3, 7.9375, 2.875], "texture": "#0"},
				"down": {"uv": [2.125, 6.625, 2.0625, 7.21875], "texture": "#0"}
			}
		},
		{
			"from": [-2, 9, 2],
			"to": [15, 8, 2.5],
			"rotation": {"angle": 0, "axis": "y", "origin": [-8, 7.5, 2]},
			"faces": {
				"north": {"uv": [10.5625, 0.125, 12.6875, 0], "texture": "#0"},
				"down": {"uv": [8.4375, 0.0625, 6.3125, 0.125], "texture": "#0"}
			}
		},
		{
			"from": [-2, 9, 13.5],
			"to": [15, 8, 14],
			"rotation": {"angle": 0, "axis": "y", "origin": [-8, 7.5, 2]},
			"faces": {
				"south": {"uv": [8.4375, 0.125, 10.5625, 0], "texture": "#0"},
				"down": {"uv": [8.4375, 0.3125, 6.3125, 0.375], "texture": "#0"}
			}
		},
		{
			"from": [-4.75209, 9, 2.74634],
			"to": [-1.75209, 8, 3.24634],
			"rotation": {"angle": 22.5, "axis": "y", "origin": [-3.75209, 7.25, 2.99634]},
			"faces": {
				"north": {"uv": [2.125, 6.96875, 2.5, 6.84375], "texture": "#0"},
				"down": {"uv": [7.125, 4, 6.75, 4.0625], "texture": "#0"}
			}
		},
		{
			"from": [-4.75209, 9, 12.75366],
			"to": [-1.75209, 8, 13.25366],
			"rotation": {"angle": -22.5, "axis": "y", "origin": [-3.75209, 7.25, 13.00366]},
			"faces": {
				"south": {"uv": [12.6875, 0.125, 13.0625, 0], "texture": "#0"},
				"down": {"uv": [0.75, 6.8125, 0.375, 6.875], "texture": "#0"}
			}
		},
		{
			"from": [-7.50908, 9, 11.01096],
			"to": [-4.00908, 8, 11.51096],
			"rotation": {"angle": -45, "axis": "y", "origin": [-6.00908, 7.25, 11.26096]},
			"faces": {
				"south": {"uv": [7.1875, 3.625, 7.625, 3.5], "texture": "#0"},
				"down": {"uv": [7.1875, 3.5625, 6.75, 3.625], "texture": "#0"}
			}
		},
		{
			"from": [-6.25908, 9, 2.73904],
			"to": [-5.75908, 8, 6.23904],
			"rotation": {"angle": -45, "axis": "y", "origin": [-6.00908, 7.25, 4.73904]},
			"faces": {
				"west": {"uv": [7.1875, 3.875, 7.625, 3.75], "texture": "#0"},
				"down": {"uv": [4.1875, 4.5625, 4.125, 5], "texture": "#0"}
			}
		},
		{
			"from": [14.56179, 9, 3.70305],
			"to": [19.87429, 8, 4.20305],
			"rotation": {"angle": -22.5, "axis": "y", "origin": [19.06179, 7.25, 3.95305]},
			"faces": {
				"north": {"uv": [7.34375, 5.125, 8, 5], "texture": "#0"},
				"down": {"uv": [7.34375, 5.125, 6.6875, 5.1875], "texture": "#0"}
			}
		},
		{
			"from": [14.56179, 9, 11.79695],
			"to": [19.87429, 8, 12.29695],
			"rotation": {"angle": 22.5, "axis": "y", "origin": [19.06179, 7.25, 12.04695]},
			"faces": {
				"south": {"uv": [8.59375, 0.25, 9.25, 0.125], "texture": "#0"},
				"down": {"uv": [7.34375, 5.375, 6.6875, 5.4375], "texture": "#0"}
			}
		},
		{
			"from": [19.84207, 9, 3.69562],
			"to": [22.09207, 8, 4.19562],
			"rotation": {"angle": -45, "axis": "y", "origin": [19.46707, 7.25, 3.94562]},
			"faces": {
				"north": {"uv": [1.4375, 7, 1.71875, 6.875], "texture": "#0"},
				"down": {"uv": [1.71875, 6.8125, 1.4375, 6.875], "texture": "#0"}
			}
		},
		{
			"name": "floor",
			"from": [-6.75, 8.935, 2.5],
			"to": [21, 8.9975, 13.5],
			"rotation": {"angle": 0, "axis": "y", "origin": [6, 11.0125, 5]},
			"faces": {
				"up": {"uv": [3.46875, 1.375, 0, 0], "texture": "#0"},
				"down": {"uv": [3.46875, 1.375, 0, 2.75], "texture": "#0"}
			}
		},
		{
			"from": [-1, 9.5, 13.625],
			"to": [-0.75, 9.75, 13.875],
			"rotation": {"angle": -45, "axis": "y", "origin": [-0.875, 9.625, 13.75]},
			"faces": {
				"north": {"uv": [0.6875, 5.5625, 0.71875, 5.59375], "texture": "#0"},
				"east": {"uv": [3.9375, 5.5625, 3.96875, 5.59375], "texture": "#0"},
				"south": {"uv": [1.8125, 6.0625, 1.84375, 6.09375], "texture": "#0"},
				"west": {"uv": [6.09375, 1.5, 6.125, 1.53125], "texture": "#0"},
				"up": {"uv": [6.09375, 1.5625, 6.125, 1.59375], "texture": "#0"},
				"down": {"uv": [1.8125, 6.125, 1.84375, 6.15625], "texture": "#0"}
			}
		},
		{
			"from": [-7.125, 9.5, 7.875],
			"to": [-6.875, 9.75, 8.125],
			"rotation": {"angle": -45, "axis": "y", "origin": [-7, 9.625, 8]},
			"faces": {
				"north": {"uv": [0.6875, 5.5625, 0.71875, 5.59375], "texture": "#0"},
				"east": {"uv": [3.9375, 5.5625, 3.96875, 5.59375], "texture": "#0"},
				"south": {"uv": [1.8125, 6.0625, 1.84375, 6.09375], "texture": "#0"},
				"west": {"uv": [6.09375, 1.5, 6.125, 1.53125], "texture": "#0"},
				"up": {"uv": [6.09375, 1.5625, 6.125, 1.59375], "texture": "#0"},
				"down": {"uv": [1.8125, 6.125, 1.84375, 6.15625], "texture": "#0"}
			}
		},
		{
			"from": [-4.75, 9.5, 12.475],
			"to": [-4.5, 9.75, 12.725],
			"rotation": {"angle": 0, "axis": "y", "origin": [-4.625, 9.625, 12.6]},
			"faces": {
				"north": {"uv": [0.6875, 5.5625, 0.71875, 5.59375], "texture": "#0"},
				"east": {"uv": [3.9375, 5.5625, 3.96875, 5.59375], "texture": "#0"},
				"south": {"uv": [1.8125, 6.0625, 1.84375, 6.09375], "texture": "#0"},
				"west": {"uv": [6.09375, 1.5, 6.125, 1.53125], "texture": "#0"},
				"up": {"uv": [6.09375, 1.5625, 6.125, 1.59375], "texture": "#0"},
				"down": {"uv": [1.8125, 6.125, 1.84375, 6.15625], "texture": "#0"}
			}
		},
		{
			"from": [5.25, 9.5, 13.625],
			"to": [5.5, 9.75, 13.875],
			"rotation": {"angle": -45, "axis": "y", "origin": [5.375, 9.625, 13.75]},
			"faces": {
				"north": {"uv": [0.6875, 5.5625, 0.71875, 5.59375], "texture": "#0"},
				"east": {"uv": [3.9375, 5.5625, 3.96875, 5.59375], "texture": "#0"},
				"south": {"uv": [1.8125, 6.0625, 1.84375, 6.09375], "texture": "#0"},
				"west": {"uv": [6.09375, 1.5, 6.125, 1.53125], "texture": "#0"},
				"up": {"uv": [6.09375, 1.5625, 6.125, 1.59375], "texture": "#0"},
				"down": {"uv": [1.8125, 6.125, 1.84375, 6.15625], "texture": "#0"}
			}
		},
		{
			"from": [9.5, 9.5, 13.625],
			"to": [9.75, 9.75, 13.875],
			"rotation": {"angle": -45, "axis": "y", "origin": [9.625, 9.625, 13.75]},
			"faces": {
				"north": {"uv": [0.6875, 5.5625, 0.71875, 5.59375], "texture": "#0"},
				"east": {"uv": [3.9375, 5.5625, 3.96875, 5.59375], "texture": "#0"},
				"south": {"uv": [1.8125, 6.0625, 1.84375, 6.09375], "texture": "#0"},
				"west": {"uv": [6.09375, 1.5, 6.125, 1.53125], "texture": "#0"},
				"up": {"uv": [6.09375, 1.5625, 6.125, 1.59375], "texture": "#0"},
				"down": {"uv": [1.8125, 6.125, 1.84375, 6.15625], "texture": "#0"}
			}
		},
		{
			"from": [21.125, 9.5, 9.9375],
			"to": [21.375, 9.75, 10.1875],
			"rotation": {"angle": 45, "axis": "y", "origin": [21.25, 9.625, 10.0625]},
			"faces": {
				"north": {"uv": [0.6875, 5.5625, 0.71875, 5.59375], "texture": "#0"},
				"east": {"uv": [3.9375, 5.5625, 3.96875, 5.59375], "texture": "#0"},
				"south": {"uv": [1.8125, 6.0625, 1.84375, 6.09375], "texture": "#0"},
				"west": {"uv": [6.09375, 1.5, 6.125, 1.53125], "texture": "#0"},
				"up": {"uv": [6.09375, 1.5625, 6.125, 1.59375], "texture": "#0"},
				"down": {"uv": [1.8125, 6.125, 1.84375, 6.15625], "texture": "#0"}
			}
		},
		{
			"from": [15.6875, 9.5, 13.2875],
			"to": [15.9375, 9.75, 13.5375],
			"rotation": {"angle": -22.5, "axis": "y", "origin": [15.8125, 9.625, 13.4125]},
			"faces": {
				"north": {"uv": [0.6875, 5.5625, 0.71875, 5.59375], "texture": "#0"},
				"east": {"uv": [3.9375, 5.5625, 3.96875, 5.59375], "texture": "#0"},
				"south": {"uv": [1.8125, 6.0625, 1.84375, 6.09375], "texture": "#0"},
				"west": {"uv": [6.09375, 1.5, 6.125, 1.53125], "texture": "#0"},
				"up": {"uv": [6.09375, 1.5625, 6.125, 1.59375], "texture": "#0"},
				"down": {"uv": [1.8125, 6.125, 1.84375, 6.15625], "texture": "#0"}
			}
		},
		{
			"from": [-4.75, 9.5, 3.275],
			"to": [-4.5, 9.75, 3.525],
			"rotation": {"angle": 0, "axis": "y", "origin": [-4.625, 9.625, 3.4]},
			"faces": {
				"north": {"uv": [1.84375, 6.0625, 1.8125, 6.09375], "texture": "#0"},
				"east": {"uv": [3.96875, 5.5625, 3.9375, 5.59375], "texture": "#0"},
				"south": {"uv": [0.71875, 5.5625, 0.6875, 5.59375], "texture": "#0"},
				"west": {"uv": [6.125, 1.5, 6.09375, 1.53125], "texture": "#0"},
				"up": {"uv": [6.09375, 1.59375, 6.125, 1.5625], "texture": "#0"},
				"down": {"uv": [1.8125, 6.15625, 1.84375, 6.125], "texture": "#0"}
			}
		},
		{
			"from": [-1, 9.5, 2.125],
			"to": [-0.75, 9.75, 2.375],
			"rotation": {"angle": 45, "axis": "y", "origin": [-0.875, 9.625, 2.25]},
			"faces": {
				"north": {"uv": [1.84375, 6.0625, 1.8125, 6.09375], "texture": "#0"},
				"east": {"uv": [3.96875, 5.5625, 3.9375, 5.59375], "texture": "#0"},
				"south": {"uv": [0.71875, 5.5625, 0.6875, 5.59375], "texture": "#0"},
				"west": {"uv": [6.125, 1.5, 6.09375, 1.53125], "texture": "#0"},
				"up": {"uv": [6.09375, 1.59375, 6.125, 1.5625], "texture": "#0"},
				"down": {"uv": [1.8125, 6.15625, 1.84375, 6.125], "texture": "#0"}
			}
		},
		{
			"from": [5.25, 9.5, 2.125],
			"to": [5.5, 9.75, 2.375],
			"rotation": {"angle": 45, "axis": "y", "origin": [5.375, 9.625, 2.25]},
			"faces": {
				"north": {"uv": [1.84375, 6.0625, 1.8125, 6.09375], "texture": "#0"},
				"east": {"uv": [3.96875, 5.5625, 3.9375, 5.59375], "texture": "#0"},
				"south": {"uv": [0.71875, 5.5625, 0.6875, 5.59375], "texture": "#0"},
				"west": {"uv": [6.125, 1.5, 6.09375, 1.53125], "texture": "#0"},
				"up": {"uv": [6.09375, 1.59375, 6.125, 1.5625], "texture": "#0"},
				"down": {"uv": [1.8125, 6.15625, 1.84375, 6.125], "texture": "#0"}
			}
		},
		{
			"from": [9.5, 9.5, 2.125],
			"to": [9.75, 9.75, 2.375],
			"rotation": {"angle": 45, "axis": "y", "origin": [9.625, 9.625, 2.25]},
			"faces": {
				"north": {"uv": [1.84375, 6.0625, 1.8125, 6.09375], "texture": "#0"},
				"east": {"uv": [3.96875, 5.5625, 3.9375, 5.59375], "texture": "#0"},
				"south": {"uv": [0.71875, 5.5625, 0.6875, 5.59375], "texture": "#0"},
				"west": {"uv": [6.125, 1.5, 6.09375, 1.53125], "texture": "#0"},
				"up": {"uv": [6.09375, 1.59375, 6.125, 1.5625], "texture": "#0"},
				"down": {"uv": [1.8125, 6.15625, 1.84375, 6.125], "texture": "#0"}
			}
		},
		{
			"from": [15.6875, 9.5, 2.4625],
			"to": [15.9375, 9.75, 2.7125],
			"rotation": {"angle": 22.5, "axis": "y", "origin": [15.8125, 9.625, 2.5875]},
			"faces": {
				"north": {"uv": [1.84375, 6.0625, 1.8125, 6.09375], "texture": "#0"},
				"east": {"uv": [3.96875, 5.5625, 3.9375, 5.59375], "texture": "#0"},
				"south": {"uv": [0.71875, 5.5625, 0.6875, 5.59375], "texture": "#0"},
				"west": {"uv": [6.125, 1.5, 6.09375, 1.53125], "texture": "#0"},
				"up": {"uv": [6.09375, 1.59375, 6.125, 1.5625], "texture": "#0"},
				"down": {"uv": [1.8125, 6.15625, 1.84375, 6.125], "texture": "#0"}
			}
		},
		{
			"from": [21.125, 9.5, 5.8125],
			"to": [21.375, 9.75, 6.0625],
			"rotation": {"angle": -45, "axis": "y", "origin": [21.25, 9.625, 5.9375]},
			"faces": {
				"north": {"uv": [1.84375, 6.0625, 1.8125, 6.09375], "texture": "#0"},
				"east": {"uv": [3.96875, 5.5625, 3.9375, 5.59375], "texture": "#0"},
				"south": {"uv": [0.71875, 5.5625, 0.6875, 5.59375], "texture": "#0"},
				"west": {"uv": [6.125, 1.5, 6.09375, 1.53125], "texture": "#0"},
				"up": {"uv": [6.09375, 1.59375, 6.125, 1.5625], "texture": "#0"},
				"down": {"uv": [1.8125, 6.15625, 1.84375, 6.125], "texture": "#0"}
			}
		},
		{
			"from": [-2, 3.5, 13.75],
			"to": [15, 10, 13.75],
			"rotation": {"angle": 0, "axis": "y", "origin": [-8, 6.5, 2.25]},
			"faces": {
				"north": {"uv": [5.59375, 0, 3.46875, 0.8125], "texture": "#0"},
				"south": {"uv": [3.46875, 0, 5.59375, 0.8125], "texture": "#0"}
			}
		},
		{
			"from": [-4.50209, 3.5, 13.00366],
			"to": [-1.75209, 10, 13.00366],
			"rotation": {"angle": -22.5, "axis": "y", "origin": [-3.75209, 8.75, 12.75366]},
			"faces": {
				"north": {"uv": [0.96875, 5.625, 0.625, 6.4375], "texture": "#0"},
				"south": {"uv": [0.625, 5.625, 0.96875, 6.4375], "texture": "#0"}
			}
		},
		{
			"from": [-7, 3.5, 5.75],
			"to": [-7, 10, 10.25],
			"rotation": {"angle": 0, "axis": "y", "origin": [-8, 8.5, 2]},
			"faces": {
				"east": {"uv": [1.28125, 4.8125, 0.75, 5.625], "texture": "#0"},
				"west": {"uv": [0.75, 4.8125, 1.28125, 5.625], "texture": "#0"}
			}
		},
		{
			"from": [14.56179, 3.5, 12.04695],
			"to": [19.56179, 10, 12.04695],
			"rotation": {"angle": 22.5, "axis": "y", "origin": [19.06179, 8.75, 11.79695]},
			"faces": {
				"north": {"uv": [3.5, 4.5625, 2.875, 5.375], "texture": "#0"},
				"south": {"uv": [2.875, 4.5625, 3.5, 5.375], "texture": "#0"}
			}
		},
		{
			"from": [21.25, 3.5, 5.8125],
			"to": [21.25, 10, 10.1875],
			"rotation": {"angle": 0, "axis": "y", "origin": [-8, 6.5, 2]},
			"faces": {
				"east": {"uv": [1.3125, 4.8125, 1.875, 5.625], "texture": "#0"},
				"west": {"uv": [1.875, 4.8125, 1.3125, 5.625], "texture": "#0"}
			}
		},
		{
			"from": [20.29617, 3.5, 9.3902],
			"to": [20.29617, 10, 11.7027],
			"rotation": {"angle": -45, "axis": "y", "origin": [19.79617, 5.25, 10.9527]},
			"faces": {
				"east": {"uv": [5.8125, 6, 6.09375, 6.8125], "texture": "#0"},
				"west": {"uv": [6.09375, 6, 5.8125, 6.8125], "texture": "#0"}
			}
		},
		{
			"from": [-6.98521, 3.5, 10.64952],
			"to": [-3.48521, 10, 10.64952],
			"rotation": {"angle": -45, "axis": "y", "origin": [-6.48521, 8.75, 10.39952]},
			"faces": {
				"north": {"uv": [6.03125, 0, 5.59375, 0.8125], "texture": "#0"},
				"south": {"uv": [5.59375, 0, 6.03125, 0.8125], "texture": "#0"}
			}
		},
		{
			"from": [20.29617, 3.5, 4.2973],
			"to": [20.29617, 10, 6.6098],
			"rotation": {"angle": 45, "axis": "y", "origin": [19.79617, 5.25, 5.0473]},
			"faces": {
				"east": {"uv": [6.03125, 0, 6.3125, 0.8125], "texture": "#0"},
				"west": {"uv": [6.3125, 0, 6.03125, 0.8125], "texture": "#0"}
			}
		},
		{
			"from": [14.56179, 3.5, 3.95305],
			"to": [19.56179, 10, 3.95305],
			"rotation": {"angle": -22.5, "axis": "y", "origin": [19.06179, 8.75, 4.20305]},
			"faces": {
				"north": {"uv": [3.5, 4.5625, 4.125, 5.375], "texture": "#0"},
				"south": {"uv": [4.125, 4.5625, 3.5, 5.375], "texture": "#0"}
			}
		},
		{
			"from": [-2, 3.5, 2.25],
			"to": [15, 10, 2.25],
			"rotation": {"angle": 0, "axis": "y", "origin": [-8, 6.5, 13.75]},
			"faces": {
				"north": {"uv": [3.46875, 0.8125, 5.59375, 1.625], "texture": "#0"},
				"south": {"uv": [5.59375, 0.8125, 3.46875, 1.625], "texture": "#0"}
			}
		},
		{
			"from": [-4.50209, 3.5, 2.99634],
			"to": [-1.75209, 10, 2.99634],
			"rotation": {"angle": 22.5, "axis": "y", "origin": [-3.75209, 8.75, 3.24634]},
			"faces": {
				"north": {"uv": [0.96875, 5.625, 1.3125, 6.4375], "texture": "#0"},
				"south": {"uv": [1.3125, 5.625, 0.96875, 6.4375], "texture": "#0"}
			}
		},
		{
			"from": [-6.98521, 3.5, 5.35048],
			"to": [-3.48521, 10, 5.35048],
			"rotation": {"angle": 45, "axis": "y", "origin": [-6.48521, 8.75, 5.60048]},
			"faces": {
				"north": {"uv": [5.59375, 0.8125, 6.03125, 1.625], "texture": "#0"},
				"south": {"uv": [6.03125, 0.8125, 5.59375, 1.625], "texture": "#0"}
			}
		},
		{
			"from": [9.5, 9, 8],
			"to": [14.5, 10.5, 8],
			"rotation": {"angle": 0, "axis": "y", "origin": [-8, 12, -3.5]},
			"faces": {
				"north": {"uv": [7.03125, 1.8125, 6.40625, 2], "texture": "#0"},
				"south": {"uv": [6.40625, 1.8125, 7.03125, 2], "texture": "#0"}
			}
		},
		{
			"from": [14.56179, 3.5, 11.79695],
			"to": [19.06179, 4.5, 11.79695],
			"rotation": {"angle": 22.5, "axis": "y", "origin": [19.06179, 3.25, 12.04695]},
			"faces": {
				"north": {"uv": [6.5, 4.5625, 7.0625, 4.6875], "texture": "#0"},
				"south": {"uv": [7.0625, 4.5625, 6.5, 4.6875], "texture": "#0"}
			}
		},
		{
			"from": [19.86612, 3.5, 9.63388],
			"to": [19.86612, 4.5, 12.23388],
			"rotation": {"angle": -45, "axis": "y", "origin": [19.86612, 1.75, 10.88388]},
			"faces": {
				"east": {"uv": [2.8125, 5.25, 2.5, 5.375], "texture": "#0"},
				"west": {"uv": [2.5, 5.25, 2.8125, 5.375], "texture": "#0"}
			}
		},
		{
			"from": [20.75, 3.5, 6],
			"to": [20.75, 4.5, 10],
			"rotation": {"angle": 0, "axis": "y", "origin": [-8, 3, 2]},
			"faces": {
				"east": {"uv": [7.03125, 0.8125, 6.53125, 0.9375], "texture": "#0"},
				"west": {"uv": [6.53125, 0.8125, 7.03125, 0.9375], "texture": "#0"}
			}
		},
		{
			"from": [19.33604, 3.5, 3.98579],
			"to": [19.33604, 4.5, 6.58579],
			"rotation": {"angle": 45, "axis": "y", "origin": [19.33604, 1.75, 4.58579]},
			"faces": {
				"east": {"uv": [4.65625, 6.6875, 4.34375, 6.8125], "texture": "#0"},
				"west": {"uv": [4.34375, 6.6875, 4.65625, 6.8125], "texture": "#0"}
			}
		},
		{
			"from": [14.56179, 3.5, 4.20305],
			"to": [19.06179, 4.5, 4.20305],
			"rotation": {"angle": -22.5, "axis": "y", "origin": [19.06179, 3.25, 3.95305]},
			"faces": {
				"north": {"uv": [7.0625, 4.6875, 6.5, 4.8125], "texture": "#0"},
				"south": {"uv": [6.5, 4.6875, 7.0625, 4.8125], "texture": "#0"}
			}
		},
		{
			"from": [-6.18295, 3.5, 2.02172],
			"to": [-6.18295, 4.5, 5.27172],
			"rotation": {"angle": -45, "axis": "y", "origin": [-6.93295, 6.75, 5.12172]},
			"faces": {
				"east": {"uv": [6.65625, 6.625, 7.0625, 6.75], "texture": "#0"},
				"west": {"uv": [7.0625, 6.625, 6.65625, 6.75], "texture": "#0"}
			}
		},
		{
			"from": [-6.5, 3.5, 5.7375],
			"to": [-6.5, 4.5, 10.2625],
			"rotation": {"angle": 0, "axis": "y", "origin": [-8, 6.5, 1.9875]},
			"faces": {
				"east": {"uv": [6.5, 4.8125, 7.0625, 4.9375], "texture": "#0"},
				"west": {"uv": [7.0625, 4.8125, 6.5, 4.9375], "texture": "#0"}
			}
		},
		{
			"from": [-7.08295, 3.5, 10.12828],
			"to": [-3.83295, 4.5, 10.12828],
			"rotation": {"angle": -45, "axis": "y", "origin": [-6.93295, 6.75, 10.87828]},
			"faces": {
				"north": {"uv": [0.5, 6.6875, 0.90625, 6.8125], "texture": "#0"},
				"south": {"uv": [0.90625, 6.6875, 0.5, 6.8125], "texture": "#0"}
			}
		},
		{
			"from": [-8.5, 0.025, 5.75],
			"to": [-6.5, 3.525, 10.25],
			"rotation": {"angle": 0, "axis": "y", "origin": [-8, 3.025, 2]},
			"faces": {
				"east": {"uv": [1.3125, 5.625, 1.875, 6.0625], "texture": "#0"},
				"west": {"uv": [3.125, 5.8125, 3.6875, 6.25], "texture": "#0"},
				"up": {"uv": [6.40625, 2.25, 6.15625, 1.6875], "texture": "#0"},
				"down": {"uv": [0.25, 6.1875, 0, 6.75], "texture": "#0"}
			}
		},
		{
			"from": [-2, 0, 2],
			"to": [15, 3.5, 2.5],
			"rotation": {"angle": 0, "axis": "y", "origin": [-8, 3, 2]},
			"faces": {
				"north": {"uv": [3.46875, 1.625, 5.59375, 2.0625], "texture": "#0"},
				"south": {"uv": [3.46875, 2.0625, 5.59375, 2.5], "texture": "#0"},
				"up": {"uv": [8.4375, 0.5, 6.3125, 0.4375], "texture": "#0"},
				"down": {"uv": [8.4375, 0.5, 6.3125, 0.5625], "texture": "#0"}
			}
		},
		{
			"from": [-2, 0, 13.5],
			"to": [15, 3.5, 14],
			"rotation": {"angle": 0, "axis": "y", "origin": [-8, 3, 2]},
			"faces": {
				"north": {"uv": [0, 4.125, 2.125, 4.5625], "texture": "#0"},
				"south": {"uv": [2.125, 4.125, 4.25, 4.5625], "texture": "#0"},
				"up": {"uv": [8.4375, 0.625, 6.3125, 0.5625], "texture": "#0"},
				"down": {"uv": [8.4375, 0.625, 6.3125, 0.6875], "texture": "#0"}
			}
		},
		{
			"from": [-5.75209, 0.025, 2.74634],
			"to": [-1.75209, 3.525, 3.24634],
			"rotation": {"angle": 22.5, "axis": "y", "origin": [-3.75209, 3.275, 2.99634]},
			"faces": {
				"north": {"uv": [5.9375, 5, 6.4375, 5.4375], "texture": "#0"},
				"south": {"uv": [6.03125, 0.8125, 6.53125, 1.25], "texture": "#0"},
				"up": {"uv": [0.5, 6.8125, 0, 6.75], "texture": "#0"},
				"down": {"uv": [7.25, 3.0625, 6.75, 3.125], "texture": "#0"}
			}
		},
		{
			"from": [-5.75209, 0.025, 12.75366],
			"to": [-1.75209, 3.525, 13.25366],
			"rotation": {"angle": -22.5, "axis": "y", "origin": [-3.75209, 3.275, 13.00366]},
			"faces": {
				"north": {"uv": [1.3125, 6.0625, 1.8125, 6.5], "texture": "#0"},
				"south": {"uv": [3.6875, 6.0625, 4.1875, 6.5], "texture": "#0"},
				"up": {"uv": [7.25, 3.1875, 6.75, 3.125], "texture": "#0"},
				"down": {"uv": [7.25, 3.1875, 6.75, 3.25], "texture": "#0"}
			}
		},
		{
			"from": [-8.90795, 0, 10.12828],
			"to": [-3.93295, 3.5, 11.12828],
			"rotation": {"angle": -45, "axis": "y", "origin": [-6.93295, 3.25, 10.87828]},
			"faces": {
				"north": {"uv": [3.9375, 5.625, 4.5625, 6.0625], "texture": "#0"},
				"south": {"uv": [4.5625, 5.625, 5.1875, 6.0625], "texture": "#0"},
				"up": {"uv": [2.5, 5.375, 1.875, 5.25], "texture": "#0"},
				"down": {"uv": [4.25, 6.5, 3.625, 6.625], "texture": "#0"}
			}
		},
		{
			"from": [-7.18295, 0, 2.12172],
			"to": [-6.18295, 3.5, 7.09672],
			"rotation": {"angle": -45, "axis": "y", "origin": [-6.93295, 3.25, 5.12172]},
			"faces": {
				"east": {"uv": [5.1875, 5.625, 5.8125, 6.0625], "texture": "#0"},
				"west": {"uv": [2.5, 5.8125, 3.125, 6.25], "texture": "#0"},
				"up": {"uv": [3.25, 7.09375, 3.125, 6.46875], "texture": "#0"},
				"down": {"uv": [1.4375, 6.5, 1.3125, 7.125], "texture": "#0"}
			}
		},
		{
			"from": [14.56179, 0.025, 3.70305],
			"to": [22.17429, 3.525, 4.20305],
			"rotation": {"angle": -22.5, "axis": "y", "origin": [19.06179, 3.275, 3.95305]},
			"faces": {
				"north": {"uv": [1.875, 4.8125, 2.8125, 5.25], "texture": "#0"},
				"south": {"uv": [5, 4.125, 5.9375, 4.5625], "texture": "#0"},
				"up": {"uv": [7.46875, 1.1875, 6.53125, 1.125], "texture": "#0"},
				"down": {"uv": [7.46875, 1.1875, 6.53125, 1.25], "texture": "#0"}
			}
		},
		{
			"from": [14.56179, 0.025, 11.79695],
			"to": [22.17429, 3.525, 12.29695],
			"rotation": {"angle": 22.5, "axis": "y", "origin": [19.06179, 3.275, 12.04695]},
			"faces": {
				"north": {"uv": [5, 4.5625, 5.9375, 5], "texture": "#0"},
				"south": {"uv": [5, 5, 5.9375, 5.4375], "texture": "#0"},
				"up": {"uv": [7.59375, 6.0625, 6.65625, 6], "texture": "#0"},
				"down": {"uv": [7.59375, 6.0625, 6.65625, 6.125], "texture": "#0"}
			}
		},
		{
			"from": [20.75, 0, 6],
			"to": [20.75, 3.5, 10],
			"rotation": {"angle": 0, "axis": "y", "origin": [-8, 3, 2]},
			"faces": {
				"west": {"uv": [4.1875, 6.0625, 4.6875, 6.5], "texture": "#0"}
			}
		},
		{
			"from": [19.33604, 0, 4.08579],
			"to": [19.33604, 3.5, 6.58579],
			"rotation": {"angle": 45, "axis": "y", "origin": [19.33604, 1.75, 4.58579]},
			"faces": {
				"west": {"uv": [6.15625, 2.25, 6.46875, 2.6875], "texture": "#0"}
			}
		},
		{
			"from": [19.86612, 0, 9.63388],
			"to": [19.86612, 3.5, 12.13388],
			"rotation": {"angle": -45, "axis": "y", "origin": [19.86612, 1.75, 10.88388]},
			"faces": {
				"west": {"uv": [1.8125, 6.1875, 2.125, 6.625], "texture": "#0"}
			}
		},
		{
			"from": [18.75, 0.0375, 4],
			"to": [24.75, 3.4875, 12],
			"rotation": {"angle": 0, "axis": "y", "origin": [-8, 2.9875, 2]},
			"faces": {
				"up": {"uv": [5, 5.125, 4.25, 4.125], "texture": "#0"},
				"down": {"uv": [0.75, 4.5625, 0, 5.5625], "texture": "#0"}
			}
		},
		{
			"from": [20.125, 0, 5.125],
			"to": [24.5, 3.5, 9.5],
			"rotation": {"angle": 45, "axis": "y", "origin": [23, 3.25, 8]},
			"faces": {
				"east": {"uv": [5.9375, 4.125, 6.5, 4.5625], "texture": "#0"},
				"south": {"uv": [5.9375, 4.5625, 6.5, 5], "texture": "#0"},
				"up": {"uv": [6.15625, 2.1875, 5.59375, 1.625], "texture": "#0"},
				"down": {"uv": [6.15625, 2.1875, 5.59375, 2.75], "texture": "#0"}
			}
		},
		{
			"from": [-9, 3.01875, 6.3375],
			"to": [-8.5, 3.51875, 9.6625],
			"rotation": {"angle": 0, "axis": "y", "origin": [-8.5, 3.025, 2]},
			"faces": {
				"west": {"uv": [6.75, 3.8125, 7.1875, 3.875], "texture": "#0"},
				"up": {"uv": [2.875, 5.25, 2.8125, 4.8125], "texture": "#0"},
				"down": {"uv": [5.4375, 6.6875, 5.375, 7.125], "texture": "#0"}
			}
		},
		{
			"from": [-2, 2.99375, 1.5],
			"to": [15, 3.49375, 2],
			"rotation": {"angle": 0, "axis": "y", "origin": [-8, 3, 1.5]},
			"faces": {
				"north": {"uv": [6.3125, 0.6875, 8.4375, 0.75], "texture": "#0"},
				"up": {"uv": [8.4375, 0.8125, 6.3125, 0.75], "texture": "#0"},
				"down": {"uv": [8.21875, 6.3125, 6.09375, 6.375], "texture": "#0"}
			}
		},
		{
			"from": [-2, 2.99375, 14],
			"to": [15, 3.49375, 14.5],
			"rotation": {"angle": 0, "axis": "y", "origin": [-8, 3, 2.5]},
			"faces": {
				"south": {"uv": [6.09375, 6.375, 8.21875, 6.4375], "texture": "#0"},
				"up": {"uv": [8.53125, 1.75, 6.40625, 1.6875], "texture": "#0"},
				"down": {"uv": [8.53125, 1.75, 6.40625, 1.8125], "texture": "#0"}
			}
		},
		{
			"from": [-5.5, 3.01875, 12.5],
			"to": [-2, 3.51875, 14.5],
			"rotation": {"angle": 0, "axis": "y", "origin": [-8, 3.025, 2.5]},
			"faces": {
				"south": {"uv": [6.75, 3.875, 7.1875, 3.9375], "texture": "#0"},
				"west": {"uv": [5.8125, 6.8125, 6.0625, 6.875], "texture": "#0"},
				"up": {"uv": [6.84375, 2.25, 6.40625, 2], "texture": "#0"},
				"down": {"uv": [0.9375, 6.4375, 0.5, 6.6875], "texture": "#0"}
			}
		},
		{
			"from": [-5.75209, 3.01875, 2.24634],
			"to": [-1.75209, 3.51875, 2.74634],
			"rotation": {"angle": 22.5, "axis": "y", "origin": [-3.75209, 3.275, 2.49634]},
			"faces": {
				"north": {"uv": [6.75, 3.25, 7.25, 3.3125], "texture": "#0"},
				"up": {"uv": [7.25, 3.375, 6.75, 3.3125], "texture": "#0"},
				"down": {"uv": [7.25, 3.375, 6.75, 3.4375], "texture": "#0"}
			}
		},
		{
			"from": [-9.40795, 2.99375, 10.62828],
			"to": [-4.45795, 3.49375, 11.12828],
			"rotation": {"angle": -45, "axis": "y", "origin": [-7.43295, 3.25, 10.87828]},
			"faces": {
				"south": {"uv": [6.71875, 2.3125, 7.34375, 2.375], "texture": "#0"},
				"up": {"uv": [7.34375, 2.4375, 6.71875, 2.375], "texture": "#0"},
				"down": {"uv": [7.34375, 2.4375, 6.71875, 2.5], "texture": "#0"}
			}
		},
		{
			"from": [-7.68295, 2.99375, 2.39672],
			"to": [-7.18295, 3.49375, 7.09672],
			"rotation": {"angle": -45, "axis": "y", "origin": [-7.43295, 3.25, 5.12172]},
			"faces": {
				"west": {"uv": [6.75, 3, 7.34375, 3.0625], "texture": "#0"},
				"up": {"uv": [5.3125, 7.28125, 5.25, 6.6875], "texture": "#0"},
				"down": {"uv": [5.375, 6.6875, 5.3125, 7.28125], "texture": "#0"}
			}
		},
		{
			"from": [14.56179, 3.01875, 3.20305],
			"to": [22.56179, 3.51875, 3.70305],
			"rotation": {"angle": -22.5, "axis": "y", "origin": [19.06179, 3.275, 3.45305]},
			"faces": {
				"north": {"uv": [4, 5.375, 5, 5.4375], "texture": "#0"},
				"up": {"uv": [7.46875, 2.6875, 6.46875, 2.625], "texture": "#0"},
				"down": {"uv": [7.5, 4.9375, 6.5, 5], "texture": "#0"}
			}
		},
		{
			"from": [14.56179, 3.01875, 12.29695],
			"to": [22.56179, 3.51875, 12.79695],
			"rotation": {"angle": 22.5, "axis": "y", "origin": [19.06179, 3.275, 12.54695]},
			"faces": {
				"south": {"uv": [6.53125, 0.9375, 7.53125, 1], "texture": "#0"},
				"up": {"uv": [7.53125, 1.0625, 6.53125, 1], "texture": "#0"},
				"down": {"uv": [7.53125, 1.0625, 6.53125, 1.125], "texture": "#0"}
			}
		},
		{
			"from": [20.125, 2.99375, 5.125],
			"to": [25, 3.49375, 10],
			"rotation": {"angle": 45, "axis": "y", "origin": [23, 3.25, 8]},
			"faces": {
				"east": {"uv": [6.71875, 2.5, 7.34375, 2.5625], "texture": "#0"},
				"south": {"uv": [6.71875, 2.5625, 7.34375, 2.625], "texture": "#0"},
				"up": {"uv": [0.625, 6.1875, 0, 5.5625], "texture": "#0"},
				"down": {"uv": [2.5, 5.5625, 1.875, 6.1875], "texture": "#0"}
			}
		},
		{
			"from": [5.25, 1, 7],
			"to": [16.75, 2.5, 9],
			"rotation": {"angle": 0, "axis": "y", "origin": [7.25, 3.5, 6.5]},
			"faces": {
				"north": {"uv": [5.8125, 5.625, 7.25, 5.8125], "texture": "#0"},
				"south": {"uv": [5.8125, 5.8125, 7.25, 6], "texture": "#0"},
				"up": {"uv": [3.9375, 5.8125, 2.5, 5.5625], "texture": "#0"}
			}
		},
		{
			"from": [16.75, 1, 7],
			"to": [18.75, 4, 9],
			"rotation": {"angle": 0, "axis": "y", "origin": [6.75, 3.5, 6.5]},
			"faces": {
				"north": {"uv": [6.40625, 6.4375, 6.65625, 6.8125], "texture": "#0"},
				"east": {"uv": [2.125, 6.46875, 2.375, 6.84375], "texture": "#0"},
				"south": {"uv": [6.46875, 2.25, 6.71875, 2.625], "texture": "#0"},
				"west": {"uv": [2.375, 6.46875, 2.625, 6.84375], "texture": "#0"},
				"up": {"uv": [3.9375, 6.0625, 3.6875, 5.8125], "texture": "#0"}
			}
		},
		{
			"from": [2.75, 1, 6.75],
			"to": [5.25, 2.5, 9.25],
			"rotation": {"angle": 0, "axis": "y", "origin": [4.75, 3.5, 6.5]},
			"faces": {
				"north": {"uv": [3.5, 6.625, 3.8125, 6.8125], "texture": "#0"},
				"east": {"uv": [3.8125, 6.625, 4.125, 6.8125], "texture": "#0"},
				"south": {"uv": [4.65625, 6.625, 4.96875, 6.8125], "texture": "#0"},
				"up": {"uv": [6.40625, 6.75, 6.09375, 6.4375], "texture": "#0"}
			}
		},
		{
			"from": [-2, 1, 2.5],
			"to": [15, 2.5, 4.5],
			"rotation": {"angle": 0, "axis": "y", "origin": [4.5, 3.5, 5]},
			"faces": {
				"south": {"uv": [1.875, 5.375, 4, 5.5625], "texture": "#0"},
				"up": {"uv": [5.59375, 2.75, 3.46875, 2.5], "texture": "#0"}
			}
		},
		{
			"from": [-3.99362, 1.025, 3.04574],
			"to": [-1.49362, 2.525, 5.04574],
			"rotation": {"angle": 22.5, "axis": "y", "origin": [-3.11862, 1.775, 4.04574]},
			"faces": {
				"south": {"uv": [6.65625, 6.125, 6.96875, 6.3125], "texture": "#0"},
				"up": {"uv": [1.75, 6.75, 1.4375, 6.5], "texture": "#0"}
			}
		},
		{
			"from": [-6.5, 1, 2.5],
			"to": [-4.5, 2.5, 5.75],
			"rotation": {"angle": -45, "axis": "y", "origin": [-6.5, 1.75, 5.75]},
			"faces": {
				"east": {"uv": [4.25, 6.5, 4.65625, 6.6875], "texture": "#0"},
				"up": {"uv": [1.1875, 6.84375, 0.9375, 6.4375], "texture": "#0"}
			}
		},
		{
			"from": [-6.5, 1.025, 5.75],
			"to": [-4.5, 2.525, 10.25],
			"rotation": {"angle": 0, "axis": "y", "origin": [0, 3.525, 5.25]},
			"faces": {
				"east": {"uv": [4.6875, 6.4375, 5.25, 6.625], "texture": "#0"},
				"up": {"uv": [0.5, 6.75, 0.25, 6.1875], "texture": "#0"}
			}
		},
		{
			"from": [-6.5, 1, 10.25],
			"to": [-4.5, 2.5, 13.5],
			"rotation": {"angle": 45, "axis": "y", "origin": [-6.5, 1.75, 10.25]},
			"faces": {
				"east": {"uv": [6.5, 4.375, 6.90625, 4.5625], "texture": "#0"},
				"up": {"uv": [6.6875, 5.40625, 6.4375, 5], "texture": "#0"}
			}
		},
		{
			"from": [-3.99362, 1.025, 10.95426],
			"to": [-1.49362, 2.525, 12.95426],
			"rotation": {"angle": -22.5, "axis": "y", "origin": [-3.11862, 1.775, 11.95426]},
			"faces": {
				"north": {"uv": [6.65625, 6.4375, 6.96875, 6.625], "texture": "#0"},
				"up": {"uv": [6.8125, 4.375, 6.5, 4.125], "texture": "#0"}
			}
		},
		{
			"from": [-2, 1, 11.5],
			"to": [15, 2.5, 13.5],
			"rotation": {"angle": 0, "axis": "y", "origin": [4.5, 3.5, 11]},
			"faces": {
				"north": {"uv": [4, 5.4375, 6.125, 5.625], "texture": "#0"},
				"up": {"uv": [2.875, 4.8125, 0.75, 4.5625], "texture": "#0"}
			}
		},
		{
			"from": [15, 1.025, 2.5],
			"to": [22.1, 2.525, 4.5],
			"rotation": {"angle": -22.5, "axis": "y", "origin": [15, 1.775, 2.5]},
			"faces": {
				"south": {"uv": [6.125, 5.4375, 7, 5.625], "texture": "#0"},
				"up": {"uv": [5, 5.375, 4.125, 5.125], "texture": "#0"}
			}
		},
		{
			"from": [15, 1.025, 11.5],
			"to": [22.1, 2.525, 13.5],
			"rotation": {"angle": 22.5, "axis": "y", "origin": [15, 1.775, 13.5]},
			"faces": {
				"north": {"uv": [6.15625, 1.5, 7.03125, 1.6875], "texture": "#0"},
				"up": {"uv": [6.90625, 1.5, 6.03125, 1.25], "texture": "#0"}
			}
		},
		{
			"from": [22.8125, 3.5, 7.75],
			"to": [23.3125, 4.25, 8.25],
			"rotation": {"angle": 0, "axis": "y", "origin": [11.25, 3.5, 7.25]},
			"faces": {
				"north": {"uv": [4.125, 5, 4.1875, 5.09375], "texture": "#0"},
				"east": {"uv": [4.1875, 5, 4.25, 5.09375], "texture": "#0"},
				"south": {"uv": [2.8125, 5.25, 2.875, 5.34375], "texture": "#0"},
				"west": {"uv": [6.03125, 1.5, 6.09375, 1.59375], "texture": "#0"},
				"up": {"uv": [0.6875, 5.625, 0.625, 5.5625], "texture": "#0"}
			}
		},
		{
			"from": [21.75, 3.5, 8],
			"to": [24.75, 7.5, 8],
			"rotation": {"angle": 0, "axis": "y", "origin": [11.25, 3.5, 7.5]},
			"faces": {
				"north": {"uv": [0.375, 6.875, 0, 7.375], "texture": "#0"},
				"south": {"uv": [0, 6.875, 0.375, 7.375], "texture": "#0"}
			}
		},
		{
			"from": [22.9375, 4, 7.25],
			"to": [23.1875, 4, 8.75],
			"rotation": {"angle": 0, "axis": "y", "origin": [11.375, 3.5, 7.25]},
			"faces": {
				"up": {"uv": [0.53125, 6.375, 0.5, 6.1875], "texture": "#0"}
			}
		},
		{
			"from": [-1.75, 1, 6.5],
			"to": [2.75, 3.5, 9.5],
			"rotation": {"angle": 0, "axis": "y", "origin": [0.25, 3.5, 6.5]},
			"faces": {
				"north": {"uv": [5.25, 6.0625, 5.8125, 6.375], "texture": "#0"},
				"east": {"uv": [3.25, 6.25, 3.625, 6.5625], "texture": "#0"},
				"south": {"uv": [6.09375, 6, 6.65625, 6.3125], "texture": "#0"},
				"west": {"uv": [5.25, 6.375, 5.625, 6.6875], "texture": "#0"},
				"up": {"uv": [5.25, 6.4375, 4.6875, 6.0625], "texture": "#0"}
			}
		},
		{
			"from": [-1.7375, 2.61613, 7.11613],
			"to": [2.7375, 4.38388, 8.88388],
			"rotation": {"angle": -45, "axis": "x", "origin": [0.5125, 3.5, 8]},
			"faces": {
				"east": {"uv": [4.96875, 6.625, 5.1875, 6.84375], "texture": "#0"},
				"south": {"uv": [2.125, 6.25, 2.6875, 6.46875], "texture": "#0"},
				"west": {"uv": [4.125, 6.6875, 4.34375, 6.90625], "texture": "#0"},
				"up": {"uv": [3.25, 6.46875, 2.6875, 6.25], "texture": "#0"}
			}
		},
		{
			"from": [0, 4.25, 7.5],
			"to": [1, 10.25, 8.5],
			"rotation": {"angle": 0, "axis": "y", "origin": [0.5, 4.5, 7.75]},
			"faces": {
				"north": {"uv": [5.625, 6.375, 5.75, 7.125], "texture": "#0"},
				"east": {"uv": [1.1875, 6.4375, 1.3125, 7.1875], "texture": "#0"},
				"south": {"uv": [2.875, 6.46875, 3, 7.21875], "texture": "#0"},
				"west": {"uv": [3, 6.46875, 3.125, 7.21875], "texture": "#0"}
			}
		},
		{
			"from": [-0.5, 10.25, 7],
			"to": [1.5, 10.75, 9],
			"rotation": {"angle": 0, "axis": "y", "origin": [0.5, 4.75, 7.25]},
			"faces": {
				"north": {"uv": [6.0625, 6.8125, 6.3125, 6.875], "texture": "#0"},
				"east": {"uv": [6.3125, 6.8125, 6.5625, 6.875], "texture": "#0"},
				"south": {"uv": [6.5625, 6.8125, 6.8125, 6.875], "texture": "#0"},
				"west": {"uv": [6.8125, 6.8125, 7.0625, 6.875], "texture": "#0"},
				"up": {"uv": [3.5, 6.8125, 3.25, 6.5625], "texture": "#0"},
				"down": {"uv": [2, 6.625, 1.75, 6.875], "texture": "#0"}
			}
		},
		{
			"name": "floor",
			"from": [-6.5, 0.01225, 2.5],
			"to": [20.75, 1.01225, 13.5],
			"rotation": {"angle": 0, "axis": "y", "origin": [6, 3.0125, 5]},
			"faces": {
				"up": {"uv": [3.375, 4.125, 0, 2.75], "texture": "#0"},
				"down": {"uv": [6.75, 2.75, 3.375, 4.125], "texture": "#0"}
			}
		},
		{
			"from": [23.5, 6.25, 7.25],
			"to": [25, 6.5, 8.75],
			"rotation": {"angle": -45, "axis": "y", "origin": [24.25, 6.0625, 8]},
			"faces": {
				"north": {"uv": [0, 2, 6, 3], "texture": "#1"},
				"east": {"uv": [0, 2, 6, 3], "texture": "#1"},
				"south": {"uv": [0, 2, 6, 3], "texture": "#1"},
				"west": {"uv": [0, 2, 6, 3], "texture": "#1"},
				"up": {"uv": [0, 9, 6, 15], "texture": "#1"},
				"down": {"uv": [0, 9, 6, 15], "texture": "#1"}
			}
		},
		{
			"from": [23.5, 5, 7.25],
			"to": [25, 5.25, 8.75],
			"rotation": {"angle": -45, "axis": "y", "origin": [24.25, 6.0625, 8]},
			"faces": {
				"north": {"uv": [0, 8, 6, 9], "texture": "#1"},
				"east": {"uv": [0, 8, 6, 9], "texture": "#1"},
				"south": {"uv": [0, 8, 6, 9], "texture": "#1"},
				"west": {"uv": [0, 8, 6, 9], "texture": "#1"},
				"up": {"uv": [0, 9, 6, 15], "texture": "#1"},
				"down": {"uv": [0, 9, 6, 15], "texture": "#1"}
			}
		},
		{
			"from": [23.75, 5.25, 7.5],
			"to": [24.75, 6.25, 8.5],
			"rotation": {"angle": -45, "axis": "y", "origin": [24.25, 6.0625, 8]},
			"faces": {
				"north": {"uv": [1, 4, 5, 8], "texture": "#1"},
				"east": {"uv": [1, 4, 5, 8], "texture": "#1"},
				"south": {"uv": [1, 4, 5, 8], "texture": "#1"},
				"west": {"uv": [1, 4, 5, 8], "texture": "#1"}
			}
		},
		{
			"from": [23.875, 6.75, 8],
			"to": [24.625, 7.25, 8],
			"shade": false,
			"rotation": {"angle": 0, "axis": "y", "origin": [24.25, 6.0625, 8]},
			"faces": {
				"north": {"uv": [14, 3, 11, 5], "texture": "#1"},
				"south": {"uv": [11, 3, 14, 5], "texture": "#1"}
			}
		},
		{
			"from": [24.25, 6.5, 7.625],
			"to": [24.25, 7, 8.375],
			"shade": false,
			"rotation": {"angle": 0, "axis": "y", "origin": [24.25, 6.0625, 8]},
			"faces": {
				"east": {"uv": [11, 10, 14, 12], "texture": "#1"},
				"west": {"uv": [14, 10, 11, 12], "texture": "#1"}
			}
		},
		{
			"from": [16, 9, 7.25],
			"to": [17.5, 10.75, 8.75],
			"rotation": {"angle": 0, "axis": "y", "origin": [14.75, 8.75, 6]},
			"faces": {
				"north": {"uv": [0, 2, 6, 9], "texture": "#1"},
				"east": {"uv": [0, 2, 6, 9], "texture": "#1"},
				"south": {"uv": [0, 2, 6, 9], "texture": "#1"},
				"west": {"uv": [0, 2, 6, 9], "texture": "#1"},
				"up": {"uv": [0, 9, 6, 15], "texture": "#1"},
				"down": {"uv": [0, 9, 6, 15], "texture": "#1"}
			}
		},
		{
			"from": [16.25, 10.75, 7.5],
			"to": [17.25, 11.25, 8.5],
			"rotation": {"angle": 0, "axis": "y", "origin": [14.75, 8.75, 6]},
			"faces": {
				"north": {"uv": [1, 0, 5, 2], "texture": "#1"},
				"east": {"uv": [1, 0, 5, 2], "texture": "#1"},
				"south": {"uv": [1, 0, 5, 2], "texture": "#1"},
				"west": {"uv": [1, 0, 5, 2], "texture": "#1"},
				"up": {"uv": [1, 10, 5, 14], "texture": "#1"},
				"down": {"uv": [1, 10, 5, 14], "texture": "#1"}
			}
		},
		{
			"from": [16.75, 11.25, 7.625],
			"to": [16.75, 11.75, 8.375],
			"shade": false,
			"rotation": {"angle": 45, "axis": "y", "origin": [16.75, 11.5, 8]},
			"faces": {
				"east": {"uv": [11, 10, 14, 12], "texture": "#1"},
				"west": {"uv": [14, 10, 11, 12], "texture": "#1"}
			}
		},
		{
			"from": [16.75, 11.25, 7.625],
			"to": [16.75, 11.75, 8.375],
			"shade": false,
			"rotation": {"angle": -45, "axis": "y", "origin": [16.75, 11.5, 8]},
			"faces": {
				"east": {"uv": [14, 10, 11, 12], "texture": "#1"},
				"west": {"uv": [11, 10, 14, 12], "texture": "#1"}
			}
		}
	],
	"display": {
		"thirdperson_righthand": {
			"rotation": [75, 45, 0],
			"translation": [0, 2.5, 0],
			"scale": [0.375, 0.375, 0.375]
		},
		"thirdperson_lefthand": {
			"rotation": [75, 45, 0],
			"translation": [0, 2.5, 0],
			"scale": [0.375, 0.375, 0.375]
		},
		"firstperson_righthand": {
			"rotation": [0, -155, 0],
			"translation": [0, 5, 0],
			"scale": [0.4, 0.4, 0.4]
		},
		"firstperson_lefthand": {
			"rotation": [0, 25, 0],
			"translation": [0, 5, 0],
			"scale": [0.4, 0.4, 0.4]
		},
		"ground": {
			"scale": [0.5, 0.5, 0.5]
		},
		"gui": {
			"rotation": [30, 225, 0],
			"scale": [0.56, 0.55, 0.55]
		},
		"head": {
			"rotation": [0, 90, 0],
			"scale": [3.2, 3.2, 3.2]
		},
		"fixed": {
			"rotation": [-90, 0, 0],
			"translation": [0, 0, -22],
			"scale": [4, 4, 4]
		}
	},
	"groups": [
		{
			"name": "group",
			"origin": [8, 8, 8],
			"color": 0,
			"children": [
				{
					"name": "tent",
					"origin": [-56, 12, -16],
					"color": 0,
					"children": [
						{
							"name": "fabric",
							"origin": [65, 1, 8],
							"color": 0,
							"children": [
								{
									"name": "group",
									"origin": [53.86827, 21, -8.21751],
									"color": 0,
									"children": [0, 1, 2, 3, 4, 5, 6, 7, 8, 9, 10, 11]
								},
								{
									"name": "group",
									"origin": [53.86827, 21, -8.21751],
									"color": 0,
									"children": [12, 13, 14, 15, 16, 17, 18, 19, 20, 21, 22, 23]
								},
								24
							]
						},
						{
							"name": "bars",
							"origin": [-49.94085, 21, -1.59809],
							"color": 0,
							"children": [
								{
									"name": "group",
									"origin": [-24.5, 2, 25],
									"color": 0,
									"children": [25, 26, 27, 28, 29, 30, 31, 32, 33, 34, 35, 36, 37]
								},
								38,
								39,
								40,
								41,
								42,
								43,
								44,
								45,
								46,
								47,
								48,
								49
							]
						},
						50
					]
				},
				{
					"name": "hull",
					"origin": [65, 1, 8],
					"color": 0,
					"children": [
						{
							"name": "backboard",
							"origin": [-39.00835, 13, 28.01465],
							"color": 0,
							"children": [51, 52, 53, 54, 55, 56, 57, 58]
						},
						59,
						60,
						61,
						62,
						63,
						64,
						65,
						66,
						67,
						68,
						69,
						70,
						71,
						72,
						{
							"name": "rim",
							"origin": [68, -1, 8],
							"color": 0,
							"children": [73, 74, 75, 76, 77, 78, 79, 80, 81, 82]
						}
					]
				},
				{
					"name": "benches",
					"origin": [36, -7, -14],
					"color": 0,
					"children": [
						{
							"name": "center",
							"origin": [-5, 0, 2],
							"color": 0,
							"children": [83, 84, 85]
						},
						{
							"name": "sides",
							"origin": [36, -7, 30],
							"color": 0,
							"children": [86, 87, 88, 89, 90, 91, 92, 93, 94]
						}
					]
				},
				{
					"name": "front_ornaments",
					"origin": [21.5, 0, 5],
					"color": 0,
					"children": [95, 96, 97]
				},
				{
					"name": "oven",
					"origin": [-22, 5, 5],
					"color": 0,
					"children": [98, 99, 100, 101]
				},
				102,
				{
					"name": "front_lantern",
					"origin": [8, 8, 8],
					"color": 0,
					"children": [103, 104, 105, 106, 107]
				},
				{
					"name": "roof_lantern",
					"origin": [8, 8, 8],
					"color": 0,
					"children": [108, 109, 110, 111]
				}
			]
		}
	]
}
