{
	"credit": "Made with Blockbench",
	"textures": {
		"0": "item/custom/texturetba1",
		"1": "item/custom/texturetba2",
		"2": "item/custom/texturetba3",
		"3": "item/custom/texturetba4",
		"4": "item/custom/texturetba5",
		"5": "item/custom/texturetba6",
		"7": "item/custom/texturetba8",
		"8": "item/custom/texturetba9",
		"9": "item/custom/texturetba10",
		"10": "item/custom/texturetba11",
		"11": "item/custom/texturetba12",
		"12": "item/custom/texturetba13",
		"13": "item/custom/texturetba14",
		"14": "item/custom/texturetba15",
		"15": "item/custom/texturetba16",
		"16": "item/custom/texturetba17",
		"17": "item/custom/texturetba18",
		"18": "item/custom/texturetba19",
		"particle": "item/custom/texturetba1"
	},
	"elements": [
		{
			"from": [7.5, 3, -9.75],
			"to": [7.5, 4, -9.75],
			"rotation": {"angle": 0, "axis": "y", "origin": [6, 2, -10]},
			"color": 7,
			"faces": {
				"north": {"uv": [0, 1, 1, 4.9], "texture": "#missing"},
				"east": {"uv": [0, 1, 0, 4], "texture": "#missing"},
				"south": {"uv": [1, 1, 2, 4], "texture": "#missing"},
				"west": {"uv": [1, 1, 1, 4], "texture": "#missing"},
				"up": {"uv": [1, 1, 0, 1], "texture": "#missing"},
				"down": {"uv": [2, 1, 1, 1], "texture": "#missing"}
			}
		},
		{
			"from": [14, 5.08621, -9.08621],
			"to": [15, 5.58621, 23.91379],
			"rotation": {"angle": 0, "axis": "y", "origin": [14, 7.08621, -9.58621]},
			"faces": {
				"north": {"uv": [0.5, 0.5, 0.75, 0.75], "texture": "#3"},
				"east": {"uv": [0, 0, 8.25, 0.25], "texture": "#3"},
				"south": {"uv": [0.5, 0.75, 0.75, 1], "texture": "#3"},
				"west": {"uv": [0, 0.25, 8.25, 0.5], "texture": "#3"},
				"up": {"uv": [0.25, 8.75, 0, 0.5], "texture": "#3"},
				"down": {"uv": [0.5, 0.5, 0.25, 8.75], "texture": "#3"}
			}
		},
		{
			"from": [0.58621, 5.08621, -9.15517],
			"to": [1.58621, 5.58621, 23.84483],
			"rotation": {"angle": 0, "axis": "y", "origin": [1.58621, 7.08621, 24.34483]},
			"faces": {
				"north": {"uv": [0.5, 0.75, 0.75, 1], "texture": "#3"},
				"east": {"uv": [0, 0.25, 8.25, 0.5], "texture": "#3"},
				"south": {"uv": [0.5, 0.5, 0.75, 0.75], "texture": "#3"},
				"west": {"uv": [0, 0, 8.25, 0.25], "texture": "#3"},
				"up": {"uv": [0.25, 8.75, 0, 0.5], "rotation": 180, "texture": "#3"},
				"down": {"uv": [0.5, 0.5, 0.25, 8.75], "rotation": 180, "texture": "#3"}
			}
		},
		{
			"from": [6.89655, 1.17241, -9.86207],
			"to": [9, 6.10345, -9.5],
			"rotation": {"angle": 0, "axis": "y", "origin": [8, 2, -10]},
			"faces": {
				"north": {"uv": [0, 0, 2, 5], "texture": "#10"},
				"east": {"uv": [4, 0, 5, 5], "texture": "#10"},
				"south": {"uv": [2, 0, 4, 5], "texture": "#10"},
				"west": {"uv": [0, 5, 1, 10], "texture": "#10"},
				"up": {"uv": [7, 1, 5, 0], "texture": "#10"},
				"down": {"uv": [3, 5, 1, 6], "texture": "#10"}
			}
		},
		{
			"from": [10.06897, 6.68966, 20.51724],
			"to": [13, 7.05172, 24.34483],
			"rotation": {"angle": 0, "axis": "x", "origin": [11.17241, 6.55172, 24.62069]},
			"faces": {
				"north": {"uv": [7, 1, 5, 0], "rotation": 180, "texture": "#10"},
				"east": {"uv": [4, 0, 5, 5], "rotation": 90, "texture": "#10"},
				"south": {"uv": [3, 5, 1, 6], "texture": "#10"},
				"west": {"uv": [0, 5, 1, 10], "rotation": 270, "texture": "#10"},
				"up": {"uv": [2, 0, 4, 5], "texture": "#10"},
				"down": {"uv": [0, 0, 2, 5], "rotation": 180, "texture": "#10"}
			}
		},
		{
			"from": [2.31034, 6.68966, 20.75862],
			"to": [5.24138, 7.05172, 24.31034],
			"rotation": {"angle": 0, "axis": "y", "origin": [4.13793, 6.55172, 20.2069]},
			"faces": {
				"north": {"uv": [3, 5, 1, 6], "texture": "#10"},
				"east": {"uv": [0, 5, 1, 10], "rotation": 270, "texture": "#10"},
				"south": {"uv": [3, 5.82759, 1, 5.10345], "rotation": 180, "texture": "#10"},
				"west": {"uv": [4, 0, 5, 5], "rotation": 90, "texture": "#10"},
				"up": {"uv": [0, 0, 2, 5], "rotation": 180, "texture": "#10"},
				"down": {"uv": [0, 0, 2, 5], "texture": "#10"}
			}
		},
		{
			"from": [1.10345, 2, -10],
			"to": [1.96552, 5, -9.63793],
			"rotation": {"angle": 0, "axis": "y", "origin": [0.96552, 2, -10.13793]},
			"faces": {
				"north": {"uv": [0, 0, 2, 5], "texture": "#10"},
				"east": {"uv": [4, 0, 5, 5], "texture": "#10"},
				"south": {"uv": [2, 0, 4, 5], "texture": "#10"},
				"west": {"uv": [0, 5, 1, 10], "texture": "#10"},
				"up": {"uv": [7, 1, 5, 0], "texture": "#10"},
				"down": {"uv": [3, 5, 1, 6], "texture": "#10"}
			}
		},
		{
			"from": [13.93103, 2, -10.13793],
			"to": [14.7931, 5, -9.77586],
			"rotation": {"angle": 0, "axis": "y", "origin": [13.7931, 2, -10.27586]},
			"faces": {
				"north": {"uv": [0, 0, 2, 5], "texture": "#10"},
				"east": {"uv": [4, 0, 5, 5], "texture": "#10"},
				"south": {"uv": [2, 0, 4, 5], "texture": "#10"},
				"west": {"uv": [0, 5, 1, 10], "texture": "#10"},
				"up": {"uv": [7, 1, 5, 0], "texture": "#10"},
				"down": {"uv": [3, 5, 1, 6], "texture": "#10"}
			}
		},
		{
			"from": [1.5, 0.7, -9.5],
			"to": [14.66379, 1.2, 26.2931],
			"rotation": {"angle": 0, "axis": "y", "origin": [1.5, 1.7, -8.5]},
			"faces": {
				"north": {"uv": [6.5, 0.5, 9.75, 0.75], "texture": "#12"},
				"east": {"uv": [6.5, 0, 15.5, 0.25], "texture": "#12"},
				"south": {"uv": [6.5, 0.75, 9.75, 1], "texture": "#12"},
				"west": {"uv": [6.5, 0.25, 15.5, 0.5], "texture": "#12"},
				"up": {"uv": [3.25, 9, 0, 0], "texture": "#12"},
				"down": {"uv": [6.5, 0, 3.25, 9], "texture": "#12"}
			}
		},
		{
			"from": [9, 1.3, 5.5],
			"to": [14, 6.8, 7.5],
			"rotation": {"angle": 0, "axis": "y", "origin": [9, 2.3, 5.5]},
			"faces": {
				"north": {"uv": [0, 0, 5, 6], "texture": "#4"},
				"east": {"uv": [0, 6, 2, 12], "texture": "#4"},
				"south": {"uv": [5, 0, 10, 6], "texture": "#4"},
				"west": {"uv": [2, 6, 4, 12], "texture": "#4"},
				"up": {"uv": [9, 8, 4, 6], "texture": "#4"},
				"down": {"uv": [9, 8, 4, 10], "texture": "#4"}
			}
		},
		{
			"from": [2.10345, 0.74828, -1.39655],
			"to": [7.10345, 6.8, 0.60345],
			"rotation": {"angle": 0, "axis": "y", "origin": [2.10345, 2.3, -1.39655]},
			"faces": {
				"north": {"uv": [0, 0, 5, 6], "texture": "#4"},
				"east": {"uv": [0, 6, 2, 12], "texture": "#4"},
				"south": {"uv": [5, 0, 10, 6], "texture": "#4"},
				"west": {"uv": [2, 6, 4, 12], "texture": "#4"},
				"up": {"uv": [9, 8, 4, 6], "texture": "#4"},
				"down": {"uv": [9, 8, 4, 10], "texture": "#4"}
			}
		},
		{
			"from": [2.10345, 1.3, -9.25862],
			"to": [7.10345, 6.8, -7.53448],
			"rotation": {"angle": 0, "axis": "y", "origin": [2.10345, 2.3, -9.53448]},
			"faces": {
				"north": {"uv": [0, 0, 5, 6], "texture": "#4"},
				"east": {"uv": [0, 6, 2, 12], "texture": "#4"},
				"south": {"uv": [5, 0, 10, 6], "texture": "#4"},
				"west": {"uv": [2, 6, 4, 12], "texture": "#4"},
				"up": {"uv": [9, 8, 4, 6], "texture": "#4"},
				"down": {"uv": [9, 8, 4, 10], "texture": "#4"}
			}
		},
		{
			"from": [9, 0.74828, -1.39655],
			"to": [14, 6.8, 0.60345],
			"rotation": {"angle": 0, "axis": "y", "origin": [9, 2.3, -1.39655]},
			"faces": {
				"north": {"uv": [0, 0, 5, 6], "texture": "#4"},
				"east": {"uv": [0, 6, 2, 12], "texture": "#4"},
				"south": {"uv": [5, 0, 10, 6], "texture": "#4"},
				"west": {"uv": [2, 6, 4, 12], "texture": "#4"},
				"up": {"uv": [9, 8, 4, 6], "texture": "#4"},
				"down": {"uv": [9, 8, 4, 10], "texture": "#4"}
			}
		},
		{
			"from": [9, 1.3, -9.25862],
			"to": [14, 6.8, -7.39655],
			"rotation": {"angle": 0, "axis": "y", "origin": [9, 2.3, -9.39655]},
			"faces": {
				"north": {"uv": [0, 0, 5, 6], "texture": "#4"},
				"east": {"uv": [0, 6, 2, 12], "texture": "#4"},
				"south": {"uv": [5, 0, 10, 6], "texture": "#4"},
				"west": {"uv": [2, 6, 4, 12], "texture": "#4"},
				"up": {"uv": [9, 8, 4, 6], "texture": "#4"},
				"down": {"uv": [9, 8, 4, 10], "texture": "#4"}
			}
		},
		{
			"from": [9, 1.3, 12.53448],
			"to": [14, 6.8, 14.53448],
			"rotation": {"angle": 0, "axis": "y", "origin": [9, 2.3, 12.53448]},
			"faces": {
				"north": {"uv": [0, 0, 5, 6], "texture": "#4"},
				"east": {"uv": [0, 6, 2, 12], "texture": "#4"},
				"south": {"uv": [5, 0, 10, 6], "texture": "#4"},
				"west": {"uv": [2, 6, 4, 12], "texture": "#4"},
				"up": {"uv": [9, 8, 4, 6], "texture": "#4"},
				"down": {"uv": [9, 8, 4, 10], "texture": "#4"}
			}
		},
		{
			"from": [1.96552, 1.3, 12.53448],
			"to": [6.96552, 6.8, 14.53448],
			"rotation": {"angle": 0, "axis": "y", "origin": [1.96552, 2.3, 12.53448]},
			"faces": {
				"north": {"uv": [0, 0, 5, 6], "texture": "#4"},
				"east": {"uv": [0, 6, 2, 12], "texture": "#4"},
				"south": {"uv": [5, 0, 10, 6], "texture": "#4"},
				"west": {"uv": [2, 6, 4, 12], "texture": "#4"},
				"up": {"uv": [9, 8, 4, 6], "texture": "#4"},
				"down": {"uv": [9, 8, 4, 10], "texture": "#4"}
			}
		},
		{
			"from": [1.96552, 1.3, 5.5],
			"to": [6.96552, 6.8, 7.5],
			"rotation": {"angle": 0, "axis": "y", "origin": [1.96552, 2.3, 5.5]},
			"faces": {
				"north": {"uv": [0, 0, 5, 6], "texture": "#4"},
				"east": {"uv": [0, 6, 2, 12], "texture": "#4"},
				"south": {"uv": [5, 0, 10, 6], "texture": "#4"},
				"west": {"uv": [2, 6, 4, 12], "texture": "#4"},
				"up": {"uv": [9, 8, 4, 6], "texture": "#4"},
				"down": {"uv": [9, 8, 4, 10], "texture": "#4"}
			}
		},
		{
			"from": [5.37931, 0.92069, -1.43103],
			"to": [10.37931, 2.23103, 3.51724],
			"rotation": {"angle": 0, "axis": "y", "origin": [10.37931, -0.18276, -0.98276]},
			"faces": {
				"north": {"uv": [9, 8, 4, 10], "texture": "#4"},
				"east": {"uv": [2, 6, 4, 12], "rotation": 270, "texture": "#4"},
				"south": {"uv": [9, 8, 4, 6], "rotation": 180, "texture": "#4"},
				"west": {"uv": [0, 6, 2, 12], "rotation": 90, "texture": "#4"},
				"up": {"uv": [5, 0, 10, 6], "rotation": 180, "texture": "#4"},
				"down": {"uv": [0, 0, 5, 6], "texture": "#4"}
			}
		},
		{
			"from": [5.37931, 1.33448, -9.2931],
			"to": [10.37931, 2.23103, -4.75862],
			"rotation": {"angle": 0, "axis": "y", "origin": [10.37931, -0.18276, -9.25862]},
			"faces": {
				"north": {"uv": [9, 8, 4, 10], "texture": "#4"},
				"east": {"uv": [2, 6, 4, 12], "rotation": 270, "texture": "#4"},
				"south": {"uv": [9, 8, 4, 6], "rotation": 180, "texture": "#4"},
				"west": {"uv": [0, 6, 2, 12], "rotation": 90, "texture": "#4"},
				"up": {"uv": [5, 0, 10, 6], "rotation": 180, "texture": "#4"},
				"down": {"uv": [0, 0, 5, 6], "texture": "#4"}
			}
		},
		{
			"from": [5.65517, 0.78276, 12.63793],
			"to": [10.65517, 2.23103, 18.13793],
			"rotation": {"angle": 0, "axis": "y", "origin": [10.65517, -0.18276, 13.63793]},
			"faces": {
				"north": {"uv": [9, 8, 4, 10], "texture": "#4"},
				"east": {"uv": [2, 6, 4, 12], "rotation": 270, "texture": "#4"},
				"south": {"uv": [9, 8, 4, 6], "rotation": 180, "texture": "#4"},
				"west": {"uv": [0, 6, 2, 12], "rotation": 90, "texture": "#4"},
				"up": {"uv": [5, 0, 10, 6], "rotation": 180, "texture": "#4"},
				"down": {"uv": [0, 0, 5, 6], "texture": "#4"}
			}
		},
		{
			"from": [5.37931, 0.92069, 5.46552],
			"to": [10.37931, 2.23103, 10.96552],
			"rotation": {"angle": 0, "axis": "y", "origin": [10.37931, -0.18276, 6.46552]},
			"faces": {
				"north": {"uv": [9, 8, 4, 10], "texture": "#4"},
				"east": {"uv": [2, 6, 4, 12], "rotation": 270, "texture": "#4"},
				"south": {"uv": [9, 8, 4, 6], "rotation": 180, "texture": "#4"},
				"west": {"uv": [0, 6, 2, 12], "rotation": 90, "texture": "#4"},
				"up": {"uv": [5, 0, 10, 6], "rotation": 180, "texture": "#4"},
				"down": {"uv": [0, 0, 5, 6], "texture": "#4"}
			}
		},
		{
			"from": [2.06897, 1.05862, -9.43103],
			"to": [7.06897, 2.5069, -3.93103],
			"rotation": {"angle": 0, "axis": "y", "origin": [7.06897, 0.5069, -8.43103]},
			"faces": {
				"north": {"uv": [9, 8, 4, 10], "texture": "#4"},
				"east": {"uv": [2, 6, 4, 12], "rotation": 270, "texture": "#4"},
				"south": {"uv": [9, 8, 4, 6], "rotation": 180, "texture": "#4"},
				"west": {"uv": [0, 6, 2, 12], "rotation": 90, "texture": "#4"},
				"up": {"uv": [5, 0, 10, 6], "rotation": 180, "texture": "#4"},
				"down": {"uv": [0, 0, 5, 6], "texture": "#4"}
			}
		},
		{
			"from": [8.96552, 1.05862, -9.43103],
			"to": [13.96552, 2.5069, -3.93103],
			"rotation": {"angle": 0, "axis": "y", "origin": [13.96552, 0.5069, -8.43103]},
			"faces": {
				"north": {"uv": [9, 8, 4, 10], "texture": "#4"},
				"east": {"uv": [2, 6, 4, 12], "rotation": 270, "texture": "#4"},
				"south": {"uv": [9, 8, 4, 6], "rotation": 180, "texture": "#4"},
				"west": {"uv": [0, 6, 2, 12], "rotation": 90, "texture": "#4"},
				"up": {"uv": [5, 0, 10, 6], "rotation": 180, "texture": "#4"},
				"down": {"uv": [0, 0, 5, 6], "texture": "#4"}
			}
		},
		{
			"from": [8.96552, 1.05862, -1.43103],
			"to": [13.96552, 2.5069, 4.06897],
			"rotation": {"angle": 0, "axis": "y", "origin": [13.96552, 0.5069, -0.43103]},
			"faces": {
				"north": {"uv": [9, 8, 4, 10], "texture": "#4"},
				"east": {"uv": [2, 6, 4, 12], "rotation": 270, "texture": "#4"},
				"south": {"uv": [9, 8, 4, 6], "rotation": 180, "texture": "#4"},
				"west": {"uv": [0, 6, 2, 12], "rotation": 90, "texture": "#4"},
				"up": {"uv": [5, 0, 10, 6], "rotation": 180, "texture": "#4"},
				"down": {"uv": [0, 0, 5, 6], "texture": "#4"}
			}
		},
		{
			"from": [2.06897, 1.05862, -1.43103],
			"to": [7.06897, 2.5069, 4.06897],
			"rotation": {"angle": 0, "axis": "y", "origin": [7.06897, 0.5069, -0.43103]},
			"faces": {
				"north": {"uv": [9, 8, 4, 10], "texture": "#4"},
				"east": {"uv": [2, 6, 4, 12], "rotation": 270, "texture": "#4"},
				"south": {"uv": [9, 8, 4, 6], "rotation": 180, "texture": "#4"},
				"west": {"uv": [0, 6, 2, 12], "rotation": 90, "texture": "#4"},
				"up": {"uv": [5, 0, 10, 6], "rotation": 180, "texture": "#4"},
				"down": {"uv": [0, 0, 5, 6], "texture": "#4"}
			}
		},
		{
			"from": [2.06897, 1.05862, 5.87931],
			"to": [7.06897, 2.5069, 11.37931],
			"rotation": {"angle": 0, "axis": "y", "origin": [7.06897, 0.5069, 6.87931]},
			"faces": {
				"north": {"uv": [9, 8, 4, 10], "texture": "#4"},
				"east": {"uv": [2, 6, 4, 12], "rotation": 270, "texture": "#4"},
				"south": {"uv": [9, 8, 4, 6], "rotation": 180, "texture": "#4"},
				"west": {"uv": [0, 6, 2, 12], "rotation": 90, "texture": "#4"},
				"up": {"uv": [5, 0, 10, 6], "rotation": 180, "texture": "#4"},
				"down": {"uv": [0, 0, 5, 6], "texture": "#4"}
			}
		},
		{
			"from": [8.96552, 1.05862, 5.87931],
			"to": [13.96552, 2.5069, 11.37931],
			"rotation": {"angle": 0, "axis": "y", "origin": [13.96552, 0.5069, 6.87931]},
			"faces": {
				"north": {"uv": [9, 8, 4, 10], "texture": "#4"},
				"east": {"uv": [2, 6, 4, 12], "rotation": 270, "texture": "#4"},
				"south": {"uv": [9, 8, 4, 6], "rotation": 180, "texture": "#4"},
				"west": {"uv": [0, 6, 2, 12], "rotation": 90, "texture": "#4"},
				"up": {"uv": [5, 0, 10, 6], "rotation": 180, "texture": "#4"},
				"down": {"uv": [0, 0, 5, 6], "texture": "#4"}
			}
		},
		{
			"from": [8.96552, 1.05862, 12.91379],
			"to": [13.96552, 2.5069, 18.41379],
			"rotation": {"angle": 0, "axis": "y", "origin": [13.96552, 0.5069, 13.91379]},
			"faces": {
				"north": {"uv": [9, 8, 4, 10], "texture": "#4"},
				"east": {"uv": [2, 6, 4, 12], "rotation": 270, "texture": "#4"},
				"south": {"uv": [9, 8, 4, 6], "rotation": 180, "texture": "#4"},
				"west": {"uv": [0, 6, 2, 12], "rotation": 90, "texture": "#4"},
				"up": {"uv": [5, 0, 10, 6], "rotation": 180, "texture": "#4"},
				"down": {"uv": [0, 0, 5, 6], "texture": "#4"}
			}
		},
		{
			"from": [1.93103, 1.05862, 12.91379],
			"to": [6.93103, 2.5069, 18.41379],
			"rotation": {"angle": 0, "axis": "y", "origin": [6.93103, 0.5069, 13.91379]},
			"faces": {
				"north": {"uv": [9, 8, 4, 10], "texture": "#4"},
				"east": {"uv": [2, 6, 4, 12], "rotation": 270, "texture": "#4"},
				"south": {"uv": [9, 8, 4, 6], "rotation": 180, "texture": "#4"},
				"west": {"uv": [0, 6, 2, 12], "rotation": 90, "texture": "#4"},
				"up": {"uv": [5, 0, 10, 6], "rotation": 180, "texture": "#4"},
				"down": {"uv": [0, 0, 5, 6], "texture": "#4"}
			}
		},
		{
			"from": [1.24138, 1.12414, -1.15517],
			"to": [14.37931, 6.91724, 0.2931],
			"rotation": {"angle": 0, "axis": "y", "origin": [8, 4.71034, -1.98276]},
			"faces": {
				"north": {"uv": [0, 0, 13, 6], "texture": "#5"},
				"east": {"uv": [13, 0, 14, 6], "texture": "#5"},
				"south": {"uv": [0, 6, 13, 12], "texture": "#5"},
				"west": {"uv": [13, 6, 14, 12], "texture": "#5"},
				"up": {"uv": [13, 13, 0, 12], "texture": "#5"},
				"down": {"uv": [13, 13, 0, 14], "texture": "#5"}
			}
		},
		{
			"from": [1.24138, 1.12414, -9.2931],
			"to": [14.37931, 6.91724, -7.84483],
			"rotation": {"angle": 0, "axis": "y", "origin": [8, 4.71034, -10.12069]},
			"faces": {
				"north": {"uv": [0, 0, 13, 6], "texture": "#8"},
				"east": {"uv": [13, 0, 14, 6], "texture": "#8"},
				"south": {"uv": [0, 6, 13, 12], "texture": "#8"},
				"west": {"uv": [13, 6, 14, 12], "texture": "#8"},
				"up": {"uv": [13, 13, 0, 12], "texture": "#8"},
				"down": {"uv": [13, 13, 0, 14], "texture": "#8"}
			}
		},
		{
			"from": [1.24138, 1.12414, 5.87931],
			"to": [14.37931, 6.91724, 7.32759],
			"rotation": {"angle": 0, "axis": "y", "origin": [8, 4.71034, 5.05172]},
			"faces": {
				"north": {"uv": [0, 0, 13, 6], "texture": "#5"},
				"east": {"uv": [13, 0, 14, 6], "texture": "#5"},
				"south": {"uv": [0, 6, 13, 12], "texture": "#5"},
				"west": {"uv": [13, 6, 14, 12], "texture": "#5"},
				"up": {"uv": [13, 13, 0, 12], "texture": "#5"},
				"down": {"uv": [13, 13, 0, 14], "texture": "#5"}
			}
		},
		{
			"from": [1.24138, 1.12414, 12.77586],
			"to": [14.37931, 6.91724, 14.22414],
			"rotation": {"angle": 0, "axis": "y", "origin": [8, 4.71034, 11.94828]},
			"faces": {
				"north": {"uv": [0, 0, 13, 6], "texture": "#5"},
				"east": {"uv": [13, 0, 14, 6], "texture": "#5"},
				"south": {"uv": [0, 6, 13, 12], "texture": "#5"},
				"west": {"uv": [13, 6, 14, 12], "texture": "#5"},
				"up": {"uv": [13, 13, 0, 12], "texture": "#5"},
				"down": {"uv": [13, 13, 0, 14], "texture": "#5"}
			}
		},
		{
			"from": [1.24138, 0.71034, 20.36207],
			"to": [14.37931, 6.91724, 21.67241],
			"rotation": {"angle": 0, "axis": "y", "origin": [8, 4.71034, 18.84483]},
			"faces": {
				"north": {"uv": [0, 0, 6.5, 3.5], "texture": "#15"},
				"east": {"uv": [6.5, 1, 7, 4.5], "texture": "#15"},
				"south": {"uv": [0, 3.5, 6.5, 7], "texture": "#15"},
				"west": {"uv": [6.5, 4.5, 7, 8], "texture": "#15"},
				"up": {"uv": [13, 0.5, 6.5, 0], "texture": "#15"},
				"down": {"uv": [13, 0.5, 6.5, 1], "texture": "#15"}
			}
		},
		{
			"from": [10.17241, 6.75, 12.5],
			"to": [13.17241, 7.27586, 14.5],
			"rotation": {"angle": 0, "axis": "y", "origin": [10.17241, 7, 12.5]},
			"faces": {
				"north": {"uv": [3, 0, 6, 1], "texture": "#7"},
				"east": {"uv": [3, 2, 5, 3], "texture": "#7"},
				"south": {"uv": [3, 1, 6, 2], "texture": "#7"},
				"west": {"uv": [3, 3, 5, 4], "texture": "#7"},
				"up": {"uv": [3, 2, 0, 0], "texture": "#7"},
				"down": {"uv": [3, 2, 0, 4], "texture": "#7"}
			}
		},
		{
			"from": [2.86207, 6.75, 12.5],
			"to": [5.86207, 7.27586, 14.5],
			"rotation": {"angle": 0, "axis": "y", "origin": [2.86207, 7, 12.5]},
			"faces": {
				"north": {"uv": [3, 0, 6, 1], "texture": "#7"},
				"east": {"uv": [3, 2, 5, 3], "texture": "#7"},
				"south": {"uv": [3, 1, 6, 2], "texture": "#7"},
				"west": {"uv": [3, 3, 5, 4], "texture": "#7"},
				"up": {"uv": [3, 2, 0, 0], "texture": "#7"},
				"down": {"uv": [3, 2, 0, 4], "texture": "#7"}
			}
		},
		{
			"from": [2.86207, 6.75, 5.46552],
			"to": [5.86207, 7.27586, 7.46552],
			"rotation": {"angle": 0, "axis": "y", "origin": [2.86207, 7, 5.46552]},
			"faces": {
				"north": {"uv": [3, 0, 6, 1], "texture": "#7"},
				"east": {"uv": [3, 2, 5, 3], "texture": "#7"},
				"south": {"uv": [3, 1, 6, 2], "texture": "#7"},
				"west": {"uv": [3, 3, 5, 4], "texture": "#7"},
				"up": {"uv": [3, 2, 0, 0], "texture": "#7"},
				"down": {"uv": [3, 2, 0, 4], "texture": "#7"}
			}
		},
		{
			"from": [10.03448, 6.75, 5.46552],
			"to": [13.03448, 7.27586, 7.46552],
			"rotation": {"angle": 0, "axis": "y", "origin": [10.03448, 7, 5.46552]},
			"faces": {
				"north": {"uv": [3, 0, 6, 1], "texture": "#7"},
				"east": {"uv": [3, 2, 5, 3], "texture": "#7"},
				"south": {"uv": [3, 1, 6, 2], "texture": "#7"},
				"west": {"uv": [3, 3, 5, 4], "texture": "#7"},
				"up": {"uv": [3, 2, 0, 0], "texture": "#7"},
				"down": {"uv": [3, 2, 0, 4], "texture": "#7"}
			}
		},
		{
			"from": [10.03448, 6.75, -1.43103],
			"to": [13.03448, 7.27586, 0.56897],
			"rotation": {"angle": 0, "axis": "y", "origin": [10.03448, 7, -1.43103]},
			"faces": {
				"north": {"uv": [3, 0, 6, 1], "texture": "#7"},
				"east": {"uv": [3, 2, 5, 3], "texture": "#7"},
				"south": {"uv": [3, 1, 6, 2], "texture": "#7"},
				"west": {"uv": [3, 3, 5, 4], "texture": "#7"},
				"up": {"uv": [3, 2, 0, 0], "texture": "#7"},
				"down": {"uv": [3, 2, 0, 4], "texture": "#7"}
			}
		},
		{
			"from": [2.86207, 6.75, -1.43103],
			"to": [5.86207, 7.27586, 0.56897],
			"rotation": {"angle": 0, "axis": "y", "origin": [2.86207, 7, -1.43103]},
			"faces": {
				"north": {"uv": [3, 0, 6, 1], "texture": "#7"},
				"east": {"uv": [3, 2, 5, 3], "texture": "#7"},
				"south": {"uv": [3, 1, 6, 2], "texture": "#7"},
				"west": {"uv": [3, 3, 5, 4], "texture": "#7"},
				"up": {"uv": [3, 2, 0, 0], "texture": "#7"},
				"down": {"uv": [3, 2, 0, 4], "texture": "#7"}
			}
		},
		{
			"from": [8.5, 3, -9.75],
			"to": [8.5, 4, -9.75],
			"rotation": {"angle": 0, "axis": "y", "origin": [8, 2, -10]},
			"color": 2,
			"faces": {
				"north": {"uv": [0, 1, 1, 4.9], "texture": "#missing"},
				"east": {"uv": [0, 1, 0, 4], "texture": "#missing"},
				"south": {"uv": [1, 1, 2, 4], "texture": "#missing"},
				"west": {"uv": [1, 1, 1, 4], "texture": "#missing"},
				"up": {"uv": [1, 1, 0, 1], "texture": "#missing"},
				"down": {"uv": [2, 1, 1, 1], "texture": "#missing"}
			}
		},
		{
			"from": [14.5, 2.05172, -9.6],
			"to": [15.63793, 5.22414, 22.43448],
			"rotation": {"angle": 0, "axis": "y", "origin": [14, 1.5, -9.1]},
			"faces": {
				"north": {"uv": [0.5, 1.5, 0.75, 2.25], "texture": "#0"},
				"east": {"uv": [0, 0, 8, 0.75], "texture": "#0"},
				"south": {"uv": [0.75, 1.5, 1, 2.25], "texture": "#0"},
				"west": {"uv": [0, 0.78448, 8, 1.43103], "texture": "#0"},
				"up": {"uv": [0.25, 9.5, 0, 1.5], "texture": "#0"},
				"down": {"uv": [0.5, 1.5, 0.25, 9.5], "texture": "#0"}
			}
		},
		{
			"from": [0.36207, 2.05172, -9.18621],
			"to": [1.5, 5.22414, 22.84828],
			"rotation": {"angle": 0, "axis": "y", "origin": [2, 1.5, 22.34828]},
			"faces": {
				"north": {"uv": [0.50862, 1.5, 0.72414, 2.25], "texture": "#0"},
				"east": {"uv": [0, 0.68103, 8, 1.43103], "texture": "#0"},
				"south": {"uv": [0.77586, 1.32759, 0.9569, 2.07759], "texture": "#0"},
				"west": {"uv": [0, 0, 8, 0.75], "texture": "#0"},
				"up": {"uv": [0.25, 9.5, 0, 1.5], "rotation": 180, "texture": "#0"},
				"down": {"uv": [0.5, 1.5, 0.25, 9.5], "rotation": 180, "texture": "#0"}
			}
		},
		{
			"from": [15.18966, 0.67241, -9.6],
			"to": [15.91379, 1.5, 22.43448],
			"rotation": {"angle": 0, "axis": "y", "origin": [14.68966, 0.67241, -9.1]},
			"faces": {
				"north": {"uv": [0.5, 0.5, 0.75, 0.75], "texture": "#2"},
				"east": {"uv": [0, 0, 8, 0.25], "texture": "#2"},
				"south": {"uv": [0.5, 0.75, 0.75, 1], "texture": "#2"},
				"west": {"uv": [0, 0.25, 8, 0.5], "texture": "#2"},
				"up": {"uv": [0.25, 8.5, 0, 0.5], "texture": "#2"},
				"down": {"uv": [0.5, 0.5, 0.25, 8.5], "texture": "#2"}
			}
		},
		{
			"from": [0.2931, 0.67241, -9.6],
			"to": [1.01724, 1.5, 22.43448],
			"rotation": {"angle": 0, "axis": "y", "origin": [-0.2069, 0.67241, -9.1]},
			"faces": {
				"north": {"uv": [0.5, 0.5, 0.75, 0.75], "texture": "#2"},
				"east": {"uv": [0, 0, 8, 0.25], "texture": "#2"},
				"south": {"uv": [0.5, 0.75, 0.75, 1], "texture": "#2"},
				"west": {"uv": [0, 0.25, 8, 0.5], "texture": "#2"},
				"up": {"uv": [0.25, 8.5, 0, 0.5], "texture": "#2"},
				"down": {"uv": [0.5, 0.5, 0.25, 8.5], "texture": "#2"}
			}
		},
		{
			"from": [1.36207, 6.46552, 6.22759],
			"to": [13.81034, 7.43103, 6.95172],
			"rotation": {"angle": 0, "axis": "y", "origin": [-20.89655, 6.60345, 7.58966]},
			"faces": {
				"north": {"uv": [0, 0, 8, 0.25], "texture": "#2"},
				"east": {"uv": [0.5, 0.75, 0.75, 1], "texture": "#2"},
				"south": {"uv": [0, 0.25, 8, 0.5], "texture": "#2"},
				"west": {"uv": [0.5, 0.5, 0.75, 0.75], "texture": "#2"},
				"up": {"uv": [0.25, 8.5, 0, 0.5], "rotation": 270, "texture": "#2"},
				"down": {"uv": [0.5, 0.5, 0.25, 8.5], "rotation": 90, "texture": "#2"}
			}
		},
		{
			"from": [1.36207, 6.46552, 12.98621],
			"to": [13.81034, 7.43103, 13.71034],
			"rotation": {"angle": 0, "axis": "y", "origin": [-20.89655, 6.60345, 14.34828]},
			"faces": {
				"north": {"uv": [0, 0, 8, 0.25], "texture": "#2"},
				"east": {"uv": [0.5, 0.75, 0.75, 1], "texture": "#2"},
				"south": {"uv": [0, 0.25, 8, 0.5], "texture": "#2"},
				"west": {"uv": [0.5, 0.5, 0.75, 0.75], "texture": "#2"},
				"up": {"uv": [0.25, 8.5, 0, 0.5], "rotation": 270, "texture": "#2"},
				"down": {"uv": [0.5, 0.5, 0.25, 8.5], "rotation": 90, "texture": "#2"}
			}
		},
		{
			"from": [1.36207, 6.46552, 20.02069],
			"to": [13.81034, 7.43103, 20.74483],
			"rotation": {"angle": 0, "axis": "y", "origin": [-20.89655, 6.60345, 21.38276]},
			"faces": {
				"north": {"uv": [0, 0, 8, 0.25], "texture": "#2"},
				"east": {"uv": [0.5, 0.75, 0.75, 1], "texture": "#2"},
				"south": {"uv": [0, 0.25, 8, 0.5], "texture": "#2"},
				"west": {"uv": [0.5, 0.5, 0.75, 0.75], "texture": "#2"},
				"up": {"uv": [0.25, 8.5, 0, 0.5], "rotation": 270, "texture": "#2"},
				"down": {"uv": [0.5, 0.5, 0.25, 8.5], "rotation": 90, "texture": "#2"}
			}
		},
		{
			"from": [1.36207, 6.46552, -0.94483],
			"to": [13.81034, 7.43103, -0.22069],
			"rotation": {"angle": 0, "axis": "y", "origin": [-20.89655, 6.60345, 0.41724]},
			"faces": {
				"north": {"uv": [0, 0, 8, 0.25], "texture": "#2"},
				"east": {"uv": [0.5, 0.75, 0.75, 1], "texture": "#2"},
				"south": {"uv": [0, 0.25, 8, 0.5], "texture": "#2"},
				"west": {"uv": [0.5, 0.5, 0.75, 0.75], "texture": "#2"},
				"up": {"uv": [0.25, 8.5, 0, 0.5], "rotation": 270, "texture": "#2"},
				"down": {"uv": [0.5, 0.5, 0.25, 8.5], "rotation": 90, "texture": "#2"}
			}
		},
		{
			"from": [14.5, 0.67241, -9.6],
			"to": [15.22414, 2.05172, 22.43448],
			"rotation": {"angle": 0, "axis": "y", "origin": [14, 0.67241, -9.1]},
			"faces": {
				"north": {"uv": [0.5, 0.5, 0.75, 0.75], "texture": "#1"},
				"east": {"uv": [0, 0, 8, 0.25], "texture": "#1"},
				"south": {"uv": [0.5, 0.75, 0.75, 1], "texture": "#1"},
				"west": {"uv": [0, 0.25, 8, 0.5], "texture": "#1"},
				"up": {"uv": [0.25, 8.5, 0, 0.5], "texture": "#1"},
				"down": {"uv": [0.5, 0.5, 0.25, 8.5], "texture": "#1"}
			}
		},
		{
			"from": [0.91379, 0.67241, -9.18621],
			"to": [1.5, 2.05172, 22.84828],
			"rotation": {"angle": 0, "axis": "y", "origin": [2.13793, 0.67241, 22.34828]},
			"faces": {
				"north": {"uv": [0.5, 0.75, 0.75, 1], "texture": "#1"},
				"east": {"uv": [0, 0.25, 8, 0.5], "texture": "#1"},
				"south": {"uv": [0.5, 0.5, 0.75, 0.75], "texture": "#1"},
				"west": {"uv": [0, 0, 8, 0.25], "texture": "#1"},
				"up": {"uv": [0.25, 8.5, 0, 0.5], "rotation": 180, "texture": "#1"},
				"down": {"uv": [0.5, 0.5, 0.25, 8.5], "rotation": 180, "texture": "#1"}
			}
		},
		{
			"from": [1.96552, 1, -10],
			"to": [6.96552, 6.5, -9.5],
			"rotation": {"angle": 0, "axis": "y", "origin": [1.96552, 2, -10]},
			"faces": {
				"north": {"uv": [0, 0, 5, 6], "texture": "#9"},
				"east": {"uv": [0, 6, 1, 12], "texture": "#9"},
				"south": {"uv": [5, 0, 10, 6], "texture": "#9"},
				"west": {"uv": [1, 6, 2, 12], "texture": "#9"},
				"up": {"uv": [7, 7, 2, 6], "texture": "#9"},
				"down": {"uv": [7, 7, 2, 8], "texture": "#9"}
			}
		},
		{
			"from": [9, 1, -10],
			"to": [14, 6.5, -9.5],
			"rotation": {"angle": 0, "axis": "y", "origin": [9, 2, -10]},
			"faces": {
				"north": {"uv": [0, 0, 5, 6], "texture": "#9"},
				"east": {"uv": [0, 6, 1, 12], "texture": "#9"},
				"south": {"uv": [5, 0, 10, 6], "texture": "#9"},
				"west": {"uv": [1, 6, 2, 12], "texture": "#9"},
				"up": {"uv": [7, 7, 2, 6], "texture": "#9"},
				"down": {"uv": [7, 7, 2, 8], "texture": "#9"}
			}
		},
		{
			"from": [14, 5, -10],
			"to": [14.5, 6, -9.5],
			"rotation": {"angle": 0, "axis": "y", "origin": [14, 7, -10]},
			"faces": {
				"north": {"uv": [0, 0, 1, 1], "texture": "#11"},
				"east": {"uv": [0, 1, 1, 2], "texture": "#11"},
				"south": {"uv": [1, 0, 2, 1], "texture": "#11"},
				"west": {"uv": [1, 1, 2, 2], "texture": "#11"},
				"up": {"uv": [1, 3, 0, 2], "texture": "#11"},
				"down": {"uv": [3, 0, 2, 1], "texture": "#11"}
			}
		},
		{
			"from": [14, 1, -10],
			"to": [14.5, 2, -9.5],
			"rotation": {"angle": 0, "axis": "y", "origin": [14, 3, -10]},
			"faces": {
				"north": {"uv": [0, 0, 1, 1], "texture": "#11"},
				"east": {"uv": [0, 1, 1, 2], "texture": "#11"},
				"south": {"uv": [1, 0, 2, 1], "texture": "#11"},
				"west": {"uv": [1, 1, 2, 2], "texture": "#11"},
				"up": {"uv": [1, 3, 0, 2], "texture": "#11"},
				"down": {"uv": [3, 0, 2, 1], "texture": "#11"}
			}
		},
		{
			"from": [1.44828, 1, -10],
			"to": [1.94828, 2, -9.5],
			"rotation": {"angle": 0, "axis": "y", "origin": [1.44828, 3, -10]},
			"faces": {
				"north": {"uv": [0, 0, 1, 1], "texture": "#11"},
				"east": {"uv": [0, 1, 1, 2], "texture": "#11"},
				"south": {"uv": [1, 0, 2, 1], "texture": "#11"},
				"west": {"uv": [1, 1, 2, 2], "texture": "#11"},
				"up": {"uv": [1, 3, 0, 2], "texture": "#11"},
				"down": {"uv": [3, 0, 2, 1], "texture": "#11"}
			}
		},
		{
			"from": [1.44828, 5, -10],
			"to": [1.94828, 6, -9.5],
			"rotation": {"angle": 0, "axis": "y", "origin": [1.44828, 7, -10]},
			"faces": {
				"north": {"uv": [0, 0, 1, 1], "texture": "#11"},
				"east": {"uv": [0, 1, 1, 2], "texture": "#11"},
				"south": {"uv": [1, 0, 2, 1], "texture": "#11"},
				"west": {"uv": [1, 1, 2, 2], "texture": "#11"},
				"up": {"uv": [1, 3, 0, 2], "texture": "#11"},
				"down": {"uv": [3, 0, 2, 1], "texture": "#11"}
			}
		},
		{
			"from": [1, 1, 21.85862],
			"to": [15, 2, 25.34138],
			"rotation": {"angle": 0, "axis": "y", "origin": [9, 1.5, 23.1]},
			"faces": {
				"north": {"uv": [0, 0, 5, 1], "texture": "#18"},
				"east": {"uv": [0, 0, 0.5, 1], "texture": "#18"},
				"south": {"uv": [8, 6.48276, 12.86207, 7.89655], "texture": "#18"},
				"west": {"uv": [0, 0, 0.5, 1], "texture": "#18"},
				"up": {"uv": [8, 7.03448, 12.58621, 7.39655], "texture": "#18"},
				"down": {"uv": [0, 0, 5, 0.5], "texture": "#18"}
			}
		},
		{
			"from": [1.6, 2, 21.68276],
			"to": [14.6, 2.5, 24.75172],
			"rotation": {"angle": 0, "axis": "y", "origin": [1.6, 1.5, 23.7]},
			"faces": {
				"north": {"uv": [0, 0, 12, 0.5], "texture": "#18"},
				"east": {"uv": [0, 0, 1, 0.5], "texture": "#18"},
				"south": {"uv": [0, 0, 12, 0.5], "texture": "#18"},
				"west": {"uv": [0, 0, 1, 0.5], "texture": "#18"},
				"up": {"uv": [0, 0, 12, 1], "texture": "#18"},
				"down": {"uv": [0, 0, 12, 1], "texture": "#18"}
			}
		},
		{
			"from": [1.5, 0.81379, 21.1],
			"to": [6.5, 1.9, 23.1],
			"rotation": {"angle": 0, "axis": "y", "origin": [1, 0.9, 21.1]},
			"color": 2,
			"faces": {
				"north": {"uv": [0, 0, 5, 1.5], "texture": "#missing"},
				"east": {"uv": [0, 0, 2, 1.5], "texture": "#missing"},
				"south": {"uv": [0, 0, 5, 1.5], "texture": "#missing"},
				"west": {"uv": [0, 0, 2, 1.5], "texture": "#missing"},
				"up": {"uv": [0, 0, 5, 2], "texture": "#missing"},
				"down": {"uv": [0, 0, 5, 2], "texture": "#missing"}
			}
		},
		{
			"from": [7, 1.5, 21],
			"to": [7.5, 2.5, 21.5],
			"rotation": {"angle": 0, "axis": "y", "origin": [7, 3.5, 22]},
			"color": 9,
			"faces": {
				"north": {"uv": [0, 0, 0.5, 1], "texture": "#missing"},
				"east": {"uv": [0, 0, 0.5, 1], "texture": "#missing"},
				"south": {"uv": [0, 0, 0.5, 1], "texture": "#missing"},
				"west": {"uv": [0, 0, 0.5, 1], "texture": "#missing"},
				"up": {"uv": [0, 0, 0.5, 0.5], "texture": "#missing"},
				"down": {"uv": [0, 0, 0.5, 0.5], "texture": "#missing"}
			}
		},
		{
			"from": [5.41379, 5.3, 20.53448],
			"to": [10.17586, 6.24828, 24.05172],
			"rotation": {"angle": 0, "axis": "y", "origin": [5.27586, 6.3, 21.5]},
			"faces": {
				"north": {"uv": [0, 0.68966, 5, 7.18966], "texture": "#14"},
				"east": {"uv": [0, 0, 2, 6.5], "texture": "#14"},
				"south": {"uv": [4.96552, 2.06897, 9.96552, 4.01724], "texture": "#14"},
				"west": {"uv": [0, 1.51724, 2, 8.01724], "texture": "#14"},
				"up": {"uv": [1.10345, 0, 6.10345, 2], "texture": "#14"},
				"down": {"uv": [0, 3.44828, 5, 5.44828], "texture": "#14"}
			}
		},
		{
			"from": [1.75862, 5.44828, 23.5],
			"to": [6, 6.5, 24.41379],
			"rotation": {"angle": 0, "axis": "y", "origin": [2.31034, 4.9, 23]},
			"faces": {
				"north": {"uv": [0, 0, 4, 1], "texture": "#13"},
				"east": {"uv": [0, 4, 1, 5], "texture": "#13"},
				"south": {"uv": [0, 1, 4, 2], "texture": "#13"},
				"west": {"uv": [4, 0, 5, 1], "texture": "#13"},
				"up": {"uv": [4, 3, 0, 2], "texture": "#13"},
				"down": {"uv": [4, 3, 0, 4], "texture": "#13"}
			}
		},
		{
			"from": [9.48276, 5.44828, 23.5],
			"to": [13.72414, 6.5, 24.41379],
			"rotation": {"angle": 0, "axis": "y", "origin": [10.03448, 4.9, 23]},
			"faces": {
				"north": {"uv": [0, 0, 4, 1], "texture": "#13"},
				"east": {"uv": [0, 4, 1, 5], "texture": "#13"},
				"south": {"uv": [0, 1, 4, 2], "texture": "#13"},
				"west": {"uv": [4, 0, 5, 1], "texture": "#13"},
				"up": {"uv": [4, 3, 0, 2], "texture": "#13"},
				"down": {"uv": [4, 3, 0, 4], "texture": "#13"}
			}
		},
		{
			"from": [1.44828, 4.5, 21.98276],
			"to": [14, 5.5, 24.55172],
			"rotation": {"angle": 0, "axis": "y", "origin": [2, 6.5, 23]},
			"faces": {
				"north": {"uv": [0, 0, 12, 1], "texture": "#16"},
				"east": {"uv": [0, 4, 1, 5], "texture": "#16"},
				"south": {"uv": [0, 1, 12, 2], "texture": "#16"},
				"west": {"uv": [1, 4, 2, 5], "texture": "#16"},
				"up": {"uv": [12, 3, 0, 2], "texture": "#16"},
				"down": {"uv": [12, 3, 0, 4], "texture": "#16"}
			}
		},
		{
			"from": [1.55, 4, 22.23448],
			"to": [14.55, 4.5, 24.2],
			"rotation": {"angle": 0, "axis": "y", "origin": [1.8, 3.5, 23.7]},
			"faces": {
				"north": {"uv": [0, 4, 13, 5], "texture": "#17"},
				"east": {"uv": [0, 6, 2, 7], "texture": "#17"},
				"south": {"uv": [0, 5, 13, 6], "texture": "#17"},
				"west": {"uv": [2, 6, 4, 7], "texture": "#17"},
				"up": {"uv": [13, 2, 0, 0], "texture": "#17"},
				"down": {"uv": [13, 2, 0, 4], "texture": "#17"}
			}
		},
		{
			"from": [1.55, 2.5, 23.2],
			"to": [14.55, 2.75, 23.7],
			"rotation": {"angle": 0, "axis": "y", "origin": [1.6, 2.8, 23.7]},
			"color": 0,
			"faces": {
				"north": {"uv": [0, 0, 12, 0.5], "texture": "#missing"},
				"east": {"uv": [0, 0, 0.5, 0.5], "texture": "#missing"},
				"south": {"uv": [0, 0, 12, 0.5], "texture": "#missing"},
				"west": {"uv": [0, 0, 0.5, 0.5], "texture": "#missing"},
				"up": {"uv": [0, 0, 12, 0.5], "texture": "#missing"},
				"down": {"uv": [0, 0, 12, 0.5], "texture": "#missing"}
			}
		},
		{
			"from": [1.5, 1.38103, 22.4],
			"to": [14.5, 3.95, 22.9],
			"rotation": {"angle": 0, "axis": "y", "origin": [1.5, 3.4, 22.9]},
			"faces": {
				"north": {"uv": [0, 0, 13, 3], "texture": "#18"},
				"east": {"uv": [0, 8, 1, 11], "texture": "#18"},
				"south": {"uv": [0, 3, 13, 6], "texture": "#18"},
				"west": {"uv": [1, 8, 2, 11], "texture": "#18"},
				"up": {"uv": [13, 7, 0, 6], "texture": "#18"},
				"down": {"uv": [13, 7, 0, 8], "texture": "#18"}
			}
		},
		{
			"from": [7, 1.15, 22.7],
			"to": [9, 2.15, 23.2],
			"rotation": {"angle": 0, "axis": "y", "origin": [7, 1.1, 23.2]},
			"color": 1,
			"faces": {
				"north": {"uv": [0, 0, 12, 0.5], "texture": "#missing"},
				"east": {"uv": [0, 0, 0.5, 0.5], "texture": "#missing"},
				"south": {"uv": [0, 0, 12, 0.5], "texture": "#missing"},
				"west": {"uv": [0, 0, 0.5, 0.5], "texture": "#missing"},
				"up": {"uv": [0, 0, 12, 0.5], "texture": "#missing"},
				"down": {"uv": [0, 0, 12, 0.5], "texture": "#missing"}
			}
		},
		{
			"from": [1.44828, 5.3, 20.81034],
			"to": [6.44828, 6.8, 24.32759],
			"rotation": {"angle": 0, "axis": "y", "origin": [1.44828, 6.3, 21.5]},
			"faces": {
				"north": {"uv": [5, 0, 10, 2], "texture": "#14"},
				"east": {"uv": [5, 4, 9, 6], "texture": "#14"},
				"south": {"uv": [5, 2, 10, 4], "texture": "#14"},
				"west": {"uv": [5, 6, 9, 8], "texture": "#14"},
				"up": {"uv": [5, 4, 0, 0], "texture": "#14"},
				"down": {"uv": [5, 4, 0, 8], "texture": "#14"}
			}
		},
		{
			"from": [9.03448, 5.3, 20.81034],
			"to": [14.03448, 6.8, 24.32759],
			"rotation": {"angle": 0, "axis": "y", "origin": [9.03448, 6.3, 21.5]},
			"faces": {
				"north": {"uv": [5, 0, 10, 2], "texture": "#14"},
				"east": {"uv": [5, 4, 9, 6], "texture": "#14"},
				"south": {"uv": [5, 2, 10, 4], "texture": "#14"},
				"west": {"uv": [5, 6, 9, 8], "texture": "#14"},
				"up": {"uv": [5, 4, 0, 0], "texture": "#14"},
				"down": {"uv": [5, 4, 0, 8], "texture": "#14"}
			}
		},
		{
			"from": [1.4, 2.45, 22.14828],
			"to": [14.9, 2.95, 23.75172],
			"rotation": {"angle": 0, "axis": "y", "origin": [1.4, 2.4, 23.2]},
			"faces": {
				"north": {"uv": [0, 0, 12, 0.5], "texture": "#18"},
				"east": {"uv": [0, 0, 0.5, 0.5], "texture": "#18"},
				"south": {"uv": [0, 0, 12, 0.5], "texture": "#18"},
				"west": {"uv": [0, 0, 0.5, 0.5], "texture": "#18"},
				"up": {"uv": [0, 0, 12, 0.5], "texture": "#18"},
				"down": {"uv": [0, 0, 12, 0.5], "texture": "#18"}
			}
		}
	],
	"display": {
		"head": {
			"translation": [0, 14, 0]
		}
	}
}
