{
	"credit": "Made with Blockbench",
	"texture_size": [32, 32],
	"textures": {
		"0": "item/custom/ps1",
		"1": "item/custom/ps2",
		"2": "item/custom/ps3",
		"particle": "item/custom/ps1"
	},
	"elements": [
		{
			"from": [0.27586, -5.10345, 0.41379],
			"to": [1.72414, -4.06897, 1.72414],
			"rotation": {"angle": 0, "axis": "y", "origin": [0, -5.65517, 0]},
			"faces": {
				"north": {"uv": [0, 0, 0.72414, 0.51724], "texture": "#1"},
				"east": {"uv": [0, 0, 0.65517, 0.51724], "texture": "#1"},
				"south": {"uv": [0, 0, 0.72414, 0.51724], "texture": "#1"},
				"west": {"uv": [0, 0, 0.65517, 0.51724], "texture": "#1"},
				"up": {"uv": [0, 0, 0.72414, 0.65517], "texture": "#1"},
				"down": {"uv": [0, 0, 0.72414, 0.65517], "texture": "#1"}
			}
		},
		{
			"from": [0, -7.58621, 0],
			"to": [2, -5.03448, 2],
			"rotation": {"angle": 0, "axis": "y", "origin": [0, -7.58621, 0]},
			"faces": {
				"north": {"uv": [0, 0, 2, 3], "texture": "#1"},
				"east": {"uv": [2, 0, 4, 3], "texture": "#1"},
				"south": {"uv": [0, 3, 2, 6], "texture": "#1"},
				"west": {"uv": [2, 3, 4, 6], "texture": "#1"},
				"up": {"uv": [6, 2, 4, 0], "texture": "#1"},
				"down": {"uv": [6, 2, 4, 4], "texture": "#1"}
			}
		},
		{
			"from": [-3.58621, 1.51724, 0.41379],
			"to": [-2.82759, 4.89655, 1.58621],
			"rotation": {"angle": -22.5, "axis": "z", "origin": [-4.41379, 1.10345, 0.41379]},
			"faces": {
				"north": {"uv": [0, 0, 0.75862, 3.37931], "texture": "#1"},
				"east": {"uv": [0, 0, 1.17241, 3.37931], "texture": "#1"},
				"south": {"uv": [0, 0, 0.75862, 3.37931], "texture": "#1"},
				"west": {"uv": [0, 0, 1.17241, 3.37931], "texture": "#1"},
				"up": {"uv": [0, 0, 0.75862, 1.17241], "texture": "#1"},
				"down": {"uv": [0, 0, 0.75862, 1.17241], "texture": "#1"}
			}
		},
		{
			"from": [-3.58621, -2.48276, 0.51379],
			"to": [-2.82759, 1.17241, 1.54828],
			"rotation": {"angle": 0, "axis": "y", "origin": [-4.41379, -2.89655, 0.51379]},
			"faces": {
				"north": {"uv": [0, 0, 0.37931, 1.82759], "texture": "#1"},
				"east": {"uv": [0, 0, 0.51724, 1.82759], "texture": "#1"},
				"south": {"uv": [0, 0, 0.37931, 1.82759], "texture": "#1"},
				"west": {"uv": [0, 0, 0.51724, 1.82759], "texture": "#1"},
				"up": {"uv": [0, 0, 0.37931, 0.51724], "texture": "#1"},
				"down": {"uv": [0, 0, 0.37931, 0.51724], "texture": "#1"}
			}
		},
		{
			"from": [-2.06897, -6.62069, 0.41379],
			"to": [-1.31034, -2.41379, 1.58621],
			"rotation": {"angle": 22.5, "axis": "z", "origin": [-2.89655, -6.2069, 0.41379]},
			"faces": {
				"north": {"uv": [0, 0, 0.37931, 2.10345], "texture": "#1"},
				"east": {"uv": [0, 0, 0.58621, 2.10345], "texture": "#1"},
				"south": {"uv": [0, 0, 0.37931, 2.10345], "texture": "#1"},
				"west": {"uv": [0, 0, 0.58621, 2.10345], "texture": "#1"},
				"up": {"uv": [0, 0, 0.37931, 0.58621], "texture": "#1"},
				"down": {"uv": [0, 0, 0.37931, 0.58621], "texture": "#1"}
			}
		},
		{
			"from": [-2, -6.34483, 0.55172],
			"to": [1.93103, -5.58621, 1.72414],
			"rotation": {"angle": 0, "axis": "y", "origin": [1.51724, -7.17241, 0.41379]},
			"faces": {
				"north": {"uv": [0, 0, 0.37931, 1.96552], "rotation": 90, "texture": "#1"},
				"east": {"uv": [0, 0, 0.37931, 0.58621], "rotation": 270, "texture": "#1"},
				"south": {"uv": [0, 0, 0.37931, 1.96552], "rotation": 270, "texture": "#1"},
				"west": {"uv": [0, 0, 0.37931, 0.58621], "rotation": 270, "texture": "#1"},
				"up": {"uv": [0, 0, 0.58621, 1.96552], "rotation": 270, "texture": "#1"},
				"down": {"uv": [0, 0, 0.58621, 1.96552], "rotation": 270, "texture": "#1"}
			}
		},
		{
			"from": [-1.7931, 3.10345, -0.55172],
			"to": [2.82759, 4.27586, 2.55172],
			"rotation": {"angle": 0, "axis": "y", "origin": [-2.2069, 5.10345, 0]},
			"faces": {
				"north": {"uv": [2.89655, 0, 3.93104, 4.62069], "rotation": 270, "texture": "#1"},
				"east": {"uv": [0.96552, 0, 2.89655, 5.93103], "rotation": 90, "texture": "#1"},
				"south": {"uv": [0.96552, 0, 2.96552, 6], "rotation": 90, "texture": "#1"},
				"west": {"uv": [0.96552, 0, 3.93104, 6], "rotation": 90, "texture": "#1"},
				"up": {"uv": [4, 0, 6, 3.93103], "rotation": 90, "texture": "#1"},
				"down": {"uv": [4, 0, 6, 3.93103], "rotation": 90, "texture": "#1"}
			}
		},
		{
			"from": [-7.72414, 24.13793, 0.68966],
			"to": [-5.72414, 26.62069, 1.44828],
			"rotation": {"angle": -22.5, "axis": "z", "origin": [-7.72414, 3.86207, -0.41379]},
			"faces": {
				"north": {"uv": [0, 0, 0.72414, 1.72414], "texture": "#2"},
				"east": {"uv": [0, 0, 0.37931, 1.72414], "texture": "#2"},
				"south": {"uv": [1.37931, 0, 2.10345, 1.72414], "texture": "#2"},
				"west": {"uv": [0, 0, 0.37931, 1.72414], "texture": "#2"},
				"up": {"uv": [0, 0, 0.72414, 0.37931], "texture": "#2"},
				"down": {"uv": [0, 0, 0.72414, 0.37931], "texture": "#2"}
			}
		},
		{
			"from": [1.57953, 23.74778, 0.82759],
			"to": [2.88987, 25.67881, 1.31034],
			"rotation": {"angle": -45, "axis": "z", "origin": [2.2069, 24.41379, -0.41379]},
			"faces": {
				"north": {"uv": [0, 0, 0.72414, 1.72414], "texture": "#2"},
				"east": {"uv": [0, 0, 0.37931, 1.72414], "texture": "#2"},
				"south": {"uv": [1.37931, 0, 2.10345, 1.72414], "texture": "#2"},
				"west": {"uv": [0, 0, 0.37931, 1.72414], "texture": "#2"},
				"up": {"uv": [0, 0, 0.72414, 0.37931], "texture": "#2"},
				"down": {"uv": [0, 0, 0.72414, 0.37931], "texture": "#2"}
			}
		},
		{
			"from": [0, 4.13793, 0.55172],
			"to": [2, 23.03448, 1.58621],
			"rotation": {"angle": 0, "axis": "y", "origin": [0, 1.10345, -0.41379]},
			"faces": {
				"north": {"uv": [0, 0, 1, 9.5], "texture": "#2"},
				"east": {"uv": [2, 0, 2.5, 9.5], "texture": "#2"},
				"south": {"uv": [1, 0, 2, 9.5], "texture": "#2"},
				"west": {"uv": [2.5, 0, 3, 9.5], "texture": "#2"},
				"up": {"uv": [4, 0.5, 3, 0], "texture": "#2"},
				"down": {"uv": [4, 0.5, 3, 1], "texture": "#2"}
			}
		},
		{
			"from": [0, -4.41379, 0],
			"to": [2, 3.10345, 2],
			"rotation": {"angle": 0, "axis": "y", "origin": [0, -4.41379, 0]},
			"faces": {
				"north": {"uv": [0, 0, 2, 8], "texture": "#0"},
				"east": {"uv": [2, 0, 4, 8], "texture": "#0"},
				"south": {"uv": [4, 0, 6, 8], "texture": "#0"},
				"west": {"uv": [6, 0, 8, 8], "texture": "#0"},
				"up": {"uv": [2, 10, 0, 8], "texture": "#0"},
				"down": {"uv": [10, 0, 8, 2], "texture": "#0"}
			}
		}
	],
	"display": {
		"thirdperson_righthand": {
			"rotation": [0, -90, 0],
			"translation": [-4.5, 3.5, 6],
			"scale": [0.64, 0.64, 0.64]
		},
		"thirdperson_lefthand": {
			"rotation": [0, 90, 0],
			"translation": [4.5, 3.75, 5.75],
			"scale": [0.64, 0.64, 0.64]
		},
		"firstperson_righthand": {
			"rotation": [0, -103, 0],
			"translation": [0, -0.5, 0],
			"scale": [1, 1.1, 1]
		},
		"firstperson_lefthand": {
			"rotation": [0, 89, 0],
			"translation": [15.25, 0.75, 0],
			"scale": [0.6, 1, 1]
		},
		"ground": {
			"rotation": [90, 0, 0],
			"translation": [5, -6.5, -3.25],
			"scale": [0.64, 0.64, 0.64]
		},
		"gui": {
			"rotation": [0, 180, 49],
			"translation": [-2.5, 2.5, 0],
			"scale": [0.55, 0.55, 0.55]
		},
		"head": {
			"rotation": [-56.25, -90, 0],
			"translation": [-4.5, 13.25, -8.25],
			"scale": [0.64, 0.64, 0.64]
		},
		"fixed": {
			"rotation": [0, 0, 48.5],
			"translation": [3.25, 3.25, 5.25],
			"scale": [0.64, 0.64, 0.64]
		}
	},
	"groups": [
		{
			"name": "group",
			"origin": [8, 8, 8],
			"color": 0,
			"children": [
				0,
				1,
				{
					"name": "group",
					"origin": [-2.89655, -1.7931, 0],
					"color": 0,
					"children": [2, 3, 4, 5]
				},
				6,
				7,
				8,
				9,
				10
			]
		}
	]
}
