{
	"credit": "Made with Blockbench",
	"texture_size": [8, 8],
	"textures": {
		"1": "item/custom/mk/texturepotcsign1",
		"2": "item/custom/mk/texturepotcsign2"
	},
	"elements": [
		{
			"from": [-10.62069, -1.7931, 0],
			"to": [4.48276, 6.68966, 0.75862],
			"faces": {
				"north": {"uv": [0, 0, 7.5, 4.25], "texture": "#2"},
				"east": {"uv": [7.5, 1, 8, 5.25], "texture": "#2"},
				"south": {"uv": [0, 4.5, 7.5, 8.75], "texture": "#2"},
				"west": {"uv": [7.5, 5.5, 8, 9.75], "texture": "#2"},
				"up": {"uv": [15, 0.5, 7.5, 0], "texture": "#2"},
				"down": {"uv": [15, 0.5, 7.5, 1], "texture": "#2"}
			}
		},
		{
			"from": [-11.44828, 1.37931, 0],
			"to": [-10.13793, 2.68966, 0.75862],
			"rotation": {"angle": 0, "axis": "y", "origin": [-4.96552, 3.17241, 0]},
			"faces": {
				"north": {"uv": [0, 0, 2.62069, 2.62069], "texture": "#1"},
				"east": {"uv": [0, 0, 1.51724, 2.62069], "texture": "#1"},
				"south": {"uv": [0, 0, 2.62069, 2.62069], "texture": "#1"},
				"west": {"uv": [0, 0, 1.51724, 2.62069], "texture": "#1"},
				"up": {"uv": [0, 0, 2.62069, 1.51724], "texture": "#1"},
				"down": {"uv": [0, 0, 2.62069, 1.51724], "texture": "#1"}
			}
		},
		{
			"from": [-11.31034, 2.62069, 0],
			"to": [-10, 3.93103, 0.75862],
			"rotation": {"angle": 0, "axis": "y", "origin": [-4.82759, 4.41379, 0]},
			"faces": {
				"north": {"uv": [0, 0, 2.62069, 2.62069], "texture": "#1"},
				"east": {"uv": [0, 0, 1.51724, 2.62069], "texture": "#1"},
				"south": {"uv": [0, 0, 2.62069, 2.62069], "texture": "#1"},
				"west": {"uv": [0, 0, 1.51724, 2.62069], "texture": "#1"},
				"up": {"uv": [0, 0, 2.62069, 1.51724], "texture": "#1"},
				"down": {"uv": [0, 0, 2.62069, 1.51724], "texture": "#1"}
			}
		},
		{
			"from": [-11.03448, 3.86207, 0],
			"to": [-9.72414, 5.17241, 0.75862],
			"rotation": {"angle": 0, "axis": "y", "origin": [-4.55172, 5.65517, 0]},
			"faces": {
				"north": {"uv": [0, 0, 2.62069, 2.62069], "texture": "#1"},
				"east": {"uv": [0, 0, 1.51724, 2.62069], "texture": "#1"},
				"south": {"uv": [0, 0, 2.62069, 2.62069], "texture": "#1"},
				"west": {"uv": [0, 0, 1.51724, 2.62069], "texture": "#1"},
				"up": {"uv": [0, 0, 2.62069, 1.51724], "texture": "#1"},
				"down": {"uv": [0, 0, 2.62069, 1.51724], "texture": "#1"}
			}
		},
		{
			"from": [-12.96552, -1.7931, 0],
			"to": [-10, 0.2069, 0.75862],
			"rotation": {"angle": 0, "axis": "y", "origin": [-4.82759, 0, 0]},
			"faces": {
				"north": {"uv": [0, 0, 6, 4], "texture": "#1"},
				"east": {"uv": [6, 4, 8, 8], "texture": "#1"},
				"south": {"uv": [0, 4, 6, 8], "texture": "#1"},
				"west": {"uv": [0, 8, 2, 12], "texture": "#1"},
				"up": {"uv": [12, 2, 6, 0], "texture": "#1"},
				"down": {"uv": [12, 2, 6, 4], "texture": "#1"}
			}
		},
		{
			"from": [-12.13793, 0.13793, 0],
			"to": [-10.13793, 1.44828, 0.75862],
			"rotation": {"angle": 0, "axis": "y", "origin": [-4.96552, 1.93103, 0]},
			"faces": {
				"north": {"uv": [0, 0, 4, 2.62069], "texture": "#1"},
				"east": {"uv": [0, 0, 1.51724, 2.62069], "texture": "#1"},
				"south": {"uv": [0, 0, 4, 2.62069], "texture": "#1"},
				"west": {"uv": [0, 0, 1.51724, 2.62069], "texture": "#1"},
				"up": {"uv": [0, 0, 4, 1.51724], "texture": "#1"},
				"down": {"uv": [0, 0, 4, 1.51724], "texture": "#1"}
			}
		},
		{
			"from": [4.06897, 1.37931, 0.06897],
			"to": [5.37931, 2.68966, 0.82759],
			"rotation": {"angle": 0, "axis": "y", "origin": [-1.10345, 3.17241, 0.82759]},
			"faces": {
				"north": {"uv": [0, 0, 2.62069, 2.62069], "texture": "#1"},
				"east": {"uv": [0, 0, 1.51724, 2.62069], "texture": "#1"},
				"south": {"uv": [0, 0, 2.62069, 2.62069], "texture": "#1"},
				"west": {"uv": [0, 0, 1.51724, 2.62069], "texture": "#1"},
				"up": {"uv": [0, 0, 2.62069, 1.51724], "rotation": 180, "texture": "#1"},
				"down": {"uv": [0, 0, 2.62069, 1.51724], "rotation": 180, "texture": "#1"}
			}
		},
		{
			"from": [3.7931, 2.62069, 0.06897],
			"to": [5.10345, 3.93103, 0.82759],
			"rotation": {"angle": 0, "axis": "y", "origin": [-1.37931, 4.41379, 0.82759]},
			"faces": {
				"north": {"uv": [0, 0, 2.62069, 2.62069], "texture": "#1"},
				"east": {"uv": [0, 0, 1.51724, 2.62069], "texture": "#1"},
				"south": {"uv": [0, 0, 2.62069, 2.62069], "texture": "#1"},
				"west": {"uv": [0, 0, 1.51724, 2.62069], "texture": "#1"},
				"up": {"uv": [0, 0, 2.62069, 1.51724], "rotation": 180, "texture": "#1"},
				"down": {"uv": [0, 0, 2.62069, 1.51724], "rotation": 180, "texture": "#1"}
			}
		},
		{
			"from": [3.51724, 3.86207, 0.06897],
			"to": [4.82759, 5.17241, 0.82759],
			"rotation": {"angle": 0, "axis": "y", "origin": [-1.65517, 5.65517, 0.82759]},
			"faces": {
				"north": {"uv": [0, 0, 2.62069, 2.62069], "texture": "#1"},
				"east": {"uv": [0, 0, 1.51724, 2.62069], "texture": "#1"},
				"south": {"uv": [0, 0, 2.62069, 2.62069], "texture": "#1"},
				"west": {"uv": [0, 0, 1.51724, 2.62069], "texture": "#1"},
				"up": {"uv": [0, 0, 2.62069, 1.51724], "rotation": 180, "texture": "#1"},
				"down": {"uv": [0, 0, 2.62069, 1.51724], "rotation": 180, "texture": "#1"}
			}
		},
		{
			"from": [3.37931, 5.7931, 0.06897],
			"to": [4.68966, 6.68966, 0.82759],
			"rotation": {"angle": 0, "axis": "y", "origin": [-1.7931, 7.17241, 0.82759]},
			"faces": {
				"north": {"uv": [0, 0, 2.62069, 1.7931], "texture": "#1"},
				"east": {"uv": [0, 0, 1.51724, 1.7931], "texture": "#1"},
				"south": {"uv": [0, 0, 2.62069, 1.7931], "texture": "#1"},
				"west": {"uv": [0, 0, 1.51724, 1.7931], "texture": "#1"},
				"up": {"uv": [0, 0, 2.62069, 1.51724], "rotation": 180, "texture": "#1"},
				"down": {"uv": [0, 0, 2.62069, 1.51724], "rotation": 180, "texture": "#1"}
			}
		},
		{
			"from": [-10.82759, 5.7931, 0.06897],
			"to": [-9.51724, 6.68966, 0.82759],
			"rotation": {"angle": 0, "axis": "y", "origin": [-16, 7.17241, 0.82759]},
			"faces": {
				"north": {"uv": [0, 0, 2.62069, 1.7931], "texture": "#1"},
				"east": {"uv": [0, 0, 1.51724, 1.7931], "texture": "#1"},
				"south": {"uv": [0, 0, 2.62069, 1.7931], "texture": "#1"},
				"west": {"uv": [0, 0, 1.51724, 1.7931], "texture": "#1"},
				"up": {"uv": [0, 0, 2.62069, 1.51724], "rotation": 180, "texture": "#1"},
				"down": {"uv": [0, 0, 2.62069, 1.51724], "rotation": 180, "texture": "#1"}
			}
		},
		{
			"from": [3.37931, -1.7931, 0.06897],
			"to": [6.34483, 0.2069, 0.82759],
			"rotation": {"angle": 0, "axis": "y", "origin": [-1.7931, 0, 0.82759]},
			"faces": {
				"north": {"uv": [0, 0, 5.93103, 4], "texture": "#1"},
				"east": {"uv": [0, 0, 1.51724, 4], "texture": "#1"},
				"south": {"uv": [0, 0, 5.93103, 4], "texture": "#1"},
				"west": {"uv": [0, 0, 1.51724, 4], "texture": "#1"},
				"up": {"uv": [0, 0, 5.93103, 1.51724], "rotation": 180, "texture": "#1"},
				"down": {"uv": [0, 0, 5.93103, 1.51724], "rotation": 180, "texture": "#1"}
			}
		},
		{
			"from": [3.7931, 0.13793, 0.06897],
			"to": [5.7931, 1.44828, 0.82759],
			"rotation": {"angle": 0, "axis": "y", "origin": [-1.37931, 1.93103, 0.82759]},
			"faces": {
				"north": {"uv": [0, 0, 4, 2.62069], "texture": "#1"},
				"east": {"uv": [0, 0, 1.51724, 2.62069], "texture": "#1"},
				"south": {"uv": [0, 0, 4, 2.62069], "texture": "#1"},
				"west": {"uv": [0, 0, 1.51724, 2.62069], "texture": "#1"},
				"up": {"uv": [0, 0, 4, 1.51724], "rotation": 180, "texture": "#1"},
				"down": {"uv": [0, 0, 4, 1.51724], "rotation": 180, "texture": "#1"}
			}
		}
	],
	"display": {
		"thirdperson_righthand": {
			"translation": [11.5, 6.25, 7.25]
		},
		"thirdperson_lefthand": {
			"translation": [-11.25, 6, 7.75]
		},
		"firstperson_righthand": {
			"translation": [20, 3.5, 0]
		},
		"firstperson_lefthand": {
			"translation": [-2.75, 4, 0]
		},
		"ground": {
			"translation": [11, 6.25, 7.75]
		},
		"gui": {
			"rotation": [2, 180, 0],
			"translation": [-9.5, 4.75, 0],
			"scale": [0.85, 0.86, 0.85]
		},
		"head": {
			"translation": [46.75, 43.25, 25],
			"scale": [4, 4, 4]
		},
		"fixed": {
			"translation": [11.25, 6, 8.5]
		}
	},
	"groups": [
		0,
		{
			"name": "group",
			"origin": [-5.24138, 1.93103, 0],
			"color": 0,
			"children": [1, 2, 3, 4, 5]
		},
		{
			"name": "group",
			"origin": [-5.24138, 1.93103, 0],
			"color": 0,
			"children": [6, 7, 8, 9, 10, 11, 12]
		}
	]
}
