{
	"credit": "Made with Blockbench",
	"elements": [
		{
			"from": [6, 0, 7],
			"to": [10, 5, 9],
			"rotation": {"angle": 0, "axis": "y", "origin": [7, 0, 7]},
			"color": 4,
			"faces": {
				"north": {"uv": [0, 0, 4, 5], "texture": "#missing"},
				"east": {"uv": [0, 0, 2, 5], "texture": "#missing"},
				"south": {"uv": [0, 0, 4, 5], "texture": "#missing"},
				"west": {"uv": [0, 0, 2, 5], "texture": "#missing"},
				"up": {"uv": [0, 0, 4, 2], "texture": "#missing"},
				"down": {"uv": [0, 0, 4, 2], "texture": "#missing"}
			}
		},
		{
			"from": [4.93463, 0, 5.15224],
			"to": [6.53463, 1.6, 8.15224],
			"rotation": {"angle": 22.5, "axis": "y", "origin": [4.53463, 0, 5.15224]},
			"color": 5,
			"faces": {
				"north": {"uv": [0, 0, 1.6, 1.6], "texture": "#missing"},
				"east": {"uv": [0, 0, 3, 1.6], "texture": "#missing"},
				"south": {"uv": [0, 0, 1.6, 1.6], "texture": "#missing"},
				"west": {"uv": [0, 0, 3, 1.6], "texture": "#missing"},
				"up": {"uv": [0, 0, 1.6, 3], "texture": "#missing"},
				"down": {"uv": [0, 0, 1.6, 3], "texture": "#missing"}
			}
		},
		{
			"from": [9.46537, 0, 5.15224],
			"to": [11.06537, 1.6, 8.15224],
			"rotation": {"angle": -22.5, "axis": "y", "origin": [11.46537, 0, 5.15224]},
			"color": 5,
			"faces": {
				"north": {"uv": [1.6, 0, 0, 1.6], "texture": "#missing"},
				"east": {"uv": [3, 0, 0, 1.6], "texture": "#missing"},
				"south": {"uv": [1.6, 0, 0, 1.6], "texture": "#missing"},
				"west": {"uv": [3, 0, 0, 1.6], "texture": "#missing"},
				"up": {"uv": [1.6, 0, 0, 3], "texture": "#missing"},
				"down": {"uv": [1.6, 0, 0, 3], "texture": "#missing"}
			}
		},
		{
			"from": [5, 2.38687, 4.91761],
			"to": [6.7, 4.38687, 8.91761],
			"rotation": {"angle": -22.5, "axis": "x", "origin": [3, 2.38687, 5.91761]},
			"color": 3,
			"faces": {
				"north": {"uv": [0, 0, 1.7, 2], "texture": "#missing"},
				"east": {"uv": [0, 0, 4, 2], "texture": "#missing"},
				"south": {"uv": [0, 0, 1.7, 2], "texture": "#missing"},
				"west": {"uv": [0, 0, 4, 2], "texture": "#missing"},
				"up": {"uv": [0, 0, 1.7, 4], "texture": "#missing"},
				"down": {"uv": [0, 0, 1.7, 4], "texture": "#missing"}
			}
		},
		{
			"from": [9.3, 2.38687, 4.91761],
			"to": [11, 4.38687, 8.91761],
			"rotation": {"angle": -22.5, "axis": "x", "origin": [13, 2.38687, 5.91761]},
			"color": 3,
			"faces": {
				"north": {"uv": [2, 0, 0, 2], "texture": "#missing"},
				"east": {"uv": [2, 0, 0, 2], "texture": "#missing"},
				"south": {"uv": [2, 0, 0, 2], "texture": "#missing"},
				"west": {"uv": [2, 0, 0, 2], "texture": "#missing"},
				"up": {"uv": [2, 0, 0, 2], "texture": "#missing"},
				"down": {"uv": [2, 0, 0, 2], "texture": "#missing"}
			}
		},
		{
			"from": [6, 5, 6],
			"to": [10, 9, 10],
			"rotation": {"angle": 0, "axis": "y", "origin": [7, 6, 7]},
			"color": 3,
			"faces": {
				"north": {"uv": [0, 0, 4, 4], "texture": "#missing"},
				"east": {"uv": [0, 0, 4, 4], "texture": "#missing"},
				"south": {"uv": [0, 0, 4, 4], "texture": "#missing"},
				"west": {"uv": [0, 0, 4, 4], "texture": "#missing"},
				"up": {"uv": [0, 0, 4, 4], "texture": "#missing"},
				"down": {"uv": [0, 0, 4, 4], "texture": "#missing"}
			}
		}
	],
	"display": {
		"thirdperson_righthand": {
			"rotation": [69, 0, 0],
			"translation": [0, 3, 4.75]
		},
		"firstperson_righthand": {
			"rotation": [138.42, 50.13, -147.76],
			"translation": [0.5, 4.5, -0.75]
		}
	}
}