{
	"credit": "Made with Blockbench",
	"textures": {
		"2": "block/yellow_terracotta",
		"3": "block/brown_terracotta",
		"4": "block/magenta_terracotta",
		"5": "block/yellow_terracotta",
		"6": "block/cyan_concrete",
		"particle": "block/yellow_terracotta"
	},
	"elements": [
		{
			"from": [-1.9, 0, -9],
			"to": [17.8, 2.4, 24],
			"faces": {
				"north": {"uv": [40, 0, 20, 33], "texture": "#6"},
				"east": {"uv": [40, 0, 20, 33], "texture": "#6"},
				"south": {"uv": [40, 0, 20, 33], "texture": "#6"},
				"west": {"uv": [40, 0, 20, 33], "texture": "#6"},
				"up": {"uv": [40, 0, 20, 33], "texture": "#6"},
				"down": {"uv": [40, 0, 20, 33], "texture": "#6"}
			}
		},
		{
			"from": [-1, 0, -11.5],
			"to": [16.8, 2.4, -9],
			"faces": {
				"north": {"uv": [0, 0, 36.5625, 20.25], "texture": "#6"},
				"east": {"uv": [0, 0, 36.5625, 20.25], "texture": "#6"},
				"south": {"uv": [0, 0, 36.5625, 20.25], "texture": "#6"},
				"west": {"uv": [0, 0, 36.5625, 20.25], "texture": "#6"},
				"up": {"uv": [0, 0, 36.5625, 20.25], "texture": "#6"},
				"down": {"uv": [0, 0, 36.5625, 20.25], "texture": "#6"}
			}
		},
		{
			"from": [0, 0, -12.5],
			"to": [15.9, 2.4, -11],
			"faces": {
				"north": {"uv": [0, 0, 1.5, 2.4], "texture": "#6"},
				"east": {"uv": [0, 0, 1.5, 2.4], "texture": "#6"},
				"south": {"uv": [0, 0, 1.5, 2.4], "texture": "#6"},
				"west": {"uv": [0, 0, 1.5, 2.4], "texture": "#6"},
				"up": {"uv": [0, 0, 1.5, 2.4], "texture": "#6"},
				"down": {"uv": [0, 0, 1.5, 2.4], "texture": "#6"}
			}
		},
		{
			"from": [2.6, 0, -14.4],
			"to": [13.4, 2.4, -13.4],
			"faces": {
				"north": {"uv": [0, 0, 1, 2.4], "texture": "#6"},
				"east": {"uv": [0, 0, 1, 2.4], "texture": "#6"},
				"south": {"uv": [0, 0, 1, 2.4], "texture": "#6"},
				"west": {"uv": [0, 0, 1, 2.4], "texture": "#6"},
				"up": {"uv": [0, 0, 1, 2.4], "texture": "#6"},
				"down": {"uv": [0, 0, 1, 2.4], "texture": "#6"}
			}
		},
		{
			"from": [2.9, 2.3, -14],
			"to": [13.1, 6.3, 8.3],
			"faces": {
				"north": {"uv": [0, 0, 10.2, 4], "texture": "#4"},
				"east": {"uv": [0, 0, 10.2, 4], "texture": "#4"},
				"south": {"uv": [0, 0, 10.2, 4], "texture": "#missing"},
				"west": {"uv": [0, 0, 10.2, 4], "texture": "#4"},
				"up": {"uv": [0, 0, 0.6375, 0.25], "texture": "#3"},
				"down": {"uv": [0, 0, 10.2, 4], "texture": "#missing"}
			}
		},
		{
			"from": [-1.6, 2.3, -8.7],
			"to": [-0.6, 6.3, 8.3],
			"faces": {
				"north": {"uv": [0, 2, 8.5, 4], "texture": "#4"},
				"east": {"uv": [0, 2, 8.5, 4], "texture": "#missing"},
				"south": {"uv": [0, 2, 8.5, 4], "texture": "#missing"},
				"west": {"uv": [0, 2, 8.5, 4], "texture": "#4"},
				"up": {"uv": [0, 2, 8.5, 4], "texture": "#2"},
				"down": {"uv": [0, 2, 8.5, 4], "texture": "#missing"}
			}
		},
		{
			"from": [1.3, 2.3, -13],
			"to": [3, 6.3, 8.3],
			"faces": {
				"north": {"uv": [0, 0, 3.4, 8], "texture": "#4"},
				"east": {"uv": [0, 0, 3.4, 8], "texture": "#missing"},
				"south": {"uv": [0, 0, 3.4, 8], "texture": "#missing"},
				"west": {"uv": [0, 0, 3.4, 8], "texture": "#4"},
				"up": {"uv": [0, 0, 0.2125, 0.5], "texture": "#3"},
				"down": {"uv": [0, 0, 3.4, 8], "texture": "#missing"}
			}
		},
		{
			"from": [-0.7, 2.3, -11.2],
			"to": [0.3, 6.3, 8.3],
			"faces": {
				"north": {"uv": [0, 0, 8, 2], "texture": "#4"},
				"east": {"uv": [0, 0, 8, 2], "texture": "#missing"},
				"south": {"uv": [0, 0, 8, 2], "texture": "#missing"},
				"west": {"uv": [0, 0, 8, 2], "texture": "#4"},
				"up": {"uv": [0, 0, 0.5, 0.125], "texture": "#3"},
				"down": {"uv": [0, 0, 8, 2], "texture": "#missing"}
			}
		},
		{
			"from": [0.3, 2.3, -12.2],
			"to": [2, 6.3, 8.3],
			"faces": {
				"north": {"uv": [0, 0, 32, 8], "texture": "#4"},
				"east": {"uv": [0, 0, 32, 8], "texture": "#missing"},
				"south": {"uv": [0, 0, 32, 8], "texture": "#missing"},
				"west": {"uv": [0, 0, 32, 8], "texture": "#4"},
				"up": {"uv": [0, 0, 2, 0.5], "texture": "#3"},
				"down": {"uv": [0, 0, 32, 8], "texture": "#missing"}
			}
		},
		{
			"from": [12.7, 2.3, -13],
			"to": [14.7, 6.3, 8.3],
			"rotation": {"angle": 0, "axis": "y", "origin": [16, 0, 0]},
			"faces": {
				"north": {"uv": [0, 0, 16, 4], "texture": "#4"},
				"east": {"uv": [0, 0, 16, 4], "texture": "#4"},
				"south": {"uv": [0, 0, 16, 4], "texture": "#missing"},
				"west": {"uv": [0, 0, 16, 4], "texture": "#missing"},
				"up": {"uv": [0, 0, 1, 0.25], "texture": "#3"},
				"down": {"uv": [0, 0, 16, 4], "texture": "#missing"}
			}
		},
		{
			"from": [13.7, 2.3, -12.2],
			"to": [15.6, 6.3, 8.3],
			"rotation": {"angle": 0, "axis": "y", "origin": [16, 0, 0]},
			"faces": {
				"north": {"uv": [0, 0, 16, 4], "texture": "#4"},
				"east": {"uv": [0, 0, 16, 4], "texture": "#4"},
				"south": {"uv": [0, 0, 16, 4], "texture": "#missing"},
				"west": {"uv": [0, 0, 16, 4], "texture": "#missing"},
				"up": {"uv": [0, 0, 1, 0.25], "texture": "#3"},
				"down": {"uv": [0, 0, 16, 4], "texture": "#missing"}
			}
		},
		{
			"from": [15.4, 2.3, -11.2],
			"to": [16.6, 6.3, 8.3],
			"rotation": {"angle": 0, "axis": "y", "origin": [16, 0, 0]},
			"faces": {
				"north": {"uv": [0, 0, 16, 4], "texture": "#4"},
				"east": {"uv": [0, 0, 16, 4], "texture": "#4"},
				"south": {"uv": [0, 0, 16, 4], "texture": "#missing"},
				"west": {"uv": [0, 0, 16, 4], "texture": "#missing"},
				"up": {"uv": [0, 0, 1, 0.25], "texture": "#3"},
				"down": {"uv": [0, 0, 16, 4], "texture": "#missing"}
			}
		},
		{
			"from": [16.4, 2.3, -8.7],
			"to": [17.4, 6.3, 8.3],
			"rotation": {"angle": 0, "axis": "y", "origin": [16, 0, 0]},
			"faces": {
				"north": {"uv": [0, 0, 16, 4], "texture": "#4"},
				"east": {"uv": [0, 0, 16, 4], "texture": "#4"},
				"south": {"uv": [0, 0, 16, 4], "texture": "#missing"},
				"west": {"uv": [0, 0, 16, 4], "texture": "#missing"},
				"up": {"uv": [0, 0, 16, 4], "texture": "#missing"},
				"down": {"uv": [0, 0, 16, 4], "texture": "#missing"}
			}
		},
		{
			"from": [16.4, 6.3, -8.7],
			"to": [17.4, 8.3, 23.6],
			"rotation": {"angle": 0, "axis": "y", "origin": [16, 0, 0]},
			"faces": {
				"north": {"uv": [0, 0, 16, 2], "texture": "#4"},
				"east": {"uv": [0, 0, 16, 2], "texture": "#4"},
				"south": {"uv": [0, 0, 16, 2], "texture": "#4"},
				"west": {"uv": [0, 0, 16, 2], "texture": "#2"},
				"up": {"uv": [0, 0, 16, 2], "texture": "#4"},
				"down": {"uv": [0, 0, 16, 2], "texture": "#4"}
			}
		},
		{
			"from": [15.6, 6.3, -11.2],
			"to": [16.6, 8.3, -8.5],
			"rotation": {"angle": 0, "axis": "y", "origin": [16, 0, 0]},
			"faces": {
				"north": {"uv": [0, 0, 2.7, 2], "texture": "#4"},
				"east": {"uv": [0, 0, 2.7, 2], "texture": "#4"},
				"south": {"uv": [0, 0, 2.7, 2], "texture": "#2"},
				"west": {"uv": [0, 0, 2.7, 2], "texture": "#2"},
				"up": {"uv": [0, 0, 2.7, 2], "texture": "#4"},
				"down": {"uv": [0, 0, 2.7, 2], "texture": "#2"}
			}
		},
		{
			"from": [15.4, 8.3, -11],
			"to": [16.4, 10.6, -8.3],
			"rotation": {"angle": 0, "axis": "y", "origin": [16, 0, 0]},
			"faces": {
				"north": {"uv": [0, 0, 2.7, 2.3], "texture": "#4"},
				"east": {"uv": [0, 0, 2.7, 2.3], "texture": "#4"},
				"south": {"uv": [0, 0, 2.7, 2.3], "texture": "#2"},
				"west": {"uv": [0, 0, 2.7, 2.3], "texture": "#2"},
				"up": {"uv": [0, 0, 2.7, 2.3], "texture": "#4"},
				"down": {"uv": [0, 0, 2.7, 2.3], "texture": "#2"}
			}
		},
		{
			"from": [16.4, 8.3, -8.5],
			"to": [17.2, 10.6, 23.4],
			"rotation": {"angle": 0, "axis": "y", "origin": [16, 0, 0]},
			"faces": {
				"north": {"uv": [0, 0, 16, 2.3], "texture": "#4"},
				"east": {"uv": [0, 0, 16, 2.3], "texture": "#4"},
				"south": {"uv": [0, 0, 16, 2.3], "texture": "#4"},
				"west": {"uv": [0, 0, 16, 2.3], "texture": "#2"},
				"up": {"uv": [0, 0, 16, 2.3], "texture": "#4"},
				"down": {"uv": [0, 0, 16, 2.3], "texture": "#4"}
			}
		},
		{
			"from": [16.2, 10.6, -8.3],
			"to": [17, 12.1, 23.2],
			"rotation": {"angle": 0, "axis": "y", "origin": [16, 0, 0]},
			"faces": {
				"north": {"uv": [0, 0, 16, 1.5], "texture": "#4"},
				"east": {"uv": [0, 0, 16, 1.5], "texture": "#4"},
				"south": {"uv": [0, 0, 16, 1.5], "texture": "#4"},
				"west": {"uv": [0, 0, 16, 1.5], "texture": "#2"},
				"up": {"uv": [0, 0, 16, 1.5], "texture": "#4"},
				"down": {"uv": [0, 0, 16, 1.5], "texture": "#4"}
			}
		},
		{
			"from": [-1.3, 8.3, -8.5],
			"to": [-0.5, 10.6, -6.9],
			"faces": {
				"north": {"uv": [4, 0, 7.1875, 4.625], "texture": "#2"},
				"east": {"uv": [4, 0, 7.1875, 4.625], "texture": "#2"},
				"south": {"uv": [4, 0, 7.1875, 4.625], "texture": "#2"},
				"west": {"uv": [4, 0, 7.1875, 4.625], "texture": "#4"},
				"up": {"uv": [4, 0, 7.1875, 4.625], "texture": "#2"},
				"down": {"uv": [4, 0, 7.1875, 4.625], "texture": "#2"}
			}
		},
		{
			"from": [-1.3, 8.3, -2.3],
			"to": [-0.5, 10.6, 8.5],
			"faces": {
				"north": {"uv": [0, 0, 5.4, 1.15], "texture": "#2"},
				"east": {"uv": [0, 0, 5.4, 1.15], "texture": "#missing"},
				"south": {"uv": [0, 0, 5.4, 1.15], "texture": "#2"},
				"west": {"uv": [0, 0, 5.4, 1.15], "texture": "#4"},
				"up": {"uv": [0, 0, 5.4, 1.15], "texture": "#4"},
				"down": {"uv": [0, 0, 5.4, 1.15], "texture": "#missing"}
			}
		},
		{
			"from": [-1.1, 5.9, -2.3],
			"to": [-0.3, 12.1, 8.5],
			"faces": {
				"north": {"uv": [0, 0, 5.4, 3.1], "texture": "#2"},
				"east": {"uv": [0, 0, 5.4, 3.1], "texture": "#2"},
				"south": {"uv": [0, 0, 5.4, 3.1], "texture": "#2"},
				"west": {"uv": [0, 0, 5.4, 3.1], "texture": "#4"},
				"up": {"uv": [0, 0, 5.4, 3.1], "texture": "#missing"},
				"down": {"uv": [0, 0, 5.4, 3.1], "texture": "#missing"}
			}
		},
		{
			"from": [13.1, 6.3, -13],
			"to": [14.7, 8.3, -12],
			"rotation": {"angle": 0, "axis": "y", "origin": [16, 0, 0]},
			"faces": {
				"north": {"uv": [0, 0, 1, 2], "texture": "#4"},
				"east": {"uv": [0, 0, 1, 2], "texture": "#4"},
				"south": {"uv": [0, 0, 1, 2], "texture": "#2"},
				"west": {"uv": [0, 0, 1, 2], "texture": "#2"},
				"up": {"uv": [0, 0, 1, 2], "texture": "#4"},
				"down": {"uv": [0, 0, 1, 2], "texture": "#2"}
			}
		},
		{
			"from": [12.9, 8.3, -12.8],
			"to": [14.5, 10.6, -11.8],
			"rotation": {"angle": 0, "axis": "y", "origin": [16, 0, 0]},
			"faces": {
				"north": {"uv": [1, 0, 2.6, 2.3], "texture": "#4"},
				"east": {"uv": [1, 0, 2.6, 2.3], "texture": "#4"},
				"south": {"uv": [1, 0, 2.6, 2.3], "texture": "#2"},
				"west": {"uv": [1, 0, 2.6, 2.3], "texture": "#2"},
				"up": {"uv": [1, 0, 2.6, 2.3], "texture": "#4"},
				"down": {"uv": [1, 0, 2.6, 2.3], "texture": "#2"}
			}
		},
		{
			"from": [2.9, 6.3, -14],
			"to": [13.1, 8.3, -12.8],
			"rotation": {"angle": 0, "axis": "y", "origin": [16, 0, 0]},
			"faces": {
				"north": {"uv": [1, 0, 11.2, 2], "texture": "#4"},
				"east": {"uv": [1, 0, 11.2, 2], "texture": "#4"},
				"south": {"uv": [1, 0, 11.2, 2], "texture": "#2"},
				"west": {"uv": [1, 0, 11.2, 2], "texture": "#4"},
				"up": {"uv": [1, 0, 11.2, 2], "texture": "#4"},
				"down": {"uv": [1, 0, 11.2, 2], "texture": "#missing"}
			}
		},
		{
			"from": [3, 8.3, -13.8],
			"to": [12.9, 10.6, -12.6],
			"rotation": {"angle": 0, "axis": "y", "origin": [16, 0, 0]},
			"faces": {
				"north": {"uv": [0, 0, 1.2, 2.3], "texture": "#4"},
				"east": {"uv": [0, 0, 1.2, 2.3], "texture": "#4"},
				"south": {"uv": [0, 0, 1.2, 2.3], "texture": "#2"},
				"west": {"uv": [0, 0, 1.2, 2.3], "texture": "#4"},
				"up": {"uv": [0, 0, 1.2, 2.3], "texture": "#4"},
				"down": {"uv": [0, 0, 1.2, 2.3], "texture": "#missing"}
			}
		},
		{
			"from": [2.8, 12.1, -14.2],
			"to": [12.9, 14.1, -12.4],
			"rotation": {"angle": 0, "axis": "y", "origin": [16, 0, 0]},
			"faces": {
				"north": {"uv": [2, 0, 22.2, 4], "texture": "#2"},
				"east": {"uv": [2, 0, 22.2, 4], "texture": "#2"},
				"south": {"uv": [2, 0, 22.2, 4], "texture": "#2"},
				"west": {"uv": [2, 0, 22.2, 4], "texture": "#2"},
				"up": {"uv": [2, 0, 22.2, 4], "texture": "#2"},
				"down": {"uv": [2, 0, 22.2, 4], "texture": "#2"}
			}
		},
		{
			"from": [1.1, 12.1, -13.2],
			"to": [3.3, 14.1, -11.4],
			"rotation": {"angle": 0, "axis": "y", "origin": [16, 0, 0]},
			"faces": {
				"north": {"uv": [0, 0, 3.6, 4], "texture": "#2"},
				"east": {"uv": [0, 0, 3.6, 4], "texture": "#2"},
				"south": {"uv": [0, 0, 3.6, 4], "texture": "#2"},
				"west": {"uv": [0, 0, 3.6, 4], "texture": "#2"},
				"up": {"uv": [0, 0, 3.6, 4], "texture": "#2"},
				"down": {"uv": [0, 0, 3.6, 4], "texture": "#2"}
			}
		},
		{
			"from": [1.1, 11.8, -13.2],
			"to": [3.3, 13.8, -11.4],
			"rotation": {"angle": 0, "axis": "y", "origin": [16, 0, 0]},
			"faces": {
				"north": {"uv": [0, 0, 3.6, 4], "texture": "#2"},
				"east": {"uv": [0, 0, 3.6, 4], "texture": "#2"},
				"south": {"uv": [0, 0, 3.6, 4], "texture": "#2"},
				"west": {"uv": [0, 0, 3.6, 4], "texture": "#2"},
				"up": {"uv": [0, 0, 3.6, 4], "texture": "#2"},
				"down": {"uv": [0, 0, 3.6, 4], "texture": "#2"}
			}
		},
		{
			"from": [3, 11.8, -14.1],
			"to": [5.2, 13.8, -12.3],
			"rotation": {"angle": 0, "axis": "y", "origin": [16, 0, 0]},
			"faces": {
				"north": {"uv": [0, 0, 3.6, 4], "texture": "#2"},
				"east": {"uv": [0, 0, 3.6, 4], "texture": "#2"},
				"south": {"uv": [0, 0, 3.6, 4], "texture": "#2"},
				"west": {"uv": [0, 0, 3.6, 4], "texture": "#2"},
				"up": {"uv": [0, 0, 3.6, 4], "texture": "#2"},
				"down": {"uv": [0, 0, 3.6, 4], "texture": "#2"}
			}
		},
		{
			"from": [0.1, 12.1, -12.3],
			"to": [1.6, 14.1, -10.8],
			"rotation": {"angle": 0, "axis": "y", "origin": [16, 0, 0]},
			"faces": {
				"north": {"uv": [0, 0, 3, 4], "texture": "#2"},
				"east": {"uv": [0, 0, 3, 4], "texture": "#2"},
				"south": {"uv": [0, 0, 3, 4], "texture": "#2"},
				"west": {"uv": [0, 0, 3, 4], "texture": "#2"},
				"up": {"uv": [0, 0, 3, 4], "texture": "#2"},
				"down": {"uv": [0, 0, 3, 4], "texture": "#2"}
			}
		},
		{
			"from": [0.1, 11.6, -12.3],
			"to": [1.6, 13.6, -10.8],
			"rotation": {"angle": 0, "axis": "y", "origin": [16, 0, 0]},
			"faces": {
				"north": {"uv": [0, 0, 3, 4], "texture": "#2"},
				"east": {"uv": [0, 0, 3, 4], "texture": "#2"},
				"south": {"uv": [0, 0, 3, 4], "texture": "#2"},
				"west": {"uv": [0, 0, 3, 4], "texture": "#2"},
				"up": {"uv": [0, 0, 3, 4], "texture": "#2"},
				"down": {"uv": [0, 0, 3, 4], "texture": "#2"}
			}
		},
		{
			"from": [-0.8, 12.1, -11.1],
			"to": [0.8, 14.1, -8.3],
			"rotation": {"angle": 0, "axis": "y", "origin": [16, 0, 0]},
			"faces": {
				"north": {"uv": [0, 2, 5.6, 5.2], "rotation": 270, "texture": "#2"},
				"east": {"uv": [0, 2, 5.6, 5.2], "rotation": 270, "texture": "#2"},
				"south": {"uv": [0, 2, 5.6, 5.2], "rotation": 270, "texture": "#2"},
				"west": {"uv": [0, 2, 5.6, 5.2], "rotation": 270, "texture": "#2"},
				"up": {"uv": [0, 2, 5.6, 5.2], "rotation": 270, "texture": "#2"},
				"down": {"uv": [0, 2, 5.6, 5.2], "rotation": 270, "texture": "#2"}
			}
		},
		{
			"from": [-1.6, 12.1, -8.7],
			"to": [-0.3, 14.1, -6.9],
			"rotation": {"angle": 0, "axis": "y", "origin": [16, 0, 0]},
			"faces": {
				"north": {"uv": [0, 0, 3.6, 4], "texture": "#2"},
				"east": {"uv": [0, 0, 3.6, 4], "texture": "#2"},
				"south": {"uv": [0, 0, 3.6, 4], "texture": "#2"},
				"west": {"uv": [0, 0, 3.6, 4], "texture": "#2"},
				"up": {"uv": [0, 0, 3.6, 4], "texture": "#2"},
				"down": {"uv": [0, 0, 3.6, 4], "texture": "#2"}
			}
		},
		{
			"from": [-1.6, 12.1, -2.4],
			"to": [-0.3, 14.1, 8.5],
			"rotation": {"angle": 0, "axis": "y", "origin": [16, 0, 0]},
			"faces": {
				"north": {"uv": [0, 0, 2180, 400], "texture": "#2"},
				"east": {"uv": [0, 0, 2180, 400], "texture": "#2"},
				"south": {"uv": [0, 0, 2180, 400], "texture": "#2"},
				"west": {"uv": [0, 0, 2180, 400], "texture": "#2"},
				"up": {"uv": [0, 0, 2180, 400], "texture": "#2"},
				"down": {"uv": [0, 0, 2180, 400], "texture": "#2"}
			}
		},
		{
			"from": [-1.6, 11.1, -0.1],
			"to": [-1.1, 12.1, 1.6],
			"rotation": {"angle": 0, "axis": "y", "origin": [16, 0, 0]},
			"faces": {
				"north": {"uv": [0, 0, 2180, 400], "texture": "#2"},
				"east": {"uv": [0, 0, 2180, 400], "texture": "#2"},
				"south": {"uv": [0, 0, 2180, 400], "texture": "#2"},
				"west": {"uv": [0, 0, 2180, 400], "texture": "#2"},
				"up": {"uv": [0, 0, 2180, 400], "texture": "#2"},
				"down": {"uv": [0, 0, 2180, 400], "texture": "#2"}
			}
		},
		{
			"from": [-1.6, 10.7, -0.3],
			"to": [-1.1, 11.7, 1.4],
			"rotation": {"angle": 0, "axis": "y", "origin": [16, 0, 0]},
			"faces": {
				"north": {"uv": [0, 0, 2180, 400], "texture": "#2"},
				"east": {"uv": [0, 0, 2180, 400], "texture": "#2"},
				"south": {"uv": [0, 0, 2180, 400], "texture": "#2"},
				"west": {"uv": [0, 0, 2180, 400], "texture": "#2"},
				"up": {"uv": [0, 0, 2180, 400], "texture": "#2"},
				"down": {"uv": [0, 0, 2180, 400], "texture": "#2"}
			}
		},
		{
			"from": [-1.6, 10.1, -0.4],
			"to": [-1, 11.1, 1.7],
			"rotation": {"angle": 0, "axis": "y", "origin": [16, 0, 0]},
			"faces": {
				"north": {"uv": [0, 0, 2180, 400], "texture": "#2"},
				"east": {"uv": [0, 0, 2180, 400], "texture": "#2"},
				"south": {"uv": [0, 0, 2180, 400], "texture": "#2"},
				"west": {"uv": [0, 0, 2180, 400], "texture": "#2"},
				"up": {"uv": [0, 0, 2180, 400], "texture": "#2"},
				"down": {"uv": [0, 0, 2180, 400], "texture": "#2"}
			}
		},
		{
			"from": [-1.9, 9.6, -9],
			"to": [-0.6, 11.5, -7.1],
			"rotation": {"angle": 0, "axis": "y", "origin": [16, 0, 0]},
			"faces": {
				"north": {"uv": [0, 0, 2180, 400], "texture": "#2"},
				"east": {"uv": [0, 0, 2180, 400], "texture": "#2"},
				"south": {"uv": [0, 0, 2180, 400], "texture": "#2"},
				"west": {"uv": [0, 0, 2180, 400], "texture": "#2"},
				"up": {"uv": [0, 0, 2180, 400], "texture": "#2"},
				"down": {"uv": [0, 0, 2180, 400], "texture": "#2"}
			}
		},
		{
			"from": [-0.8, 9.6, -9.4],
			"to": [-0.4, 12.4, -8.7],
			"rotation": {"angle": 0, "axis": "y", "origin": [16, 0, 0]},
			"faces": {
				"north": {"uv": [0, 0, 2180, 400], "texture": "#2"},
				"east": {"uv": [0, 0, 2180, 400], "texture": "#2"},
				"south": {"uv": [0, 0, 2180, 400], "texture": "#2"},
				"west": {"uv": [0, 0, 2180, 400], "texture": "#2"},
				"up": {"uv": [0, 0, 2180, 400], "texture": "#2"},
				"down": {"uv": [0, 0, 2180, 400], "texture": "#2"}
			}
		},
		{
			"from": [-0.8, 9.8, -9.6],
			"to": [-0.4, 12.6, -8.9],
			"rotation": {"angle": 0, "axis": "y", "origin": [16, 0, 0]},
			"faces": {
				"north": {"uv": [0, 0, 2180, 400], "texture": "#2"},
				"east": {"uv": [0, 0, 2180, 400], "texture": "#2"},
				"south": {"uv": [0, 0, 2180, 400], "texture": "#2"},
				"west": {"uv": [0, 0, 2180, 400], "texture": "#2"},
				"up": {"uv": [0, 0, 2180, 400], "texture": "#2"},
				"down": {"uv": [0, 0, 2180, 400], "texture": "#2"}
			}
		},
		{
			"from": [5.9, 10, -14],
			"to": [6.3, 12.6, -13.3],
			"rotation": {"angle": 0, "axis": "y", "origin": [16, 0, 0]},
			"faces": {
				"north": {"uv": [0, 0, 2180, 400], "texture": "#2"},
				"east": {"uv": [0, 0, 2180, 400], "texture": "#2"},
				"south": {"uv": [0, 0, 2180, 400], "texture": "#2"},
				"west": {"uv": [0, 0, 2180, 400], "texture": "#2"},
				"up": {"uv": [0, 0, 2180, 400], "texture": "#2"},
				"down": {"uv": [0, 0, 2180, 400], "texture": "#2"}
			}
		},
		{
			"from": [5.7, 10.1, -14],
			"to": [6.5, 11.8, -13.3],
			"rotation": {"angle": 0, "axis": "y", "origin": [16, 0, 0]},
			"faces": {
				"north": {"uv": [0, 0, 2180, 400], "texture": "#2"},
				"east": {"uv": [0, 0, 2180, 400], "texture": "#2"},
				"south": {"uv": [0, 0, 2180, 400], "texture": "#2"},
				"west": {"uv": [0, 0, 2180, 400], "texture": "#2"},
				"up": {"uv": [0, 0, 2180, 400], "texture": "#2"},
				"down": {"uv": [0, 0, 2180, 400], "texture": "#2"}
			}
		},
		{
			"from": [5.6, 10.3, -14],
			"to": [6.7, 11.5, -13.3],
			"rotation": {"angle": 0, "axis": "y", "origin": [16, 0, 0]},
			"faces": {
				"north": {"uv": [0, 0, 2180, 400], "texture": "#2"},
				"east": {"uv": [0, 0, 2180, 400], "texture": "#2"},
				"south": {"uv": [0, 0, 2180, 400], "texture": "#2"},
				"west": {"uv": [0, 0, 2180, 400], "texture": "#2"},
				"up": {"uv": [0, 0, 2180, 400], "texture": "#2"},
				"down": {"uv": [0, 0, 2180, 400], "texture": "#2"}
			}
		},
		{
			"from": [10.7, 10.3, -14],
			"to": [11.9, 11.8, -13.3],
			"rotation": {"angle": 0, "axis": "y", "origin": [16, 0, 0]},
			"faces": {
				"north": {"uv": [0, 0, 2180, 400], "texture": "#2"},
				"east": {"uv": [0, 0, 2180, 400], "texture": "#2"},
				"south": {"uv": [0, 0, 2180, 400], "texture": "#2"},
				"west": {"uv": [0, 0, 2180, 400], "texture": "#2"},
				"up": {"uv": [0, 0, 2180, 400], "texture": "#2"},
				"down": {"uv": [0, 0, 2180, 400], "texture": "#2"}
			}
		},
		{
			"from": [10.6, 10.5, -14],
			"to": [12.1, 11.5, -13.3],
			"rotation": {"angle": 0, "axis": "y", "origin": [16, 0, 0]},
			"faces": {
				"north": {"uv": [0, 0, 2180, 400], "texture": "#2"},
				"east": {"uv": [0, 0, 2180, 400], "texture": "#2"},
				"south": {"uv": [0, 0, 2180, 400], "texture": "#2"},
				"west": {"uv": [0, 0, 2180, 400], "texture": "#2"},
				"up": {"uv": [0, 0, 2180, 400], "texture": "#2"},
				"down": {"uv": [0, 0, 2180, 400], "texture": "#2"}
			}
		},
		{
			"from": [10.9, 10.2, -14],
			"to": [11.7, 12.6, -13.3],
			"rotation": {"angle": 0, "axis": "y", "origin": [16, 0, 0]},
			"faces": {
				"north": {"uv": [0, 0, 2180, 400], "texture": "#2"},
				"east": {"uv": [0, 0, 2180, 400], "texture": "#2"},
				"south": {"uv": [0, 0, 2180, 400], "texture": "#2"},
				"west": {"uv": [0, 0, 2180, 400], "texture": "#2"},
				"up": {"uv": [0, 0, 2180, 400], "texture": "#2"},
				"down": {"uv": [0, 0, 2180, 400], "texture": "#2"}
			}
		},
		{
			"from": [6.9, 11.7, -14.2],
			"to": [9.5, 12.6, -13.3],
			"rotation": {"angle": 0, "axis": "y", "origin": [16, 0, 0]},
			"faces": {
				"north": {"uv": [0, 0, 2180, 400], "texture": "#2"},
				"east": {"uv": [0, 0, 2180, 400], "texture": "#2"},
				"south": {"uv": [0, 0, 2180, 400], "texture": "#2"},
				"west": {"uv": [0, 0, 2180, 400], "texture": "#2"},
				"up": {"uv": [0, 0, 2180, 400], "texture": "#2"},
				"down": {"uv": [0, 0, 2180, 400], "texture": "#2"}
			}
		},
		{
			"from": [10.6, 11.9, -14.2],
			"to": [12.6, 12.6, -13.3],
			"rotation": {"angle": 0, "axis": "y", "origin": [16, 0, 0]},
			"faces": {
				"north": {"uv": [0, 0, 2180, 400], "texture": "#2"},
				"east": {"uv": [0, 0, 2180, 400], "texture": "#2"},
				"south": {"uv": [0, 0, 2180, 400], "texture": "#2"},
				"west": {"uv": [0, 0, 2180, 400], "texture": "#2"},
				"up": {"uv": [0, 0, 2180, 400], "texture": "#2"},
				"down": {"uv": [0, 0, 2180, 400], "texture": "#2"}
			}
		},
		{
			"from": [-1.6, 10, -0.2],
			"to": [-0.5, 10.2, 1.4],
			"rotation": {"angle": 0, "axis": "y", "origin": [16, 0, 0]},
			"faces": {
				"north": {"uv": [0, 0, 2180, 400], "texture": "#2"},
				"east": {"uv": [0, 0, 2180, 400], "texture": "#2"},
				"south": {"uv": [0, 0, 2180, 400], "texture": "#2"},
				"west": {"uv": [0, 0, 2180, 400], "texture": "#2"},
				"up": {"uv": [0, 0, 2180, 400], "texture": "#2"},
				"down": {"uv": [0, 0, 2180, 400], "texture": "#2"}
			}
		},
		{
			"from": [-1.6, 10.3, 19.7],
			"to": [-1.1, 12.1, 21.4],
			"rotation": {"angle": 0, "axis": "y", "origin": [16, 0, 0]},
			"faces": {
				"north": {"uv": [0, 0, 2180, 400], "texture": "#2"},
				"east": {"uv": [0, 0, 2180, 400], "texture": "#2"},
				"south": {"uv": [0, 0, 2180, 400], "texture": "#2"},
				"west": {"uv": [0, 0, 2180, 400], "texture": "#2"},
				"up": {"uv": [0, 0, 2180, 400], "texture": "#2"},
				"down": {"uv": [0, 0, 2180, 400], "texture": "#2"}
			}
		},
		{
			"from": [-1.6, 8.8, 19.6],
			"to": [-0.5, 9.4, 21.2],
			"rotation": {"angle": 0, "axis": "y", "origin": [16, 0, 0]},
			"faces": {
				"north": {"uv": [0, 0, 2180, 400], "texture": "#2"},
				"east": {"uv": [0, 0, 2180, 400], "texture": "#2"},
				"south": {"uv": [0, 0, 2180, 400], "texture": "#2"},
				"west": {"uv": [0, 0, 2180, 400], "texture": "#2"},
				"up": {"uv": [0, 0, 2180, 400], "texture": "#2"},
				"down": {"uv": [0, 0, 2180, 400], "texture": "#2"}
			}
		},
		{
			"from": [-1.6, 9.1, 19.4],
			"to": [-1, 10.3, 21.5],
			"rotation": {"angle": 0, "axis": "y", "origin": [16, 0, 0]},
			"faces": {
				"north": {"uv": [0, 0, 2180, 400], "texture": "#2"},
				"east": {"uv": [0, 0, 2180, 400], "texture": "#2"},
				"south": {"uv": [0, 0, 2180, 400], "texture": "#2"},
				"west": {"uv": [0, 0, 2180, 400], "texture": "#2"},
				"up": {"uv": [0, 0, 2180, 400], "texture": "#2"},
				"down": {"uv": [0, 0, 2180, 400], "texture": "#2"}
			}
		},
		{
			"from": [-1.6, 9.9, 19.5],
			"to": [-1.1, 10.9, 21.2],
			"rotation": {"angle": 0, "axis": "y", "origin": [16, 0, 0]},
			"faces": {
				"north": {"uv": [0, 0, 2180, 400], "texture": "#2"},
				"east": {"uv": [0, 0, 2180, 400], "texture": "#2"},
				"south": {"uv": [0, 0, 2180, 400], "texture": "#2"},
				"west": {"uv": [0, 0, 2180, 400], "texture": "#2"},
				"up": {"uv": [0, 0, 2180, 400], "texture": "#2"},
				"down": {"uv": [0, 0, 2180, 400], "texture": "#2"}
			}
		},
		{
			"from": [-1.9, 8.6, -8.7],
			"to": [-0.6, 10.2, -7.4],
			"rotation": {"angle": 0, "axis": "y", "origin": [16, 0, 0]},
			"faces": {
				"north": {"uv": [0, 0, 2180, 400], "texture": "#2"},
				"east": {"uv": [0, 0, 2180, 400], "texture": "#2"},
				"south": {"uv": [0, 0, 2180, 400], "texture": "#2"},
				"west": {"uv": [0, 0, 2180, 400], "texture": "#2"},
				"up": {"uv": [0, 0, 2180, 400], "texture": "#2"},
				"down": {"uv": [0, 0, 2180, 400], "texture": "#2"}
			}
		},
		{
			"from": [-1.6, 9.3, 4.8],
			"to": [-0.3, 10.5, 6.4],
			"rotation": {"angle": 0, "axis": "y", "origin": [16, 0, 0]},
			"faces": {
				"north": {"uv": [0, 0, 2180, 400], "texture": "#2"},
				"east": {"uv": [0, 0, 2180, 400], "texture": "#2"},
				"south": {"uv": [0, 0, 2180, 400], "texture": "#2"},
				"west": {"uv": [0, 0, 2180, 400], "texture": "#2"},
				"up": {"uv": [0, 0, 2180, 400], "texture": "#2"},
				"down": {"uv": [0, 0, 2180, 400], "texture": "#2"}
			}
		},
		{
			"from": [-1.6, 9.4, 4.6],
			"to": [-0.3, 11.4, 6.7],
			"rotation": {"angle": 0, "axis": "y", "origin": [16, 0, 0]},
			"faces": {
				"north": {"uv": [0, 0, 2180, 400], "texture": "#2"},
				"east": {"uv": [0, 0, 2180, 400], "texture": "#2"},
				"south": {"uv": [0, 0, 2180, 400], "texture": "#2"},
				"west": {"uv": [0, 0, 2180, 400], "texture": "#2"},
				"up": {"uv": [0, 0, 2180, 400], "texture": "#2"},
				"down": {"uv": [0, 0, 2180, 400], "texture": "#2"}
			}
		},
		{
			"from": [-1.6, 10, 4.7],
			"to": [-0.3, 12, 6.4],
			"rotation": {"angle": 0, "axis": "y", "origin": [16, 0, 0]},
			"faces": {
				"north": {"uv": [0, 0, 2180, 400], "texture": "#2"},
				"east": {"uv": [0, 0, 2180, 400], "texture": "#2"},
				"south": {"uv": [0, 0, 2180, 400], "texture": "#2"},
				"west": {"uv": [0, 0, 2180, 400], "texture": "#2"},
				"up": {"uv": [0, 0, 2180, 400], "texture": "#2"},
				"down": {"uv": [0, 0, 2180, 400], "texture": "#2"}
			}
		},
		{
			"from": [-1.6, 10.2, 14.5],
			"to": [-0.3, 12.2, 16.6],
			"rotation": {"angle": 0, "axis": "y", "origin": [16, 0, 0]},
			"faces": {
				"north": {"uv": [0, 0, 2180, 400], "texture": "#2"},
				"east": {"uv": [0, 0, 2180, 400], "texture": "#2"},
				"south": {"uv": [0, 0, 2180, 400], "texture": "#2"},
				"west": {"uv": [0, 0, 2180, 400], "texture": "#2"},
				"up": {"uv": [0, 0, 2180, 400], "texture": "#2"},
				"down": {"uv": [0, 0, 2180, 400], "texture": "#2"}
			}
		},
		{
			"from": [-1.6, 10.8, 14.6],
			"to": [-0.3, 12.8, 16.3],
			"rotation": {"angle": 0, "axis": "y", "origin": [16, 0, 0]},
			"faces": {
				"north": {"uv": [0, 0, 2180, 400], "texture": "#2"},
				"east": {"uv": [0, 0, 2180, 400], "texture": "#2"},
				"south": {"uv": [0, 0, 2180, 400], "texture": "#2"},
				"west": {"uv": [0, 0, 2180, 400], "texture": "#2"},
				"up": {"uv": [0, 0, 2180, 400], "texture": "#2"},
				"down": {"uv": [0, 0, 2180, 400], "texture": "#2"}
			}
		},
		{
			"from": [-1.6, 11.9, 16.9],
			"to": [-0.3, 13.7, 18.8],
			"rotation": {"angle": 0, "axis": "y", "origin": [16, 0, 0]},
			"faces": {
				"north": {"uv": [0, 0, 2180, 400], "texture": "#2"},
				"east": {"uv": [0, 0, 2180, 400], "texture": "#2"},
				"south": {"uv": [0, 0, 2180, 400], "texture": "#2"},
				"west": {"uv": [0, 0, 2180, 400], "texture": "#2"},
				"up": {"uv": [0, 0, 2180, 400], "texture": "#2"},
				"down": {"uv": [0, 0, 2180, 400], "texture": "#2"}
			}
		},
		{
			"from": [-1.6, 10.1, 14.7],
			"to": [-0.3, 11.3, 16.3],
			"rotation": {"angle": 0, "axis": "y", "origin": [16, 0, 0]},
			"faces": {
				"north": {"uv": [0, 0, 2180, 400], "texture": "#2"},
				"east": {"uv": [0, 0, 2180, 400], "texture": "#2"},
				"south": {"uv": [0, 0, 2180, 400], "texture": "#2"},
				"west": {"uv": [0, 0, 2180, 400], "texture": "#2"},
				"up": {"uv": [0, 0, 2180, 400], "texture": "#2"},
				"down": {"uv": [0, 0, 2180, 400], "texture": "#2"}
			}
		},
		{
			"from": [-1.6, 11.5, 3],
			"to": [-0.3, 12.4, 7],
			"rotation": {"angle": 0, "axis": "y", "origin": [16, 0, 0]},
			"faces": {
				"north": {"uv": [0, 0, 2180, 400], "texture": "#2"},
				"east": {"uv": [0, 0, 2180, 400], "texture": "#2"},
				"south": {"uv": [0, 0, 2180, 400], "texture": "#2"},
				"west": {"uv": [0, 0, 2180, 400], "texture": "#2"},
				"up": {"uv": [0, 0, 2180, 400], "texture": "#2"},
				"down": {"uv": [0, 0, 2180, 400], "texture": "#2"}
			}
		},
		{
			"from": [-1.6, 11.8, -2.1],
			"to": [-1.1, 12.2, 8],
			"rotation": {"angle": 0, "axis": "y", "origin": [16, 0, 0]},
			"faces": {
				"north": {"uv": [0, 0, 2180, 400], "texture": "#2"},
				"east": {"uv": [0, 0, 2180, 400], "texture": "#2"},
				"south": {"uv": [0, 0, 2180, 400], "texture": "#2"},
				"west": {"uv": [0, 0, 2180, 400], "texture": "#2"},
				"up": {"uv": [0, 0, 2180, 400], "texture": "#2"},
				"down": {"uv": [0, 0, 2180, 400], "texture": "#2"}
			}
		},
		{
			"from": [12.7, 11.7, -13.2],
			"to": [14.9, 14.1, -11.4],
			"faces": {
				"north": {"uv": [6.4, 0, 10.8, 4.8], "texture": "#2"},
				"east": {"uv": [6.4, 0, 10.8, 4.8], "texture": "#2"},
				"south": {"uv": [6.4, 0, 10.8, 4.8], "texture": "#2"},
				"west": {"uv": [6.4, 0, 10.8, 4.8], "texture": "#2"},
				"up": {"uv": [6.4, 0, 10.8, 4.8], "texture": "#2"},
				"down": {"uv": [6.4, 0, 10.8, 4.8], "texture": "#2"}
			}
		},
		{
			"from": [14.4, 12.1, -12.3],
			"to": [15.9, 14.1, -10.8],
			"faces": {
				"north": {"uv": [3, 0, 0, 4], "texture": "#2"},
				"east": {"uv": [3, 0, 0, 4], "texture": "#2"},
				"south": {"uv": [3, 0, 0, 4], "texture": "#2"},
				"west": {"uv": [3, 0, 0, 4], "texture": "#2"},
				"up": {"uv": [3, 0, 0, 4], "texture": "#2"},
				"down": {"uv": [3, 0, 0, 4], "texture": "#2"}
			}
		},
		{
			"from": [15.2, 12.1, -11.1],
			"to": [16.8, 14.1, -8.3],
			"faces": {
				"north": {"uv": [5.6, 0, 0, 4], "texture": "#2"},
				"east": {"uv": [5.6, 0, 0, 4], "texture": "#2"},
				"south": {"uv": [5.6, 0, 0, 4], "texture": "#2"},
				"west": {"uv": [5.6, 0, 0, 4], "texture": "#2"},
				"up": {"uv": [5.6, 0, 0, 4], "texture": "#2"},
				"down": {"uv": [5.6, 0, 0, 4], "texture": "#2"}
			}
		},
		{
			"from": [-1.6, 12.1, 21.7],
			"to": [16.7, 14.1, 23.5],
			"rotation": {"angle": 0, "axis": "y", "origin": [16, 0, 16]},
			"faces": {
				"north": {"uv": [3.6, 0, 7.2, 32], "rotation": 270, "texture": "#2"},
				"east": {"uv": [3.6, 0, 7.2, 32], "rotation": 270, "texture": "#2"},
				"south": {"uv": [3.6, 0, 7.2, 32], "rotation": 270, "texture": "#2"},
				"west": {"uv": [3.6, 0, 7.2, 32], "rotation": 270, "texture": "#2"},
				"up": {"uv": [3.6, 0, 7.2, 32], "rotation": 270, "texture": "#2"},
				"down": {"uv": [3.6, 0, 7.2, 32], "rotation": 270, "texture": "#2"}
			}
		},
		{
			"from": [-0.8, 12.1, 23.2],
			"to": [15.1, 14.1, 26],
			"rotation": {"angle": 0, "axis": "y", "origin": [16, 0, 16]},
			"faces": {
				"north": {"uv": [5.6, 0, 11.2, 31.8], "rotation": 270, "texture": "#2"},
				"east": {"uv": [5.6, 0, 11.2, 31.8], "rotation": 270, "texture": "#2"},
				"south": {"uv": [5.6, 0, 11.2, 31.8], "rotation": 270, "texture": "#2"},
				"west": {"uv": [5.6, 0, 11.2, 31.8], "rotation": 270, "texture": "#2"},
				"up": {"uv": [5.6, 0, 11.2, 31.8], "rotation": 270, "texture": "#2"},
				"down": {"uv": [5.6, 0, 11.2, 31.8], "rotation": 270, "texture": "#2"}
			}
		},
		{
			"from": [0.1, 12.1, 25.7],
			"to": [14.6, 14.1, 27.2],
			"rotation": {"angle": 0, "axis": "y", "origin": [16, 0, 16]},
			"faces": {
				"north": {"uv": [3, 2, 6, 31], "rotation": 270, "texture": "#2"},
				"east": {"uv": [3, 2, 6, 31], "rotation": 270, "texture": "#2"},
				"south": {"uv": [3, 2, 6, 31], "rotation": 270, "texture": "#2"},
				"west": {"uv": [3, 2, 6, 31], "rotation": 270, "texture": "#2"},
				"up": {"uv": [3, 2, 6, 31], "rotation": 270, "texture": "#2"},
				"down": {"uv": [3, 2, 6, 31], "rotation": 270, "texture": "#2"}
			}
		},
		{
			"from": [1.1, 12.1, 26.3],
			"to": [13.3, 14.1, 28.1],
			"rotation": {"angle": 0, "axis": "y", "origin": [16, 0, 16]},
			"faces": {
				"north": {"uv": [3.6, 2, 7.2, 26.4], "rotation": 270, "texture": "#2"},
				"east": {"uv": [3.6, 2, 7.2, 26.4], "rotation": 270, "texture": "#2"},
				"south": {"uv": [3.6, 2, 7.2, 26.4], "rotation": 270, "texture": "#2"},
				"west": {"uv": [3.6, 2, 7.2, 26.4], "rotation": 270, "texture": "#2"},
				"up": {"uv": [3.6, 2, 7.2, 26.4], "rotation": 270, "texture": "#2"},
				"down": {"uv": [3.6, 2, 7.2, 26.4], "rotation": 270, "texture": "#2"}
			}
		},
		{
			"from": [2.8, 12.1, 27.3],
			"to": [12.9, 14.1, 29.1],
			"rotation": {"angle": 0, "axis": "y", "origin": [16, 0, 16]},
			"faces": {
				"north": {"uv": [11.8, 0, 32, 4], "texture": "#2"},
				"east": {"uv": [11.8, 0, 32, 4], "texture": "#2"},
				"south": {"uv": [11.8, 0, 32, 4], "texture": "#2"},
				"west": {"uv": [11.8, 0, 32, 4], "texture": "#2"},
				"up": {"uv": [11.8, 0, 32, 4], "texture": "#2"},
				"down": {"uv": [11.8, 0, 32, 4], "texture": "#2"}
			}
		},
		{
			"from": [12.6, 12.1, 26.3],
			"to": [14.8, 14.1, 28.1],
			"rotation": {"angle": 0, "axis": "y", "origin": [0, 0, 16]},
			"faces": {
				"north": {"uv": [2, 0, 6.4, 4], "texture": "#2"},
				"east": {"uv": [2, 0, 6.4, 4], "texture": "#2"},
				"south": {"uv": [2, 0, 6.4, 4], "texture": "#2"},
				"west": {"uv": [2, 0, 6.4, 4], "texture": "#2"},
				"up": {"uv": [2, 0, 6.4, 4], "texture": "#2"},
				"down": {"uv": [2, 0, 6.4, 4], "texture": "#2"}
			}
		},
		{
			"from": [14.3, 12.1, 25.7],
			"to": [15.8, 14.1, 27.2],
			"rotation": {"angle": 0, "axis": "y", "origin": [0, 0, 16]},
			"faces": {
				"north": {"uv": [0, 0, 3, 4], "texture": "#2"},
				"east": {"uv": [0, 0, 3, 4], "texture": "#2"},
				"south": {"uv": [0, 0, 3, 4], "texture": "#2"},
				"west": {"uv": [0, 0, 3, 4], "texture": "#2"},
				"up": {"uv": [0, 0, 3, 4], "texture": "#2"},
				"down": {"uv": [0, 0, 3, 4], "texture": "#2"}
			}
		},
		{
			"from": [15.1, 12.1, 23.2],
			"to": [16.7, 14.1, 26],
			"rotation": {"angle": 0, "axis": "y", "origin": [0, 0, 16]},
			"faces": {
				"north": {"uv": [0, 0, 5.6, 4], "texture": "#2"},
				"east": {"uv": [0, 0, 5.6, 4], "texture": "#2"},
				"south": {"uv": [0, 0, 5.6, 4], "texture": "#2"},
				"west": {"uv": [0, 0, 5.6, 4], "texture": "#2"},
				"up": {"uv": [0, 0, 5.6, 4], "texture": "#2"},
				"down": {"uv": [0, 0, 5.6, 4], "texture": "#2"}
			}
		},
		{
			"from": [16.2, 12.1, -8.7],
			"to": [17.5, 14.1, 23.2],
			"faces": {
				"north": {"uv": [0, 0, 32, 4], "texture": "#2"},
				"east": {"uv": [0, 0, 32, 4], "texture": "#2"},
				"south": {"uv": [0, 0, 32, 4], "texture": "#2"},
				"west": {"uv": [0, 0, 32, 4], "texture": "#2"},
				"up": {"uv": [0, 0, 32, 4], "texture": "#2"},
				"down": {"uv": [0, 0, 32, 4], "texture": "#2"}
			}
		},
		{
			"from": [14.7, 6.3, -12.2],
			"to": [15.6, 8.3, -11],
			"rotation": {"angle": 0, "axis": "y", "origin": [16, 0, 0]},
			"faces": {
				"north": {"uv": [36, 4, 44, 12], "texture": "#4"},
				"east": {"uv": [36, 4, 44, 12], "texture": "#4"},
				"south": {"uv": [36, 4, 44, 12], "texture": "#2"},
				"west": {"uv": [36, 4, 44, 12], "texture": "#2"},
				"up": {"uv": [36, 4, 44, 12], "texture": "#4"},
				"down": {"uv": [36, 4, 44, 12], "texture": "#2"}
			}
		},
		{
			"from": [15.6, 6.3, 23.4],
			"to": [16.5, 8.3, 26.1],
			"rotation": {"angle": 0, "axis": "y", "origin": [16, 0, 16]},
			"faces": {
				"north": {"uv": [2, 0, 2.9, 2], "texture": "#missing"},
				"east": {"uv": [2, 0, 2.9, 2], "texture": "#4"},
				"south": {"uv": [2, 0, 2.9, 2], "texture": "#4"},
				"west": {"uv": [2, 0, 2.9, 2], "texture": "#missing"},
				"up": {"uv": [2, 0, 2.9, 2], "texture": "#4"},
				"down": {"uv": [2, 0, 2.9, 2], "texture": "#missing"}
			}
		},
		{
			"from": [14.7, 6.3, 25.9],
			"to": [15.6, 8.3, 27.1],
			"rotation": {"angle": 0, "axis": "y", "origin": [16, 0, 16]},
			"faces": {
				"north": {"uv": [1.9, 0, 2.8, 2], "texture": "#missing"},
				"east": {"uv": [1.9, 0, 2.8, 2], "texture": "#4"},
				"south": {"uv": [1.9, 0, 2.8, 2], "texture": "#4"},
				"west": {"uv": [1.9, 0, 2.8, 2], "texture": "#missing"},
				"up": {"uv": [1.9, 0, 2.8, 2], "texture": "#4"},
				"down": {"uv": [1.9, 0, 2.8, 2], "texture": "#missing"}
			}
		},
		{
			"from": [13.1, 6.3, 26.9],
			"to": [14.7, 8.3, 27.9],
			"rotation": {"angle": 0, "axis": "y", "origin": [16, 0, 16]},
			"faces": {
				"north": {"uv": [2.6, 0, 4.2, 2], "texture": "#missing"},
				"east": {"uv": [2.6, 0, 4.2, 2], "texture": "#4"},
				"south": {"uv": [2.6, 0, 4.2, 2], "texture": "#4"},
				"west": {"uv": [2.6, 0, 4.2, 2], "texture": "#missing"},
				"up": {"uv": [2.6, 0, 4.2, 2], "texture": "#4"},
				"down": {"uv": [2.6, 0, 4.2, 2], "texture": "#missing"}
			}
		},
		{
			"from": [2.9, 6.3, 27.7],
			"to": [13.1, 8.3, 28.9],
			"rotation": {"angle": 0, "axis": "y", "origin": [16, 0, 16]},
			"faces": {
				"north": {"uv": [11.6, 0, 32, 4], "texture": "#missing"},
				"east": {"uv": [11.6, 0, 32, 4], "texture": "#4"},
				"south": {"uv": [-4.4, 8.96552, 16, 12.96552], "texture": "#4"},
				"west": {"uv": [11.6, 0, 32, 4], "texture": "#4"},
				"up": {"uv": [11.6, 0, 32, 4], "texture": "#4"},
				"down": {"uv": [11.6, 0, 32, 4], "texture": "#missing"}
			}
		},
		{
			"from": [-0.5, 8.3, -11],
			"to": [0.5, 10.6, -8.3],
			"faces": {
				"north": {"uv": [4, 0, 6, 4.6], "texture": "#4"},
				"east": {"uv": [4, 0, 6, 4.6], "texture": "#2"},
				"south": {"uv": [4, 0, 6, 4.6], "texture": "#2"},
				"west": {"uv": [4, 0, 6, 4.6], "texture": "#4"},
				"up": {"uv": [4, 0, 6, 4.6], "texture": "#4"},
				"down": {"uv": [4, 0, 6, 4.6], "texture": "#2"}
			}
		},
		{
			"from": [0.5, 8.3, -12],
			"to": [1.4, 10.6, -10.8],
			"faces": {
				"north": {"uv": [1, 0, 2.2, 2.3], "texture": "#4"},
				"east": {"uv": [1, 0, 2.2, 2.3], "texture": "#2"},
				"south": {"uv": [1, 0, 2.2, 2.3], "texture": "#2"},
				"west": {"uv": [1, 0, 2.2, 2.3], "texture": "#4"},
				"up": {"uv": [1, 0, 2.2, 2.3], "texture": "#4"},
				"down": {"uv": [1, 0, 2.2, 2.3], "texture": "#2"}
			}
		},
		{
			"from": [1.4, 8.3, -12.8],
			"to": [3, 10.6, -11.8],
			"faces": {
				"north": {"uv": [1, 0, 2, 2.3], "texture": "#4"},
				"east": {"uv": [1, 0, 2, 2.3], "texture": "#2"},
				"south": {"uv": [1, 0, 2, 2.3], "texture": "#2"},
				"west": {"uv": [1, 0, 2, 2.3], "texture": "#4"},
				"up": {"uv": [1, 0, 2, 2.3], "texture": "#4"},
				"down": {"uv": [1, 0, 2, 2.3], "texture": "#2"}
			}
		},
		{
			"from": [-1.3, 8.3, -8.5],
			"to": [-0.5, 10.6, -6.9],
			"color": 8,
			"faces": {
				"north": {"uv": [26.32496, 0, 38.02496, 19.40624], "texture": "#missing"},
				"east": {"uv": [0, 0, 23.4, 19.40624], "texture": "#missing"},
				"south": {"uv": [26.32496, 0, 38.02496, 19.40624], "texture": "#missing"},
				"west": {"uv": [0, 0, 23.4, 19.40624], "texture": "#missing"},
				"up": {"uv": [0, 15.18752, 23.4, 21.93752], "rotation": 270, "texture": "#missing"},
				"down": {"uv": [0, 15.18752, 23.4, 21.93752], "rotation": 90, "texture": "#missing"}
			}
		},
		{
			"from": [-0.5, 8.3, -11],
			"to": [0.5, 10.6, -8.3],
			"color": 8,
			"faces": {
				"north": {"uv": [29.25, 0, 43.87496, 19.40624], "texture": "#missing"},
				"east": {"uv": [36.56248, 0, 76.05, 19.40624], "texture": "#missing"},
				"south": {"uv": [29.25, 0, 43.87496, 19.40624], "texture": "#missing"},
				"west": {"uv": [36.56248, 0, 76.05, 19.40624], "texture": "#missing"},
				"up": {"uv": [0, 16.87496, 39.48752, 25.31248], "rotation": 270, "texture": "#missing"},
				"down": {"uv": [0, 16.87496, 39.48752, 25.31248], "rotation": 90, "texture": "#missing"}
			}
		},
		{
			"from": [0.5, 8.3, -12],
			"to": [1.4, 10.6, -10.8],
			"color": 8,
			"faces": {
				"north": {"uv": [27.78752, 0, 40.95, 19.40624], "texture": "#missing"},
				"east": {"uv": [14.62504, 0, 32.17504, 19.40624], "texture": "#missing"},
				"south": {"uv": [27.78752, 0, 40.95, 19.40624], "texture": "#missing"},
				"west": {"uv": [14.62504, 0, 32.17504, 19.40624], "texture": "#missing"},
				"up": {"uv": [0, 16.03128, 17.55, 23.62496], "rotation": 270, "texture": "#missing"},
				"down": {"uv": [0, 16.03128, 17.55, 23.62496], "rotation": 90, "texture": "#missing"}
			}
		},
		{
			"from": [1.4, 8.3, -12.8],
			"to": [3, 10.6, -11.8],
			"color": 8,
			"faces": {
				"north": {"uv": [38.02496, 0, 61.42496, 19.40624], "texture": "#missing"},
				"east": {"uv": [14.62504, 0, 29.25, 19.40624], "texture": "#missing"},
				"south": {"uv": [38.02496, 0, 61.42496, 19.40624], "texture": "#missing"},
				"west": {"uv": [14.62504, 0, 29.25, 19.40624], "texture": "#missing"},
				"up": {"uv": [0, 21.93752, 14.62504, 35.43752], "rotation": 270, "texture": "#missing"},
				"down": {"uv": [0, 21.93752, 14.62504, 35.43752], "rotation": 90, "texture": "#missing"}
			}
		},
		{
			"from": [3, 8.3, -13.8],
			"to": [12.9, 10.6, -12.6],
			"rotation": {"angle": 0, "axis": "y", "origin": [16, 0, 0]},
			"color": 8,
			"faces": {
				"north": {"uv": [14.62504, 0, 159.41248, 19.40624], "texture": "#missing"},
				"east": {"uv": [0, 0, 17.55, 19.40624], "texture": "#missing"},
				"south": {"uv": [14.62504, 0, 159.41248, 19.40624], "texture": "#missing"},
				"west": {"uv": [0, 0, 17.55, 19.40624], "texture": "#missing"},
				"up": {"uv": [0, 8.43752, 17.55, 91.96872], "rotation": 270, "texture": "#missing"},
				"down": {"uv": [0, 8.43752, 17.55, 91.96872], "rotation": 90, "texture": "#missing"}
			}
		},
		{
			"from": [12.9, 8.3, -12.8],
			"to": [14.5, 10.6, -11.8],
			"rotation": {"angle": 0, "axis": "y", "origin": [16, 0, 0]},
			"color": 8,
			"faces": {
				"north": {"uv": [14.62504, 0, 38.02496, 19.40624], "texture": "#missing"},
				"east": {"uv": [0, 0, 14.62504, 19.40624], "texture": "#missing"},
				"south": {"uv": [14.62504, 0, 38.02496, 19.40624], "texture": "#missing"},
				"west": {"uv": [0, 0, 14.62504, 19.40624], "texture": "#missing"},
				"up": {"uv": [0, 8.43752, 14.62504, 21.93752], "rotation": 270, "texture": "#missing"},
				"down": {"uv": [0, 8.43752, 14.62504, 21.93752], "rotation": 90, "texture": "#missing"}
			}
		},
		{
			"from": [14.5, 8.3, -12],
			"to": [15.4, 10.6, -10.8],
			"rotation": {"angle": 0, "axis": "y", "origin": [16, 0, 0]},
			"faces": {
				"north": {"uv": [0, 0, 1.2, 2.3], "texture": "#4"},
				"east": {"uv": [0, 0, 1.2, 2.3], "texture": "#4"},
				"south": {"uv": [0, 0, 1.2, 2.3], "texture": "#2"},
				"west": {"uv": [0, 0, 1.2, 2.3], "texture": "#2"},
				"up": {"uv": [0, 0, 1.2, 2.3], "texture": "#4"},
				"down": {"uv": [0, 0, 1.2, 2.3], "texture": "#2"}
			}
		},
		{
			"from": [15.4, 8.3, -11],
			"to": [16.4, 10.6, -8.3],
			"rotation": {"angle": 0, "axis": "y", "origin": [16, 0, 0]},
			"color": 8,
			"faces": {
				"north": {"uv": [14.62504, 0, 29.25, 19.40624], "texture": "#missing"},
				"east": {"uv": [0, 0, 39.48752, 19.40624], "texture": "#missing"},
				"south": {"uv": [14.62504, 0, 29.25, 19.40624], "texture": "#missing"},
				"west": {"uv": [0, 0, 39.48752, 19.40624], "texture": "#missing"},
				"up": {"uv": [0, 8.43752, 39.48752, 16.87496], "rotation": 270, "texture": "#missing"},
				"down": {"uv": [0, 8.43752, 39.48752, 16.87496], "rotation": 90, "texture": "#missing"}
			}
		},
		{
			"from": [15.4, 8.3, 23.4],
			"to": [16.4, 10.6, 25.9],
			"rotation": {"angle": 0, "axis": "y", "origin": [16, 0, 16]},
			"faces": {
				"north": {"uv": [2.5, 0, 5, 2.3], "texture": "#missing"},
				"east": {"uv": [2.5, 0, 5, 2.3], "texture": "#4"},
				"south": {"uv": [2.5, 0, 5, 2.3], "texture": "#4"},
				"west": {"uv": [2.5, 0, 5, 2.3], "texture": "#missing"},
				"up": {"uv": [2.5, 0, 5, 2.3], "texture": "#4"},
				"down": {"uv": [2.5, 0, 5, 2.3], "texture": "#missing"}
			}
		},
		{
			"from": [14.5, 8.3, 25.9],
			"to": [15.4, 10.6, 26.9],
			"rotation": {"angle": 0, "axis": "y", "origin": [16, 0, 16]},
			"faces": {
				"north": {"uv": [3.8, 0, 5.6, 4.6], "texture": "#missing"},
				"east": {"uv": [3.8, 0, 5.6, 4.6], "texture": "#4"},
				"south": {"uv": [3.8, 0, 5.6, 4.6], "texture": "#4"},
				"west": {"uv": [3.8, 0, 5.6, 4.6], "texture": "#missing"},
				"up": {"uv": [3.8, 0, 5.6, 4.6], "texture": "#4"},
				"down": {"uv": [3.8, 0, 5.6, 4.6], "texture": "#missing"}
			}
		},
		{
			"from": [12.9, 8.3, 26.7],
			"to": [14.5, 10.6, 27.7],
			"rotation": {"angle": 0, "axis": "y", "origin": [16, 0, 16]},
			"faces": {
				"north": {"uv": [5.2, 0, 8.4, 4.6], "texture": "#missing"},
				"east": {"uv": [5.2, 0, 8.4, 4.6], "texture": "#4"},
				"south": {"uv": [5.2, 0, 8.4, 4.6], "texture": "#4"},
				"west": {"uv": [5.2, 0, 8.4, 4.6], "texture": "#missing"},
				"up": {"uv": [5.2, 0, 8.4, 4.6], "texture": "#4"},
				"down": {"uv": [5.2, 0, 8.4, 4.6], "texture": "#missing"}
			}
		},
		{
			"from": [-0.5, 8.3, 23.2],
			"to": [15.5, 10.6, 25.9],
			"rotation": {"angle": 0, "axis": "y", "origin": [0, 0, 16]},
			"faces": {
				"north": {"uv": [5, 0, 7.7, 2.3], "texture": "#missing"},
				"east": {"uv": [5, 0, 7.7, 2.3], "texture": "#missing"},
				"south": {"uv": [5, 0, 7.7, 2.3], "texture": "#4"},
				"west": {"uv": [5, 0, 7.7, 2.3], "texture": "#4"},
				"up": {"uv": [5, 0, 7.7, 2.3], "texture": "#4"},
				"down": {"uv": [5, 0, 7.7, 2.3], "texture": "#missing"}
			}
		},
		{
			"from": [0.5, 8.3, 25.9],
			"to": [1.4, 10.6, 26.9],
			"rotation": {"angle": 0, "axis": "y", "origin": [0, 0, 16]},
			"faces": {
				"north": {"uv": [2, 0, 3, 2.3], "texture": "#missing"},
				"east": {"uv": [2, 0, 3, 2.3], "texture": "#missing"},
				"south": {"uv": [2, 0, 3, 2.3], "texture": "#4"},
				"west": {"uv": [2, 0, 3, 2.3], "texture": "#4"},
				"up": {"uv": [2, 0, 3, 2.3], "texture": "#4"},
				"down": {"uv": [2, 0, 3, 2.3], "texture": "#missing"}
			}
		},
		{
			"from": [1.4, 8.3, 26.7],
			"to": [3, 10.6, 27.7],
			"rotation": {"angle": 0, "axis": "y", "origin": [0, 0, 16]},
			"faces": {
				"north": {"uv": [4.2, 0, 5.8, 2.3], "texture": "#missing"},
				"east": {"uv": [4.2, 0, 5.8, 2.3], "texture": "#missing"},
				"south": {"uv": [4.2, 0, 5.8, 2.3], "texture": "#4"},
				"west": {"uv": [4.2, 0, 5.8, 2.3], "texture": "#4"},
				"up": {"uv": [4.2, 0, 5.8, 2.3], "texture": "#4"},
				"down": {"uv": [4.2, 0, 5.8, 2.3], "texture": "#missing"}
			}
		},
		{
			"from": [3, 8.3, 27.5],
			"to": [12.9, 10.6, 28.7],
			"rotation": {"angle": 0, "axis": "y", "origin": [0, 0, 16]},
			"faces": {
				"north": {"uv": [11.6, 0, 31.4, 4.6], "texture": "#missing"},
				"east": {"uv": [11.6, 0, 31.4, 4.6], "texture": "#4"},
				"south": {"uv": [-3.8, 9.61839, 16, 14.21839], "texture": "#4"},
				"west": {"uv": [11.6, 0, 31.4, 4.6], "texture": "#4"},
				"up": {"uv": [11.6, 0, 31.4, 4.6], "texture": "#4"},
				"down": {"uv": [11.6, 0, 31.4, 4.6], "texture": "#missing"}
			}
		},
		{
			"from": [1.3, 6.3, 26.9],
			"to": [2.9, 8.3, 27.9],
			"rotation": {"angle": 0, "axis": "y", "origin": [0, 0, 16]},
			"faces": {
				"north": {"uv": [4.2, 0, 5.8, 2], "texture": "#missing"},
				"east": {"uv": [4.2, 0, 5.8, 2], "texture": "#missing"},
				"south": {"uv": [4.2, 0, 5.8, 2], "texture": "#4"},
				"west": {"uv": [4.2, 0, 5.8, 2], "texture": "#4"},
				"up": {"uv": [4.2, 0, 5.8, 2], "texture": "#4"},
				"down": {"uv": [4.2, 0, 5.8, 2], "texture": "#missing"}
			}
		},
		{
			"from": [0.3, 6.3, 25.9],
			"to": [14.3, 8.3, 27.1],
			"rotation": {"angle": 0, "axis": "y", "origin": [0, 0, 16]},
			"faces": {
				"north": {"uv": [2.4, 0, 3.6, 2], "texture": "#missing"},
				"east": {"uv": [2.4, 0, 3.6, 2], "texture": "#missing"},
				"south": {"uv": [2.4, 0, 3.6, 2], "texture": "#4"},
				"west": {"uv": [2.4, 0, 3.6, 2], "texture": "#4"},
				"up": {"uv": [2.4, 0, 3.6, 2], "texture": "#4"},
				"down": {"uv": [2.4, 0, 3.6, 2], "texture": "#missing"}
			}
		},
		{
			"from": [-0.7, 6.3, 23.4],
			"to": [15.3, 8.3, 26.1],
			"rotation": {"angle": 0, "axis": "y", "origin": [0, 0, 16]},
			"faces": {
				"north": {"uv": [5.8, 0, 8.5, 2], "texture": "#missing"},
				"east": {"uv": [5.8, 0, 8.5, 2], "texture": "#missing"},
				"south": {"uv": [5.8, 0, 8.5, 2], "texture": "#4"},
				"west": {"uv": [5.8, 0, 8.5, 2], "texture": "#4"},
				"up": {"uv": [5.8, 0, 8.5, 2], "texture": "#4"},
				"down": {"uv": [5.8, 0, 8.5, 2], "texture": "#missing"}
			}
		},
		{
			"from": [-1.6, 6.3, -8.7],
			"to": [-0.6, 8.3, -6.9],
			"faces": {
				"north": {"uv": [0, 0, 0.9, 1], "texture": "#4"},
				"east": {"uv": [0, 0, 0.9, 1], "texture": "#2"},
				"south": {"uv": [0, 0, 0.9, 1], "texture": "#2"},
				"west": {"uv": [0, 0, 0.9, 1], "texture": "#4"},
				"up": {"uv": [0, 0, 0.9, 1], "texture": "#4"},
				"down": {"uv": [0, 0, 0.9, 1], "texture": "#missing"}
			}
		},
		{
			"from": [-1.6, 6.3, -2.3],
			"to": [-0.6, 8.3, 8.5],
			"faces": {
				"north": {"uv": [0, 0, 5.4, 1], "texture": "#2"},
				"east": {"uv": [0, 0, 5.4, 1], "texture": "#missing"},
				"south": {"uv": [0, 0, 5.4, 1], "texture": "#2"},
				"west": {"uv": [0, 0, 5.4, 1], "texture": "#4"},
				"up": {"uv": [0, 0, 5.4, 1], "texture": "#4"},
				"down": {"uv": [0, 0, 5.4, 1], "texture": "#missing"}
			}
		},
		{
			"from": [-1.6, 6.3, 13.2],
			"to": [-0.6, 8.3, 23.6],
			"faces": {
				"north": {"uv": [0, 0, 10.4, 2], "texture": "#2"},
				"east": {"uv": [0, 0, 10.4, 2], "texture": "#missing"},
				"south": {"uv": [0, 0, 10.4, 2], "texture": "#4"},
				"west": {"uv": [0, 0, 10.4, 2], "texture": "#4"},
				"up": {"uv": [0, 0, 10.4, 2], "texture": "#4"},
				"down": {"uv": [0, 0, 10.4, 2], "texture": "#missing"}
			}
		},
		{
			"from": [-1.3, 8.3, 13.2],
			"to": [-0.5, 10.6, 23.4],
			"faces": {
				"north": {"uv": [0, 0, 10.2, 2.3], "texture": "#2"},
				"east": {"uv": [0, 0, 10.2, 2.3], "texture": "#missing"},
				"south": {"uv": [0, 0, 10.2, 2.3], "texture": "#4"},
				"west": {"uv": [0, 0, 10.2, 2.3], "texture": "#4"},
				"up": {"uv": [0, 0, 10.2, 2.3], "texture": "#4"},
				"down": {"uv": [0, 0, 10.2, 2.3], "texture": "#missing"}
			}
		},
		{
			"from": [-1.6, 12.1, 13.1],
			"to": [-0.3, 14.1, 21.7],
			"rotation": {"angle": 0, "axis": "y", "origin": [16, 0, 0]},
			"faces": {
				"north": {"uv": [1.5, 12.5, 0, 4], "texture": "#2"},
				"east": {"uv": [1.5, 12.5, 0, 4], "texture": "#2"},
				"south": {"uv": [1.5, 12.5, 0, 4], "texture": "#2"},
				"west": {"uv": [1.5, 12.5, 0, 4], "texture": "#2"},
				"up": {"uv": [1.5, 12.5, 0, 4], "texture": "#2"},
				"down": {"uv": [1.5, 12.5, 0, 4], "texture": "#2"}
			}
		},
		{
			"from": [-1.1, 5.9, 13.2],
			"to": [-0.3, 12.1, 22.9],
			"faces": {
				"north": {"uv": [0, 0, 9.7, 6.2], "texture": "#2"},
				"east": {"uv": [0, 0, 9.7, 6.2], "texture": "#2"},
				"south": {"uv": [0, 0, 9.7, 6.2], "texture": "#missing"},
				"west": {"uv": [0, 0, 9.7, 6.2], "texture": "#4"},
				"up": {"uv": [0, 0, 9.7, 6.2], "texture": "#missing"},
				"down": {"uv": [0, 0, 9.7, 6.2], "texture": "#missing"}
			}
		},
		{
			"from": [-0.7, 6.3, -11.2],
			"to": [0.3, 8.3, -8.5],
			"faces": {
				"north": {"uv": [1.35, 0, 2.7, 1], "texture": "#4"},
				"east": {"uv": [1.35, 0, 2.7, 1], "texture": "#2"},
				"south": {"uv": [1.35, 0, 2.7, 1], "texture": "#2"},
				"west": {"uv": [1.35, 0, 2.7, 1], "texture": "#4"},
				"up": {"uv": [1.35, 0, 2.7, 1], "texture": "#4"},
				"down": {"uv": [1.35, 0, 2.7, 1], "texture": "#2"}
			}
		},
		{
			"from": [0.3, 6.3, -12.2],
			"to": [1.3, 8.3, -11],
			"faces": {
				"north": {"uv": [2.4, 0, 4.8, 4], "texture": "#4"},
				"east": {"uv": [2.4, 0, 4.8, 4], "texture": "#2"},
				"south": {"uv": [2.4, 0, 4.8, 4], "texture": "#2"},
				"west": {"uv": [2.4, 0, 4.8, 4], "texture": "#4"},
				"up": {"uv": [2.4, 0, 4.8, 4], "texture": "#4"},
				"down": {"uv": [2.4, 0, 4.8, 4], "texture": "#2"}
			}
		},
		{
			"from": [1.3, 6.3, -13],
			"to": [2.9, 8.3, -12],
			"faces": {
				"north": {"uv": [5.2, 0, 8.4, 4], "texture": "#4"},
				"east": {"uv": [5.2, 0, 8.4, 4], "texture": "#2"},
				"south": {"uv": [5.2, 0, 8.4, 4], "texture": "#2"},
				"west": {"uv": [5.2, 0, 8.4, 4], "texture": "#4"},
				"up": {"uv": [5.2, 0, 8.4, 4], "texture": "#4"},
				"down": {"uv": [5.2, 0, 8.4, 4], "texture": "#2"}
			}
		},
		{
			"from": [-1.6, 2.3, 8.3],
			"to": [-0.6, 6.3, 23.6],
			"rotation": {"angle": 0, "axis": "y", "origin": [0, 0, 16]},
			"faces": {
				"north": {"uv": [0, 0, 7.65, 2], "texture": "#missing"},
				"east": {"uv": [0, 0, 7.65, 2], "texture": "#missing"},
				"south": {"uv": [0, 0, 7.65, 2], "texture": "#4"},
				"west": {"uv": [0, 0, 7.65, 2], "texture": "#4"},
				"up": {"uv": [0, 0, 7.65, 2], "texture": "#2"},
				"down": {"uv": [0, 0, 7.65, 2], "texture": "#missing"}
			}
		},
		{
			"from": [-0.7, 2.3, 8.3],
			"to": [0.3, 6.3, 26.1],
			"rotation": {"angle": 0, "axis": "y", "origin": [0, 0, 16]},
			"faces": {
				"north": {"uv": [0, 0, 16, 4], "texture": "#missing"},
				"east": {"uv": [0, 0, 16, 4], "texture": "#missing"},
				"south": {"uv": [0, 0, 16, 4], "texture": "#4"},
				"west": {"uv": [0, 0, 16, 4], "texture": "#4"},
				"up": {"uv": [0, 0, 1, 0.25], "texture": "#3"},
				"down": {"uv": [0, 0, 16, 4], "texture": "#missing"}
			}
		},
		{
			"from": [1.3, 2.3, 8.3],
			"to": [3, 6.3, 27.9],
			"rotation": {"angle": 0, "axis": "y", "origin": [0, 0, 16]},
			"faces": {
				"north": {"uv": [0, 0, 16, 4], "texture": "#missing"},
				"east": {"uv": [0, 0, 16, 4], "texture": "#missing"},
				"south": {"uv": [0, 0, 16, 4], "texture": "#4"},
				"west": {"uv": [0, 0, 16, 4], "texture": "#4"},
				"up": {"uv": [0, 0, 1, 0.25], "texture": "#3"},
				"down": {"uv": [0, 0, 16, 4], "texture": "#missing"}
			}
		},
		{
			"from": [0.3, 2.3, 8.3],
			"to": [2, 6.3, 27.1],
			"rotation": {"angle": 0, "axis": "y", "origin": [0, 0, 16]},
			"faces": {
				"north": {"uv": [0, 0, 16, 4], "texture": "#missing"},
				"east": {"uv": [0, 0, 16, 4], "texture": "#missing"},
				"south": {"uv": [0, 0, 16, 4], "texture": "#4"},
				"west": {"uv": [0, 0, 16, 4], "texture": "#4"},
				"up": {"uv": [0, 0, 1, 0.25], "texture": "#3"},
				"down": {"uv": [0, 0, 16, 4], "texture": "#missing"}
			}
		},
		{
			"from": [2.9, 2.3, 8.3],
			"to": [13.1, 6.3, 28.9],
			"rotation": {"angle": 0, "axis": "y", "origin": [0, 0, 16]},
			"faces": {
				"north": {"uv": [5.8, 0, 16, 4], "texture": "#missing"},
				"east": {"uv": [5.8, 0, 16, 4], "texture": "#4"},
				"south": {"uv": [5.8, 0, 16, 4], "texture": "#4"},
				"west": {"uv": [5.8, 0, 16, 4], "texture": "#4"},
				"up": {"uv": [0.3625, 0, 1, 0.25], "texture": "#3"},
				"down": {"uv": [5.8, 0, 16, 4], "texture": "#missing"}
			}
		},
		{
			"from": [2.9, 3.6, 25.9],
			"to": [13.1, 10.6, 29],
			"rotation": {"angle": 0, "axis": "y", "origin": [0, 0, 16]},
			"faces": {
				"north": {"uv": [5.8, 0, 16, 4], "texture": "#missing"},
				"east": {"uv": [5.8, 0, 16, 4], "texture": "#4"},
				"south": {"uv": [1.84615, 1.36752, 13.60684, 12.82051], "texture": "#5"},
				"west": {"uv": [5.8, 0, 16, 4], "texture": "#4"},
				"up": {"uv": [5.8, 0, 16, 4], "texture": "#4"},
				"down": {"uv": [5.8, 0, 16, 4], "texture": "#missing"}
			}
		},
		{
			"from": [12.7, 2.3, 8.3],
			"to": [14.7, 6.3, 27.9],
			"rotation": {"angle": 0, "axis": "y", "origin": [16, 0, 16]},
			"faces": {
				"north": {"uv": [3.4, 0, 5.4, 4], "texture": "#missing"},
				"east": {"uv": [3.4, 0, 5.4, 4], "texture": "#4"},
				"south": {"uv": [3.4, 0, 5.4, 4], "texture": "#4"},
				"west": {"uv": [3.4, 0, 5.4, 4], "texture": "#missing"},
				"up": {"uv": [0.2125, 0, 0.3375, 0.25], "texture": "#3"},
				"down": {"uv": [3.4, 0, 5.4, 4], "texture": "#missing"}
			}
		},
		{
			"from": [13.7, 2.3, 8.3],
			"to": [15.6, 6.3, 27.1],
			"rotation": {"angle": 0, "axis": "y", "origin": [16, 0, 16]},
			"faces": {
				"north": {"uv": [3.4, 0, 5.3, 4], "texture": "#missing"},
				"east": {"uv": [3.4, 0, 5.3, 4], "texture": "#4"},
				"south": {"uv": [3.4, 0, 5.3, 4], "texture": "#4"},
				"west": {"uv": [3.4, 0, 5.3, 4], "texture": "#missing"},
				"up": {"uv": [0.2125, 0, 0.33125, 0.25], "texture": "#3"},
				"down": {"uv": [3.4, 0, 5.3, 4], "texture": "#missing"}
			}
		},
		{
			"from": [15.4, 2.3, 8.3],
			"to": [16.5, 6.3, 26.1],
			"rotation": {"angle": 0, "axis": "y", "origin": [16, 0, 16]},
			"faces": {
				"north": {"uv": [2, 0, 3.1, 4], "texture": "#missing"},
				"east": {"uv": [2, 0, 3.1, 4], "texture": "#4"},
				"south": {"uv": [2, 0, 3.1, 4], "texture": "#4"},
				"west": {"uv": [2, 0, 3.1, 4], "texture": "#missing"},
				"up": {"uv": [0.125, 0, 0.19375, 0.25], "texture": "#3"},
				"down": {"uv": [2, 0, 3.1, 4], "texture": "#missing"}
			}
		},
		{
			"from": [16.4, 2.3, 8.3],
			"to": [17.4, 6.3, 23.6],
			"rotation": {"angle": 0, "axis": "y", "origin": [16, 0, 16]},
			"faces": {
				"north": {"uv": [0, 0, 15.3, 4], "texture": "#missing"},
				"east": {"uv": [0, 0, 15.3, 4], "texture": "#4"},
				"south": {"uv": [0, 0, 15.3, 4], "texture": "#4"},
				"west": {"uv": [0, 0, 15.3, 4], "texture": "#missing"},
				"up": {"uv": [0, 0, 15.3, 4], "texture": "#missing"},
				"down": {"uv": [0, 0, 15.3, 4], "texture": "#missing"}
			}
		},
		{
			"from": [1, 0, -13.4],
			"to": [15, 2.4, -12.4],
			"faces": {
				"north": {"uv": [0, 0, 1, 2.4], "texture": "#6"},
				"east": {"uv": [0, 0, 1, 2.4], "texture": "#6"},
				"south": {"uv": [0, 0, 1, 2.4], "texture": "#6"},
				"west": {"uv": [0, 0, 1, 2.4], "texture": "#6"},
				"up": {"uv": [0, 0, 1, 2.4], "texture": "#6"},
				"down": {"uv": [0, 0, 1, 2.4], "texture": "#6"}
			}
		},
		{
			"from": [2.6, 0, 28.3],
			"to": [13.4, 2.4, 29.3],
			"rotation": {"angle": 0, "axis": "y", "origin": [0, 0, 16]},
			"faces": {
				"north": {"uv": [14.625, 0, 29.25, 20.25], "texture": "#6"},
				"east": {"uv": [14.625, 0, 29.25, 20.25], "texture": "#6"},
				"south": {"uv": [14.625, 0, 29.25, 20.25], "texture": "#6"},
				"west": {"uv": [14.625, 0, 29.25, 20.25], "texture": "#6"},
				"up": {"uv": [14.625, 0, 29.25, 20.25], "texture": "#6"},
				"down": {"uv": [14.625, 0, 29.25, 20.25], "texture": "#6"}
			}
		},
		{
			"from": [1, 0, 27.3],
			"to": [15, 2.4, 28.3],
			"rotation": {"angle": 0, "axis": "y", "origin": [0, 0, 16]},
			"faces": {
				"north": {"uv": [3.25, 0.25, 3.75, 0.75], "texture": "#6"},
				"east": {"uv": [3.25, 0.25, 3.75, 0.75], "texture": "#6"},
				"south": {"uv": [3.25, 0.25, 3.75, 0.75], "texture": "#6"},
				"west": {"uv": [3.25, 0.25, 3.75, 0.75], "texture": "#6"},
				"up": {"uv": [3.25, 0.25, 3.75, 0.75], "texture": "#6"},
				"down": {"uv": [3.25, 0.25, 3.75, 0.75], "texture": "#6"}
			}
		},
		{
			"from": [0, 0, 25.9],
			"to": [15.9, 2.4, 27.4],
			"rotation": {"angle": 0, "axis": "y", "origin": [0, 0, 16]},
			"faces": {
				"north": {"uv": [21.9375, 0, 43.875, 20.25], "texture": "#6"},
				"east": {"uv": [21.9375, 0, 43.875, 20.25], "texture": "#6"},
				"south": {"uv": [21.9375, 0, 43.875, 20.25], "texture": "#6"},
				"west": {"uv": [21.9375, 0, 43.875, 20.25], "texture": "#6"},
				"up": {"uv": [21.9375, 0, 43.875, 20.25], "texture": "#6"},
				"down": {"uv": [21.9375, 0, 43.875, 20.25], "texture": "#6"}
			}
		},
		{
			"from": [-1, 0, 23.9],
			"to": [16.8, 2.4, 26.4],
			"rotation": {"angle": 0, "axis": "y", "origin": [0, 0, 16]},
			"faces": {
				"north": {"uv": [-20.5625, -4.25, 16, 2.66667], "texture": "#6"},
				"east": {"uv": [-20.5625, -4.25, 16, 2.66667], "texture": "#6"},
				"south": {"uv": [-20.5625, -4.25, 16, 2.66667], "texture": "#6"},
				"west": {"uv": [-20.5625, -4.25, 16, 2.66667], "texture": "#6"},
				"up": {"uv": [-20.5625, -4.25, 16, 2.66667], "texture": "#6"},
				"down": {"uv": [-20.5625, -4.25, 16, 2.66667], "texture": "#6"}
			}
		},
		{
			"from": [-0.6, 6.1, -2.3],
			"to": [16.4, 9.7, 3.8],
			"faces": {
				"north": {"uv": [0, 0, 32, 12.2], "texture": "#2"},
				"east": {"uv": [0, 0, 32, 12.2], "texture": "#2"},
				"south": {"uv": [0, 0, 32, 12.2], "texture": "#2"},
				"west": {"uv": [0, 0, 32, 12.2], "texture": "#2"},
				"up": {"uv": [0, 0, 32, 12.2], "texture": "#2"},
				"down": {"uv": [0, 0, 32, 12.2], "texture": "#2"}
			}
		},
		{
			"from": [-0.6, 6.1, 3.8],
			"to": [16.4, 14.1, 7.4],
			"faces": {
				"north": {"uv": [0, 0, 32, 7.2], "texture": "#2"},
				"east": {"uv": [0, 0, 32, 7.2], "texture": "#2"},
				"south": {"uv": [0, 0, 32, 7.2], "texture": "#2"},
				"west": {"uv": [0, 0, 32, 7.2], "texture": "#2"},
				"up": {"uv": [0, 0, 32, 7.2], "texture": "#2"},
				"down": {"uv": [0, 0, 32, 7.2], "texture": "#2"}
			}
		},
		{
			"from": [-0.6, 6.1, 13.2],
			"to": [16.4, 9.7, 19.3],
			"faces": {
				"north": {"uv": [0, 0, 32, 7.2], "texture": "#2"},
				"east": {"uv": [0, 0, 32, 7.2], "texture": "#2"},
				"south": {"uv": [0, 0, 32, 7.2], "texture": "#2"},
				"west": {"uv": [0, 0, 32, 7.2], "texture": "#2"},
				"up": {"uv": [0, 0, 32, 7.2], "texture": "#2"},
				"down": {"uv": [0, 0, 32, 7.2], "texture": "#2"}
			}
		},
		{
			"from": [-0.3, 6.1, 19.3],
			"to": [16.3, 14.1, 21.7],
			"faces": {
				"north": {"uv": [0, 0, 32, 16], "texture": "#2"},
				"east": {"uv": [0, 0, 32, 16], "texture": "#2"},
				"south": {"uv": [0, 0, 32, 16], "texture": "#2"},
				"west": {"uv": [0, 0, 32, 16], "texture": "#2"},
				"up": {"uv": [0, 0, 32, 16], "texture": "#2"},
				"down": {"uv": [0, 0, 32, 16], "texture": "#2"}
			}
		},
		{
			"from": [-0.6, 6.1, 3.8],
			"to": [16.4, 14.1, 7.4],
			"color": 7,
			"faces": {
				"north": {"uv": [0, 0, 234, 67.5], "texture": "#missing"},
				"east": {"uv": [0, 0, 52.65, 67.5], "texture": "#missing"},
				"south": {"uv": [0, 0, 234, 67.5], "texture": "#missing"},
				"west": {"uv": [0, 0, 52.65, 67.5], "texture": "#missing"},
				"up": {"uv": [0, 0, 234, 30.37496], "texture": "#missing"},
				"down": {"uv": [0, 0, 234, 30.37496], "texture": "#missing"}
			}
		},
		{
			"from": [15.15, 10.6, -10.8],
			"to": [16.25, 12.1, -8.3],
			"rotation": {"angle": 0, "axis": "y", "origin": [16, 0, 0]},
			"faces": {
				"north": {"uv": [0, 0, 2.5, 1.5], "texture": "#4"},
				"east": {"uv": [0, 0, 2.5, 1.5], "texture": "#4"},
				"south": {"uv": [0, 0, 2.5, 1.5], "texture": "#2"},
				"west": {"uv": [0, 0, 2.5, 1.5], "texture": "#2"},
				"up": {"uv": [0, 0, 2.5, 1.5], "texture": "#2"},
				"down": {"uv": [0, 0, 2.5, 1.5], "texture": "#2"}
			}
		},
		{
			"from": [14.3, 10.6, -11.8],
			"to": [15.2, 12.1, -10.8],
			"rotation": {"angle": 0, "axis": "y", "origin": [16, 0, 0]},
			"faces": {
				"north": {"uv": [0, 0, 1, 1.5], "texture": "#4"},
				"east": {"uv": [0, 0, 1, 1.5], "texture": "#4"},
				"south": {"uv": [0, 0, 1, 1.5], "texture": "#2"},
				"west": {"uv": [0, 0, 1, 1.5], "texture": "#2"},
				"up": {"uv": [0, 0, 1, 1.5], "texture": "#2"},
				"down": {"uv": [0, 0, 1, 1.5], "texture": "#2"}
			}
		},
		{
			"from": [12.6, 10.6, -12.6],
			"to": [14.3, 12.1, -11.4],
			"rotation": {"angle": 0, "axis": "y", "origin": [16, 0, 0]},
			"faces": {
				"north": {"uv": [0, 0, 1.2, 1.5], "texture": "#4"},
				"east": {"uv": [0, 0, 1.2, 1.5], "texture": "#4"},
				"south": {"uv": [0, 0, 1.2, 1.5], "texture": "#2"},
				"west": {"uv": [0, 0, 1.2, 1.5], "texture": "#2"},
				"up": {"uv": [0, 0, 1.2, 1.5], "texture": "#2"},
				"down": {"uv": [0, 0, 1.2, 1.5], "texture": "#2"}
			}
		},
		{
			"from": [3.2, 10.6, -13.6],
			"to": [12.7, 12.1, -12.4],
			"rotation": {"angle": 0, "axis": "y", "origin": [16, 0, 0]},
			"faces": {
				"north": {"uv": [0, 0, 1.2, 1.5], "texture": "#4"},
				"east": {"uv": [0, 0, 1.2, 1.5], "texture": "#4"},
				"south": {"uv": [0, 0, 1.2, 1.5], "texture": "#2"},
				"west": {"uv": [0, 0, 1.2, 1.5], "texture": "#4"},
				"up": {"uv": [0, 0, 1.2, 1.5], "texture": "#missing"},
				"down": {"uv": [0, 0, 1.2, 1.5], "texture": "#missing"}
			}
		},
		{
			"from": [1.6, 10.6, -12.6],
			"to": [3.3, 12.1, -11.4],
			"faces": {
				"north": {"uv": [1.2, 0, 2.4, 1.5], "texture": "#4"},
				"east": {"uv": [1.2, 0, 2.4, 1.5], "texture": "#2"},
				"south": {"uv": [1.2, 0, 2.4, 1.5], "texture": "#2"},
				"west": {"uv": [1.2, 0, 2.4, 1.5], "texture": "#4"},
				"up": {"uv": [1.2, 0, 2.4, 1.5], "texture": "#2"},
				"down": {"uv": [1.2, 0, 2.4, 1.5], "texture": "#2"}
			}
		},
		{
			"from": [0.7, 10.6, -11.8],
			"to": [1.6, 12.1, -10.8],
			"faces": {
				"north": {"uv": [36, 4, 44, 12], "texture": "#4"},
				"east": {"uv": [36, 4, 44, 12], "texture": "#2"},
				"south": {"uv": [36, 4, 44, 12], "texture": "#2"},
				"west": {"uv": [36, 4, 44, 12], "texture": "#4"},
				"up": {"uv": [36, 4, 44, 12], "texture": "#2"},
				"down": {"uv": [36, 4, 44, 12], "texture": "#2"}
			}
		},
		{
			"from": [-0.35, 10.6, -10.8],
			"to": [0.75, 12.1, -8.3],
			"faces": {
				"north": {"uv": [2.1, 0, 3.2, 1.5], "texture": "#4"},
				"east": {"uv": [2.1, 0, 3.2, 1.5], "texture": "#2"},
				"south": {"uv": [2.1, 0, 3.2, 1.5], "texture": "#2"},
				"west": {"uv": [2.1, 0, 3.2, 1.5], "texture": "#4"},
				"up": {"uv": [2.1, 0, 3.2, 1.5], "texture": "#2"},
				"down": {"uv": [2.1, 0, 3.2, 1.5], "texture": "#2"}
			}
		},
		{
			"from": [-1.1, 9.9, -8.35],
			"to": [-0.3, 12.1, -6.95],
			"faces": {
				"north": {"uv": [0, 0, 1.4, 2.2], "texture": "#2"},
				"east": {"uv": [0, 0, 1.4, 2.2], "texture": "#2"},
				"south": {"uv": [0, 0, 1.4, 2.2], "texture": "#2"},
				"west": {"uv": [0, 0, 1.4, 2.2], "texture": "#4"},
				"up": {"uv": [0, 0, 1.4, 2.2], "texture": "#2"},
				"down": {"uv": [0, 0, 1.4, 2.2], "texture": "#2"}
			}
		},
		{
			"from": [-1.9, 9, -8.85],
			"to": [-0.7, 12.7, -7.25],
			"faces": {
				"north": {"uv": [0, 0, 2.8, 4.4], "texture": "#2"},
				"east": {"uv": [0, 0, 2.8, 4.4], "texture": "#2"},
				"south": {"uv": [0, 0, 2.8, 4.4], "texture": "#2"},
				"west": {"uv": [0, 0, 2.8, 4.4], "texture": "#2"},
				"up": {"uv": [0, 0, 2.8, 4.4], "texture": "#2"},
				"down": {"uv": [0, 0, 2.8, 4.4], "texture": "#2"}
			}
		},
		{
			"from": [-0.9, 8.4, 23.35],
			"to": [0.3, 12.1, 24.95],
			"faces": {
				"north": {"uv": [0, 0, 2.8, 4.4], "texture": "#2"},
				"east": {"uv": [0, 0, 2.8, 4.4], "texture": "#2"},
				"south": {"uv": [0, 0, 2.8, 4.4], "texture": "#2"},
				"west": {"uv": [0, 0, 2.8, 4.4], "texture": "#2"},
				"up": {"uv": [0, 0, 2.8, 4.4], "texture": "#2"},
				"down": {"uv": [0, 0, 2.8, 4.4], "texture": "#2"}
			}
		},
		{
			"from": [-0.9, 8, 23.5],
			"to": [0.4, 9.6, 24.8],
			"rotation": {"angle": 0, "axis": "y", "origin": [16, 0, 0]},
			"faces": {
				"north": {"uv": [0, 0, 2180, 400], "texture": "#2"},
				"east": {"uv": [0, 0, 2180, 400], "texture": "#2"},
				"south": {"uv": [0, 0, 2180, 400], "texture": "#2"},
				"west": {"uv": [0, 0, 2180, 400], "texture": "#2"},
				"up": {"uv": [0, 0, 2180, 400], "texture": "#2"},
				"down": {"uv": [0, 0, 2180, 400], "texture": "#2"}
			}
		},
		{
			"from": [-0.9, 9, 23.2],
			"to": [0.4, 10.9, 25.1],
			"rotation": {"angle": 0, "axis": "y", "origin": [16, 0, 0]},
			"faces": {
				"north": {"uv": [0, 0, 2180, 400], "texture": "#2"},
				"east": {"uv": [0, 0, 2180, 400], "texture": "#2"},
				"south": {"uv": [0, 0, 2180, 400], "texture": "#2"},
				"west": {"uv": [0, 0, 2180, 400], "texture": "#2"},
				"up": {"uv": [0, 0, 2180, 400], "texture": "#2"},
				"down": {"uv": [0, 0, 2180, 400], "texture": "#2"}
			}
		},
		{
			"from": [-1.6, 8.3, 18.1],
			"to": [-0.3, 10.7, 19.4],
			"rotation": {"angle": 0, "axis": "y", "origin": [16, 0, 0]},
			"faces": {
				"north": {"uv": [0, 0, 2180, 400], "texture": "#2"},
				"east": {"uv": [0, 0, 2180, 400], "texture": "#2"},
				"south": {"uv": [0, 0, 2180, 400], "texture": "#2"},
				"west": {"uv": [0, 0, 2180, 400], "texture": "#2"},
				"up": {"uv": [0, 0, 2180, 400], "texture": "#2"},
				"down": {"uv": [0, 0, 2180, 400], "texture": "#2"}
			}
		},
		{
			"from": [-1.6, 8.7, 17.95],
			"to": [-0.4, 13.2, 19.55],
			"faces": {
				"north": {"uv": [0, 0, 2.8, 4.4], "texture": "#2"},
				"east": {"uv": [0, 0, 2.8, 4.4], "texture": "#2"},
				"south": {"uv": [0, 0, 2.8, 4.4], "texture": "#2"},
				"west": {"uv": [0, 0, 2.8, 4.4], "texture": "#2"},
				"up": {"uv": [0, 0, 2.8, 4.4], "texture": "#2"},
				"down": {"uv": [0, 0, 2.8, 4.4], "texture": "#2"}
			}
		},
		{
			"from": [-1.6, 9.6, 17.8],
			"to": [-0.3, 12.3, 19.7],
			"rotation": {"angle": 0, "axis": "y", "origin": [16, 0, 0]},
			"faces": {
				"north": {"uv": [0, 0, 2180, 400], "texture": "#2"},
				"east": {"uv": [0, 0, 2180, 400], "texture": "#2"},
				"south": {"uv": [0, 0, 2180, 400], "texture": "#2"},
				"west": {"uv": [0, 0, 2180, 400], "texture": "#2"},
				"up": {"uv": [0, 0, 2180, 400], "texture": "#2"},
				"down": {"uv": [0, 0, 2180, 400], "texture": "#2"}
			}
		},
		{
			"from": [-1.6, 9.8, 21.45],
			"to": [-0.4, 12.8, 23.05],
			"faces": {
				"north": {"uv": [0, 0, 2.8, 4.4], "texture": "#2"},
				"east": {"uv": [0, 0, 2.8, 4.4], "texture": "#2"},
				"south": {"uv": [0, 0, 2.8, 4.4], "texture": "#2"},
				"west": {"uv": [0, 0, 2.8, 4.4], "texture": "#2"},
				"up": {"uv": [0, 0, 2.8, 4.4], "texture": "#2"},
				"down": {"uv": [0, 0, 2.8, 4.4], "texture": "#2"}
			}
		},
		{
			"from": [-1.6, 9.4, 21.6],
			"to": [-0.3, 10.3, 22.9],
			"rotation": {"angle": 0, "axis": "y", "origin": [16, 0, 0]},
			"faces": {
				"north": {"uv": [0, 0, 2180, 400], "texture": "#2"},
				"east": {"uv": [0, 0, 2180, 400], "texture": "#2"},
				"south": {"uv": [0, 0, 2180, 400], "texture": "#2"},
				"west": {"uv": [0, 0, 2180, 400], "texture": "#2"},
				"up": {"uv": [0, 0, 2180, 400], "texture": "#2"},
				"down": {"uv": [0, 0, 2180, 400], "texture": "#2"}
			}
		},
		{
			"from": [-1.6, 10.4, 21.3],
			"to": [-0.3, 11.6, 23.2],
			"rotation": {"angle": 0, "axis": "y", "origin": [16, 0, 0]},
			"faces": {
				"north": {"uv": [0, 0, 2180, 400], "texture": "#2"},
				"east": {"uv": [0, 0, 2180, 400], "texture": "#2"},
				"south": {"uv": [0, 0, 2180, 400], "texture": "#2"},
				"west": {"uv": [0, 0, 2180, 400], "texture": "#2"},
				"up": {"uv": [0, 0, 2180, 400], "texture": "#2"},
				"down": {"uv": [0, 0, 2180, 400], "texture": "#2"}
			}
		},
		{
			"from": [16.7, 9, -6.65],
			"to": [17.5, 12.7, -5.05],
			"rotation": {"angle": 0, "axis": "y", "origin": [16, 0, 0]},
			"faces": {
				"north": {"uv": [2.8, 0, 0, 4.4], "texture": "#2"},
				"east": {"uv": [2.8, 0, 0, 4.4], "texture": "#2"},
				"south": {"uv": [2.8, 0, 0, 4.4], "texture": "#2"},
				"west": {"uv": [2.8, 0, 0, 4.4], "texture": "#2"},
				"up": {"uv": [2.8, 0, 0, 4.4], "texture": "#2"},
				"down": {"uv": [2.8, 0, 0, 4.4], "texture": "#2"}
			}
		},
		{
			"from": [16.7, 11.2, -6.65],
			"to": [17.5, 12.7, 1.95],
			"rotation": {"angle": 0, "axis": "y", "origin": [16, 0, 0]},
			"faces": {
				"north": {"uv": [2.8, 0, 0, 4.4], "texture": "#2"},
				"east": {"uv": [2.8, 0, 0, 4.4], "texture": "#2"},
				"south": {"uv": [2.8, 0, 0, 4.4], "texture": "#2"},
				"west": {"uv": [2.8, 0, 0, 4.4], "texture": "#2"},
				"up": {"uv": [2.8, 0, 0, 4.4], "texture": "#2"},
				"down": {"uv": [2.8, 0, 0, 4.4], "texture": "#2"}
			}
		},
		{
			"from": [16.6, 8.6, -6.5],
			"to": [17.5, 10.2, -5.2],
			"faces": {
				"north": {"uv": [2180, 0, 0, 400], "texture": "#2"},
				"east": {"uv": [2180, 0, 0, 400], "texture": "#2"},
				"south": {"uv": [2180, 0, 0, 400], "texture": "#2"},
				"west": {"uv": [2180, 0, 0, 400], "texture": "#2"},
				"up": {"uv": [2180, 0, 0, 400], "texture": "#2"},
				"down": {"uv": [2180, 0, 0, 400], "texture": "#2"}
			}
		},
		{
			"from": [16.6, 9.6, -6.8],
			"to": [17.5, 11.5, -4.9],
			"faces": {
				"north": {"uv": [2180, 0, 0, 400], "texture": "#2"},
				"east": {"uv": [2180, 0, 0, 400], "texture": "#2"},
				"south": {"uv": [2180, 0, 0, 400], "texture": "#2"},
				"west": {"uv": [2180, 0, 0, 400], "texture": "#2"},
				"up": {"uv": [2180, 0, 0, 400], "texture": "#2"},
				"down": {"uv": [2180, 0, 0, 400], "texture": "#2"}
			}
		},
		{
			"from": [16.6, 9.6, 8],
			"to": [17.8, 11.5, 9.9],
			"faces": {
				"north": {"uv": [2180, 0, 0, 400], "texture": "#2"},
				"east": {"uv": [2180, 0, 0, 400], "texture": "#2"},
				"south": {"uv": [2180, 0, 0, 400], "texture": "#2"},
				"west": {"uv": [2180, 0, 0, 400], "texture": "#2"},
				"up": {"uv": [2180, 0, 0, 400], "texture": "#2"},
				"down": {"uv": [2180, 0, 0, 400], "texture": "#2"}
			}
		},
		{
			"from": [17, 10.1, 11.7],
			"to": [17.5, 11.1, 13.8],
			"faces": {
				"north": {"uv": [2180, 0, 0, 400], "texture": "#2"},
				"east": {"uv": [2180, 0, 0, 400], "texture": "#2"},
				"south": {"uv": [2180, 0, 0, 400], "texture": "#2"},
				"west": {"uv": [2180, 0, 0, 400], "texture": "#2"},
				"up": {"uv": [2180, 0, 0, 400], "texture": "#2"},
				"down": {"uv": [2180, 0, 0, 400], "texture": "#2"}
			}
		},
		{
			"from": [16.5, 10, 11.9],
			"to": [17.5, 10.2, 13.5],
			"faces": {
				"north": {"uv": [2180, 0, 0, 400], "texture": "#2"},
				"east": {"uv": [2180, 0, 0, 400], "texture": "#2"},
				"south": {"uv": [2180, 0, 0, 400], "texture": "#2"},
				"west": {"uv": [2180, 0, 0, 400], "texture": "#2"},
				"up": {"uv": [2180, 0, 0, 400], "texture": "#2"},
				"down": {"uv": [2180, 0, 0, 400], "texture": "#2"}
			}
		},
		{
			"from": [17.1, 11.1, 12],
			"to": [17.5, 12.1, 13.7],
			"faces": {
				"north": {"uv": [2180, 0, 0, 400], "texture": "#2"},
				"east": {"uv": [2180, 0, 0, 400], "texture": "#2"},
				"south": {"uv": [2180, 0, 0, 400], "texture": "#2"},
				"west": {"uv": [2180, 0, 0, 400], "texture": "#2"},
				"up": {"uv": [2180, 0, 0, 400], "texture": "#2"},
				"down": {"uv": [2180, 0, 0, 400], "texture": "#2"}
			}
		},
		{
			"from": [17.1, 10.7, 11.8],
			"to": [17.5, 11.7, 13.5],
			"faces": {
				"north": {"uv": [2180, 0, 0, 400], "texture": "#2"},
				"east": {"uv": [2180, 0, 0, 400], "texture": "#2"},
				"south": {"uv": [2180, 0, 0, 400], "texture": "#2"},
				"west": {"uv": [2180, 0, 0, 400], "texture": "#2"},
				"up": {"uv": [2180, 0, 0, 400], "texture": "#2"},
				"down": {"uv": [2180, 0, 0, 400], "texture": "#2"}
			}
		},
		{
			"from": [16.6, 9.4, 16.7],
			"to": [17.4, 11.4, 18.8],
			"faces": {
				"north": {"uv": [2180, 0, 0, 400], "texture": "#2"},
				"east": {"uv": [2180, 0, 0, 400], "texture": "#2"},
				"south": {"uv": [2180, 0, 0, 400], "texture": "#2"},
				"west": {"uv": [2180, 0, 0, 400], "texture": "#2"},
				"up": {"uv": [2180, 0, 0, 400], "texture": "#2"},
				"down": {"uv": [2180, 0, 0, 400], "texture": "#2"}
			}
		},
		{
			"from": [15.1, 10.8, 25.4],
			"to": [15.6, 13.1, 26.2],
			"faces": {
				"north": {"uv": [2180, 0, 0, 400], "texture": "#2"},
				"east": {"uv": [2180, 0, 0, 400], "texture": "#2"},
				"south": {"uv": [2180, 0, 0, 400], "texture": "#2"},
				"west": {"uv": [2180, 0, 0, 400], "texture": "#2"},
				"up": {"uv": [2180, 0, 0, 400], "texture": "#2"},
				"down": {"uv": [2180, 0, 0, 400], "texture": "#2"}
			}
		},
		{
			"from": [13.4, 11.1, 27.3],
			"to": [13.9, 13.4, 28.1],
			"faces": {
				"north": {"uv": [2180, 0, 0, 400], "texture": "#2"},
				"east": {"uv": [2180, 0, 0, 400], "texture": "#2"},
				"south": {"uv": [2180, 0, 0, 400], "texture": "#2"},
				"west": {"uv": [2180, 0, 0, 400], "texture": "#2"},
				"up": {"uv": [2180, 0, 0, 400], "texture": "#2"},
				"down": {"uv": [2180, 0, 0, 400], "texture": "#2"}
			}
		},
		{
			"from": [16.6, 9, 16.9],
			"to": [17.4, 11.1, 18.5],
			"faces": {
				"north": {"uv": [2180, 0, 0, 400], "texture": "#2"},
				"east": {"uv": [2180, 0, 0, 400], "texture": "#2"},
				"south": {"uv": [2180, 0, 0, 400], "texture": "#2"},
				"west": {"uv": [2180, 0, 0, 400], "texture": "#2"},
				"up": {"uv": [2180, 0, 0, 400], "texture": "#2"},
				"down": {"uv": [2180, 0, 0, 400], "texture": "#2"}
			}
		},
		{
			"from": [16.3, 11.8, 14.5],
			"to": [17.5, 12.7, 19.1],
			"faces": {
				"north": {"uv": [2180, 0, 0, 400], "texture": "#2"},
				"east": {"uv": [2180, 0, 0, 400], "texture": "#2"},
				"south": {"uv": [2180, 0, 0, 400], "texture": "#2"},
				"west": {"uv": [2180, 0, 0, 400], "texture": "#2"},
				"up": {"uv": [2180, 0, 0, 400], "texture": "#2"},
				"down": {"uv": [2180, 0, 0, 400], "texture": "#2"}
			}
		},
		{
			"from": [16.8, 11.8, 0.1],
			"to": [17.5, 12.7, 11.3],
			"faces": {
				"north": {"uv": [2180, 0, 0, 400], "texture": "#2"},
				"east": {"uv": [2180, 0, 0, 400], "texture": "#2"},
				"south": {"uv": [2180, 0, 0, 400], "texture": "#2"},
				"west": {"uv": [2180, 0, 0, 400], "texture": "#2"},
				"up": {"uv": [2180, 0, 0, 400], "texture": "#2"},
				"down": {"uv": [2180, 0, 0, 400], "texture": "#2"}
			}
		},
		{
			"from": [16.5, 10, 16.8],
			"to": [17.4, 12, 18.5],
			"faces": {
				"north": {"uv": [2180, 0, 0, 400], "texture": "#2"},
				"east": {"uv": [2180, 0, 0, 400], "texture": "#2"},
				"south": {"uv": [2180, 0, 0, 400], "texture": "#2"},
				"west": {"uv": [2180, 0, 0, 400], "texture": "#2"},
				"up": {"uv": [2180, 0, 0, 400], "texture": "#2"},
				"down": {"uv": [2180, 0, 0, 400], "texture": "#2"}
			}
		},
		{
			"from": [16.7, 9, 8.15],
			"to": [17.5, 12.7, 9.75],
			"rotation": {"angle": 0, "axis": "y", "origin": [16, 0, 0]},
			"faces": {
				"north": {"uv": [2.8, 0, 0, 4.4], "texture": "#2"},
				"east": {"uv": [2.8, 0, 0, 4.4], "texture": "#2"},
				"south": {"uv": [2.8, 0, 0, 4.4], "texture": "#2"},
				"west": {"uv": [2.8, 0, 0, 4.4], "texture": "#2"},
				"up": {"uv": [2.8, 0, 0, 4.4], "texture": "#2"},
				"down": {"uv": [2.8, 0, 0, 4.4], "texture": "#2"}
			}
		},
		{
			"from": [16.6, 8.6, 8.3],
			"to": [17.5, 10.2, 9.6],
			"faces": {
				"north": {"uv": [2180, 0, 0, 400], "texture": "#2"},
				"east": {"uv": [2180, 0, 0, 400], "texture": "#2"},
				"south": {"uv": [2180, 0, 0, 400], "texture": "#2"},
				"west": {"uv": [2180, 0, 0, 400], "texture": "#2"},
				"up": {"uv": [2180, 0, 0, 400], "texture": "#2"},
				"down": {"uv": [2180, 0, 0, 400], "texture": "#2"}
			}
		},
		{
			"from": [15.15, 10.6, 23.2],
			"to": [16.25, 12.1, 25.7],
			"rotation": {"angle": 0, "axis": "y", "origin": [16, 0, 16]},
			"faces": {
				"north": {"uv": [2.1, 0, 3.2, 1.5], "texture": "#missing"},
				"east": {"uv": [2.1, 0, 3.2, 1.5], "texture": "#4"},
				"south": {"uv": [2.1, 0, 3.2, 1.5], "texture": "#4"},
				"west": {"uv": [2.1, 0, 3.2, 1.5], "texture": "#missing"},
				"up": {"uv": [2.1, 0, 3.2, 1.5], "texture": "#missing"},
				"down": {"uv": [2.1, 0, 3.2, 1.5], "texture": "#missing"}
			}
		},
		{
			"from": [14.3, 10.6, 25.7],
			"to": [15.2, 12.1, 26.7],
			"rotation": {"angle": 0, "axis": "y", "origin": [16, 0, 16]},
			"faces": {
				"north": {"uv": [27.78752, 0, 40.95, 12.65624], "texture": "#missing"},
				"east": {"uv": [2, 0, 4, 3], "texture": "#4"},
				"south": {"uv": [3.8, 0, 5.6, 3], "texture": "#4"},
				"west": {"uv": [14.62504, 0, 29.25, 12.65624], "texture": "#missing"},
				"up": {"uv": [14.62504, 8.43752, 29.25, 16.03128], "rotation": 270, "texture": "#missing"},
				"down": {"uv": [14.62504, 8.43752, 29.25, 16.03128], "rotation": 90, "texture": "#missing"}
			}
		},
		{
			"from": [1.8, 11.1, 27.4],
			"to": [2.3, 13.4, 28.2],
			"rotation": {"angle": 0, "axis": "y", "origin": [16, 0, 0]},
			"faces": {
				"north": {"uv": [0, 0, 2180, 400], "texture": "#2"},
				"east": {"uv": [0, 0, 2180, 400], "texture": "#2"},
				"south": {"uv": [0, 0, 2180, 400], "texture": "#2"},
				"west": {"uv": [0, 0, 2180, 400], "texture": "#2"},
				"up": {"uv": [0, 0, 2180, 400], "texture": "#2"},
				"down": {"uv": [0, 0, 2180, 400], "texture": "#2"}
			}
		},
		{
			"from": [-0.1, 10.6, 25.2],
			"to": [0.8, 12.1, 26.2],
			"rotation": {"angle": 0, "axis": "y", "origin": [0, 0, 16]},
			"faces": {
				"north": {"uv": [40.95, 0, 54.11248, 12.65624], "texture": "#missing"},
				"east": {"uv": [29.25, 0, 43.87504, 12.65624], "texture": "#missing"},
				"south": {"uv": [5.6, 0, 7.4, 3], "texture": "#4"},
				"west": {"uv": [4, 0, 6, 3], "texture": "#4"},
				"up": {"uv": [14.62504, 16.03128, 29.25, 23.62496], "rotation": 270, "texture": "#missing"},
				"down": {"uv": [14.62504, 16.03128, 29.25, 23.62496], "rotation": 90, "texture": "#missing"}
			}
		},
		{
			"from": [-0.5, 10.8, 24.9],
			"to": [0, 13.1, 25.7],
			"rotation": {"angle": 0, "axis": "y", "origin": [16, 0, 0]},
			"faces": {
				"north": {"uv": [0, 0, 34880, 6400], "texture": "#2"},
				"east": {"uv": [0, 0, 34880, 6400], "texture": "#2"},
				"south": {"uv": [0, 0, 34880, 6400], "texture": "#2"},
				"west": {"uv": [0, 0, 34880, 6400], "texture": "#2"},
				"up": {"uv": [0, 0, 34880, 6400], "texture": "#2"},
				"down": {"uv": [0, 0, 34880, 6400], "texture": "#2"}
			}
		},
		{
			"from": [-0.1, 12.1, 25.8],
			"to": [1.4, 14.1, 27.3],
			"rotation": {"angle": 0, "axis": "y", "origin": [16, 0, 16]},
			"faces": {
				"north": {"uv": [3, 0, 0, 4], "texture": "#2"},
				"east": {"uv": [3, 0, 0, 4], "texture": "#2"},
				"south": {"uv": [3, 0, 0, 4], "texture": "#2"},
				"west": {"uv": [3, 0, 0, 4], "texture": "#2"},
				"up": {"uv": [3, 0, 0, 4], "texture": "#2"},
				"down": {"uv": [3, 0, 0, 4], "texture": "#2"}
			}
		},
		{
			"from": [12.6, 10.6, 26.3],
			"to": [14.3, 12.1, 27.5],
			"rotation": {"angle": 0, "axis": "y", "origin": [16, 0, 16]},
			"faces": {
				"north": {"uv": [5.4, 0, 8.8, 3], "texture": "#missing"},
				"east": {"uv": [5.4, 0, 8.8, 3], "texture": "#4"},
				"south": {"uv": [5.4, 0, 8.8, 3], "texture": "#4"},
				"west": {"uv": [5.4, 0, 8.8, 3], "texture": "#missing"},
				"up": {"uv": [5.4, 0, 8.8, 3], "texture": "#missing"},
				"down": {"uv": [5.4, 0, 8.8, 3], "texture": "#missing"}
			}
		},
		{
			"from": [3.2, 10.6, 27.3],
			"to": [12.7, 12.1, 28.5],
			"rotation": {"angle": 0, "axis": "y", "origin": [16, 0, 16]},
			"faces": {
				"north": {"uv": [13, 0, 32, 3], "texture": "#missing"},
				"east": {"uv": [13, 0, 32, 3], "texture": "#4"},
				"south": {"uv": [-3, 7.86207, 16, 10.86207], "texture": "#4"},
				"west": {"uv": [13, 0, 32, 3], "texture": "#4"},
				"up": {"uv": [13, 0, 32, 3], "texture": "#missing"},
				"down": {"uv": [13, 0, 32, 3], "texture": "#missing"}
			}
		},
		{
			"from": [1.6, 10.6, 26.3],
			"to": [13.3, 12.1, 27.5],
			"rotation": {"angle": 0, "axis": "y", "origin": [0, 0, 16]},
			"faces": {
				"north": {"uv": [4.6, 0, 28, 3], "texture": "#missing"},
				"east": {"uv": [4.6, 0, 28, 3], "texture": "#missing"},
				"south": {"uv": [4.6, 0, 28, 3], "texture": "#4"},
				"west": {"uv": [4.6, 0, 28, 3], "texture": "#4"},
				"up": {"uv": [4.6, 0, 28, 3], "texture": "#missing"},
				"down": {"uv": [4.6, 0, 28, 3], "texture": "#missing"}
			}
		},
		{
			"from": [0.7, 10.6, 25.7],
			"to": [1.6, 12.1, 26.7],
			"rotation": {"angle": 0, "axis": "y", "origin": [0, 0, 16]},
			"faces": {
				"north": {"uv": [2.8, 0, 3.7, 1.5], "texture": "#missing"},
				"east": {"uv": [2.8, 0, 3.7, 1.5], "texture": "#missing"},
				"south": {"uv": [2.8, 0, 3.7, 1.5], "texture": "#4"},
				"west": {"uv": [2.8, 0, 3.7, 1.5], "texture": "#4"},
				"up": {"uv": [2.8, 0, 3.7, 1.5], "texture": "#missing"},
				"down": {"uv": [2.8, 0, 3.7, 1.5], "texture": "#missing"}
			}
		},
		{
			"from": [-0.35, 10.6, 23.2],
			"to": [15.75, 12.1, 25.7],
			"rotation": {"angle": 0, "axis": "y", "origin": [0, 0, 16]},
			"faces": {
				"north": {"uv": [0, 0, 16, 1.5], "texture": "#missing"},
				"east": {"uv": [0, 0, 16, 1.5], "texture": "#missing"},
				"south": {"uv": [0, 0, 16, 1.5], "texture": "#4"},
				"west": {"uv": [0, 0, 16, 1.5], "texture": "#4"},
				"up": {"uv": [0, 0, 16, 1.5], "texture": "#missing"},
				"down": {"uv": [0, 0, 16, 1.5], "texture": "#missing"}
			}
		},
		{
			"from": [-1.1, 9.9, 21.85],
			"to": [-0.3, 12.1, 23.25],
			"rotation": {"angle": 0, "axis": "y", "origin": [0, 0, 16]},
			"faces": {
				"north": {"uv": [2.6, 0, 3.4, 2.2], "texture": "#missing"},
				"east": {"uv": [2.6, 0, 3.4, 2.2], "texture": "#missing"},
				"south": {"uv": [2.6, 0, 3.4, 2.2], "texture": "#4"},
				"west": {"uv": [2.6, 0, 3.4, 2.2], "texture": "#4"},
				"up": {"uv": [2.6, 0, 3.4, 2.2], "texture": "#missing"},
				"down": {"uv": [2.6, 0, 3.4, 2.2], "texture": "#missing"}
			}
		},
		{
			"from": [3.3, 15.7, -8.2],
			"to": [12.7, 16.7, -7.2],
			"rotation": {"angle": 0, "axis": "y", "origin": [0, -0.3, 3.5]},
			"faces": {
				"north": {"uv": [0, 0, 0.0625, 0.5875], "rotation": 90, "texture": "#3"},
				"east": {"uv": [0, 0, 0.0625, 0.5875], "rotation": 90, "texture": "#3"},
				"south": {"uv": [0, 0, 0.0625, 0.5875], "rotation": 90, "texture": "#3"},
				"west": {"uv": [0, 0, 0.0625, 0.5875], "rotation": 90, "texture": "#3"},
				"up": {"uv": [0, 0, 0.0625, 0.5875], "rotation": 90, "texture": "#3"},
				"down": {"uv": [0, 0, 0.0625, 0.5875], "rotation": 90, "texture": "#3"}
			}
		},
		{
			"from": [7.5, 8, 4.3],
			"to": [8.5, 19, 5.3],
			"rotation": {"angle": 22.5, "axis": "x", "origin": [0, 0, 0]},
			"faces": {
				"north": {"uv": [0, 0, 0.0625, 0.6875], "texture": "#3"},
				"east": {"uv": [0, 0, 0.0625, 0.6875], "texture": "#3"},
				"south": {"uv": [0, 0, 0.0625, 0.6875], "texture": "#3"},
				"west": {"uv": [0, 0, 0.0625, 0.6875], "texture": "#3"},
				"up": {"uv": [0, 0, 0.0625, 0.6875], "texture": "#3"},
				"down": {"uv": [0, 0, 0.0625, 0.6875], "texture": "#3"}
			}
		},
		{
			"from": [7.5, 1, -13.7],
			"to": [8.5, 12, -12.7],
			"rotation": {"angle": 22.5, "axis": "x", "origin": [0, 0, 0]},
			"faces": {
				"north": {"uv": [0, 0, 0.0625, 0.6875], "texture": "#3"},
				"east": {"uv": [0, 0, 0.0625, 0.6875], "texture": "#3"},
				"south": {"uv": [0, 0, 0.0625, 0.6875], "texture": "#3"},
				"west": {"uv": [0, 0, 0.0625, 0.6875], "texture": "#3"},
				"up": {"uv": [0, 0, 0.0625, 0.6875], "texture": "#3"},
				"down": {"uv": [0, 0, 0.0625, 0.6875], "texture": "#3"}
			}
		},
		{
			"from": [-2.8, 15.7, -8.7],
			"to": [-0.9, 16.7, -7.7],
			"rotation": {"angle": -22.5, "axis": "y", "origin": [0, -0.3, 3.5]},
			"faces": {
				"north": {"uv": [0, 0, 0.0625, 0.11875], "rotation": 90, "texture": "#3"},
				"east": {"uv": [0, 0, 0.0625, 0.11875], "rotation": 90, "texture": "#3"},
				"south": {"uv": [0, 0, 0.0625, 0.11875], "rotation": 90, "texture": "#3"},
				"west": {"uv": [0, 0, 0.0625, 0.11875], "rotation": 90, "texture": "#3"},
				"up": {"uv": [0, 0, 0.0625, 0.11875], "rotation": 90, "texture": "#3"},
				"down": {"uv": [0, 0, 0.0625, 0.11875], "rotation": 90, "texture": "#3"}
			}
		},
		{
			"from": [16.9, 15.7, -8.7],
			"to": [18.8, 16.7, -7.7],
			"rotation": {"angle": 22.5, "axis": "y", "origin": [16, -0.3, 3.5]},
			"faces": {
				"north": {"uv": [0, 0.11875, 0.0625, 0.2375], "rotation": 90, "texture": "#3"},
				"east": {"uv": [0, 0.11875, 0.0625, 0.2375], "rotation": 90, "texture": "#3"},
				"south": {"uv": [0, 0.11875, 0.0625, 0.2375], "rotation": 90, "texture": "#3"},
				"west": {"uv": [0, 0.11875, 0.0625, 0.2375], "rotation": 90, "texture": "#3"},
				"up": {"uv": [0, 0.11875, 0.0625, 0.2375], "rotation": 90, "texture": "#3"},
				"down": {"uv": [0, 0.11875, 0.0625, 0.2375], "rotation": 90, "texture": "#3"}
			}
		},
		{
			"from": [3.3, 15.4, 11.2],
			"to": [12.7, 16.4, 12.2],
			"rotation": {"angle": 0, "axis": "y", "origin": [0, -0.6, 22.9]},
			"faces": {
				"north": {"uv": [0, 0, 0.0625, 0.5875], "rotation": 90, "texture": "#3"},
				"east": {"uv": [0, 0, 0.0625, 0.5875], "rotation": 90, "texture": "#3"},
				"south": {"uv": [0, 0, 0.0625, 0.5875], "rotation": 90, "texture": "#3"},
				"west": {"uv": [0, 0, 0.0625, 0.5875], "rotation": 90, "texture": "#3"},
				"up": {"uv": [0, 0, 0.0625, 0.5875], "rotation": 90, "texture": "#3"},
				"down": {"uv": [0, 0, 0.0625, 0.5875], "rotation": 90, "texture": "#3"}
			}
		},
		{
			"from": [-2.8, 15.4, 10.7],
			"to": [-0.9, 16.4, 11.7],
			"rotation": {"angle": -22.5, "axis": "y", "origin": [0, -0.6, 22.9]},
			"faces": {
				"north": {"uv": [0, 0, 0.0625, 0.11875], "rotation": 90, "texture": "#3"},
				"east": {"uv": [0, 0, 0.0625, 0.11875], "rotation": 90, "texture": "#3"},
				"south": {"uv": [0, 0, 0.0625, 0.11875], "rotation": 90, "texture": "#3"},
				"west": {"uv": [0, 0, 0.0625, 0.11875], "rotation": 90, "texture": "#3"},
				"up": {"uv": [0, 0, 0.0625, 0.11875], "rotation": 90, "texture": "#3"},
				"down": {"uv": [0, 0, 0.0625, 0.11875], "rotation": 90, "texture": "#3"}
			}
		},
		{
			"from": [16.9, 15.4, 10.7],
			"to": [18.8, 16.4, 11.7],
			"rotation": {"angle": 22.5, "axis": "y", "origin": [16, -0.6, 22.9]},
			"faces": {
				"north": {"uv": [0, 0.11875, 0.0625, 0.2375], "rotation": 90, "texture": "#3"},
				"east": {"uv": [0, 0.11875, 0.0625, 0.2375], "rotation": 90, "texture": "#3"},
				"south": {"uv": [0, 0.11875, 0.0625, 0.2375], "rotation": 90, "texture": "#3"},
				"west": {"uv": [0, 0.11875, 0.0625, 0.2375], "rotation": 90, "texture": "#3"},
				"up": {"uv": [0, 0.11875, 0.0625, 0.2375], "rotation": 90, "texture": "#3"},
				"down": {"uv": [0, 0.11875, 0.0625, 0.2375], "rotation": 90, "texture": "#3"}
			}
		}
	],
	"display": {
		"thirdperson_righthand": {
			"translation": [0, 0, -0.25],
			"scale": [1.16, 1.16, 1.01]
		}
	}
}
