{
	"credit": "Made with Blockbench",
	"texture_size": [64, 64],
	"textures": {
		"0": "item/custom/potcwheel",
		"particle": "item/custom/potcwheel"
	},
	"elements": [
		{
			"from": [7, 14, 4],
			"to": [9, 16, 12],
			"rotation": {"angle": 0, "axis": "x", "origin": [8, 8, 8]},
			"faces": {
				"north": {"uv": [1.5, 7, 2, 7.5], "texture": "#0"},
				"east": {"uv": [3, 1, 5, 1.5], "texture": "#0"},
				"south": {"uv": [2, 7, 2.5, 7.5], "texture": "#0"},
				"west": {"uv": [3, 1.5, 5, 2], "texture": "#0"},
				"up": {"uv": [3.5, 4, 3, 2], "texture": "#0"},
				"down": {"uv": [4, 2, 3.5, 4], "texture": "#0"}
			}
		},
		{
			"from": [7, 0, 4],
			"to": [9, 2, 12],
			"rotation": {"angle": 0, "axis": "x", "origin": [8, 8, 8]},
			"faces": {
				"north": {"uv": [2.5, 7, 3, 7.5], "texture": "#0"},
				"east": {"uv": [4, 2, 6, 2.5], "texture": "#0"},
				"south": {"uv": [7, 2.5, 7.5, 3], "texture": "#0"},
				"west": {"uv": [4, 2.5, 6, 3], "texture": "#0"},
				"up": {"uv": [3.5, 6, 3, 4], "texture": "#0"},
				"down": {"uv": [4.5, 3, 4, 5], "texture": "#0"}
			}
		},
		{
			"from": [7, 4, 0],
			"to": [9, 12, 2],
			"rotation": {"angle": 0, "axis": "x", "origin": [8, 8, 8]},
			"faces": {
				"north": {"uv": [3.5, 4, 4, 6], "texture": "#0"},
				"east": {"uv": [4.5, 3, 5, 5], "texture": "#0"},
				"south": {"uv": [5, 3, 5.5, 5], "texture": "#0"},
				"west": {"uv": [4, 5, 4.5, 7], "texture": "#0"},
				"up": {"uv": [7.5, 3.5, 7, 3], "texture": "#0"},
				"down": {"uv": [7.5, 3.5, 7, 4], "texture": "#0"}
			}
		},
		{
			"from": [7, 4, 14],
			"to": [9, 12, 16],
			"rotation": {"angle": 0, "axis": "x", "origin": [8, 8, 8]},
			"faces": {
				"north": {"uv": [4.5, 5, 5, 7], "texture": "#0"},
				"east": {"uv": [5, 5, 5.5, 7], "texture": "#0"},
				"south": {"uv": [5.5, 3, 6, 5], "texture": "#0"},
				"west": {"uv": [5.5, 5, 6, 7], "texture": "#0"},
				"up": {"uv": [4.5, 7.5, 4, 7], "texture": "#0"},
				"down": {"uv": [7.5, 4, 7, 4.5], "texture": "#0"}
			}
		},
		{
			"from": [7.1, 5.12843, 14.48528],
			"to": [8.9, 10.82843, 16.48528],
			"rotation": {"angle": -45, "axis": "x", "origin": [8, 8, 8]},
			"faces": {
				"north": {"uv": [3, 6, 3.5, 7.5], "texture": "#0"},
				"east": {"uv": [6, 3, 6.5, 4.5], "texture": "#0"},
				"south": {"uv": [3.5, 6, 4, 7.5], "texture": "#0"},
				"west": {"uv": [6, 4.5, 6.5, 6], "texture": "#0"},
				"up": {"uv": [5, 7.5, 4.5, 7], "texture": "#0"},
				"down": {"uv": [7.5, 4.5, 7, 5], "texture": "#0"}
			}
		},
		{
			"from": [7.1, 14.42843, 5.08528],
			"to": [8.9, 16.42843, 10.78528],
			"rotation": {"angle": -45, "axis": "x", "origin": [8, 8, 8]},
			"faces": {
				"north": {"uv": [5, 7, 5.5, 7.5], "texture": "#0"},
				"east": {"uv": [5.25, 0, 6.75, 0.5], "texture": "#0"},
				"south": {"uv": [7, 5, 7.5, 5.5], "texture": "#0"},
				"west": {"uv": [6, 6, 7.5, 6.5], "texture": "#0"},
				"up": {"uv": [7, 4.5, 6.5, 3], "texture": "#0"},
				"down": {"uv": [7, 4.5, 6.5, 6], "texture": "#0"}
			}
		},
		{
			"from": [7.1, 5.16985, -0.3733],
			"to": [8.9, 10.86985, 1.6267],
			"rotation": {"angle": -45, "axis": "x", "origin": [8, 8, 8]},
			"faces": {
				"north": {"uv": [6, 6.5, 6.5, 8], "texture": "#0"},
				"east": {"uv": [6.5, 6.5, 7, 8], "texture": "#0"},
				"south": {"uv": [0, 6.75, 0.5, 8.25], "texture": "#0"},
				"west": {"uv": [0.5, 6.75, 1, 8.25], "texture": "#0"},
				"up": {"uv": [6, 7.5, 5.5, 7], "texture": "#0"},
				"down": {"uv": [7.5, 5.5, 7, 6], "texture": "#0"}
			}
		},
		{
			"from": [7.1, -0.50086, 5.11457],
			"to": [8.9, 1.49914, 10.81457],
			"rotation": {"angle": -45, "axis": "x", "origin": [8, 8, 8]},
			"faces": {
				"north": {"uv": [7, 6.5, 7.5, 7], "texture": "#0"},
				"east": {"uv": [6.5, 0.5, 8, 1], "texture": "#0"},
				"south": {"uv": [7, 7, 7.5, 7.5], "texture": "#0"},
				"west": {"uv": [6.75, 0, 8.25, 0.5], "texture": "#0"},
				"up": {"uv": [1.5, 8.5, 1, 7], "texture": "#0"},
				"down": {"uv": [7.5, 1, 7, 2.5], "texture": "#0"}
			}
		},
		{
			"from": [7.3, 7.3, -2],
			"to": [8.7, 8.7, 18.1],
			"rotation": {"angle": 0, "axis": "x", "origin": [8, 8, 8]},
			"faces": {
				"north": {"uv": [1, 5.75, 1.25, 6], "texture": "#0"},
				"east": {"uv": [1.5, 0.5, 6.5, 0.75], "texture": "#0"},
				"south": {"uv": [1.25, 5.75, 1.5, 6], "texture": "#0"},
				"west": {"uv": [1.5, 0.75, 6.5, 1], "texture": "#0"},
				"up": {"uv": [1.75, 6, 1.5, 1], "texture": "#0"},
				"down": {"uv": [2, 1, 1.75, 6], "texture": "#0"}
			}
		},
		{
			"from": [7.3, 7.3, -2.4],
			"to": [8.7, 8.7, 18.5],
			"rotation": {"angle": -45, "axis": "x", "origin": [8, 8, 8]},
			"faces": {
				"north": {"uv": [7.5, 1, 7.75, 1.25], "texture": "#0"},
				"east": {"uv": [0, 0, 5.25, 0.25], "texture": "#0"},
				"south": {"uv": [7.5, 1.25, 7.75, 1.5], "texture": "#0"},
				"west": {"uv": [0, 0.25, 5.25, 0.5], "texture": "#0"},
				"up": {"uv": [0.25, 5.75, 0, 0.5], "texture": "#0"},
				"down": {"uv": [0.5, 0.5, 0.25, 5.75], "texture": "#0"}
			}
		},
		{
			"from": [7.3, -2.4, 7.3],
			"to": [8.7, 18.5, 8.7],
			"rotation": {"angle": -45, "axis": "x", "origin": [8, 8, 8]},
			"faces": {
				"north": {"uv": [0.5, 0.5, 0.75, 5.75], "texture": "#0"},
				"east": {"uv": [0.75, 0.5, 1, 5.75], "texture": "#0"},
				"south": {"uv": [1, 0.5, 1.25, 5.75], "texture": "#0"},
				"west": {"uv": [1.25, 0.5, 1.5, 5.75], "texture": "#0"},
				"up": {"uv": [2, 7.75, 1.75, 7.5], "texture": "#0"},
				"down": {"uv": [7.75, 1.75, 7.5, 2], "texture": "#0"}
			}
		},
		{
			"from": [7.3, -2, 7.3],
			"to": [8.7, 18.1, 8.7],
			"rotation": {"angle": 0, "axis": "x", "origin": [8, 8, 8]},
			"faces": {
				"north": {"uv": [2, 1, 2.25, 6], "texture": "#0"},
				"east": {"uv": [2.25, 1, 2.5, 6], "texture": "#0"},
				"south": {"uv": [2.5, 1, 2.75, 6], "texture": "#0"},
				"west": {"uv": [2.75, 1, 3, 6], "texture": "#0"},
				"up": {"uv": [1.75, 7.75, 1.5, 7.5], "texture": "#0"},
				"down": {"uv": [7.75, 1.5, 7.5, 1.75], "texture": "#0"}
			}
		},
		{
			"from": [6, 6, 6],
			"to": [10, 10, 10],
			"rotation": {"angle": 0, "axis": "x", "origin": [8, 8, 8]},
			"faces": {
				"north": {"uv": [5, 1, 6, 2], "texture": "#0"},
				"east": {"uv": [0, 5.75, 1, 6.75], "texture": "#0"},
				"south": {"uv": [1, 6, 2, 7], "texture": "#0"},
				"west": {"uv": [6, 1, 7, 2], "texture": "#0"},
				"up": {"uv": [3, 7, 2, 6], "texture": "#0"},
				"down": {"uv": [7, 2, 6, 3], "texture": "#0"}
			}
		}
	],
	"display": {
		"head": {
			"translation": [0, -0.25, 0],
			"scale": [1.81, 1.81, 1.81]
		}
	}
}
