{
	"credit": "Made with Blockbench",
	"texture_size": [32, 32],
	"textures": {
		"2": "item/custom/mk/ppfbigben",
		"particle": "item/custom/mk/ppfbigben"
	},
	"elements": [
		{
			"from": [6.2, 0, 6.2],
			"to": [9.8, 10, 9.8],
			"rotation": {"angle": 0, "axis": "y", "origin": [7, 5, 7]},
			"faces": {
				"north": {"uv": [0, 0, 1.75, 5], "texture": "#2"},
				"east": {"uv": [2, 0, 3.75, 5], "texture": "#2"},
				"south": {"uv": [4, 0, 5.75, 5], "texture": "#2"},
				"west": {"uv": [0, 5, 1.75, 10], "texture": "#2"},
				"up": {"uv": [6.25, 9.25, 4.5, 7.5], "texture": "#2"},
				"down": {"uv": [8.25, 7.5, 6.5, 9.25], "texture": "#2"}
			}
		},
		{
			"from": [5.8, 10, 5.8],
			"to": [10.2, 14.4, 10.2],
			"rotation": {"angle": 0, "axis": "y", "origin": [7, 10, 7]},
			"faces": {
				"north": {"uv": [2, 5, 4.25, 7.25], "texture": "#2"},
				"east": {"uv": [4.5, 5, 6.75, 7.25], "texture": "#2"},
				"south": {"uv": [6, 0, 8.25, 2.25], "texture": "#2"},
				"west": {"uv": [6, 2.5, 8.25, 4.75], "texture": "#2"},
				"up": {"uv": [9.25, 7.25, 7, 5], "texture": "#2"},
				"down": {"uv": [4.25, 7.5, 2, 9.75], "texture": "#2"}
			}
		},
		{
			"from": [6.2, 14, 6.2],
			"to": [9.8, 15.4, 9.8],
			"rotation": {"angle": 0, "axis": "y", "origin": [7, 14, 7]},
			"faces": {
				"north": {"uv": [8.5, 4, 10.25, 4.75], "texture": "#2"},
				"east": {"uv": [4.5, 9.5, 6.25, 10.25], "texture": "#2"},
				"south": {"uv": [9.5, 5, 11.25, 5.75], "texture": "#2"},
				"west": {"uv": [9.5, 6, 11.25, 6.75], "texture": "#2"},
				"up": {"uv": [10.25, 1.75, 8.5, 0], "texture": "#2"},
				"down": {"uv": [10.25, 2, 8.5, 3.75], "texture": "#2"}
			}
		},
		{
			"from": [6.4, 15, 6.4],
			"to": [9.6, 16.4, 9.6],
			"rotation": {"angle": 0, "axis": "y", "origin": [7, 15, 7]},
			"faces": {
				"north": {"uv": [6.5, 9.5, 8, 10.25], "texture": "#2"},
				"east": {"uv": [0, 10, 1.5, 10.75], "texture": "#2"},
				"south": {"uv": [1.5, 10, 3, 10.75], "texture": "#2"},
				"west": {"uv": [3, 10, 4.5, 10.75], "texture": "#2"},
				"up": {"uv": [10, 9, 8.5, 7.5], "texture": "#2"},
				"down": {"uv": [10, 9, 8.5, 10.5], "texture": "#2"}
			}
		},
		{
			"from": [7, 16, 7],
			"to": [9, 18, 9],
			"rotation": {"angle": 0, "axis": "y", "origin": [7, 16, 7]},
			"faces": {
				"north": {"uv": [10, 7, 11, 8], "texture": "#2"},
				"east": {"uv": [10, 8, 11, 9], "texture": "#2"},
				"south": {"uv": [10, 9, 11, 10], "texture": "#2"},
				"west": {"uv": [10, 10, 11, 11], "texture": "#2"},
				"up": {"uv": [11.5, 1, 10.5, 0], "texture": "#2"},
				"down": {"uv": [11.5, 1, 10.5, 2], "texture": "#2"}
			}
		},
		{
			"from": [7.8, 18, 7.8],
			"to": [8.2, 21, 8.2],
			"rotation": {"angle": 0, "axis": "y", "origin": [7, 18, 7]},
			"faces": {
				"north": {"uv": [8, 9.5, 8.25, 11], "texture": "#2"},
				"east": {"uv": [10.5, 2, 10.75, 3.5], "texture": "#2"},
				"south": {"uv": [10.5, 3.5, 10.75, 5], "texture": "#2"},
				"west": {"uv": [4.5, 10.5, 4.75, 12], "texture": "#2"},
				"up": {"uv": [9.75, 7.25, 9.5, 7], "texture": "#2"},
				"down": {"uv": [5.25, 10.5, 5, 10.75], "texture": "#2"}
			}
		}
	]
}
