{
	"credit": "Made with Blockbench",
	"texture_size": [32, 32],
	"textures": {
		"0": "item/custom/mk/ppfpodium1",
		"1": "item/custom/mk/ppfpodium2",
		"particle": "item/custom/mk/ppfpodium1"
	},
	"elements": [
		{
			"from": [3, 0, 3],
			"to": [13, 2, 13],
			"faces": {
				"north": {"uv": [7.25, 0, 9.75, 0.5], "texture": "#0"},
				"east": {"uv": [7.25, 0.5, 9.75, 1], "texture": "#0"},
				"south": {"uv": [7.25, 1, 9.75, 1.5], "texture": "#0"},
				"west": {"uv": [7.25, 1.5, 9.75, 2], "texture": "#0"},
				"up": {"uv": [2.5, 2.5, 0, 0], "texture": "#0"},
				"down": {"uv": [2.5, 2.5, 0, 5], "texture": "#0"}
			}
		},
		{
			"from": [3.2, 12, 3.2],
			"to": [12.8, 13, 12.8],
			"faces": {
				"north": {"uv": [7.25, 2, 9.75, 2.25], "texture": "#0"},
				"east": {"uv": [7.25, 2.25, 9.75, 2.5], "texture": "#0"},
				"south": {"uv": [7.25, 2.5, 9.75, 2.75], "texture": "#0"},
				"west": {"uv": [7.25, 2.75, 9.75, 3], "texture": "#0"},
				"up": {"uv": [5, 2.5, 2.5, 0], "texture": "#0"},
				"down": {"uv": [5, 2.5, 2.5, 5], "texture": "#0"}
			}
		},
		{
			"from": [2.9, 14.2, 4.1],
			"to": [4.1, 15.2, 13.1],
			"faces": {
				"north": {"uv": [0, 8, 0.25, 8.25], "texture": "#0"},
				"east": {"uv": [7.25, 4, 9.5, 4.25], "texture": "#0"},
				"south": {"uv": [0.25, 8, 0.5, 8.25], "texture": "#0"},
				"west": {"uv": [7.25, 4.25, 9.5, 4.5], "texture": "#0"},
				"up": {"uv": [4.75, 9.5, 4.5, 7.25], "texture": "#0"},
				"down": {"uv": [5, 7.25, 4.75, 9.5], "texture": "#0"}
			}
		},
		{
			"from": [11.9, 14.2, 4.1],
			"to": [13.1, 15.2, 13.1],
			"faces": {
				"north": {"uv": [1, 8, 1.25, 8.25], "texture": "#0"},
				"east": {"uv": [7.25, 4.5, 9.5, 4.75], "texture": "#0"},
				"south": {"uv": [1.25, 8, 1.5, 8.25], "texture": "#0"},
				"west": {"uv": [7.25, 4.75, 9.5, 5], "texture": "#0"},
				"up": {"uv": [5.25, 9.5, 5, 7.25], "texture": "#0"},
				"down": {"uv": [5.5, 7.25, 5.25, 9.5], "texture": "#0"}
			}
		},
		{
			"from": [2.9, 14.2, 2.9],
			"to": [13.1, 15.2, 4.1],
			"faces": {
				"north": {"uv": [7.25, 3, 9.75, 3.25], "texture": "#0"},
				"east": {"uv": [0.5, 8, 0.75, 8.25], "texture": "#0"},
				"south": {"uv": [7.25, 3.25, 9.75, 3.5], "texture": "#0"},
				"west": {"uv": [0.75, 8, 1, 8.25], "texture": "#0"},
				"up": {"uv": [9.75, 3.75, 7.25, 3.5], "texture": "#0"},
				"down": {"uv": [9.75, 3.75, 7.25, 4], "texture": "#0"}
			}
		},
		{
			"from": [3.4, 2, 3.4],
			"to": [12.6, 12.2, 12.6],
			"faces": {
				"north": {"uv": [0, 0, 4.5, 5], "texture": "#1"},
				"east": {"uv": [4.5, 0, 9, 5], "texture": "#1"},
				"south": {"uv": [0, 5, 4.5, 10], "texture": "#1"},
				"west": {"uv": [4.5, 5, 9, 10], "texture": "#1"},
				"up": {"uv": [13.5, 4.5, 9, 0], "texture": "#1"},
				"down": {"uv": [13.5, 4.5, 9, 9], "texture": "#1"}
			}
		},
		{
			"from": [3.4, 13, 3.4],
			"to": [12.6, 14.2, 4.6],
			"faces": {
				"north": {"uv": [5.5, 7.25, 7.75, 7.5], "texture": "#0"},
				"east": {"uv": [1.5, 8, 1.75, 8.25], "texture": "#0"},
				"south": {"uv": [0, 7.5, 2.25, 7.75], "texture": "#0"},
				"west": {"uv": [1.75, 8, 2, 8.25], "texture": "#0"},
				"up": {"uv": [4.5, 7.75, 2.25, 7.5], "texture": "#0"},
				"down": {"uv": [7.75, 7.5, 5.5, 7.75], "texture": "#0"}
			}
		},
		{
			"from": [3.4, 13, 4.6],
			"to": [4.6, 14.2, 12.8],
			"faces": {
				"north": {"uv": [2, 8, 2.25, 8.25], "texture": "#0"},
				"east": {"uv": [0, 7.75, 2, 8], "texture": "#0"},
				"south": {"uv": [2.25, 8, 2.5, 8.25], "texture": "#0"},
				"west": {"uv": [2, 7.75, 4, 8], "texture": "#0"},
				"up": {"uv": [4.25, 9.75, 4, 7.75], "texture": "#0"},
				"down": {"uv": [4.5, 7.75, 4.25, 9.75], "texture": "#0"}
			}
		},
		{
			"from": [11.4, 13, 4.6],
			"to": [12.6, 14.2, 12.8],
			"faces": {
				"north": {"uv": [2.5, 8, 2.75, 8.25], "texture": "#0"},
				"east": {"uv": [5.5, 7.75, 7.5, 8], "texture": "#0"},
				"south": {"uv": [2.75, 8, 3, 8.25], "texture": "#0"},
				"west": {"uv": [7.75, 7.25, 9.75, 7.5], "texture": "#0"},
				"up": {"uv": [7.75, 9.75, 7.5, 7.75], "texture": "#0"},
				"down": {"uv": [8, 7.5, 7.75, 9.5], "texture": "#0"}
			}
		}
	],
	"groups": [
		{
			"name": "group",
			"origin": [0, 0, 0],
			"color": 0,
			"children": [0, 1, 2, 3, 4, 5, 6, 7, 8]
		}
	]
}
