{
	"credit": "Made with Blockbench",
	"textures": {
		"0": "item/custom/mk/ppftealtent",
		"particle": "item/custom/ppftealtent"
	},
	"elements": [
		{
			"from": [4, 0, 8],
			"to": [12, 11.8, 8],
			"rotation": {"angle": 0, "axis": "y", "origin": [7, 0, 7]},
			"faces": {
				"north": {"uv": [0, 0, 8, 12], "texture": "#0"},
				"east": {"uv": [0, 0, 0, 12], "texture": "#0"},
				"south": {"uv": [8, 0, 16, 12], "texture": "#0"},
				"west": {"uv": [0, 0, 0, 12], "texture": "#0"},
				"up": {"uv": [8, 0, 0, 0], "texture": "#0"},
				"down": {"uv": [8, 0, 0, 0], "texture": "#0"}
			}
		}
	]
}
