{
	"credit": "Made with Blockbench",
	"texture_size": [64, 64],
	"textures": {
		"0": "item/custom/mk/ppfvehicle",
		"particle": "item/custom/mk/ppfvehicle"
	},
	"elements": [
		{
			"from": [3.7, 0, 3.275],
			"to": [12.3, 0.7, 13],
			"rotation": {"angle": 0, "axis": "y", "origin": [7, 0, 5]},
			"faces": {
				"north": {"uv": [10, 7, 12.125, 7.1875], "texture": "#0"},
				"east": {"uv": [9.5, 9, 11.9375, 9.1875], "texture": "#0"},
				"south": {"uv": [10, 7.25, 12.125, 7.4375], "texture": "#0"},
				"west": {"uv": [9.5, 9.25, 11.9375, 9.4375], "texture": "#0"},
				"up": {"uv": [2.125, 4.9375, 0, 2.5], "texture": "#0"},
				"down": {"uv": [4.375, 2.5, 2.25, 4.9375], "texture": "#0"}
			}
		},
		{
			"from": [4, 0.1, 10],
			"to": [12, 2.6, 10.6],
			"rotation": {"angle": -22.5, "axis": "x", "origin": [7, 0.6, 9.3]},
			"faces": {
				"north": {"uv": [8, 6, 10, 6.625], "texture": "#0"},
				"east": {"uv": [10, 11.25, 10.125, 11.875], "texture": "#0"},
				"south": {"uv": [8, 6.75, 10, 7.375], "texture": "#0"},
				"west": {"uv": [10.25, 11.25, 10.375, 11.875], "texture": "#0"},
				"up": {"uv": [12.25, 4.875, 10.25, 4.75], "texture": "#0"},
				"down": {"uv": [11.25, 10.25, 9.25, 10.375], "texture": "#0"}
			}
		},
		{
			"from": [4, 2.7, 9],
			"to": [12, 3.1, 11.7],
			"rotation": {"angle": 0, "axis": "y", "origin": [8, 5.4, 21.3]},
			"faces": {
				"north": {"uv": [10.25, 9.75, 12.25, 9.875], "texture": "#0"},
				"east": {"uv": [5.25, 11.25, 5.9375, 11.375], "texture": "#0"},
				"south": {"uv": [10.5, 0.5, 12.5, 0.625], "texture": "#0"},
				"west": {"uv": [11.25, 6, 11.9375, 6.125], "texture": "#0"},
				"up": {"uv": [10, 5.1875, 8, 4.5], "texture": "#0"},
				"down": {"uv": [10, 5.25, 8, 5.9375], "texture": "#0"}
			}
		},
		{
			"from": [4, 3.1, 11.3],
			"to": [12, 6.1, 11.7],
			"rotation": {"angle": 0, "axis": "y", "origin": [10, 3.1, 9.7]},
			"faces": {
				"north": {"uv": [8, 1.5, 10, 2.25], "texture": "#0"},
				"east": {"uv": [6.25, 11, 6.375, 11.75], "texture": "#0"},
				"south": {"uv": [8, 2.25, 10, 3], "texture": "#0"},
				"west": {"uv": [6.5, 11, 6.625, 11.75], "texture": "#0"},
				"up": {"uv": [12.5, 0.875, 10.5, 0.75], "texture": "#0"},
				"down": {"uv": [12.5, 1, 10.5, 1.125], "texture": "#0"}
			}
		},
		{
			"from": [4, 0.7, 11.7],
			"to": [12, 6.1, 13],
			"rotation": {"angle": 0, "axis": "y", "origin": [10.3, 0.7, 13.7]},
			"faces": {
				"north": {"uv": [6, 3.5, 8, 4.875], "texture": "#0"},
				"east": {"uv": [4, 5, 4.3125, 6.375], "texture": "#0"},
				"south": {"uv": [6, 5, 8, 6.375], "texture": "#0"},
				"west": {"uv": [3.25, 10, 3.5625, 11.375], "texture": "#0"},
				"up": {"uv": [5.25, 9.8125, 3.25, 9.5], "texture": "#0"},
				"down": {"uv": [11.5, 7.5, 9.5, 7.8125], "texture": "#0"}
			}
		},
		{
			"from": [4, 0.1, 13],
			"to": [12, 6.6, 14],
			"rotation": {"angle": 0, "axis": "y", "origin": [10, 4.1, 13]},
			"faces": {
				"north": {"uv": [0, 5, 2, 6.625], "texture": "#0"},
				"east": {"uv": [8.25, 10, 8.5, 11.625], "texture": "#0"},
				"south": {"uv": [2, 5, 4, 6.625], "texture": "#0"},
				"west": {"uv": [8.5, 10, 8.75, 11.625], "texture": "#0"},
				"up": {"uv": [11.5, 8.25, 9.5, 8], "texture": "#0"},
				"down": {"uv": [11.5, 8.25, 9.5, 8.5], "texture": "#0"}
			}
		},
		{
			"from": [6, 6.6, 13],
			"to": [10, 9.6, 14],
			"rotation": {"angle": 0, "axis": "y", "origin": [7, 6.6, 13]},
			"faces": {
				"north": {"uv": [9.25, 0, 10.25, 0.75], "texture": "#0"},
				"east": {"uv": [5.75, 7, 6, 7.75], "texture": "#0"},
				"south": {"uv": [9.25, 0.75, 10.25, 1.5], "texture": "#0"},
				"west": {"uv": [1.25, 10.5, 1.5, 11.25], "texture": "#0"},
				"up": {"uv": [9, 7.75, 8, 7.5], "texture": "#0"},
				"down": {"uv": [7.25, 10.25, 6.25, 10.5], "texture": "#0"}
			}
		},
		{
			"from": [12, 0.7, 9.4],
			"to": [12.7, 3.7, 14],
			"rotation": {"angle": 0, "axis": "y", "origin": [10.3, 0.7, 11]},
			"faces": {
				"north": {"uv": [10, 10.5, 10.1875, 11.25], "texture": "#0"},
				"east": {"uv": [7, 9, 8.125, 9.75], "texture": "#0"},
				"south": {"uv": [10.25, 10.5, 10.4375, 11.25], "texture": "#0"},
				"west": {"uv": [8.25, 9, 9.375, 9.75], "texture": "#0"},
				"up": {"uv": [0.4375, 11.625, 0.25, 10.5], "texture": "#0"},
				"down": {"uv": [0.6875, 10.5, 0.5, 11.625], "texture": "#0"}
			}
		},
		{
			"from": [12, 3.7, 10.6],
			"to": [12.7, 6.6, 14],
			"rotation": {"angle": 0, "axis": "y", "origin": [10.7, 3.7, 12]},
			"faces": {
				"north": {"uv": [10.5, 10.5, 10.6875, 11.25], "texture": "#0"},
				"east": {"uv": [1.25, 9.25, 2.125, 10], "texture": "#0"},
				"south": {"uv": [3.75, 10.75, 3.9375, 11.5], "texture": "#0"},
				"west": {"uv": [2.25, 9.25, 3.125, 10], "texture": "#0"},
				"up": {"uv": [1.6875, 11.375, 1.5, 10.5], "texture": "#0"},
				"down": {"uv": [6.9375, 10.5, 6.75, 11.375], "texture": "#0"}
			}
		},
		{
			"from": [12, 0.7, 7.4],
			"to": [12.7, 1.7, 9.425],
			"rotation": {"angle": 0, "axis": "y", "origin": [10.7, 0.7, 7]},
			"faces": {
				"north": {"uv": [11.25, 11, 11.4375, 11.25], "texture": "#0"},
				"east": {"uv": [4, 6.5, 4.5, 6.75], "texture": "#0"},
				"south": {"uv": [4.5, 11.5, 4.6875, 11.75], "texture": "#0"},
				"west": {"uv": [9, 7.5, 9.5, 7.75], "texture": "#0"},
				"up": {"uv": [11.1875, 4.75, 11, 4.25], "texture": "#0"},
				"down": {"uv": [11.1875, 6, 11, 6.5], "texture": "#0"}
			}
		},
		{
			"from": [12.05, 3.96558, 9.95663],
			"to": [12.65, 7.16558, 11.10663],
			"rotation": {"angle": 22.5, "axis": "x", "origin": [10.7, 5.26558, 8.85663]},
			"faces": {
				"north": {"uv": [7.5, 10.75, 7.625, 11.5625], "texture": "#0"},
				"east": {"uv": [5.25, 10.25, 5.5625, 11.0625], "texture": "#0"},
				"south": {"uv": [10.75, 10.5, 10.875, 11.3125], "texture": "#0"},
				"west": {"uv": [5.75, 10.25, 6.0625, 11.0625], "texture": "#0"},
				"up": {"uv": [11.625, 8.3125, 11.5, 8], "texture": "#0"},
				"down": {"uv": [11.625, 8.5, 11.5, 8.8125], "texture": "#0"}
			}
		},
		{
			"from": [12.025, 1.111, 7.87522],
			"to": [12.65, 2.561, 10.70022],
			"rotation": {"angle": -45, "axis": "x", "origin": [10.675, 1.561, 8.67522]},
			"faces": {
				"north": {"uv": [10.5, 11.25, 10.6875, 11.625], "texture": "#0"},
				"east": {"uv": [0, 9.5, 0.6875, 9.875], "texture": "#0"},
				"south": {"uv": [1.5, 11.5, 1.6875, 11.875], "texture": "#0"},
				"west": {"uv": [3.75, 10.25, 4.4375, 10.625], "texture": "#0"},
				"up": {"uv": [4.6875, 11.4375, 4.5, 10.75], "texture": "#0"},
				"down": {"uv": [4.9375, 10.75, 4.75, 11.4375], "texture": "#0"}
			}
		},
		{
			"from": [12, 0.7, 3.1],
			"to": [12.7, 1.7, 5.6],
			"rotation": {"angle": 0, "axis": "y", "origin": [10.7, -0.3, 3.8]},
			"faces": {
				"north": {"uv": [4.75, 11.5, 4.9375, 11.75], "texture": "#0"},
				"east": {"uv": [1.25, 8, 1.875, 8.25], "texture": "#0"},
				"south": {"uv": [5, 11.5, 5.1875, 11.75], "texture": "#0"},
				"west": {"uv": [3.75, 8.25, 4.375, 8.5], "texture": "#0"},
				"up": {"uv": [5.1875, 11.375, 5, 10.75], "texture": "#0"},
				"down": {"uv": [7.4375, 10.75, 7.25, 11.375], "texture": "#0"}
			}
		},
		{
			"from": [12, 1.7, 3.1],
			"to": [12.7, 2.7, 4.8],
			"rotation": {"angle": 0, "axis": "y", "origin": [10.7, 1.7, 2.8]},
			"faces": {
				"north": {"uv": [5.25, 11.5, 5.4375, 11.75], "texture": "#0"},
				"east": {"uv": [3.25, 9.25, 3.6875, 9.5], "texture": "#0"},
				"south": {"uv": [5.5, 11.5, 5.6875, 11.75], "texture": "#0"},
				"west": {"uv": [5.25, 9.5, 5.6875, 9.75], "texture": "#0"},
				"up": {"uv": [6.1875, 11.6875, 6, 11.25], "texture": "#0"},
				"down": {"uv": [11.4375, 6.25, 11.25, 6.6875], "texture": "#0"}
			}
		},
		{
			"from": [4, 2.2, 1.97157],
			"to": [12, 2.6, 4.87157],
			"rotation": {"angle": 45, "axis": "x", "origin": [10, 0.7, 2.87157]},
			"faces": {
				"north": {"uv": [10.5, 1.25, 12.5, 1.375], "texture": "#0"},
				"east": {"uv": [11, 10, 11.75, 10.125], "texture": "#0"},
				"south": {"uv": [10.5, 1.5, 12.5, 1.625], "texture": "#0"},
				"west": {"uv": [11, 10.5, 11.75, 10.625], "texture": "#0"},
				"up": {"uv": [10, 3.75, 8, 3], "texture": "#0"},
				"down": {"uv": [10, 3.75, 8, 4.5], "texture": "#0"}
			}
		},
		{
			"from": [4, 0.7, 3.1],
			"to": [12, 2.7, 3.7],
			"rotation": {"angle": 0, "axis": "y", "origin": [10, 0.7, 0.6]},
			"faces": {
				"north": {"uv": [8.75, 8.5, 10.75, 9], "texture": "#0"},
				"east": {"uv": [11.5, 3.25, 11.625, 3.75], "texture": "#0"},
				"south": {"uv": [3.75, 9, 5.75, 9.5], "texture": "#0"},
				"west": {"uv": [3.5, 11.5, 3.625, 12], "texture": "#0"},
				"up": {"uv": [12.5, 1.875, 10.5, 1.75], "texture": "#0"},
				"down": {"uv": [12.5, 2, 10.5, 2.125], "texture": "#0"}
			}
		},
		{
			"from": [3.3, 0.7, 3.1],
			"to": [4, 2.7, 5.025],
			"rotation": {"angle": 0, "axis": "y", "origin": [2, 0.7, -0.7]},
			"faces": {
				"north": {"uv": [8.75, 11, 8.9375, 11.5], "texture": "#0"},
				"east": {"uv": [0.75, 9.5, 1.25, 10], "texture": "#0"},
				"south": {"uv": [9, 11, 9.1875, 11.5], "texture": "#0"},
				"west": {"uv": [7.25, 10.25, 7.75, 10.75], "texture": "#0"},
				"up": {"uv": [11.1875, 11.25, 11, 10.75], "texture": "#0"},
				"down": {"uv": [1.4375, 11.25, 1.25, 11.75], "texture": "#0"}
			}
		},
		{
			"from": [3.3, 0.7, 5],
			"to": [4, 3.7, 9.825],
			"rotation": {"angle": 0, "axis": "y", "origin": [6.6, 1.4, 14]},
			"faces": {
				"north": {"uv": [4, 10.75, 4.1875, 11.5], "texture": "#0"},
				"east": {"uv": [4.5, 7, 5.6875, 7.75], "texture": "#0"},
				"south": {"uv": [4.25, 10.75, 4.4375, 11.5], "texture": "#0"},
				"west": {"uv": [5.75, 9, 6.9375, 9.75], "texture": "#0"},
				"up": {"uv": [2.4375, 11.4375, 2.25, 10.25], "texture": "#0"},
				"down": {"uv": [0.1875, 10.5, 0, 11.6875], "texture": "#0"}
			}
		},
		{
			"from": [3.3, 0.7, 9.8],
			"to": [4, 6.6, 14],
			"rotation": {"angle": 0, "axis": "y", "origin": [6.6, 1.4, 21.6]},
			"faces": {
				"north": {"uv": [10.25, 0.5, 10.4375, 2], "texture": "#0"},
				"east": {"uv": [0, 8, 1.0625, 9.5], "texture": "#0"},
				"south": {"uv": [1.75, 10.25, 1.9375, 11.75], "texture": "#0"},
				"west": {"uv": [8, 0, 9.0625, 1.5], "texture": "#0"},
				"up": {"uv": [0.9375, 11.5625, 0.75, 10.5], "texture": "#0"},
				"down": {"uv": [1.1875, 10.5, 1, 11.5625], "texture": "#0"}
			}
		},
		{
			"from": [3.3, 0.7, 2.3],
			"to": [12.7, 1.5, 3.1],
			"rotation": {"angle": 0, "axis": "y", "origin": [10.7, 0.7, 1.1]},
			"faces": {
				"north": {"uv": [9.5, 9.5, 11.875, 9.6875], "texture": "#0"},
				"east": {"uv": [8.75, 11.5, 8.9375, 11.6875], "texture": "#0"},
				"south": {"uv": [5.25, 9.75, 7.625, 9.9375], "texture": "#0"},
				"west": {"uv": [9, 11.5, 9.1875, 11.6875], "texture": "#0"},
				"up": {"uv": [10.125, 9.9375, 7.75, 9.75], "texture": "#0"},
				"down": {"uv": [2.375, 10, 0, 10.1875], "texture": "#0"}
			}
		},
		{
			"from": [3.6, 1.46537, 1.65224],
			"to": [12.4, 2.26537, 2.45224],
			"rotation": {"angle": 22.5, "axis": "x", "origin": [10.7, 1.46537, 0.45224]},
			"faces": {
				"north": {"uv": [10, 5.25, 12.1875, 5.4375], "texture": "#0"},
				"east": {"uv": [9.5, 11.5, 9.6875, 11.6875], "texture": "#0"},
				"south": {"uv": [5.5, 10, 7.6875, 10.1875], "texture": "#0"},
				"west": {"uv": [9.75, 11.5, 9.9375, 11.6875], "texture": "#0"},
				"up": {"uv": [12.1875, 5.6875, 10, 5.5], "texture": "#0"},
				"down": {"uv": [12.1875, 5.75, 10, 5.9375], "texture": "#0"}
			}
		},
		{
			"from": [4.6, 0.42036, 0.14668],
			"to": [11.4, 1.42036, 0.94668],
			"rotation": {"angle": -45, "axis": "x", "origin": [10.5, 2.42036, 0.14668]},
			"faces": {
				"north": {"uv": [3.75, 10, 5.4375, 10.25], "texture": "#0"},
				"east": {"uv": [5.75, 11.5, 5.9375, 11.75], "texture": "#0"},
				"south": {"uv": [10, 5, 11.6875, 5.25], "texture": "#0"},
				"west": {"uv": [11.5, 6.25, 11.6875, 6.5], "texture": "#0"},
				"up": {"uv": [10.9375, 10.1875, 9.25, 10], "texture": "#0"},
				"down": {"uv": [1.6875, 10.25, 0, 10.4375], "texture": "#0"}
			}
		},
		{
			"from": [6.6, 1.71325, 0.85379],
			"to": [9.4, 3.11325, 1.65379],
			"rotation": {"angle": -22.5, "axis": "x", "origin": [7.4, 1.71325, 0.85379]},
			"faces": {
				"north": {"uv": [10.25, 4.25, 10.9375, 4.625], "texture": "#0"},
				"east": {"uv": [2.25, 11.5, 2.4375, 11.875], "texture": "#0"},
				"south": {"uv": [4.5, 10.25, 5.1875, 10.625], "texture": "#0"},
				"west": {"uv": [3.25, 11.5, 3.4375, 11.875], "texture": "#0"},
				"up": {"uv": [11.4375, 8.6875, 10.75, 8.5], "texture": "#0"},
				"down": {"uv": [11.4375, 8.75, 10.75, 8.9375], "texture": "#0"}
			}
		},
		{
			"from": [6.7, 3.00668, 0.31803],
			"to": [9.3, 4.00668, 1.51803],
			"rotation": {"angle": 0, "axis": "y", "origin": [7.4, 3.00668, 0.31803]},
			"faces": {
				"north": {"uv": [10.5, 6.5, 11.125, 6.75], "texture": "#0"},
				"east": {"uv": [11.25, 6.75, 11.5625, 7], "texture": "#0"},
				"south": {"uv": [10.5, 6.75, 11.125, 7], "texture": "#0"},
				"west": {"uv": [11.25, 10.25, 11.5625, 10.5], "texture": "#0"},
				"up": {"uv": [11.125, 3.5625, 10.5, 3.25], "texture": "#0"},
				"down": {"uv": [11.125, 3.75, 10.5, 4.0625], "texture": "#0"}
			}
		},
		{
			"from": [7.7, 0.7, 4.3],
			"to": [8.3, 14.7, 4.9],
			"rotation": {"angle": 0, "axis": "y", "origin": [7, 0.7, 3.6]},
			"faces": {
				"north": {"uv": [10, 1.5, 10.125, 5], "texture": "#0"},
				"east": {"uv": [2.5, 10, 2.625, 13.5], "texture": "#0"},
				"south": {"uv": [2.75, 10, 2.875, 13.5], "texture": "#0"},
				"west": {"uv": [3, 10, 3.125, 13.5], "texture": "#0"},
				"up": {"uv": [0.375, 11.875, 0.25, 11.75], "texture": "#0"},
				"down": {"uv": [0.625, 11.75, 0.5, 11.875], "texture": "#0"}
			}
		},
		{
			"from": [7.6, 6, 11.7],
			"to": [8.4, 14.7, 12.3],
			"rotation": {"angle": 0, "axis": "y", "origin": [7, 6, 11]},
			"faces": {
				"north": {"uv": [7.75, 10, 7.9375, 12.1875], "texture": "#0"},
				"east": {"uv": [2, 10.25, 2.125, 12.4375], "texture": "#0"},
				"south": {"uv": [8, 10, 8.1875, 12.1875], "texture": "#0"},
				"west": {"uv": [10.25, 2, 10.375, 4.1875], "texture": "#0"},
				"up": {"uv": [10.9375, 11.625, 10.75, 11.5], "texture": "#0"},
				"down": {"uv": [11.1875, 11.5, 11, 11.625], "texture": "#0"}
			}
		},
		{
			"from": [4, 6.5, 11.675],
			"to": [12, 13, 11.675],
			"rotation": {"angle": 0, "axis": "y", "origin": [7, 12, 9.975]},
			"faces": {
				"north": {"uv": [6, 0, 8, 1.625], "texture": "#0"},
				"east": {"uv": [0, 0, 0, 1.625], "texture": "#0"},
				"south": {"uv": [6, 1.75, 8, 3.375], "texture": "#0"},
				"west": {"uv": [0, 0, 0, 1.625], "texture": "#0"},
				"up": {"uv": [2, 0, 0, 0], "texture": "#0"},
				"down": {"uv": [2, 0, 0, 0], "texture": "#0"}
			}
		},
		{
			"from": [3, 6, 2.8],
			"to": [13, 9, 2.8],
			"rotation": {"angle": 0, "axis": "y", "origin": [7, 7, 0.8]},
			"faces": {
				"north": {"uv": [2, 6.75, 4.5, 7.5], "texture": "#0"},
				"east": {"uv": [0, 0, 0, 0.75], "texture": "#0"},
				"south": {"uv": [2, 7.5, 4.5, 8.25], "texture": "#0"},
				"west": {"uv": [0, 0, 0, 0.75], "texture": "#0"},
				"up": {"uv": [2.5, 0, 0, 0], "texture": "#0"},
				"down": {"uv": [2.5, 0, 0, 0], "texture": "#0"}
			}
		},
		{
			"from": [3, 9.76537, 2.95224],
			"to": [13, 12.76537, 2.95224],
			"rotation": {"angle": 22.5, "axis": "x", "origin": [11, 9.76537, 0.95224]},
			"faces": {
				"north": {"uv": [4.5, 7.75, 7, 8.5], "texture": "#0"},
				"east": {"uv": [0, 0, 0, 0.75], "texture": "#0"},
				"south": {"uv": [7, 7.75, 9.5, 8.5], "texture": "#0"},
				"west": {"uv": [0, 0, 0, 0.75], "texture": "#0"},
				"up": {"uv": [2.5, 0, 0, 0], "texture": "#0"},
				"down": {"uv": [2.5, 0, 0, 0], "texture": "#0"}
			}
		},
		{
			"from": [3, 11.77164, 3.94805],
			"to": [13, 13.77164, 3.94805],
			"rotation": {"angle": 45, "axis": "x", "origin": [11, 11.77164, 3.94805]},
			"faces": {
				"north": {"uv": [1.25, 8.25, 3.75, 8.75], "texture": "#0"},
				"east": {"uv": [0, 0, 0, 0.5], "texture": "#0"},
				"south": {"uv": [3.75, 8.5, 6.25, 9], "texture": "#0"},
				"west": {"uv": [0, 0, 0, 0.5], "texture": "#0"},
				"up": {"uv": [2.5, 0, 0, 0], "texture": "#0"},
				"down": {"uv": [2.5, 0, 0, 0], "texture": "#0"}
			}
		},
		{
			"from": [3, 3.38687, 3.71761],
			"to": [13, 5.38687, 3.71761],
			"rotation": {"angle": -22.5, "axis": "x", "origin": [11, 3.38687, 1.71761]},
			"faces": {
				"north": {"uv": [6.25, 8.5, 8.75, 9], "texture": "#0"},
				"east": {"uv": [0, 0, 0, 0.5], "texture": "#0"},
				"south": {"uv": [1.25, 8.75, 3.75, 9.25], "texture": "#0"},
				"west": {"uv": [0, 0, 0, 0.5], "texture": "#0"},
				"up": {"uv": [2.5, 0, 0, 0], "texture": "#0"},
				"down": {"uv": [2.5, 0, 0, 0], "texture": "#0"}
			}
		},
		{
			"from": [7.6, 0, 2],
			"to": [8.4, 1, 3.3],
			"rotation": {"angle": 0, "axis": "y", "origin": [7, 0, 1]},
			"faces": {
				"north": {"uv": [11.5, 6.5, 11.6875, 6.75], "texture": "#0"},
				"east": {"uv": [11.25, 10.75, 11.5625, 11], "texture": "#0"},
				"south": {"uv": [6.75, 11.5, 6.9375, 11.75], "texture": "#0"},
				"west": {"uv": [11, 11.25, 11.3125, 11.5], "texture": "#0"},
				"up": {"uv": [4.1875, 11.8125, 4, 11.5], "texture": "#0"},
				"down": {"uv": [4.4375, 11.5, 4.25, 11.8125], "texture": "#0"}
			}
		},
		{
			"from": [4, 1.6, 14],
			"to": [12, 6.5, 14.6],
			"rotation": {"angle": 0, "axis": "y", "origin": [10, 4.6, 14]},
			"faces": {
				"north": {"uv": [6, 6.5, 8, 7.75], "texture": "#0"},
				"east": {"uv": [7, 10.5, 7.125, 11.75], "texture": "#0"},
				"south": {"uv": [0, 6.75, 2, 8], "texture": "#0"},
				"west": {"uv": [9.25, 10.5, 9.375, 11.75], "texture": "#0"},
				"up": {"uv": [12.5, 2.375, 10.5, 2.25], "texture": "#0"},
				"down": {"uv": [12.5, 2.5, 10.5, 2.625], "texture": "#0"}
			}
		},
		{
			"from": [3.6, 1.4, 4.6],
			"to": [12.4, 11.4, 4.6],
			"rotation": {"angle": 0, "axis": "y", "origin": [7, 1.4, 2.6]},
			"faces": {
				"north": {"uv": [0, 0, 2.1875, 2.5], "texture": "#0"},
				"east": {"uv": [0, 0, 0, 2.5], "texture": "#0"},
				"south": {"uv": [2.25, 0, 4.4375, 2.5], "texture": "#0"},
				"west": {"uv": [0, 0, 0, 2.5], "texture": "#0"},
				"up": {"uv": [2.1875, 0, 0, 0], "texture": "#0"},
				"down": {"uv": [2.1875, 0, 0, 0], "texture": "#0"}
			}
		},
		{
			"from": [3.4, 2.6, 3.6],
			"to": [3.7, 4.175, 3.6],
			"rotation": {"angle": 0, "axis": "y", "origin": [2.4, 0, 1.6]},
			"faces": {
				"north": {"uv": [11.5, 11, 11.5625, 11.375], "texture": "#0"},
				"east": {"uv": [0, 0, 0, 0.375], "texture": "#0"},
				"south": {"uv": [11.25, 11.5, 11.3125, 11.875], "texture": "#0"},
				"west": {"uv": [0, 0, 0, 0.375], "texture": "#0"},
				"up": {"uv": [0.0625, 0, 0, 0], "texture": "#0"},
				"down": {"uv": [0.0625, 0, 0, 0], "texture": "#0"}
			}
		},
		{
			"from": [12.275, 2.6, 3.6],
			"to": [12.625, 4.175, 3.6],
			"rotation": {"angle": 0, "axis": "y", "origin": [11.45, 2.6, 1.6]},
			"faces": {
				"north": {"uv": [11.5, 11.5, 11.5625, 11.875], "texture": "#0"},
				"east": {"uv": [0, 0, 0, 0.375], "texture": "#0"},
				"south": {"uv": [0, 11.75, 0.0625, 12.125], "texture": "#0"},
				"west": {"uv": [0, 0, 0, 0.375], "texture": "#0"},
				"up": {"uv": [0.0625, 0, 0, 0], "texture": "#0"},
				"down": {"uv": [0.0625, 0, 0, 0], "texture": "#0"}
			}
		},
		{
			"from": [3.325, 2.78687, 8.88239],
			"to": [3.975, 5.98687, 10.88239],
			"rotation": {"angle": 22.5, "axis": "x", "origin": [2, 3.98687, 10.88239]},
			"faces": {
				"north": {"uv": [9.5, 10.5, 9.6875, 11.3125], "texture": "#0"},
				"east": {"uv": [10, 6, 10.5, 6.8125], "texture": "#0"},
				"south": {"uv": [9.75, 10.5, 9.9375, 11.3125], "texture": "#0"},
				"west": {"uv": [8.75, 10, 9.25, 10.8125], "texture": "#0"},
				"up": {"uv": [11.4375, 3.75, 11.25, 3.25], "texture": "#0"},
				"down": {"uv": [11.4375, 3.75, 11.25, 4.25], "texture": "#0"}
			}
		},
		{
			"from": [3.325, 0.87157, 5.5],
			"to": [3.925, 2.87157, 7],
			"rotation": {"angle": -45, "axis": "x", "origin": [1.975, 0.87157, 5]},
			"faces": {
				"north": {"uv": [3.75, 11.5, 3.875, 12], "texture": "#0"},
				"east": {"uv": [10.5, 6, 10.875, 6.5], "texture": "#0"},
				"south": {"uv": [11.5, 3.75, 11.625, 4.25], "texture": "#0"},
				"west": {"uv": [6.25, 10.5, 6.625, 11], "texture": "#0"},
				"up": {"uv": [7.375, 11.875, 7.25, 11.5], "texture": "#0"},
				"down": {"uv": [11.625, 7.5, 11.5, 7.875], "texture": "#0"}
			}
		},
		{
			"from": [5, 14.7, 1.4],
			"to": [11, 15, 15],
			"rotation": {"angle": 0, "axis": "y", "origin": [7, 14, 3.7]},
			"faces": {
				"north": {"uv": [11.25, 4.25, 12.75, 4.3125], "texture": "#0"},
				"east": {"uv": [10.5, 2.75, 13.875, 2.8125], "texture": "#0"},
				"south": {"uv": [11.25, 4.5, 12.75, 4.5625], "texture": "#0"},
				"west": {"uv": [10.5, 3, 13.875, 3.0625], "texture": "#0"},
				"up": {"uv": [6, 3.375, 4.5, 0], "texture": "#0"},
				"down": {"uv": [6, 3.5, 4.5, 6.875], "texture": "#0"}
			}
		},
		{
			"from": [3, 13.18585, 5.36226],
			"to": [13, 13.58585, 5.36226],
			"rotation": {"angle": 45, "axis": "x", "origin": [11, 13.18585, 5.36226]},
			"faces": {
				"north": {"uv": [10.25, 0, 12.75, 0.125], "texture": "#0"},
				"east": {"uv": [0, 0, 0, 0.125], "texture": "#0"},
				"south": {"uv": [10.25, 0.25, 12.75, 0.375], "texture": "#0"},
				"west": {"uv": [0, 0, 0, 0.125], "texture": "#0"},
				"up": {"uv": [2.5, 0, 0, 0], "texture": "#0"},
				"down": {"uv": [2.5, 0, 0, 0], "texture": "#0"}
			}
		}
	]
}
