{
	"credit": "Made with Blockbench",
	"texture_size": [128, 128],
	"textures": {
		"0": "item/custom/mk/skullrockredo",
		"particle": "item/custom/mk/skullrockredo"
	},
	"elements": [
		{
			"from": [-1, 9, -1],
			"to": [9, 13, 24],
			"rotation": {"angle": 0, "axis": "y", "origin": [-1, 9, -1]},
			"faces": {
				"north": {"uv": [9.375, 9.875, 10.625, 10.375], "texture": "#0"},
				"east": {"uv": [7.875, 1.625, 11, 2.125], "texture": "#0"},
				"south": {"uv": [10.25, 0, 11.5, 0.5], "texture": "#0"},
				"west": {"uv": [7.875, 2.125, 11, 2.625], "texture": "#0"},
				"up": {"uv": [3.625, 10.625, 2.375, 7.5], "texture": "#0"},
				"down": {"uv": [9.75, 4.75, 8.5, 7.875], "texture": "#0"}
			}
		},
		{
			"from": [0, 23, 0],
			"to": [2, 26, 23],
			"rotation": {"angle": 0, "axis": "y", "origin": [0, 23, 0]},
			"faces": {
				"north": {"uv": [7.125, 6, 7.375, 6.375], "texture": "#0"},
				"east": {"uv": [5.75, 9.5, 8.625, 9.875], "texture": "#0"},
				"south": {"uv": [7.375, 6, 7.625, 6.375], "texture": "#0"},
				"west": {"uv": [8.625, 9.5, 11.5, 9.875], "texture": "#0"},
				"up": {"uv": [2, 12.5, 1.75, 9.625], "texture": "#0"},
				"down": {"uv": [2.25, 9.625, 2, 12.5], "texture": "#0"}
			}
		},
		{
			"from": [0, 13, 9],
			"to": [2, 23, 14],
			"rotation": {"angle": 0, "axis": "y", "origin": [0, 13, 9]},
			"faces": {
				"north": {"uv": [1.5, 10.5, 1.75, 11.75], "texture": "#0"},
				"east": {"uv": [6.625, 4.75, 7.25, 6], "texture": "#0"},
				"south": {"uv": [8.5, 10.75, 8.75, 12], "texture": "#0"},
				"west": {"uv": [7.25, 4.75, 7.875, 6], "texture": "#0"},
				"up": {"uv": [11.375, 11.75, 11.125, 11.125], "texture": "#0"},
				"down": {"uv": [11.5, 1.625, 11.25, 2.25], "texture": "#0"}
			}
		},
		{
			"from": [4, -1, 0],
			"to": [21, 29, 22],
			"rotation": {"angle": 0, "axis": "y", "origin": [4, -1, 0]},
			"faces": {
				"north": {"uv": [0, 3.75, 2.125, 7.5], "texture": "#0"},
				"east": {"uv": [0, 0, 2.75, 3.75], "texture": "#0"},
				"south": {"uv": [2.125, 3.75, 4.25, 7.5], "texture": "#0"},
				"west": {"uv": [2.75, 0, 5.5, 3.75], "texture": "#0"},
				"up": {"uv": [6.375, 9.125, 4.25, 6.375], "texture": "#0"},
				"down": {"uv": [8.5, 6.375, 6.375, 9.125], "texture": "#0"}
			}
		},
		{
			"from": [0, 13, 20],
			"to": [2, 21, 21],
			"rotation": {"angle": 0, "axis": "y", "origin": [0, 13, 20]},
			"faces": {
				"north": {"uv": [11, 1.625, 11.25, 2.625], "texture": "#0"},
				"east": {"uv": [3.25, 11.25, 3.375, 12.25], "texture": "#0"},
				"south": {"uv": [11.125, 2.625, 11.375, 3.625], "texture": "#0"},
				"west": {"uv": [3.375, 11.25, 3.5, 12.25], "texture": "#0"},
				"up": {"uv": [11.5, 5.875, 11.25, 5.75], "texture": "#0"},
				"down": {"uv": [11.5, 5.875, 11.25, 6], "texture": "#0"}
			}
		},
		{
			"from": [0, 13, 2],
			"to": [2, 21, 3],
			"rotation": {"angle": 0, "axis": "y", "origin": [0, 13, 2]},
			"faces": {
				"north": {"uv": [6.375, 2.625, 6.625, 3.625], "texture": "#0"},
				"east": {"uv": [2.25, 9.625, 2.375, 10.625], "texture": "#0"},
				"south": {"uv": [10.875, 8.125, 11.125, 9.125], "texture": "#0"},
				"west": {"uv": [8.75, 10.75, 8.875, 11.75], "texture": "#0"},
				"up": {"uv": [6.5, 3.75, 6.25, 3.625], "texture": "#0"},
				"down": {"uv": [9.25, 4.5, 9, 4.625], "texture": "#0"}
			}
		},
		{
			"from": [0, 21, 3],
			"to": [2, 22, 4],
			"rotation": {"angle": 0, "axis": "y", "origin": [0, 21, 3]},
			"faces": {
				"north": {"uv": [9, 4.625, 9.25, 4.75], "texture": "#0"},
				"east": {"uv": [6.25, 3.5, 6.375, 3.625], "texture": "#0"},
				"south": {"uv": [9.25, 4.5, 9.5, 4.625], "texture": "#0"},
				"west": {"uv": [6.5, 3.625, 6.625, 3.75], "texture": "#0"},
				"up": {"uv": [9.5, 4.75, 9.25, 4.625], "texture": "#0"},
				"down": {"uv": [8.375, 9.375, 8.125, 9.5], "texture": "#0"}
			}
		},
		{
			"from": [1, 22, 18],
			"to": [3, 23, 19],
			"rotation": {"angle": 0, "axis": "y", "origin": [1, 22, 18]},
			"faces": {
				"north": {"uv": [11.25, 5.25, 11.5, 5.375], "texture": "#0"},
				"east": {"uv": [5.25, 11.25, 5.375, 11.375], "texture": "#0"},
				"south": {"uv": [11.25, 5.375, 11.5, 5.5], "texture": "#0"},
				"west": {"uv": [11.25, 6, 11.375, 6.125], "texture": "#0"},
				"up": {"uv": [11.5, 5.625, 11.25, 5.5], "texture": "#0"},
				"down": {"uv": [11.5, 5.625, 11.25, 5.75], "texture": "#0"}
			}
		},
		{
			"from": [1, 22, 4],
			"to": [3, 23, 5],
			"rotation": {"angle": 0, "axis": "y", "origin": [1, 22, 4]},
			"faces": {
				"north": {"uv": [4.25, 11.25, 4.5, 11.375], "texture": "#0"},
				"east": {"uv": [8.375, 9.375, 8.5, 9.5], "texture": "#0"},
				"south": {"uv": [4.5, 11.25, 4.75, 11.375], "texture": "#0"},
				"west": {"uv": [5.625, 9.75, 5.75, 9.875], "texture": "#0"},
				"up": {"uv": [5, 11.375, 4.75, 11.25], "texture": "#0"},
				"down": {"uv": [5.25, 11.25, 5, 11.375], "texture": "#0"}
			}
		},
		{
			"from": [0, 21, 19],
			"to": [2, 22, 20],
			"rotation": {"angle": 0, "axis": "y", "origin": [0, 21, 19]},
			"faces": {
				"north": {"uv": [9.5, 4.5, 9.75, 4.625], "texture": "#0"},
				"east": {"uv": [8.375, 9.125, 8.5, 9.25], "texture": "#0"},
				"south": {"uv": [9.5, 4.625, 9.75, 4.75], "texture": "#0"},
				"west": {"uv": [8.375, 9.25, 8.5, 9.375], "texture": "#0"},
				"up": {"uv": [5.625, 9.875, 5.375, 9.75], "texture": "#0"},
				"down": {"uv": [4.25, 11.25, 4, 11.375], "texture": "#0"}
			}
		},
		{
			"from": [2, 22, 3],
			"to": [3, 23, 4],
			"rotation": {"angle": 0, "axis": "y", "origin": [2, 22, 3]},
			"faces": {
				"north": {"uv": [11.25, 6.875, 11.375, 7], "texture": "#0"},
				"east": {"uv": [11.25, 7, 11.375, 7.125], "texture": "#0"},
				"south": {"uv": [11.25, 7.125, 11.375, 7.25], "texture": "#0"},
				"west": {"uv": [11.25, 7.25, 11.375, 7.375], "texture": "#0"},
				"up": {"uv": [11.375, 7.5, 11.25, 7.375], "texture": "#0"},
				"down": {"uv": [11.375, 7.5, 11.25, 7.625], "texture": "#0"}
			}
		},
		{
			"from": [2, 22, 19],
			"to": [3, 23, 20],
			"rotation": {"angle": 0, "axis": "y", "origin": [2, 22, 19]},
			"faces": {
				"north": {"uv": [11.25, 6.125, 11.375, 6.25], "texture": "#0"},
				"east": {"uv": [11.25, 6.25, 11.375, 6.375], "texture": "#0"},
				"south": {"uv": [11.25, 6.375, 11.375, 6.5], "texture": "#0"},
				"west": {"uv": [11.25, 6.5, 11.375, 6.625], "texture": "#0"},
				"up": {"uv": [11.375, 6.75, 11.25, 6.625], "texture": "#0"},
				"down": {"uv": [11.375, 6.75, 11.25, 6.875], "texture": "#0"}
			}
		},
		{
			"from": [2, 13, 20],
			"to": [4, 26, 23],
			"rotation": {"angle": 0, "axis": "y", "origin": [2, 13, 20]},
			"faces": {
				"north": {"uv": [4, 7.5, 4.25, 9.125], "texture": "#0"},
				"east": {"uv": [3.625, 7.5, 4, 9.125], "texture": "#0"},
				"south": {"uv": [8.25, 4.75, 8.5, 6.375], "texture": "#0"},
				"west": {"uv": [7.875, 4.75, 8.25, 6.375], "texture": "#0"},
				"up": {"uv": [6.875, 6.375, 6.625, 6], "texture": "#0"},
				"down": {"uv": [7.125, 6, 6.875, 6.375], "texture": "#0"}
			}
		},
		{
			"from": [2, 13, 0],
			"to": [4, 26, 3],
			"rotation": {"angle": 0, "axis": "y", "origin": [2, 13, 0]},
			"faces": {
				"north": {"uv": [0.5, 10.5, 0.75, 12.125], "texture": "#0"},
				"east": {"uv": [9.375, 10.375, 9.75, 12], "texture": "#0"},
				"south": {"uv": [0.75, 10.5, 1, 12.125], "texture": "#0"},
				"west": {"uv": [9.75, 10.375, 10.125, 12], "texture": "#0"},
				"up": {"uv": [7.875, 6.375, 7.625, 6], "texture": "#0"},
				"down": {"uv": [11.5, 2.25, 11.25, 2.625], "texture": "#0"}
			}
		},
		{
			"from": [0, 26, 3],
			"to": [2, 31, 20],
			"rotation": {"angle": 0, "axis": "y", "origin": [0, 26, 3]},
			"faces": {
				"north": {"uv": [2.25, 11.25, 2.5, 11.875], "texture": "#0"},
				"east": {"uv": [9, 2.625, 11.125, 3.25], "texture": "#0"},
				"south": {"uv": [2.5, 11.25, 2.75, 11.875], "texture": "#0"},
				"west": {"uv": [9, 3.25, 11.125, 3.875], "texture": "#0"},
				"up": {"uv": [10.375, 12.5, 10.125, 10.375], "texture": "#0"},
				"down": {"uv": [10.625, 10.375, 10.375, 12.5], "texture": "#0"}
			}
		},
		{
			"from": [2, 30, 3],
			"to": [21, 31, 20],
			"rotation": {"angle": 0, "axis": "y", "origin": [2, 30, 3]},
			"faces": {
				"north": {"uv": [10.25, 1.5, 12.625, 1.625], "texture": "#0"},
				"east": {"uv": [10.875, 7.875, 13, 8], "texture": "#0"},
				"south": {"uv": [10.625, 7.75, 13, 7.875], "texture": "#0"},
				"west": {"uv": [10.875, 8, 13, 8.125], "texture": "#0"},
				"up": {"uv": [9, 4.75, 6.625, 2.625], "texture": "#0"},
				"down": {"uv": [2.375, 7.5, 0, 9.625], "texture": "#0"}
			}
		},
		{
			"from": [0, 31, 5],
			"to": [19, 32, 18],
			"rotation": {"angle": 0, "axis": "y", "origin": [0, 31, 5]},
			"faces": {
				"north": {"uv": [5.75, 9.375, 8.125, 9.5], "texture": "#0"},
				"east": {"uv": [10.875, 9.375, 12.5, 9.5], "texture": "#0"},
				"south": {"uv": [10.25, 1.125, 12.625, 1.25], "texture": "#0"},
				"west": {"uv": [11.125, 9, 12.75, 9.125], "texture": "#0"},
				"up": {"uv": [10.25, 1.625, 7.875, 0], "texture": "#0"},
				"down": {"uv": [10.875, 7.875, 8.5, 9.5], "texture": "#0"}
			}
		},
		{
			"from": [0, 22, 5],
			"to": [2, 23, 18],
			"rotation": {"angle": 0, "axis": "y", "origin": [0, 22, 5]},
			"faces": {
				"north": {"uv": [6, 3.5, 6.25, 3.625], "texture": "#0"},
				"east": {"uv": [10.875, 9.125, 12.5, 9.25], "texture": "#0"},
				"south": {"uv": [6, 3.625, 6.25, 3.75], "texture": "#0"},
				"west": {"uv": [10.875, 9.25, 12.5, 9.375], "texture": "#0"},
				"up": {"uv": [1.25, 12.125, 1, 10.5], "texture": "#0"},
				"down": {"uv": [1.5, 10.5, 1.25, 12.125], "texture": "#0"}
			}
		},
		{
			"from": [2, 26, 0],
			"to": [4, 29, 23],
			"rotation": {"angle": 0, "axis": "y", "origin": [2, 26, 0]},
			"faces": {
				"north": {"uv": [3.5, 11.25, 3.75, 11.625], "texture": "#0"},
				"east": {"uv": [9.75, 4.5, 12.625, 4.875], "texture": "#0"},
				"south": {"uv": [3.75, 11.25, 4, 11.625], "texture": "#0"},
				"west": {"uv": [9.75, 4.875, 12.625, 5.25], "texture": "#0"},
				"up": {"uv": [9.125, 12.75, 8.875, 9.875], "texture": "#0"},
				"down": {"uv": [9.375, 9.875, 9.125, 12.75], "texture": "#0"}
			}
		},
		{
			"from": [2, 29, 1],
			"to": [21, 30, 22],
			"rotation": {"angle": 0, "axis": "y", "origin": [2, 29, 1]},
			"faces": {
				"north": {"uv": [10.25, 1.25, 12.625, 1.375], "texture": "#0"},
				"east": {"uv": [5.75, 9.125, 8.375, 9.25], "texture": "#0"},
				"south": {"uv": [10.25, 1.375, 12.625, 1.5], "texture": "#0"},
				"west": {"uv": [5.75, 9.25, 8.375, 9.375], "texture": "#0"},
				"up": {"uv": [6.625, 6.375, 4.25, 3.75], "texture": "#0"},
				"down": {"uv": [7.875, 0, 5.5, 2.625], "texture": "#0"}
			}
		},
		{
			"from": [0, 4, 3],
			"to": [1, 9, 20],
			"rotation": {"angle": 0, "axis": "y", "origin": [0, 4, 3]},
			"faces": {
				"north": {"uv": [2.75, 11.25, 3, 11.875], "texture": "#0"},
				"east": {"uv": [9, 3.875, 11.125, 4.5], "texture": "#0"},
				"south": {"uv": [3, 11.25, 3.25, 11.875], "texture": "#0"},
				"west": {"uv": [3.625, 9.125, 5.75, 9.75], "texture": "#0"},
				"up": {"uv": [0.25, 12.625, 0, 10.5], "texture": "#0"},
				"down": {"uv": [0.5, 10.5, 0.25, 12.625], "texture": "#0"}
			}
		},
		{
			"from": [2, -3, 18],
			"to": [4, 9, 20],
			"rotation": {"angle": 0, "axis": "y", "origin": [2, -3, 18]},
			"faces": {
				"north": {"uv": [11.125, 3.625, 11.375, 4.5], "texture": "#0"},
				"east": {"uv": [11.125, 8.125, 11.375, 9], "texture": "#0"},
				"south": {"uv": [10.625, 11.125, 10.875, 12], "texture": "#0"},
				"west": {"uv": [10.875, 11.125, 11.125, 12], "texture": "#0"},
				"up": {"uv": [5.75, 3.75, 5.5, 3.5], "texture": "#0"},
				"down": {"uv": [6, 3.5, 5.75, 3.75], "texture": "#0"}
			}
		},
		{
			"from": [-2, -3, 2],
			"to": [3, 2, 7],
			"rotation": {"angle": 0, "axis": "y", "origin": [-2, -3, 2]},
			"faces": {
				"north": {"uv": [10.25, 0.5, 10.875, 1.125], "texture": "#0"},
				"east": {"uv": [2.25, 10.625, 2.875, 11.25], "texture": "#0"},
				"south": {"uv": [2.875, 10.625, 3.5, 11.25], "texture": "#0"},
				"west": {"uv": [3.5, 10.625, 4.125, 11.25], "texture": "#0"},
				"up": {"uv": [4.75, 11.25, 4.125, 10.625], "texture": "#0"},
				"down": {"uv": [5.375, 10.625, 4.75, 11.25], "texture": "#0"}
			}
		},
		{
			"from": [-2, -3, 10],
			"to": [3, 2, 15],
			"rotation": {"angle": 0, "axis": "y", "origin": [-2, -3, 10]},
			"faces": {
				"north": {"uv": [10.625, 5.25, 11.25, 5.875], "texture": "#0"},
				"east": {"uv": [10.625, 5.875, 11.25, 6.5], "texture": "#0"},
				"south": {"uv": [10.625, 6.5, 11.25, 7.125], "texture": "#0"},
				"west": {"uv": [10.625, 7.125, 11.25, 7.75], "texture": "#0"},
				"up": {"uv": [11.25, 10.5, 10.625, 9.875], "texture": "#0"},
				"down": {"uv": [11.25, 10.5, 10.625, 11.125], "texture": "#0"}
			}
		},
		{
			"from": [-16, -3, 22],
			"to": [-11, 2, 27],
			"rotation": {"angle": 0, "axis": "y", "origin": [-16, -3, 22]},
			"faces": {
				"north": {"uv": [5.375, 10.75, 6, 11.375], "texture": "#0"},
				"east": {"uv": [6, 10.75, 6.625, 11.375], "texture": "#0"},
				"south": {"uv": [6.625, 10.75, 7.25, 11.375], "texture": "#0"},
				"west": {"uv": [7.25, 10.75, 7.875, 11.375], "texture": "#0"},
				"up": {"uv": [8.5, 11.375, 7.875, 10.75], "texture": "#0"},
				"down": {"uv": [11.5, 0.5, 10.875, 1.125], "texture": "#0"}
			}
		},
		{
			"from": [-2, -3, 22],
			"to": [5, 4, 29],
			"rotation": {"angle": 0, "axis": "y", "origin": [-2, -3, 22]},
			"faces": {
				"north": {"uv": [5.5, 2.625, 6.375, 3.5], "texture": "#0"},
				"east": {"uv": [0, 9.625, 0.875, 10.5], "texture": "#0"},
				"south": {"uv": [0.875, 9.625, 1.75, 10.5], "texture": "#0"},
				"west": {"uv": [3.625, 9.75, 4.5, 10.625], "texture": "#0"},
				"up": {"uv": [5.375, 10.625, 4.5, 9.75], "texture": "#0"},
				"down": {"uv": [10.625, 5.25, 9.75, 6.125], "texture": "#0"}
			}
		},
		{
			"from": [-8, -3, -12],
			"to": [-1, 4, -5],
			"rotation": {"angle": -22.5, "axis": "x", "origin": [-8, -3, -12]},
			"faces": {
				"north": {"uv": [9.75, 6.125, 10.625, 7], "texture": "#0"},
				"east": {"uv": [9.75, 7, 10.625, 7.875], "texture": "#0"},
				"south": {"uv": [5.375, 9.875, 6.25, 10.75], "texture": "#0"},
				"west": {"uv": [6.25, 9.875, 7.125, 10.75], "texture": "#0"},
				"up": {"uv": [8, 10.75, 7.125, 9.875], "texture": "#0"},
				"down": {"uv": [8.875, 9.875, 8, 10.75], "texture": "#0"}
			}
		}
	],
	"display": {
		"thirdperson_righthand": {
			"rotation": [90, -90, 0],
			"translation": [-1.75, 0, 3],
			"scale": [2, 2, 2]
		},
		"head": {
			"rotation": [0, -90, 0],
			"translation": [3.5, -14.5, 0],
			"scale": [4, 4, 4]
		}
	}
}
