{
	"credit": "Made with Blockbench",
	"textures": {
		"3": "item/custom/mk/texturehandle1",
		"4": "item/custom/mk/texturehandle2",
		"5": "item/custom/mk/texturehandle3",
		"6": "item/custom/mk/texturehandle4",
		"9": "item/custom/mk/textureblade2",
		"10": "item/custom/mk/texturehandle5",
		"11": "item/custom/mk/texturehandle6",
		"12": "item/custom/mk/texturehandle7",
		"14": "item/custom/mk/textureblade1",
		"15": "item/custom/mk/textureblade3",
		"16": "item/custom/mk/textureblade4",
		"17": "item/custom/mk/textureblade5",
		"18": "item/custom/mk/texturehandle9",
		"19": "item/custom/mk/texturehandle10",
		"20": "item/custom/mk/texturehandle11",
		"particle": "item/custom/mk/textureblade2"
	},
	"elements": [
		{
			"from": [-1, 11.86207, -1.68966],
			"to": [-0.65517, 23.93103, 1.82759],
			"faces": {
				"north": {"uv": [8, 0, 9, 12], "texture": "#15"},
				"east": {"uv": [0, 0, 4, 12], "texture": "#15"},
				"south": {"uv": [9, 0, 10, 12], "texture": "#15"},
				"west": {"uv": [4, 0, 8, 12], "texture": "#15"},
				"up": {"uv": [11, 4, 10, 0], "texture": "#15"},
				"down": {"uv": [11, 4, 10, 8], "texture": "#15"}
			}
		},
		{
			"from": [-1, 4.82759, -1.41379],
			"to": [-0.65517, 11.93103, 1.55172],
			"faces": {
				"north": {"uv": [6, 0, 7, 7], "texture": "#16"},
				"east": {"uv": [0, 0, 3, 7], "texture": "#16"},
				"south": {"uv": [0, 7, 1, 14], "texture": "#16"},
				"west": {"uv": [3, 0, 6, 7], "texture": "#16"},
				"up": {"uv": [8, 3, 7, 0], "texture": "#16"},
				"down": {"uv": [2, 7, 1, 10], "texture": "#16"}
			}
		},
		{
			"from": [-1.27586, 0, -1],
			"to": [-0.37931, 24.06892, 1],
			"rotation": {"angle": 0, "axis": "y", "origin": [0, 0, 0]},
			"faces": {
				"north": {"uv": [2, 0, 2.5, 12], "texture": "#9"},
				"east": {"uv": [0, 0, 1, 12], "texture": "#9"},
				"south": {"uv": [2.5, 0, 3, 12], "texture": "#9"},
				"west": {"uv": [1, 0, 2, 12], "texture": "#9"},
				"up": {"uv": [3.5, 1, 3, 0], "texture": "#9"},
				"down": {"uv": [3.5, 1, 3, 2], "texture": "#9"}
			}
		},
		{
			"from": [-1.13793, -5.10345, -0.58621],
			"to": [-0.65517, 18.96548, 0.58621],
			"faces": {
				"north": {"uv": [0, 0, 0.5, 12], "texture": "#17"},
				"east": {"uv": [0.5, 0, 1, 12], "texture": "#17"},
				"south": {"uv": [1, 0, 1.5, 12], "texture": "#17"},
				"west": {"uv": [1.5, 0, 2, 12], "texture": "#17"},
				"up": {"uv": [2.5, 0.5, 2, 0], "texture": "#17"},
				"down": {"uv": [2.5, 0.5, 2, 1], "texture": "#17"}
			}
		},
		{
			"from": [-1.41379, 21.10345, -2.10345],
			"to": [-0.24138, 24.06897, 2.10345],
			"faces": {
				"north": {"uv": [5, 0, 6, 3], "texture": "#14"},
				"east": {"uv": [0, 0, 4, 3], "texture": "#14"},
				"south": {"uv": [5, 3, 6, 6], "texture": "#14"},
				"west": {"uv": [0, 3, 4, 6], "texture": "#14"},
				"up": {"uv": [5, 4, 4, 0], "texture": "#14"},
				"down": {"uv": [5, 4, 4, 8], "texture": "#14"}
			}
		},
		{
			"from": [-1.13793, 22.96552, -0.58621],
			"to": [-0.51724, 32, 0.44828],
			"faces": {
				"north": {"uv": [0, 0, 1, 9], "texture": "#4"},
				"east": {"uv": [1, 0, 2, 9], "texture": "#4"},
				"south": {"uv": [2, 0, 3, 9], "texture": "#4"},
				"west": {"uv": [3, 0, 4, 9], "texture": "#4"},
				"up": {"uv": [5, 1, 4, 0], "texture": "#4"},
				"down": {"uv": [5, 1, 4, 2], "texture": "#4"}
			}
		},
		{
			"from": [-1, 22.82759, -0.86207],
			"to": [-0.65517, 27.44828, 0.72414],
			"faces": {
				"north": {"uv": [4, 0, 5, 5], "texture": "#18"},
				"east": {"uv": [0, 0, 2, 5], "texture": "#18"},
				"south": {"uv": [0, 5, 1, 10], "texture": "#18"},
				"west": {"uv": [2, 0, 4, 5], "texture": "#18"},
				"up": {"uv": [6, 2, 5, 0], "texture": "#18"},
				"down": {"uv": [2, 5, 1, 7], "texture": "#18"}
			}
		},
		{
			"from": [-1.27586, 24, -1.82759],
			"to": [-0.24138, 24.62069, 1.82758],
			"rotation": {"angle": 0, "axis": "y", "origin": [0, 0, -0.13793]},
			"faces": {
				"north": {"uv": [2, 2, 3, 3], "texture": "#19"},
				"east": {"uv": [0, 0, 4, 1], "texture": "#19"},
				"south": {"uv": [2, 3, 3, 4], "texture": "#19"},
				"west": {"uv": [0, 1, 4, 2], "texture": "#19"},
				"up": {"uv": [1, 6, 0, 2], "texture": "#19"},
				"down": {"uv": [2, 2, 1, 6], "texture": "#19"}
			}
		},
		{
			"from": [-1.13793, 24.13793, -2.7931],
			"to": [-0.37931, 24.75862, 2.7931],
			"faces": {
				"north": {"uv": [2, 2, 3, 3], "texture": "#5"},
				"east": {"uv": [0, 0, 6, 1], "texture": "#5"},
				"south": {"uv": [2, 3, 3, 4], "texture": "#5"},
				"west": {"uv": [0, 1, 6, 2], "texture": "#5"},
				"up": {"uv": [1, 8, 0, 2], "texture": "#5"},
				"down": {"uv": [2, 2, 1, 8], "texture": "#5"}
			}
		},
		{
			"from": [-1.13793, 23.31035, 2.17241],
			"to": [-0.37931, 23.93104, 6.93103],
			"rotation": {"angle": -22.5, "axis": "x", "origin": [0, -0.13793, 0]},
			"faces": {
				"north": {"uv": [2, 2, 3, 3], "texture": "#6"},
				"east": {"uv": [0, 0, 5, 1], "texture": "#6"},
				"south": {"uv": [2, 3, 3, 4], "texture": "#6"},
				"west": {"uv": [0, 1, 5, 2], "texture": "#6"},
				"up": {"uv": [1, 7, 0, 2], "texture": "#6"},
				"down": {"uv": [2, 2, 1, 7], "texture": "#6"}
			}
		},
		{
			"from": [-1.55172, 16.41379, 16.37931],
			"to": [-0.10345, 17.58621, 17.55172],
			"rotation": {"angle": -45, "axis": "x", "origin": [0, 0, 0]},
			"faces": {
				"north": {"uv": [0, 0, 1, 1], "texture": "#20"},
				"east": {"uv": [0, 1, 1, 2], "texture": "#20"},
				"south": {"uv": [1, 0, 2, 1], "texture": "#20"},
				"west": {"uv": [1, 1, 2, 2], "texture": "#20"},
				"up": {"uv": [1, 3, 0, 2], "texture": "#20"},
				"down": {"uv": [3, 0, 2, 1], "texture": "#20"}
			}
		},
		{
			"from": [-1.13793, 22.89655, -6.7931],
			"to": [-0.37931, 23.51724, -1.62069],
			"rotation": {"angle": 22.5, "axis": "x", "origin": [0.13793, 0.13793, 1.24138]},
			"faces": {
				"north": {"uv": [2, 2, 3, 3], "texture": "#10"},
				"east": {"uv": [0, 0, 5, 1], "texture": "#10"},
				"south": {"uv": [2, 3, 3, 4], "texture": "#10"},
				"west": {"uv": [0, 1, 5, 2], "texture": "#10"},
				"up": {"uv": [1, 7, 0, 2], "texture": "#10"},
				"down": {"uv": [2, 2, 1, 7], "texture": "#10"}
			}
		},
		{
			"from": [-1.27586, 22.34483, -1.68965],
			"to": [-0.10345, 23.51724, -0.37931],
			"rotation": {"angle": 22.5, "axis": "x", "origin": [0.13793, 0.27586, 1.10345]},
			"faces": {
				"north": {"uv": [0, 0, 1, 1], "texture": "#12"},
				"east": {"uv": [0, 1, 1, 2], "texture": "#12"},
				"south": {"uv": [1, 0, 2, 1], "texture": "#12"},
				"west": {"uv": [1, 1, 2, 2], "texture": "#12"},
				"up": {"uv": [1, 3, 0, 2], "texture": "#12"},
				"down": {"uv": [3, 0, 2, 1], "texture": "#12"}
			}
		},
		{
			"from": [-1.41379, 22.75862, 0.7931],
			"to": [-0.24138, 23.93104, 2.10345],
			"rotation": {"angle": -22.5, "axis": "x", "origin": [0, 0, 0]},
			"faces": {
				"north": {"uv": [0, 0, 1, 1], "texture": "#11"},
				"east": {"uv": [0, 1, 1, 2], "texture": "#11"},
				"south": {"uv": [1, 0, 2, 1], "texture": "#11"},
				"west": {"uv": [1, 1, 2, 2], "texture": "#11"},
				"up": {"uv": [1, 3, 0, 2], "texture": "#11"},
				"down": {"uv": [3, 0, 2, 1], "texture": "#11"}
			}
		},
		{
			"from": [-1.82759, 30.55172, -0.86207],
			"to": [-0.10345, 32, 0.72414],
			"faces": {
				"north": {"uv": [2, 0, 4, 1], "texture": "#3"},
				"east": {"uv": [2, 1, 4, 2], "texture": "#3"},
				"south": {"uv": [2, 2, 4, 3], "texture": "#3"},
				"west": {"uv": [2, 3, 4, 4], "texture": "#3"},
				"up": {"uv": [2, 2, 0, 0], "texture": "#3"},
				"down": {"uv": [2, 2, 0, 4], "texture": "#3"}
			}
		}
	],
	"display": {
		"thirdperson_righthand": {
			"rotation": [180, 0, 0],
			"translation": [6.75, 12.75, -4],
			"scale": [0.75, 0.75, 0.75]
		},
		"thirdperson_lefthand": {
			"rotation": [180, 0, 0],
			"translation": [-6.5, 12.75, -4],
			"scale": [0.75, 0.75, 0.75]
		},
		"firstperson_righthand": {
			"rotation": [180, 0, 0],
			"translation": [2.25, 18, 0],
			"scale": [0.75, 0.75, 0.75]
		},
		"firstperson_lefthand": {
			"rotation": [180, 0, 0],
			"translation": [-8.5, 17, -4.5],
			"scale": [0.75, 0.75, 1]
		},
		"ground": {
			"rotation": [91, 90, 0],
			"translation": [7.25, 7.5, -7.25]
		},
		"gui": {
			"rotation": [90, -44.5, -90],
			"translation": [-5.75, -1, 1],
			"scale": [0.6, 0.6, 0.6]
		},
		"head": {
			"rotation": [-89.89, 15.07, 90.25],
			"translation": [5.5, 8.25, -8.75],
			"scale": [1.01367, 1, 1]
		},
		"fixed": {
			"rotation": [90, 51, 90],
			"translation": [6.5, 0, 5.75],
			"scale": [0.6, 0.6, 0.6]
		}
	}
}
