{
	"credit": "Made with Blockbench",
	"textures": {
		"0": "item/custom/tangeledlighttower",
		"1": "item/custom/tangeledlighttower2",
		"particle": "item/custom/tangeledlighttower"
	},
	"elements": [
		{
			"from": [7, 0, 7],
			"to": [9, 17, 9],
			"rotation": {"angle": 0, "axis": "y", "origin": [7, 0, 7]},
			"faces": {
				"north": {"uv": [0, 0, 1, 8.5], "texture": "#0"},
				"east": {"uv": [1, 0, 2, 8.5], "texture": "#0"},
				"south": {"uv": [2, 0, 3, 8.5], "texture": "#0"},
				"west": {"uv": [3, 0, 4, 8.5], "texture": "#0"},
				"up": {"uv": [9, 3, 8, 2], "texture": "#0"},
				"down": {"uv": [9, 3, 8, 4], "texture": "#0"}
			}
		},
		{
			"from": [7, 18.8, 7],
			"to": [9, 20, 9],
			"rotation": {"angle": 0, "axis": "y", "origin": [7, 0, 7]},
			"faces": {
				"north": {"uv": [7, 8, 8, 8.5], "texture": "#0"},
				"east": {"uv": [8, 7, 9, 7.5], "texture": "#0"},
				"south": {"uv": [8, 7.5, 9, 8], "texture": "#0"},
				"west": {"uv": [8, 8, 9, 8.5], "texture": "#0"},
				"up": {"uv": [7, 9, 6, 8], "texture": "#0"},
				"down": {"uv": [9, 6, 8, 7], "texture": "#0"}
			}
		},
		{
			"from": [7.5, 14.3934, 4.83503],
			"to": [8.5, 20.3934, 5.73503],
			"rotation": {"angle": -45, "axis": "x", "origin": [7, 17, 8]},
			"faces": {
				"north": {"uv": [7, 2, 7.5, 5], "texture": "#0"},
				"east": {"uv": [7, 5, 7.5, 8], "texture": "#0"},
				"south": {"uv": [7.5, 2, 8, 5], "texture": "#0"},
				"west": {"uv": [7.5, 5, 8, 8], "texture": "#0"},
				"up": {"uv": [1.5, 9, 1, 8.5], "texture": "#0"},
				"down": {"uv": [2, 8.5, 1.5, 9], "texture": "#0"}
			}
		},
		{
			"from": [6.9, 17, 0.5],
			"to": [9.1, 18.8, 9],
			"faces": {
				"north": {"uv": [4, 4, 6, 6], "texture": "#1"},
				"east": {"uv": [0, 0, 9, 2], "texture": "#1"},
				"south": {"uv": [4, 6, 6, 8], "texture": "#1"},
				"west": {"uv": [0, 2, 9, 4], "texture": "#1"},
				"up": {"uv": [2, 13, 0, 4], "texture": "#1"},
				"down": {"uv": [4, 4, 2, 13], "texture": "#1"}
			}
		}
	]
}