{
	"credit": "Made with Blockbench",
	"texture_size": [32, 32],
	"textures": {
		"1": "item/custom/tbacar"
	},
	"elements": [
		{
			"from": [5, 1, 2],
			"to": [12, 9, 14],
			"rotation": {"angle": 0, "axis": "y", "origin": [8, 1, 5]},
			"faces": {
				"north": {"uv": [0, 8, 3.5, 12], "texture": "#1"},
				"east": {"uv": [0, 0, 6.5, 4], "texture": "#1"},
				"south": {"uv": [10, 0, 13.5, 4], "texture": "#1"},
				"west": {"uv": [0, 4, 6.5, 8], "texture": "#1"},
				"up": {"uv": [10, 6.5, 6.5, 0], "texture": "#1"},
				"down": {"uv": [10, 6.5, 6.5, 13], "texture": "#1"}
			}
		},
		{
			"from": [6, 1, -4],
			"to": [11, 6, 2],
			"rotation": {"angle": 0, "axis": "y", "origin": [8, 1, 0]},
			"faces": {
				"north": {"uv": [3.5, 8, 6, 10.5], "texture": "#1"},
				"east": {"uv": [10, 6.5, 12, 9], "texture": "#1"},
				"south": {"uv": [10, 4, 12.5, 6.5], "texture": "#1"},
				"west": {"uv": [10, 9, 12, 11.5], "texture": "#1"},
				"up": {"uv": [6, 12.5, 3.5, 10.5], "texture": "#1"},
				"down": {"uv": [12.5, 11.5, 10, 13.5], "texture": "#1"}
			}
		},
		{
			"from": [12, 0, 10.7],
			"to": [12.2, 2.4, 13],
			"rotation": {"angle": 0, "axis": "y", "origin": [11, 0, 10.3]},
			"faces": {
				"north": {"uv": [6, 8, 6.125, 9.1875], "texture": "#1"},
				"east": {"uv": [0, 12, 1.125, 13.1875], "texture": "#1"},
				"south": {"uv": [6, 9.5, 6.125, 10.6875], "texture": "#1"},
				"west": {"uv": [1.5, 12, 2.625, 13.1875], "texture": "#1"},
				"up": {"uv": [6.125, 12.125, 6, 11], "texture": "#1"},
				"down": {"uv": [3.125, 12, 3, 13.125], "texture": "#1"}
			}
		},
		{
			"from": [4.8, 0, 10.7],
			"to": [5, 2.4, 13],
			"rotation": {"angle": 0, "axis": "y", "origin": [3.8, 0, 10.3]},
			"faces": {
				"north": {"uv": [6, 8, 6.125, 9.1875], "texture": "#1"},
				"east": {"uv": [0, 12, 1.125, 13.1875], "texture": "#1"},
				"south": {"uv": [6, 9.5, 6.125, 10.6875], "texture": "#1"},
				"west": {"uv": [1.5, 12, 2.625, 13.1875], "texture": "#1"},
				"up": {"uv": [6.125, 12.125, 6, 11], "texture": "#1"},
				"down": {"uv": [3.125, 12, 3, 13.125], "texture": "#1"}
			}
		},
		{
			"from": [11, 0, -2.9],
			"to": [11.2, 2.4, -0.6],
			"rotation": {"angle": 0, "axis": "y", "origin": [10, 0, -3.3]},
			"faces": {
				"north": {"uv": [6, 8, 6.125, 9.1875], "texture": "#1"},
				"east": {"uv": [0, 12, 1.125, 13.1875], "texture": "#1"},
				"south": {"uv": [6, 9.5, 6.125, 10.6875], "texture": "#1"},
				"west": {"uv": [1.5, 12, 2.625, 13.1875], "texture": "#1"},
				"up": {"uv": [6.125, 12.125, 6, 11], "texture": "#1"},
				"down": {"uv": [3.125, 12, 3, 13.125], "texture": "#1"}
			}
		},
		{
			"from": [5.8, 0, -2.9],
			"to": [6, 2.4, -0.6],
			"rotation": {"angle": 0, "axis": "y", "origin": [4.8, 0, -3.3]},
			"faces": {
				"north": {"uv": [6, 8, 6.125, 9.1875], "texture": "#1"},
				"east": {"uv": [0, 12, 1.125, 13.1875], "texture": "#1"},
				"south": {"uv": [6, 9.5, 6.125, 10.6875], "texture": "#1"},
				"west": {"uv": [1.5, 12, 2.625, 13.1875], "texture": "#1"},
				"up": {"uv": [6.125, 12.125, 6, 11], "texture": "#1"},
				"down": {"uv": [3.125, 12, 3, 13.125], "texture": "#1"}
			}
		}
	]
}
