{
	"credit": "Made with Blockbench",
	"texture_size": [64, 64],
	"textures": {
		"1": "item/custom/mk/tbafrontsign"
	},
	"elements": [
		{
			"from": [0, 0, 7],
			"to": [2, 12, 9],
			"rotation": {"angle": 0, "axis": "y", "origin": [0, 0, 7]},
			"faces": {
				"north": {"uv": [9.5, 9.25, 10, 12.25], "texture": "#1"},
				"east": {"uv": [0, 9.75, 0.5, 12.75], "texture": "#1"},
				"south": {"uv": [0.5, 9.75, 1, 12.75], "texture": "#1"},
				"west": {"uv": [1, 9.75, 1.5, 12.75], "texture": "#1"},
				"up": {"uv": [6.25, 10.75, 5.75, 10.25], "texture": "#1"},
				"down": {"uv": [8.25, 10.5, 7.75, 11], "texture": "#1"}
			}
		},
		{
			"from": [14, 0, 7],
			"to": [16, 12, 9],
			"rotation": {"angle": 0, "axis": "y", "origin": [14, 0, 7]},
			"faces": {
				"north": {"uv": [9.5, 9.25, 10, 12.25], "texture": "#1"},
				"east": {"uv": [0, 9.75, 0.5, 12.75], "texture": "#1"},
				"south": {"uv": [0.5, 9.75, 1, 12.75], "texture": "#1"},
				"west": {"uv": [1, 9.75, 1.5, 12.75], "texture": "#1"},
				"up": {"uv": [6.25, 10.75, 5.75, 10.25], "texture": "#1"},
				"down": {"uv": [8.25, 10.5, 7.75, 11], "texture": "#1"}
			}
		},
		{
			"from": [4.86396, 5.57918, 7.5],
			"to": [5.86396, 9.57918, 8.5],
			"rotation": {"angle": -45, "axis": "z", "origin": [8.5, 12.1, 7]},
			"faces": {
				"north": {"uv": [8.25, 10.5, 8.5, 11.5], "texture": "#1"},
				"east": {"uv": [8.5, 10.5, 8.75, 11.5], "texture": "#1"},
				"south": {"uv": [8.75, 10.5, 9, 11.5], "texture": "#1"},
				"west": {"uv": [9, 10.5, 9.25, 11.5], "texture": "#1"},
				"up": {"uv": [3.25, 10.75, 3, 10.5], "texture": "#1"},
				"down": {"uv": [3.5, 10.5, 3.25, 10.75], "texture": "#1"}
			}
		},
		{
			"from": [4.86396, 5.57918, 7.5],
			"to": [5.86396, 9.57918, 8.5],
			"rotation": {"angle": -45, "axis": "z", "origin": [8.5, 12.1, 7]},
			"faces": {
				"north": {"uv": [8.25, 10.5, 8.5, 11.5], "texture": "#1"},
				"east": {"uv": [8.5, 10.5, 8.75, 11.5], "texture": "#1"},
				"south": {"uv": [8.75, 10.5, 9, 11.5], "texture": "#1"},
				"west": {"uv": [9, 10.5, 9.25, 11.5], "texture": "#1"},
				"up": {"uv": [3.25, 10.75, 3, 10.5], "texture": "#1"},
				"down": {"uv": [3.5, 10.5, 3.25, 10.75], "texture": "#1"}
			}
		},
		{
			"from": [-1.1, 12.2, 6.8],
			"to": [17.1, 22.2, 7.2],
			"rotation": {"angle": 0, "axis": "y", "origin": [7, 12.2, 9]},
			"faces": {
				"north": {"uv": [0, 0, 4.5625, 2.5], "texture": "#1"},
				"east": {"uv": [1.75, 11, 1.84375, 13.5], "texture": "#1"},
				"south": {"uv": [0, 2.5, 4.5625, 5], "texture": "#1"},
				"west": {"uv": [2, 11, 2.09375, 13.5], "texture": "#1"},
				"up": {"uv": [14.8125, 9.59375, 10.25, 9.5], "texture": "#1"},
				"down": {"uv": [14.8125, 9.75, 10.25, 9.84375], "texture": "#1"}
			}
		},
		{
			"from": [-1.1, 22.2, 6.8],
			"to": [17.1, 30.2, 7],
			"rotation": {"angle": 0, "axis": "y", "origin": [7, 22.2, 9]},
			"faces": {
				"north": {"uv": [0, 5, 4.5625, 7], "texture": "#1"},
				"east": {"uv": [9.25, 9.75, 9.5, 11.75], "texture": "#1"},
				"south": {"uv": [4.75, 5, 9.3125, 7], "texture": "#1"},
				"west": {"uv": [10, 9.5, 10.25, 11.5], "texture": "#1"},
				"up": {"uv": [14.0625, 7, 9.5, 6.75], "texture": "#1"},
				"down": {"uv": [6.0625, 9.75, 1.5, 10], "texture": "#1"}
			}
		},
		{
			"from": [-1.4, 11.9, 6.5],
			"to": [17.4, 12.2, 9.5],
			"rotation": {"angle": 0, "axis": "y", "origin": [9, 2, 7]},
			"faces": {
				"north": {"uv": [10.25, 10.5, 14.9375, 10.5625], "texture": "#1"},
				"east": {"uv": [4, 10.5, 4.75, 10.5625], "texture": "#1"},
				"south": {"uv": [1.5, 10.75, 6.1875, 10.8125], "texture": "#1"},
				"west": {"uv": [2.75, 11, 3.5, 11.0625], "texture": "#1"},
				"up": {"uv": [4.6875, 9, 0, 8.25], "texture": "#1"},
				"down": {"uv": [9.4375, 8.25, 4.75, 9], "texture": "#1"}
			}
		},
		{
			"from": [10.13604, 5.57918, 7.5],
			"to": [11.13604, 9.57918, 8.5],
			"rotation": {"angle": 45, "axis": "z", "origin": [7.5, 12.1, 7]},
			"faces": {
				"north": {"uv": [10.25, 10.75, 10.5, 11.75], "texture": "#1"},
				"east": {"uv": [10.5, 10.75, 10.75, 11.75], "texture": "#1"},
				"south": {"uv": [10.75, 10.75, 11, 11.75], "texture": "#1"},
				"west": {"uv": [1.5, 11, 1.75, 12], "texture": "#1"},
				"up": {"uv": [3.75, 10.75, 3.5, 10.5], "texture": "#1"},
				"down": {"uv": [4, 10.5, 3.75, 10.75], "texture": "#1"}
			}
		},
		{
			"from": [4.5, 7.6, 8],
			"to": [11.5, 11.4, 9],
			"rotation": {"angle": 0, "axis": "y", "origin": [7, 9, 7]},
			"faces": {
				"north": {"uv": [9.5, 5.75, 11.25, 6.6875], "texture": "#1"},
				"east": {"uv": [2.25, 11, 2.5, 11.9375], "texture": "#1"},
				"south": {"uv": [9.5, 8.25, 11.25, 9.1875], "texture": "#1"},
				"west": {"uv": [2.5, 11, 2.75, 11.9375], "texture": "#1"},
				"up": {"uv": [3.25, 10.5, 1.5, 10.25], "texture": "#1"},
				"down": {"uv": [5, 10.25, 3.25, 10.5], "texture": "#1"}
			}
		},
		{
			"from": [10.7, 10.4, 8.025],
			"to": [11.1, 12, 8.325],
			"rotation": {"angle": 0, "axis": "y", "origin": [9.1, 11.4, 6.325]},
			"faces": {
				"north": {"uv": [3.5, 11, 3.59375, 11.40625], "texture": "#1"},
				"east": {"uv": [4.5, 11, 4.5625, 11.40625], "texture": "#1"},
				"south": {"uv": [3.75, 11, 3.84375, 11.40625], "texture": "#1"},
				"west": {"uv": [4.75, 11, 4.8125, 11.40625], "texture": "#1"},
				"up": {"uv": [4.84375, 10.5625, 4.75, 10.5], "texture": "#1"},
				"down": {"uv": [5.59375, 11, 5.5, 11.0625], "texture": "#1"}
			}
		},
		{
			"from": [4.9, 10.4, 8.025],
			"to": [5.3, 12, 8.325],
			"rotation": {"angle": 0, "axis": "y", "origin": [3.3, 11.4, 6.325]},
			"faces": {
				"north": {"uv": [4, 11, 4.09375, 11.40625], "texture": "#1"},
				"east": {"uv": [5, 11, 5.0625, 11.40625], "texture": "#1"},
				"south": {"uv": [4.25, 11, 4.34375, 11.40625], "texture": "#1"},
				"west": {"uv": [5.25, 11, 5.3125, 11.40625], "texture": "#1"},
				"up": {"uv": [5.84375, 11.0625, 5.75, 11], "texture": "#1"},
				"down": {"uv": [6.09375, 11, 6, 11.0625], "texture": "#1"}
			}
		},
		{
			"from": [-0.1, 12.2, 6.775],
			"to": [18.1, 22.2, 6.775],
			"rotation": {"angle": 0, "axis": "y", "origin": [1, 12.2, 4.775]},
			"faces": {
				"north": {"uv": [4.75, 0, 9.3125, 2.5], "texture": "#1"},
				"east": {"uv": [0, 0, 0, 2.5], "texture": "#1"},
				"south": {"uv": [4.75, 2.5, 9.3125, 5], "texture": "#1"},
				"west": {"uv": [0, 0, 0, 2.5], "texture": "#1"},
				"up": {"uv": [4.5625, 0, 0, 0], "texture": "#1"},
				"down": {"uv": [4.5625, 0, 0, 0], "texture": "#1"}
			}
		},
		{
			"from": [-1.075, 12.25, 6.825],
			"to": [17.075, 14.95, 9.125],
			"rotation": {"angle": 0, "axis": "y", "origin": [0, 12.25, 7.825]},
			"faces": {
				"north": {"uv": [9.5, 3.75, 14.03125, 4.4375], "texture": "#1"},
				"east": {"uv": [7.75, 9.75, 8.5, 10.4375], "texture": "#1"},
				"south": {"uv": [9.5, 4.5, 14.03125, 5.1875], "texture": "#1"},
				"west": {"uv": [8.5, 9.75, 9.25, 10.4375], "texture": "#1"},
				"up": {"uv": [4.53125, 9.75, 0, 9], "texture": "#1"},
				"down": {"uv": [9.28125, 9, 4.75, 9.75], "texture": "#1"}
			}
		},
		{
			"from": [-0.825, 14.95, 6.825],
			"to": [16.825, 19.95, 9.125],
			"rotation": {"angle": 0, "axis": "y", "origin": [0, 14.95, 7.825]},
			"faces": {
				"north": {"uv": [0, 7, 4.40625, 8.25], "texture": "#1"},
				"east": {"uv": [6.25, 9.75, 7, 11], "texture": "#1"},
				"south": {"uv": [4.5, 7, 8.90625, 8.25], "texture": "#1"},
				"west": {"uv": [7, 9.75, 7.75, 11], "texture": "#1"},
				"up": {"uv": [13.90625, 1.5, 9.5, 0.75], "texture": "#1"},
				"down": {"uv": [13.90625, 1.5, 9.5, 2.25], "texture": "#1"}
			}
		},
		{
			"from": [-0.6, 19.95, 6.825],
			"to": [16.6, 21.95, 9.125],
			"rotation": {"angle": 0, "axis": "y", "origin": [0, 19.95, 7.825]},
			"faces": {
				"north": {"uv": [9, 7.75, 13.3125, 8.25], "texture": "#1"},
				"east": {"uv": [5, 10.25, 5.75, 10.75], "texture": "#1"},
				"south": {"uv": [9.5, 5.25, 13.8125, 5.75], "texture": "#1"},
				"west": {"uv": [10.25, 10, 11, 10.5], "texture": "#1"},
				"up": {"uv": [13.8125, 3, 9.5, 2.25], "texture": "#1"},
				"down": {"uv": [13.8125, 3, 9.5, 3.75], "texture": "#1"}
			}
		},
		{
			"from": [-1.05, 21.95, 6.825],
			"to": [17.05, 22.7, 9.125],
			"rotation": {"angle": 0, "axis": "y", "origin": [0, 21.95, 7.825]},
			"faces": {
				"north": {"uv": [1.5, 10, 6.03125, 10.1875], "texture": "#1"},
				"east": {"uv": [1.5, 10.5, 2.25, 10.6875], "texture": "#1"},
				"south": {"uv": [10, 9.25, 14.53125, 9.4375], "texture": "#1"},
				"west": {"uv": [2.25, 10.5, 3, 10.6875], "texture": "#1"},
				"up": {"uv": [13.53125, 7.75, 9, 7], "texture": "#1"},
				"down": {"uv": [14.03125, 0, 9.5, 0.75], "texture": "#1"}
			}
		}
	]
}
