{
	"credit": "Made with Blockbench",
	"textures": {
		"1": "item/custom/tbasign2"
	},
	"elements": [
		{
			"from": [3.775, 0.45, 7.875],
			"to": [12.025, 5.95, 8.075],
			"rotation": {"angle": 0, "axis": "y", "origin": [7, 2.8, 7]},
			"faces": {
				"north": {"uv": [0, 0, 6.25, 4.5], "texture": "#1"},
				"east": {"uv": [7, 2, 7.25, 6.5], "texture": "#1"},
				"south": {"uv": [0, 5, 6.25, 9.5], "texture": "#1"},
				"west": {"uv": [7, 7, 7.25, 11.5], "texture": "#1"},
				"up": {"uv": [13.25, 0.25, 7, 0], "texture": "#1"},
				"down": {"uv": [13.25, 1, 7, 1.25], "texture": "#1"}
			}
		}
	]
}
