{
	"format_version": "1.21.6",
	"credit": "Made with Blockbench",
	"textures": {
		"0": "item/monorails/monorailtealdoor",
		"particle": "item/monorails/monorailtealdoor"
	},
	"elements": [
		{
			"from": [6.37293, 2.52236, 6.90553],
			"to": [8.87293, 8.02236, 7.20553],
			"rotation": {"angle": 0, "axis": "y", "origin": [8.37293, 2.52236, 6.90553]},
			"faces": {
				"north": {"uv": [0, 0, 2.5, 5.5], "texture": "#0"},
				"east": {"uv": [3, 6, 3.25, 11.5], "texture": "#0"},
				"south": {"uv": [3, 0, 5.5, 5.5], "texture": "#0"},
				"west": {"uv": [6, 3, 6.25, 8.5], "texture": "#0"},
				"up": {"uv": [9.5, 3.25, 7, 3], "texture": "#0"},
				"down": {"uv": [9.5, 4, 7, 4.25], "texture": "#0"}
			}
		},
		{
			"from": [6.37293, 0.33595, 7.57845],
			"to": [8.87293, 2.61095, 7.87845],
			"rotation": {"angle": -15, "axis": "x", "origin": [8.37293, 0.01095, 7.57845]},
			"faces": {
				"north": {"uv": [0, 6, 2.5, 8.25], "texture": "#0"},
				"east": {"uv": [4, 6, 4.25, 8.25], "texture": "#0"},
				"south": {"uv": [6, 0, 8.5, 2.25], "texture": "#0"},
				"west": {"uv": [5, 6, 5.25, 8.25], "texture": "#0"},
				"up": {"uv": [9.5, 5.25, 7, 5], "texture": "#0"},
				"down": {"uv": [9.5, 6, 7, 6.25], "texture": "#0"}
			}
		},
		{
			"from": [6.37293, 0.32752, 7.48412],
			"to": [8.87293, 0.40252, 7.78412],
			"rotation": {"angle": 0, "axis": "y", "origin": [8.87293, 0.40252, 7.48412]},
			"faces": {
				"north": {"uv": [7, 7, 9.5, 7.25], "texture": "#0"},
				"east": {"uv": [9, 1, 9.25, 1.25], "texture": "#0"},
				"south": {"uv": [7, 8, 9.5, 8.25], "texture": "#0"},
				"west": {"uv": [9, 2, 9.25, 2.25], "texture": "#0"},
				"up": {"uv": [2.5, 9.25, 0, 9], "texture": "#0"},
				"down": {"uv": [11.5, 0, 9, 0.25], "texture": "#0"}
			}
		}
	]
}