{
	"format_version": "1.21.6",
	"credit": "Made with Blockbench",
	"texture_size": [4, 4],
	"textures": {
		"2": "item/monorails/monorailblackfront",
		"3": "item/monorails/monorailblack",
		"4": "item/monorails/monorailblacktext",
		"5": "item/monorails/monorailwdwtext",
		"6": "item/monorails/monorailheadlights",
		"particle": "item/monorails/monorailblack"
	},
	"elements": [
		{
			"from": [3.3, 0, -8.4],
			"to": [12.7, 0.4, 29],
			"rotation": {"angle": 0, "axis": "y", "origin": [7, 0, 0]},
			"faces": {
				"north": {"uv": [3.5, 7.75, 4.6875, 7.8125], "texture": "#3"},
				"east": {"uv": [6.25, 7.125, 10.9375, 7.1875], "texture": "#3"},
				"south": {"uv": [7.75, 3.5, 8.9375, 3.5625], "texture": "#3"},
				"west": {"uv": [7.25, 1.5, 11.9375, 1.5625], "texture": "#3"},
				"up": {"uv": [1.1875, 4.6875, 0, 0], "texture": "#3"},
				"down": {"uv": [2.4375, 0, 1.25, 4.6875], "texture": "#3"}
			}
		},
		{
			"from": [5, 0.93667, -15.72414],
			"to": [11, 1.33667, -11.41092],
			"rotation": {"angle": 32.5, "axis": "x", "origin": [2, 0.93667, -13.41092]},
			"faces": {
				"north": {"uv": [8.5, 2, 10, 2.125], "texture": "#2"},
				"east": {"uv": [9.5, 0, 10.5625, 0.125], "texture": "#2"},
				"south": {"uv": [8.5, 4.5, 10, 4.625], "texture": "#2"},
				"west": {"uv": [9.5, 0.25, 10.5625, 0.375], "texture": "#2"},
				"up": {"uv": [6.5, 6.5625, 5, 5.5], "texture": "#2"},
				"down": {"uv": [1.5, 6, 0, 7.0625], "texture": "#2"}
			}
		},
		{
			"from": [2.7, 2.25723, -15.90797],
			"to": [13.3, 2.25723, -6.90797],
			"rotation": {"angle": -42.5, "axis": "x", "origin": [4, 2.65723, -15.90797]},
			"faces": {
				"north": {"uv": [0, 0, 2.625, 0], "texture": "#2"},
				"east": {"uv": [0, 0, 2.25, 0], "texture": "#2"},
				"south": {"uv": [0, 0, 2.625, 0], "texture": "#2"},
				"west": {"uv": [0, 0, 2.25, 0], "texture": "#2"},
				"up": {"uv": [2.625, 2.25, 0, 0], "texture": "#2"},
				"down": {"uv": [2.625, 2.25, 0, 4.5], "texture": "#2"}
			}
		},
		{
			"from": [2.8, 8.29271, -7.97247],
			"to": [13.2, 8.69271, -2.97247],
			"rotation": {"angle": 0, "axis": "y", "origin": [4, 6.69271, -9.27247]},
			"faces": {
				"north": {"uv": [8.5, 1.5, 11.125, 1.625], "texture": "#2"},
				"east": {"uv": [9, 6.75, 10.25, 6.875], "texture": "#2"},
				"south": {"uv": [8.5, 1.75, 11.125, 1.875], "texture": "#2"},
				"west": {"uv": [9.25, 3.5, 10.5, 3.625], "texture": "#2"},
				"up": {"uv": [5.375, 1.25, 2.75, 0], "texture": "#2"},
				"down": {"uv": [5.375, 1.25, 2.75, 2.5], "texture": "#2"}
			}
		},
		{
			"from": [5.4, 2.54343, -15.90797],
			"to": [5.4, 8.54343, -7.90797],
			"rotation": {"angle": -20, "axis": "y", "origin": [5, 2.54343, -15.90797]},
			"faces": {
				"north": {"uv": [0, 0, 0, 1.5], "texture": "#2"},
				"east": {"uv": [2.75, 2.5, 4.75, 4], "texture": "#2"},
				"south": {"uv": [0, 0, 0, 1.5], "texture": "#2"},
				"west": {"uv": [2.75, 4, 4.75, 5.5], "texture": "#2"},
				"up": {"uv": [0, 2, 0, 0], "texture": "#2"},
				"down": {"uv": [0, 0, 0, 2], "texture": "#2"}
			}
		},
		{
			"from": [10.6, 2.54343, -15.90797],
			"to": [10.6, 8.54343, -7.90797],
			"rotation": {"angle": 20, "axis": "y", "origin": [11, 2.54343, -15.90797]},
			"faces": {
				"north": {"uv": [0, 0, 0, 1.5], "texture": "#2"},
				"east": {"uv": [0, 4.5, 2, 6], "texture": "#2"},
				"south": {"uv": [0, 0, 0, 1.5], "texture": "#2"},
				"west": {"uv": [4.75, 2.5, 6.75, 4], "texture": "#2"},
				"up": {"uv": [0, 0, 0, 2], "texture": "#2"},
				"down": {"uv": [0, 0, 0, 2], "texture": "#2"}
			}
		},
		{
			"from": [3.34788, 1.6124, -15.8],
			"to": [3.94788, 2.6124, -8.26981],
			"rotation": {"angle": -20, "axis": "y", "origin": [3.34788, 0.6124, -10.26981]},
			"faces": {
				"north": {"uv": [0.5, 10.25, 0.625, 10.5], "texture": "#2"},
				"east": {"uv": [7.75, 4.75, 9.625, 5], "texture": "#2"},
				"south": {"uv": [0.75, 10.25, 0.875, 10.5], "texture": "#2"},
				"west": {"uv": [7.75, 5, 9.625, 5.25], "texture": "#2"},
				"up": {"uv": [4.125, 10.625, 4, 8.75], "texture": "#2"},
				"down": {"uv": [4.375, 8.75, 4.25, 10.625], "texture": "#2"}
			}
		},
		{
			"from": [12.05212, 1.6124, -15.8],
			"to": [12.65212, 2.6124, -8.26981],
			"rotation": {"angle": 20, "axis": "y", "origin": [12.65212, 0.6124, -10.26981]},
			"faces": {
				"north": {"uv": [1, 10.25, 1.125, 10.5], "texture": "#2"},
				"east": {"uv": [7.75, 5.25, 9.625, 5.5], "texture": "#2"},
				"south": {"uv": [1.25, 10.25, 1.375, 10.5], "texture": "#2"},
				"west": {"uv": [8, 7, 9.875, 7.25], "texture": "#2"},
				"up": {"uv": [8.875, 10.125, 8.75, 8.25], "texture": "#2"},
				"down": {"uv": [4.625, 9, 4.5, 10.875], "texture": "#2"}
			}
		},
		{
			"from": [5.90772, 0.4124, -13.65443],
			"to": [6.50772, 1.6124, -7.95443],
			"rotation": {"angle": -20, "axis": "y", "origin": [5.90772, -0.3876, -15.65443]},
			"faces": {
				"north": {"uv": [10, 8, 10.125, 8.3125], "texture": "#2"},
				"east": {"uv": [5, 8, 6.4375, 8.3125], "texture": "#2"},
				"south": {"uv": [9.5, 10, 9.625, 10.3125], "texture": "#2"},
				"west": {"uv": [8, 7.25, 9.4375, 7.5625], "texture": "#2"},
				"up": {"uv": [6.375, 10.4375, 6.25, 9], "texture": "#2"},
				"down": {"uv": [6.625, 9, 6.5, 10.4375], "texture": "#2"}
			}
		},
		{
			"from": [9.63021, 0.4124, -13.65443],
			"to": [10.23021, 1.6124, -7.95443],
			"rotation": {"angle": 20, "axis": "y", "origin": [10.23021, -0.3876, -15.65443]},
			"faces": {
				"north": {"uv": [9.75, 10, 9.875, 10.3125], "texture": "#2"},
				"east": {"uv": [8, 7.75, 9.4375, 8.0625], "texture": "#2"},
				"south": {"uv": [10, 9.75, 10.125, 10.0625], "texture": "#2"},
				"west": {"uv": [8.25, 2.5, 9.6875, 2.8125], "texture": "#2"},
				"up": {"uv": [6.875, 10.4375, 6.75, 9], "texture": "#2"},
				"down": {"uv": [7.125, 9, 7, 10.4375], "texture": "#2"}
			}
		},
		{
			"from": [2.7, 2.6, -8.4],
			"to": [3.3, 8.7, -3],
			"rotation": {"angle": 0, "axis": "y", "origin": [3, 0.4, -5]},
			"faces": {
				"north": {"uv": [4.75, 9, 4.875, 10.5], "texture": "#2"},
				"east": {"uv": [4.75, 4, 6.125, 5.5], "texture": "#2"},
				"south": {"uv": [5, 9, 5.125, 10.5], "texture": "#2"},
				"west": {"uv": [5.5, 0, 6.875, 1.5], "texture": "#2"},
				"up": {"uv": [7.375, 10.375, 7.25, 9], "texture": "#2"},
				"down": {"uv": [8.125, 9, 8, 10.375], "texture": "#2"}
			}
		},
		{
			"from": [12.7, 2.6, -8.4],
			"to": [13.3, 8.7, -3],
			"rotation": {"angle": 0, "axis": "y", "origin": [13, 0.4, -5]},
			"faces": {
				"north": {"uv": [5.25, 9, 5.375, 10.5], "texture": "#2"},
				"east": {"uv": [2, 5.5, 3.375, 7], "texture": "#2"},
				"south": {"uv": [5.5, 9, 5.625, 10.5], "texture": "#2"},
				"west": {"uv": [3.5, 5.5, 4.875, 7], "texture": "#2"},
				"up": {"uv": [8.375, 10.375, 8.25, 9], "texture": "#2"},
				"down": {"uv": [9.125, 8.25, 9, 9.625], "texture": "#2"}
			}
		},
		{
			"from": [2.8, 8.46572, -8.48501],
			"to": [13.2, 8.46572, -7.38501],
			"rotation": {"angle": -15, "axis": "x", "origin": [12.2, 6.46572, -8.48501]},
			"faces": {
				"north": {"uv": [0, 0, 2.625, 0], "texture": "#2"},
				"east": {"uv": [0, 0, 0.25, 0], "texture": "#2"},
				"south": {"uv": [0, 0, 2.625, 0], "texture": "#2"},
				"west": {"uv": [0, 0, 0.25, 0], "texture": "#2"},
				"up": {"uv": [9.625, 2.5, 7, 2.25], "texture": "#2"},
				"down": {"uv": [10.125, 6, 7.5, 6.25], "texture": "#2"}
			}
		},
		{
			"from": [2.7, 2.6, -3],
			"to": [13.3, 8.7, -2.6],
			"rotation": {"angle": 0, "axis": "y", "origin": [1.7, 0, -3]},
			"faces": {
				"north": {"uv": [4, 4.75, 5.3125, 5.5], "texture": "#3"},
				"east": {"uv": [4, 7.875, 4.0625, 8.625], "texture": "#3"},
				"south": {"uv": [0, 5, 1.3125, 5.75], "texture": "#3"},
				"west": {"uv": [4.125, 7.875, 4.1875, 8.625], "texture": "#3"},
				"up": {"uv": [5.5625, 7.6875, 4.25, 7.625], "texture": "#3"},
				"down": {"uv": [8.9375, 5.125, 7.625, 5.1875], "texture": "#3"}
			}
		},
		{
			"from": [3.21764, 0.06815, -8.4],
			"to": [3.81764, 2.66815, -3],
			"rotation": {"angle": 15, "axis": "z", "origin": [3.21764, 0.66815, -8.4]},
			"faces": {
				"north": {"uv": [3, 9.75, 3.125, 10.375], "texture": "#2"},
				"east": {"uv": [5, 6.75, 6.375, 7.375], "texture": "#2"},
				"south": {"uv": [3.25, 9.75, 3.375, 10.375], "texture": "#2"},
				"west": {"uv": [1.5, 7, 2.875, 7.625], "texture": "#2"},
				"up": {"uv": [8.625, 10.375, 8.5, 9], "texture": "#2"},
				"down": {"uv": [3.625, 9.25, 3.5, 10.625], "texture": "#2"}
			}
		},
		{
			"from": [12.18236, 0.06815, -8.4],
			"to": [12.78236, 2.66815, -3],
			"rotation": {"angle": -15, "axis": "z", "origin": [12.78236, 0.66815, -8.4]},
			"faces": {
				"north": {"uv": [7.5, 9.75, 7.625, 10.375], "texture": "#2"},
				"east": {"uv": [7, 1.5, 8.375, 2.125], "texture": "#2"},
				"south": {"uv": [7.75, 9.75, 7.875, 10.375], "texture": "#2"},
				"west": {"uv": [3, 7, 4.375, 7.625], "texture": "#2"},
				"up": {"uv": [3.875, 10.625, 3.75, 9.25], "texture": "#2"},
				"down": {"uv": [9.375, 8.25, 9.25, 9.625], "texture": "#2"}
			}
		},
		{
			"from": [3.7, 0.4, -3],
			"to": [12.7, 2.6, -2.6],
			"rotation": {"angle": 0, "axis": "y", "origin": [1.7, 0.6, -3]},
			"faces": {
				"north": {"uv": [6.25, 1.125, 7.375, 1.40625], "texture": "#3"},
				"east": {"uv": [8.875, 4.625, 8.9375, 4.90625], "texture": "#3"},
				"south": {"uv": [3.5, 6.25, 4.625, 6.53125], "texture": "#3"},
				"west": {"uv": [9, 0.625, 9.0625, 0.90625], "texture": "#3"},
				"up": {"uv": [8.875, 4.0625, 7.75, 4], "texture": "#3"},
				"down": {"uv": [8.875, 4.125, 7.75, 4.1875], "texture": "#3"}
			}
		},
		{
			"from": [3.21764, 0.06815, -3],
			"to": [4.21764, 2.66815, -2.6],
			"rotation": {"angle": 15, "axis": "z", "origin": [3.21764, 0.66815, -3]},
			"faces": {
				"north": {"uv": [3, 6.875, 3.125, 7.1875], "texture": "#3"},
				"east": {"uv": [8.875, 1.625, 8.9375, 1.9375], "texture": "#3"},
				"south": {"uv": [6, 6.875, 6.125, 7.1875], "texture": "#3"},
				"west": {"uv": [8.875, 2.75, 8.9375, 3.0625], "texture": "#3"},
				"up": {"uv": [9.375, 0.6875, 9.25, 0.625], "texture": "#3"},
				"down": {"uv": [9.375, 0.75, 9.25, 0.8125], "texture": "#3"}
			}
		},
		{
			"from": [11.78236, 0.06815, -3],
			"to": [12.78236, 2.66815, -2.6],
			"rotation": {"angle": -15, "axis": "z", "origin": [12.78236, 0.66815, -3]},
			"faces": {
				"north": {"uv": [0.375, 8.125, 0.5, 8.4375], "texture": "#3"},
				"east": {"uv": [2.875, 8.875, 2.9375, 9.1875], "texture": "#3"},
				"south": {"uv": [0.5, 8.125, 0.625, 8.4375], "texture": "#3"},
				"west": {"uv": [3, 8.875, 3.0625, 9.1875], "texture": "#3"},
				"up": {"uv": [9.375, 0.9375, 9.25, 0.875], "texture": "#3"},
				"down": {"uv": [9.375, 1, 9.25, 1.0625], "texture": "#3"}
			}
		},
		{
			"from": [3.32707, 0.25974, -2.6],
			"to": [3.72707, 2.85974, 3.4],
			"rotation": {"angle": 15, "axis": "z", "origin": [4, 0.34833, -3]},
			"faces": {
				"north": {"uv": [6.5, 8.625, 6.5625, 8.9375], "texture": "#3"},
				"east": {"uv": [4.625, 6.25, 5.375, 6.5625], "texture": "#3"},
				"south": {"uv": [6.625, 8.625, 6.6875, 8.9375], "texture": "#3"},
				"west": {"uv": [2.25, 6.875, 3, 7.1875], "texture": "#3"},
				"up": {"uv": [0.6875, 8.625, 0.625, 7.875], "texture": "#3"},
				"down": {"uv": [0.8125, 7.875, 0.75, 8.625], "texture": "#3"}
			}
		},
		{
			"from": [12.27293, 0.25974, -2.6],
			"to": [12.67293, 2.85974, 3.4],
			"rotation": {"angle": -15, "axis": "z", "origin": [12, 0.34833, -3]},
			"faces": {
				"north": {"uv": [8.625, 7.25, 8.6875, 7.5625], "texture": "#3"},
				"east": {"uv": [2.375, 7.25, 3.125, 7.5625], "texture": "#3"},
				"south": {"uv": [8.625, 7.75, 8.6875, 8.0625], "texture": "#3"},
				"west": {"uv": [3.5, 7.25, 4.25, 7.5625], "texture": "#3"},
				"up": {"uv": [0.9375, 8.625, 0.875, 7.875], "texture": "#3"},
				"down": {"uv": [1.0625, 7.875, 1, 8.625], "texture": "#3"}
			}
		},
		{
			"from": [3.21764, 0.06815, 8.4],
			"to": [3.61764, 2.66815, 16.4],
			"rotation": {"angle": 15, "axis": "z", "origin": [3.21764, 0.66815, 7.4]},
			"faces": {
				"north": {"uv": [8.625, 8.125, 8.6875, 8.4375], "texture": "#3"},
				"east": {"uv": [6.25, 6.125, 7.25, 6.4375], "texture": "#3"},
				"south": {"uv": [8.625, 8.5, 8.6875, 8.8125], "texture": "#3"},
				"west": {"uv": [0, 6.375, 1, 6.6875], "texture": "#3"},
				"up": {"uv": [2.8125, 8.625, 2.75, 7.625], "texture": "#3"},
				"down": {"uv": [2.9375, 7.625, 2.875, 8.625], "texture": "#3"}
			}
		},
		{
			"from": [12.38236, 0.06815, 8.4],
			"to": [12.78236, 2.66815, 16.4],
			"rotation": {"angle": -15, "axis": "z", "origin": [12.78236, 0.66815, 7.4]},
			"faces": {
				"north": {"uv": [8.75, 0, 8.8125, 0.3125], "texture": "#3"},
				"east": {"uv": [1, 6.375, 2, 6.6875], "texture": "#3"},
				"south": {"uv": [8.75, 0.375, 8.8125, 0.6875], "texture": "#3"},
				"west": {"uv": [6.375, 4.75, 7.375, 5.0625], "texture": "#3"},
				"up": {"uv": [3.0625, 8.625, 3, 7.625], "texture": "#3"},
				"down": {"uv": [5.6875, 7.625, 5.625, 8.625], "texture": "#3"}
			}
		},
		{
			"from": [3.21764, 0.06815, 21.4],
			"to": [3.61764, 2.66815, 29],
			"rotation": {"angle": 15, "axis": "z", "origin": [3.21764, 0.66815, 21.4]},
			"faces": {
				"north": {"uv": [8.75, 0.75, 8.8125, 1.0625], "texture": "#3"},
				"east": {"uv": [6.75, 3.25, 7.6875, 3.5625], "texture": "#3"},
				"south": {"uv": [8.75, 1.125, 8.8125, 1.4375], "texture": "#3"},
				"west": {"uv": [6.25, 6.75, 7.1875, 7.0625], "texture": "#3"},
				"up": {"uv": [2.6875, 8.6875, 2.625, 7.75], "texture": "#3"},
				"down": {"uv": [4.8125, 7.75, 4.75, 8.6875], "texture": "#3"}
			}
		},
		{
			"from": [12.38236, 0.06815, 21.4],
			"to": [12.78236, 2.66815, 29],
			"rotation": {"angle": -15, "axis": "z", "origin": [12.78236, 0.66815, 21.4]},
			"faces": {
				"north": {"uv": [8.75, 1.625, 8.8125, 1.9375], "texture": "#3"},
				"east": {"uv": [1.25, 6.875, 2.1875, 7.1875], "texture": "#3"},
				"south": {"uv": [2.5, 8.75, 2.5625, 9.0625], "texture": "#3"},
				"west": {"uv": [3.5, 6.875, 4.4375, 7.1875], "texture": "#3"},
				"up": {"uv": [4.9375, 8.6875, 4.875, 7.75], "texture": "#3"},
				"down": {"uv": [5.0625, 7.75, 5, 8.6875], "texture": "#3"}
			}
		},
		{
			"from": [2.7, 2.6, -2.6],
			"to": [3.1, 8.7, 3.4],
			"rotation": {"angle": 0, "axis": "y", "origin": [2.7, 2.6, 1.4]},
			"faces": {
				"north": {"uv": [1.125, 7.875, 1.1875, 8.625], "texture": "#3"},
				"east": {"uv": [2.375, 5.75, 3.125, 6.5], "texture": "#3"},
				"south": {"uv": [1.25, 7.875, 1.3125, 8.625], "texture": "#3"},
				"west": {"uv": [6, 2.125, 6.75, 2.875], "texture": "#3"},
				"up": {"uv": [1.4375, 8.625, 1.375, 7.875], "texture": "#3"},
				"down": {"uv": [1.5625, 7.875, 1.5, 8.625], "texture": "#3"}
			}
		},
		{
			"from": [2.7, 2.6, 8.4],
			"to": [3.1, 8.7, 16.4],
			"rotation": {"angle": 0, "axis": "y", "origin": [4.4, 5.2, 16.8]},
			"faces": {
				"north": {"uv": [1.625, 7.875, 1.6875, 8.625], "texture": "#3"},
				"east": {"uv": [1.375, 5, 2.375, 5.75], "texture": "#3"},
				"south": {"uv": [1.75, 7.875, 1.8125, 8.625], "texture": "#3"},
				"west": {"uv": [5, 1.5, 6, 2.25], "texture": "#3"},
				"up": {"uv": [5.8125, 8.625, 5.75, 7.625], "texture": "#3"},
				"down": {"uv": [5.9375, 7.625, 5.875, 8.625], "texture": "#3"}
			}
		},
		{
			"from": [2.7, 2.6, 21.4],
			"to": [3.1, 8.7, 29],
			"rotation": {"angle": 0, "axis": "y", "origin": [2.7, 2.6, 27]},
			"faces": {
				"north": {"uv": [1.875, 7.875, 1.9375, 8.625], "texture": "#3"},
				"east": {"uv": [5, 3, 5.9375, 3.75], "texture": "#3"},
				"south": {"uv": [2, 7.875, 2.0625, 8.625], "texture": "#3"},
				"west": {"uv": [5.375, 4.75, 6.3125, 5.5], "texture": "#3"},
				"up": {"uv": [5.1875, 8.6875, 5.125, 7.75], "texture": "#3"},
				"down": {"uv": [5.3125, 7.75, 5.25, 8.6875], "texture": "#3"}
			}
		},
		{
			"from": [2.7, 8.1, 3.4],
			"to": [3.1, 8.7, 8.4],
			"rotation": {"angle": 0, "axis": "y", "origin": [2.7, 6.7, 3.4]},
			"faces": {
				"north": {"uv": [9.25, 1.125, 9.3125, 1.1875], "texture": "#3"},
				"east": {"uv": [6.25, 7.875, 6.875, 7.9375], "texture": "#3"},
				"south": {"uv": [9.25, 1.25, 9.3125, 1.3125], "texture": "#3"},
				"west": {"uv": [6.875, 7.875, 7.5, 7.9375], "texture": "#3"},
				"up": {"uv": [4.5625, 8.5, 4.5, 7.875], "texture": "#3"},
				"down": {"uv": [4.6875, 7.875, 4.625, 8.5], "texture": "#3"}
			}
		},
		{
			"from": [2.7, 8.1, 16.4],
			"to": [3.1, 8.7, 21.4],
			"rotation": {"angle": 0, "axis": "y", "origin": [2.7, 6.7, 16.4]},
			"faces": {
				"north": {"uv": [9.25, 1.375, 9.3125, 1.4375], "texture": "#3"},
				"east": {"uv": [7.5, 7.875, 8.125, 7.9375], "texture": "#3"},
				"south": {"uv": [9.25, 1.625, 9.3125, 1.6875], "texture": "#3"},
				"west": {"uv": [0, 8, 0.625, 8.0625], "texture": "#3"},
				"up": {"uv": [8.0625, 2.75, 8, 2.125], "texture": "#3"},
				"down": {"uv": [8.0625, 5.375, 8, 6], "texture": "#3"}
			}
		},
		{
			"from": [12.9, 2.6, 21.4],
			"to": [13.3, 8.7, 29],
			"rotation": {"angle": 0, "axis": "y", "origin": [13.3, 2.6, 27]},
			"faces": {
				"north": {"uv": [2.125, 7.875, 2.1875, 8.625], "texture": "#3"},
				"east": {"uv": [3.375, 5.5, 4.3125, 6.25], "texture": "#3"},
				"south": {"uv": [7.875, 2.125, 7.9375, 2.875], "texture": "#3"},
				"west": {"uv": [4.375, 5.5, 5.3125, 6.25], "texture": "#3"},
				"up": {"uv": [5.4375, 8.6875, 5.375, 7.75], "texture": "#3"},
				"down": {"uv": [5.5625, 7.75, 5.5, 8.6875], "texture": "#3"}
			}
		},
		{
			"from": [12.9, 8.1, 16.4],
			"to": [13.3, 8.7, 21.4],
			"rotation": {"angle": 0, "axis": "y", "origin": [13.3, 6.7, 16.4]},
			"faces": {
				"north": {"uv": [9.25, 1.75, 9.3125, 1.8125], "texture": "#3"},
				"east": {"uv": [8, 2.75, 8.625, 2.8125], "texture": "#3"},
				"south": {"uv": [9.25, 1.875, 9.3125, 1.9375], "texture": "#3"},
				"west": {"uv": [8, 4.5, 8.625, 4.5625], "texture": "#3"},
				"up": {"uv": [6.3125, 8.625, 6.25, 8], "texture": "#3"},
				"down": {"uv": [6.4375, 8, 6.375, 8.625], "texture": "#3"}
			}
		},
		{
			"from": [12.9, 2.6, 8.4],
			"to": [13.3, 8.7, 16.4],
			"rotation": {"angle": 0, "axis": "y", "origin": [11.6, 5.2, 16.8]},
			"faces": {
				"north": {"uv": [2.25, 7.875, 2.3125, 8.625], "texture": "#3"},
				"east": {"uv": [5, 2.25, 6, 3], "texture": "#3"},
				"south": {"uv": [2.375, 7.875, 2.4375, 8.625], "texture": "#3"},
				"west": {"uv": [2.375, 5, 3.375, 5.75], "texture": "#3"},
				"up": {"uv": [6.0625, 8.625, 6, 7.625], "texture": "#3"},
				"down": {"uv": [2.5625, 7.75, 2.5, 8.75], "texture": "#3"}
			}
		},
		{
			"from": [12.9, 2.6, -2.6],
			"to": [13.3, 8.7, 3.4],
			"rotation": {"angle": 0, "axis": "y", "origin": [13.3, 2.6, 1.4]},
			"faces": {
				"north": {"uv": [3.5, 7.875, 3.5625, 8.625], "texture": "#3"},
				"east": {"uv": [6, 2.875, 6.75, 3.625], "texture": "#3"},
				"south": {"uv": [3.625, 7.875, 3.6875, 8.625], "texture": "#3"},
				"west": {"uv": [5.375, 6.125, 6.125, 6.875], "texture": "#3"},
				"up": {"uv": [3.8125, 8.625, 3.75, 7.875], "texture": "#3"},
				"down": {"uv": [3.9375, 7.875, 3.875, 8.625], "texture": "#3"}
			}
		},
		{
			"from": [12.9, 8.1, 3.4],
			"to": [13.3, 8.7, 8.4],
			"rotation": {"angle": 0, "axis": "y", "origin": [13.3, 6.7, 3.4]},
			"faces": {
				"north": {"uv": [9.25, 2, 9.3125, 2.0625], "texture": "#3"},
				"east": {"uv": [8, 4.625, 8.625, 4.6875], "texture": "#3"},
				"south": {"uv": [9.25, 2.75, 9.3125, 2.8125], "texture": "#3"},
				"west": {"uv": [8, 6, 8.625, 6.0625], "texture": "#3"},
				"up": {"uv": [6.5625, 8.625, 6.5, 8], "texture": "#3"},
				"down": {"uv": [6.6875, 8, 6.625, 8.625], "texture": "#3"}
			}
		},
		{
			"from": [3.1, 8.28926, -2.97247],
			"to": [13, 8.68926, 29.02753],
			"rotation": {"angle": 0, "axis": "y", "origin": [1.8, 6.68926, -2.97247]},
			"faces": {
				"north": {"uv": [7.625, 5.25, 8.875, 5.3125], "texture": "#3"},
				"east": {"uv": [7.25, 3.875, 11.25, 3.9375], "texture": "#3"},
				"south": {"uv": [7.5, 7.625, 8.75, 7.6875], "texture": "#3"},
				"west": {"uv": [7.25, 6.125, 11.25, 6.1875], "texture": "#3"},
				"up": {"uv": [3.75, 4, 2.5, 0], "texture": "#3"},
				"down": {"uv": [5, 0, 3.75, 4], "texture": "#3"}
			}
		},
		{
			"from": [3.7, 0.4, 28.6],
			"to": [12.3, 2.6, 29],
			"rotation": {"angle": 0, "axis": "y", "origin": [2.7, 0.6, 27]},
			"faces": {
				"north": {"uv": [2, 6.5, 3.0625, 6.78125], "texture": "#3"},
				"east": {"uv": [3.5, 8.875, 3.5625, 9.15625], "texture": "#3"},
				"south": {"uv": [6.75, 2.125, 7.8125, 2.40625], "texture": "#3"},
				"west": {"uv": [3.625, 8.875, 3.6875, 9.15625], "texture": "#3"},
				"up": {"uv": [8.8125, 4.3125, 7.75, 4.25], "texture": "#3"},
				"down": {"uv": [8.8125, 4.375, 7.75, 4.4375], "texture": "#3"}
			}
		},
		{
			"from": [3.1, 2.6, 28.6],
			"to": [12.9, 8.4, 29],
			"rotation": {"angle": 0, "axis": "y", "origin": [1.7, 2.6, 27]},
			"faces": {
				"north": {"uv": [5, 0, 6.21875, 0.71875], "texture": "#3"},
				"east": {"uv": [4.25, 7.875, 4.3125, 8.59375], "texture": "#3"},
				"south": {"uv": [5, 0.75, 6.21875, 1.46875], "texture": "#3"},
				"west": {"uv": [4.375, 7.875, 4.4375, 8.59375], "texture": "#3"},
				"up": {"uv": [1.21875, 7.8125, 0, 7.75], "texture": "#3"},
				"down": {"uv": [2.46875, 7.75, 1.25, 7.8125], "texture": "#3"}
			}
		},
		{
			"from": [3.60401, 0.37168, 28.6],
			"to": [4.20401, 2.77168, 29],
			"rotation": {"angle": 15, "axis": "z", "origin": [3.60401, 0.77168, 27]},
			"faces": {
				"north": {"uv": [2.625, 8.75, 2.6875, 9.0625], "texture": "#3"},
				"east": {"uv": [8.75, 2.75, 8.8125, 3.0625], "texture": "#3"},
				"south": {"uv": [8.75, 4.5, 8.8125, 4.8125], "texture": "#3"},
				"west": {"uv": [4.75, 8.75, 4.8125, 9.0625], "texture": "#3"},
				"up": {"uv": [2.9375, 9.3125, 2.875, 9.25], "texture": "#3"},
				"down": {"uv": [9.3125, 2.875, 9.25, 2.9375], "texture": "#3"}
			}
		},
		{
			"from": [11.79599, 0.37168, 28.6],
			"to": [12.39599, 2.77168, 29],
			"rotation": {"angle": -15, "axis": "z", "origin": [12.39599, 0.77168, 27]},
			"faces": {
				"north": {"uv": [4.875, 8.75, 4.9375, 9.0625], "texture": "#3"},
				"east": {"uv": [5, 8.75, 5.0625, 9.0625], "texture": "#3"},
				"south": {"uv": [5.125, 8.75, 5.1875, 9.0625], "texture": "#3"},
				"west": {"uv": [5.25, 8.75, 5.3125, 9.0625], "texture": "#3"},
				"up": {"uv": [3.0625, 9.3125, 3, 9.25], "texture": "#3"},
				"down": {"uv": [9.3125, 3, 9.25, 3.0625], "texture": "#3"}
			}
		},
		{
			"from": [5, 0, -12],
			"to": [11, 0.4, -8.4],
			"rotation": {"angle": 0, "axis": "y", "origin": [9.3, 0, -10.4]},
			"faces": {
				"north": {"uv": [9, 0.5, 10.5, 0.625], "texture": "#2"},
				"east": {"uv": [9.5, 9.5, 10.375, 9.625], "texture": "#2"},
				"south": {"uv": [9, 0.75, 10.5, 0.875], "texture": "#2"},
				"west": {"uv": [0, 9.75, 0.875, 9.875], "texture": "#2"},
				"up": {"uv": [7, 2.375, 5.5, 1.5], "texture": "#2"},
				"down": {"uv": [8.25, 2.5, 6.75, 3.375], "texture": "#2"}
			}
		},
		{
			"from": [5.22368, -0.0126, -11.97504],
			"to": [7.22368, 0.4124, -8.07504],
			"rotation": {"angle": -20, "axis": "y", "origin": [5.22368, -1.5876, -13.77504]},
			"faces": {
				"north": {"uv": [9.75, 5.25, 10.25, 5.375], "texture": "#2"},
				"east": {"uv": [9.5, 1, 10.5, 1.125], "texture": "#2"},
				"south": {"uv": [9.5, 9.75, 10, 9.875], "texture": "#2"},
				"west": {"uv": [9.5, 1.25, 10.5, 1.375], "texture": "#2"},
				"up": {"uv": [2.5, 5.5, 2, 4.5], "texture": "#2"},
				"down": {"uv": [2, 6, 1.5, 7], "texture": "#2"}
			}
		},
		{
			"from": [8.77632, -0.0126, -11.97504],
			"to": [10.77632, 0.4124, -8.07504],
			"rotation": {"angle": 20, "axis": "y", "origin": [10.77632, -1.5876, -13.77504]},
			"faces": {
				"north": {"uv": [0, 10, 0.5, 10.125], "texture": "#2"},
				"east": {"uv": [9.5, 5.5, 10.5, 5.625], "texture": "#2"},
				"south": {"uv": [0.5, 10, 1, 10.125], "texture": "#2"},
				"west": {"uv": [9.5, 5.75, 10.5, 5.875], "texture": "#2"},
				"up": {"uv": [4, 8.75, 3.5, 7.75], "texture": "#2"},
				"down": {"uv": [4.5, 7.75, 4, 8.75], "texture": "#2"}
			}
		},
		{
			"from": [3.4, -2, -2.95],
			"to": [4.4, 0, 29],
			"rotation": {"angle": 0, "axis": "y", "origin": [3.4, -2, 27]},
			"faces": {
				"north": {"uv": [5.875, 3.75, 6, 4], "texture": "#3"},
				"east": {"uv": [2.5, 4, 6.5, 4.25], "texture": "#3"},
				"south": {"uv": [7.25, 8.125, 7.375, 8.375], "texture": "#3"},
				"west": {"uv": [2.5, 4.25, 6.5, 4.5], "texture": "#3"},
				"up": {"uv": [3.25, 9.75, 3.125, 5.75], "texture": "#3"},
				"down": {"uv": [3.375, 5.75, 3.25, 9.75], "texture": "#3"}
			}
		},
		{
			"from": [11.6, -2, -2.95],
			"to": [12.6, 0, 29],
			"rotation": {"angle": 0, "axis": "y", "origin": [12.6, -2, 27]},
			"faces": {
				"north": {"uv": [7.375, 8.125, 7.5, 8.375], "texture": "#3"},
				"east": {"uv": [2.5, 4.5, 6.5, 4.75], "texture": "#3"},
				"south": {"uv": [8.125, 7.375, 8.25, 7.625], "texture": "#3"},
				"west": {"uv": [0, 4.75, 4, 5], "texture": "#3"},
				"up": {"uv": [6.25, 10.125, 6.125, 6.125], "texture": "#3"},
				"down": {"uv": [3.5, 6.25, 3.375, 10.25], "texture": "#3"}
			}
		},
		{
			"from": [3.5, 0, -8.4],
			"to": [5.5, 2, -2.575],
			"rotation": {"angle": 20, "axis": "x", "origin": [3.5, 0, -8.4]},
			"faces": {
				"north": {"uv": [8.5, 4, 9, 4.5], "texture": "#2"},
				"east": {"uv": [6.5, 7, 7.9375, 7.5], "texture": "#2"},
				"south": {"uv": [4.5, 8.5, 5, 9], "texture": "#2"},
				"west": {"uv": [0, 7.25, 1.4375, 7.75], "texture": "#2"},
				"up": {"uv": [5, 8.4375, 4.5, 7], "texture": "#2"},
				"down": {"uv": [7.75, 4, 7.25, 5.4375], "texture": "#2"}
			}
		},
		{
			"from": [10.5, 0, -8.4],
			"to": [12.5, 2, -2.575],
			"rotation": {"angle": 20, "axis": "x", "origin": [12.5, 0, -8.4]},
			"faces": {
				"north": {"uv": [6, 8.5, 6.5, 9], "texture": "#2"},
				"east": {"uv": [5, 7.5, 6.4375, 8], "texture": "#2"},
				"south": {"uv": [3.5, 8.75, 4, 9.25], "texture": "#2"},
				"west": {"uv": [7.5, 5.5, 8.9375, 6], "texture": "#2"},
				"up": {"uv": [7, 8.9375, 6.5, 7.5], "texture": "#2"},
				"down": {"uv": [7.5, 7.5, 7, 8.9375], "texture": "#2"}
			}
		},
		{
			"from": [3.3, 0.4, 2.375],
			"to": [4.2, 1.9, 3.375],
			"rotation": {"angle": 0, "axis": "y", "origin": [3.2, 0.4, 1.375]},
			"faces": {
				"north": {"uv": [8.25, 7.75, 8.375, 7.9375], "texture": "#3"},
				"east": {"uv": [8.375, 1.625, 8.5, 1.8125], "texture": "#3"},
				"south": {"uv": [8.375, 1.875, 8.5, 2.0625], "texture": "#3"},
				"west": {"uv": [8.375, 2.875, 8.5, 3.0625], "texture": "#3"},
				"up": {"uv": [6.5, 5.5, 6.375, 5.375], "texture": "#3"},
				"down": {"uv": [4.375, 7.25, 4.25, 7.375], "texture": "#3"}
			}
		},
		{
			"from": [11.8, 0.4, 8.425],
			"to": [12.7, 1.9, 9.425],
			"rotation": {"angle": 0, "axis": "y", "origin": [13.8, 0.4, 7.425]},
			"faces": {
				"north": {"uv": [8.375, 3.625, 8.5, 3.8125], "texture": "#3"},
				"east": {"uv": [8.375, 7.375, 8.5, 7.5625], "texture": "#3"},
				"south": {"uv": [8.5, 1.625, 8.625, 1.8125], "texture": "#3"},
				"west": {"uv": [8.5, 1.875, 8.625, 2.0625], "texture": "#3"},
				"up": {"uv": [4.5, 7.375, 4.375, 7.25], "texture": "#3"},
				"down": {"uv": [6.125, 7.25, 6, 7.375], "texture": "#3"}
			}
		},
		{
			"from": [3.1, 1.9, 2.4],
			"to": [4.175, 2.4, 3.35],
			"rotation": {"angle": 0, "axis": "y", "origin": [2.2, 1.9, 1.375]},
			"faces": {
				"north": {"uv": [9, 6, 9.125, 6.0625], "texture": "#3"},
				"east": {"uv": [9.125, 1.875, 9.25, 1.9375], "texture": "#3"},
				"south": {"uv": [9.125, 3.75, 9.25, 3.8125], "texture": "#3"},
				"west": {"uv": [9.125, 4.875, 9.25, 4.9375], "texture": "#3"},
				"up": {"uv": [8.375, 3.25, 8.25, 3.125], "texture": "#3"},
				"down": {"uv": [8.5, 3.125, 8.375, 3.25], "texture": "#3"}
			}
		},
		{
			"from": [11.825, 1.9, 2.4],
			"to": [12.9, 2.4, 3.35],
			"rotation": {"angle": 0, "axis": "y", "origin": [13.8, 1.9, 1.375]},
			"faces": {
				"north": {"uv": [9.125, 5.125, 9.25, 5.1875], "texture": "#3"},
				"east": {"uv": [9.125, 5.25, 9.25, 5.3125], "texture": "#3"},
				"south": {"uv": [9.125, 6, 9.25, 6.0625], "texture": "#3"},
				"west": {"uv": [9.125, 7, 9.25, 7.0625], "texture": "#3"},
				"up": {"uv": [8.625, 3.25, 8.5, 3.125], "texture": "#3"},
				"down": {"uv": [8.75, 0.625, 8.625, 0.75], "texture": "#3"}
			}
		},
		{
			"from": [3.525, 2.4, 2.725],
			"to": [3.825, 7.4, 3.025],
			"rotation": {"angle": 0, "axis": "y", "origin": [2.675, 2.4, 1.975]},
			"faces": {
				"north": {"uv": [5.375, 8.75, 5.40625, 9.375], "texture": "#3"},
				"east": {"uv": [5.5, 8.75, 5.53125, 9.375], "texture": "#3"},
				"south": {"uv": [8.75, 6.25, 8.78125, 6.875], "texture": "#3"},
				"west": {"uv": [8.75, 7.25, 8.78125, 7.875], "texture": "#3"},
				"up": {"uv": [6.53125, 9.28125, 6.5, 9.25], "texture": "#3"},
				"down": {"uv": [9.28125, 6.5, 9.25, 6.53125], "texture": "#3"}
			}
		},
		{
			"from": [9.4, 0.4, 3.225],
			"to": [9.65, 8.3, 3.525],
			"rotation": {"angle": 0, "axis": "y", "origin": [11.375, 5.4, 1.525]},
			"faces": {
				"north": {"uv": [7.5, 8.125, 7.53125, 9.125], "texture": "#3"},
				"east": {"uv": [7.625, 8.125, 7.65625, 9.125], "texture": "#3"},
				"south": {"uv": [7.75, 8.125, 7.78125, 9.125], "texture": "#3"},
				"west": {"uv": [7.875, 8.125, 7.90625, 9.125], "texture": "#3"},
				"up": {"uv": [9.28125, 6.65625, 9.25, 6.625], "texture": "#3"},
				"down": {"uv": [6.78125, 9.25, 6.75, 9.28125], "texture": "#3"}
			}
		},
		{
			"from": [3.425, 6.9, 2.65],
			"to": [3.925, 8.3, 3.15],
			"rotation": {"angle": 0, "axis": "y", "origin": [1.825, 7.4, 1.05]},
			"faces": {
				"north": {"uv": [9, 3.625, 9.0625, 3.8125], "texture": "#3"},
				"east": {"uv": [9, 4, 9.0625, 4.1875], "texture": "#3"},
				"south": {"uv": [9, 4.25, 9.0625, 4.4375], "texture": "#3"},
				"west": {"uv": [9, 4.5, 9.0625, 4.6875], "texture": "#3"},
				"up": {"uv": [9.3125, 3.1875, 9.25, 3.125], "texture": "#3"},
				"down": {"uv": [9.3125, 3.25, 9.25, 3.3125], "texture": "#3"}
			}
		},
		{
			"from": [12.075, 6.9, 8.675],
			"to": [12.575, 8.3, 9.175],
			"rotation": {"angle": 0, "axis": "y", "origin": [14.075, 6.9, 7.175]},
			"faces": {
				"north": {"uv": [9, 4.75, 9.0625, 4.9375], "texture": "#3"},
				"east": {"uv": [9, 5.125, 9.0625, 5.3125], "texture": "#3"},
				"south": {"uv": [9, 6.25, 9.0625, 6.4375], "texture": "#3"},
				"west": {"uv": [6.5, 9, 6.5625, 9.1875], "texture": "#3"},
				"up": {"uv": [9.3125, 3.4375, 9.25, 3.375], "texture": "#3"},
				"down": {"uv": [3.5625, 9.25, 3.5, 9.3125], "texture": "#3"}
			}
		},
		{
			"from": [3.3, 0.4, 0.6],
			"to": [12.6, 1.9, 1.6],
			"rotation": {"angle": 0, "axis": "y", "origin": [3.3, 0, -0.4]},
			"faces": {
				"north": {"uv": [4.25, 7.375, 5.40625, 7.5625], "texture": "#3"},
				"east": {"uv": [8.5, 2.875, 8.625, 3.0625], "texture": "#3"},
				"south": {"uv": [7.375, 4.75, 8.53125, 4.9375], "texture": "#3"},
				"west": {"uv": [8.5, 3.625, 8.625, 3.8125], "texture": "#3"},
				"up": {"uv": [8.40625, 7.125, 7.25, 7], "texture": "#3"},
				"down": {"uv": [8.53125, 1.375, 7.375, 1.5], "texture": "#3"}
			}
		},
		{
			"from": [3.4, 1.9, -0.2],
			"to": [12.6, 2.1, 1.8],
			"rotation": {"angle": 0, "axis": "y", "origin": [3.3, 1.9, -0.4]},
			"faces": {
				"north": {"uv": [8.125, 2.625, 9.28125, 2.65625], "texture": "#3"},
				"east": {"uv": [9.125, 7.25, 9.375, 7.28125], "texture": "#3"},
				"south": {"uv": [8.125, 5.375, 9.28125, 5.40625], "texture": "#3"},
				"west": {"uv": [9.125, 7.375, 9.375, 7.40625], "texture": "#3"},
				"up": {"uv": [5.65625, 7.125, 4.5, 6.875], "texture": "#3"},
				"down": {"uv": [1.15625, 7, 0, 7.25], "texture": "#3"}
			}
		},
		{
			"from": [3.7, 2.1, -1.1],
			"to": [12.3, 4.2, -0.1],
			"rotation": {"angle": 0, "axis": "y", "origin": [3.3, 2.1, -2.1]},
			"faces": {
				"north": {"uv": [1.25, 7.25, 2.3125, 7.5], "texture": "#3"},
				"east": {"uv": [8.125, 7.75, 8.25, 8], "texture": "#3"},
				"south": {"uv": [7.25, 1.625, 8.3125, 1.875], "texture": "#3"},
				"west": {"uv": [8, 8.125, 8.125, 8.375], "texture": "#3"},
				"up": {"uv": [2.3125, 7.625, 1.25, 7.5], "texture": "#3"},
				"down": {"uv": [8.5625, 6.5, 7.5, 6.625], "texture": "#3"}
			}
		},
		{
			"from": [3.1, 2, -2.1],
			"to": [12.9, 4, -0.2],
			"rotation": {"angle": 0, "axis": "y", "origin": [3.1, 2.1, -2.1]},
			"faces": {
				"north": {"uv": [6.5, 4.25, 7.71875, 4.5], "texture": "#3"},
				"east": {"uv": [5.625, 3.75, 5.875, 4], "texture": "#3"},
				"south": {"uv": [6.5, 4.5, 7.71875, 4.75], "texture": "#3"},
				"west": {"uv": [5.75, 6.875, 6, 7.125], "texture": "#3"},
				"up": {"uv": [7.71875, 5.625, 6.5, 5.375], "texture": "#3"},
				"down": {"uv": [7.71875, 5.625, 6.5, 5.875], "texture": "#3"}
			}
		},
		{
			"from": [3, 1.5, -0.7],
			"to": [3.4, 2.6, 2.3],
			"rotation": {"angle": 0, "axis": "y", "origin": [1.7, 2, -0.7]},
			"faces": {
				"north": {"uv": [7.5, 9.125, 7.5625, 9.25], "texture": "#3"},
				"east": {"uv": [2, 6.375, 2.375, 6.5], "texture": "#3"},
				"south": {"uv": [9.125, 7.5, 9.1875, 7.625], "texture": "#3"},
				"west": {"uv": [7.875, 2.875, 8.25, 3], "texture": "#3"},
				"up": {"uv": [8.5625, 7.125, 8.5, 6.75], "texture": "#3"},
				"down": {"uv": [8.6875, 0.25, 8.625, 0.625], "texture": "#3"}
			}
		},
		{
			"from": [3.1, 3.91411, 26.44548],
			"to": [12.9, 7.01411, 26.54548],
			"rotation": {"angle": 15, "axis": "x", "origin": [3.1, 4.01411, 26.54548]},
			"faces": {
				"north": {"uv": [6, 3.625, 7.21875, 4], "texture": "#3"},
				"east": {"uv": [9, 6.5, 9.03125, 6.875], "texture": "#3"},
				"south": {"uv": [6.25, 0, 7.46875, 0.375], "texture": "#3"},
				"west": {"uv": [6.625, 9, 6.65625, 9.375], "texture": "#3"},
				"up": {"uv": [9.34375, 2.15625, 8.125, 2.125], "texture": "#3"},
				"down": {"uv": [9.34375, 2.25, 8.125, 2.28125], "texture": "#3"}
			}
		},
		{
			"from": [12.6, 1.5, -0.7],
			"to": [13, 2.6, 2.3],
			"rotation": {"angle": 0, "axis": "y", "origin": [14.3, 2, -0.7]},
			"faces": {
				"north": {"uv": [7.625, 9.125, 7.6875, 9.25], "texture": "#3"},
				"east": {"uv": [7.875, 3, 8.25, 3.125], "texture": "#3"},
				"south": {"uv": [9.125, 7.625, 9.1875, 7.75], "texture": "#3"},
				"west": {"uv": [7.875, 3.125, 8.25, 3.25], "texture": "#3"},
				"up": {"uv": [8.6875, 1.5, 8.625, 1.125], "texture": "#3"},
				"down": {"uv": [8.6875, 1.625, 8.625, 2], "texture": "#3"}
			}
		},
		{
			"from": [6.35, 0.4, 3.225],
			"to": [6.6, 8.3, 3.525],
			"rotation": {"angle": 0, "axis": "y", "origin": [4.625, 5.4, 1.525]},
			"faces": {
				"north": {"uv": [8.125, 8.125, 8.15625, 9.125], "texture": "#3"},
				"east": {"uv": [0, 8.25, 0.03125, 9.25], "texture": "#3"},
				"south": {"uv": [0.125, 8.25, 0.15625, 9.25], "texture": "#3"},
				"west": {"uv": [0.25, 8.25, 0.28125, 9.25], "texture": "#3"},
				"up": {"uv": [9.28125, 6.78125, 9.25, 6.75], "texture": "#3"},
				"down": {"uv": [6.90625, 9.25, 6.875, 9.28125], "texture": "#3"}
			}
		},
		{
			"from": [9.4, 0.4, 8.225],
			"to": [9.65, 8.3, 8.525],
			"rotation": {"angle": 0, "axis": "y", "origin": [11.375, 5.4, 6.525]},
			"faces": {
				"north": {"uv": [8.25, 8.125, 8.28125, 9.125], "texture": "#3"},
				"east": {"uv": [7.25, 8.375, 7.28125, 9.375], "texture": "#3"},
				"south": {"uv": [7.375, 8.375, 7.40625, 9.375], "texture": "#3"},
				"west": {"uv": [8.375, 7.75, 8.40625, 8.75], "texture": "#3"},
				"up": {"uv": [9.28125, 8.28125, 9.25, 8.25], "texture": "#3"},
				"down": {"uv": [9.28125, 8.375, 9.25, 8.40625], "texture": "#3"}
			}
		},
		{
			"from": [6.35, 0.4, 8.225],
			"to": [6.6, 8.3, 8.525],
			"rotation": {"angle": 0, "axis": "y", "origin": [4.625, 5.4, 6.525]},
			"faces": {
				"north": {"uv": [6.75, 8.25, 6.78125, 9.25], "texture": "#3"},
				"east": {"uv": [6.875, 8.25, 6.90625, 9.25], "texture": "#3"},
				"south": {"uv": [7, 8.25, 7.03125, 9.25], "texture": "#3"},
				"west": {"uv": [7.125, 8.25, 7.15625, 9.25], "texture": "#3"},
				"up": {"uv": [9.28125, 8.15625, 9.25, 8.125], "texture": "#3"},
				"down": {"uv": [8.28125, 9.25, 8.25, 9.28125], "texture": "#3"}
			}
		},
		{
			"from": [9.4, 0.4, 16.225],
			"to": [9.65, 8.3, 16.525],
			"rotation": {"angle": 0, "axis": "y", "origin": [11.375, 5.4, 14.525]},
			"faces": {
				"north": {"uv": [4.625, 8.5, 4.65625, 9.5], "texture": "#3"},
				"east": {"uv": [8.5, 7.75, 8.53125, 8.75], "texture": "#3"},
				"south": {"uv": [0.625, 8.625, 0.65625, 9.625], "texture": "#3"},
				"west": {"uv": [0.75, 8.625, 0.78125, 9.625], "texture": "#3"},
				"up": {"uv": [8.78125, 9.28125, 8.75, 9.25], "texture": "#3"},
				"down": {"uv": [9.28125, 8.75, 9.25, 8.78125], "texture": "#3"}
			}
		},
		{
			"from": [6.35, 0.4, 16.225],
			"to": [6.6, 8.3, 16.525],
			"rotation": {"angle": 0, "axis": "y", "origin": [4.625, 5.4, 14.525]},
			"faces": {
				"north": {"uv": [8, 8.375, 8.03125, 9.375], "texture": "#3"},
				"east": {"uv": [0.375, 8.5, 0.40625, 9.5], "texture": "#3"},
				"south": {"uv": [0.5, 8.5, 0.53125, 9.5], "texture": "#3"},
				"west": {"uv": [4.5, 8.5, 4.53125, 9.5], "texture": "#3"},
				"up": {"uv": [9.28125, 8.53125, 9.25, 8.5], "texture": "#3"},
				"down": {"uv": [9.28125, 8.625, 9.25, 8.65625], "texture": "#3"}
			}
		},
		{
			"from": [9.4, 0.4, 21.225],
			"to": [9.65, 8.3, 21.525],
			"rotation": {"angle": 0, "axis": "y", "origin": [11.375, 5.4, 19.525]},
			"faces": {
				"north": {"uv": [1.375, 8.625, 1.40625, 9.625], "texture": "#3"},
				"east": {"uv": [1.5, 8.625, 1.53125, 9.625], "texture": "#3"},
				"south": {"uv": [1.625, 8.625, 1.65625, 9.625], "texture": "#3"},
				"west": {"uv": [1.75, 8.625, 1.78125, 9.625], "texture": "#3"},
				"up": {"uv": [9.03125, 9.28125, 9, 9.25], "texture": "#3"},
				"down": {"uv": [9.28125, 9, 9.25, 9.03125], "texture": "#3"}
			}
		},
		{
			"from": [6.35, 0.4, 21.225],
			"to": [6.6, 8.3, 21.525],
			"rotation": {"angle": 0, "axis": "y", "origin": [4.625, 5.4, 19.525]},
			"faces": {
				"north": {"uv": [0.875, 8.625, 0.90625, 9.625], "texture": "#3"},
				"east": {"uv": [1, 8.625, 1.03125, 9.625], "texture": "#3"},
				"south": {"uv": [1.125, 8.625, 1.15625, 9.625], "texture": "#3"},
				"west": {"uv": [1.25, 8.625, 1.28125, 9.625], "texture": "#3"},
				"up": {"uv": [8.90625, 9.28125, 8.875, 9.25], "texture": "#3"},
				"down": {"uv": [9.28125, 8.875, 9.25, 8.90625], "texture": "#3"}
			}
		},
		{
			"from": [12.175, 2.4, 2.725],
			"to": [12.475, 7.4, 3.025],
			"rotation": {"angle": 0, "axis": "y", "origin": [14.175, 5.4, 1.025]},
			"faces": {
				"north": {"uv": [8.75, 7.875, 8.78125, 8.5], "texture": "#3"},
				"east": {"uv": [8.375, 8.75, 8.40625, 9.375], "texture": "#3"},
				"south": {"uv": [8.5, 8.75, 8.53125, 9.375], "texture": "#3"},
				"west": {"uv": [8.75, 8.5, 8.78125, 9.125], "texture": "#3"},
				"up": {"uv": [9.28125, 6.90625, 9.25, 6.875], "texture": "#3"},
				"down": {"uv": [7.03125, 9.25, 7, 9.28125], "texture": "#3"}
			}
		},
		{
			"from": [3.3, 0.4, 8.425],
			"to": [4.2, 1.9, 9.425],
			"rotation": {"angle": 0, "axis": "y", "origin": [2.2, 0.4, 7.425]},
			"faces": {
				"north": {"uv": [8.5, 6.25, 8.625, 6.4375], "texture": "#3"},
				"east": {"uv": [8.5, 7.375, 8.625, 7.5625], "texture": "#3"},
				"south": {"uv": [1.875, 8.625, 2, 8.8125], "texture": "#3"},
				"west": {"uv": [2, 8.625, 2.125, 8.8125], "texture": "#3"},
				"up": {"uv": [8.75, 6.125, 8.625, 6], "texture": "#3"},
				"down": {"uv": [8.75, 7, 8.625, 7.125], "texture": "#3"}
			}
		},
		{
			"from": [11.8, 0.4, 2.375],
			"to": [12.7, 1.9, 3.375],
			"rotation": {"angle": 0, "axis": "y", "origin": [13.8, 0.4, 1.375]},
			"faces": {
				"north": {"uv": [2.125, 8.625, 2.25, 8.8125], "texture": "#3"},
				"east": {"uv": [2.25, 8.625, 2.375, 8.8125], "texture": "#3"},
				"south": {"uv": [2.375, 8.625, 2.5, 8.8125], "texture": "#3"},
				"west": {"uv": [2.75, 8.625, 2.875, 8.8125], "texture": "#3"},
				"up": {"uv": [8.875, 3.25, 8.75, 3.125], "texture": "#3"},
				"down": {"uv": [8.875, 4.875, 8.75, 5], "texture": "#3"}
			}
		},
		{
			"from": [3.15, 1.9, 8.45],
			"to": [4.175, 2.4, 9.4],
			"rotation": {"angle": 0, "axis": "y", "origin": [2.175, 0.4, 7.4]},
			"faces": {
				"north": {"uv": [7.75, 9.125, 7.875, 9.1875], "texture": "#3"},
				"east": {"uv": [9.125, 7.75, 9.25, 7.8125], "texture": "#3"},
				"south": {"uv": [7.875, 9.125, 8, 9.1875], "texture": "#3"},
				"west": {"uv": [9.125, 7.875, 9.25, 7.9375], "texture": "#3"},
				"up": {"uv": [8.875, 6.125, 8.75, 6], "texture": "#3"},
				"down": {"uv": [9, 3.125, 8.875, 3.25], "texture": "#3"}
			}
		},
		{
			"from": [11.825, 1.9, 8.45],
			"to": [12.85, 2.4, 9.4],
			"rotation": {"angle": 0, "axis": "y", "origin": [13.825, 0.4, 7.4]},
			"faces": {
				"north": {"uv": [9.125, 8, 9.25, 8.0625], "texture": "#3"},
				"east": {"uv": [8.125, 9.125, 8.25, 9.1875], "texture": "#3"},
				"south": {"uv": [9.125, 8.125, 9.25, 8.1875], "texture": "#3"},
				"west": {"uv": [8.25, 9.125, 8.375, 9.1875], "texture": "#3"},
				"up": {"uv": [9, 5.375, 8.875, 5.25], "texture": "#3"},
				"down": {"uv": [9, 6, 8.875, 6.125], "texture": "#3"}
			}
		},
		{
			"from": [3.525, 2.4, 8.775],
			"to": [3.825, 7, 9.075],
			"rotation": {"angle": 0, "axis": "y", "origin": [1.825, 2.4, 7.075]},
			"faces": {
				"north": {"uv": [3.75, 8.875, 3.78125, 9.4375], "texture": "#3"},
				"east": {"uv": [3.875, 8.875, 3.90625, 9.4375], "texture": "#3"},
				"south": {"uv": [4, 8.875, 4.03125, 9.4375], "texture": "#3"},
				"west": {"uv": [8.875, 4, 8.90625, 4.5625], "texture": "#3"},
				"up": {"uv": [9.28125, 7.03125, 9.25, 7], "texture": "#3"},
				"down": {"uv": [7.15625, 9.25, 7.125, 9.28125], "texture": "#3"}
			}
		},
		{
			"from": [12.175, 2.4, 8.775],
			"to": [12.475, 7, 9.075],
			"rotation": {"angle": 0, "axis": "y", "origin": [14.175, 2.4, 7.075]},
			"faces": {
				"north": {"uv": [4.125, 8.875, 4.15625, 9.4375], "texture": "#3"},
				"east": {"uv": [4.25, 8.875, 4.28125, 9.4375], "texture": "#3"},
				"south": {"uv": [4.375, 8.875, 4.40625, 9.4375], "texture": "#3"},
				"west": {"uv": [5.625, 8.875, 5.65625, 9.4375], "texture": "#3"},
				"up": {"uv": [7.53125, 9.28125, 7.5, 9.25], "texture": "#3"},
				"down": {"uv": [9.28125, 7.5, 9.25, 7.53125], "texture": "#3"}
			}
		},
		{
			"from": [3.425, 6.9, 8.675],
			"to": [3.925, 8.3, 9.175],
			"rotation": {"angle": 0, "axis": "y", "origin": [1.925, 6.9, 7.175]},
			"faces": {
				"north": {"uv": [9, 6.875, 9.0625, 7.0625], "texture": "#3"},
				"east": {"uv": [9, 7.25, 9.0625, 7.4375], "texture": "#3"},
				"south": {"uv": [9, 7.5, 9.0625, 7.6875], "texture": "#3"},
				"west": {"uv": [9, 7.75, 9.0625, 7.9375], "texture": "#3"},
				"up": {"uv": [9.3125, 3.5625, 9.25, 3.5], "texture": "#3"},
				"down": {"uv": [3.6875, 9.25, 3.625, 9.3125], "texture": "#3"}
			}
		},
		{
			"from": [12.075, 6.9, 2.65],
			"to": [12.575, 8.3, 3.15],
			"rotation": {"angle": 0, "axis": "y", "origin": [14.075, 6.9, 1.15]},
			"faces": {
				"north": {"uv": [9, 8, 9.0625, 8.1875], "texture": "#3"},
				"east": {"uv": [9, 8.25, 9.0625, 8.4375], "texture": "#3"},
				"south": {"uv": [9, 8.5, 9.0625, 8.6875], "texture": "#3"},
				"west": {"uv": [9, 8.75, 9.0625, 8.9375], "texture": "#3"},
				"up": {"uv": [9.3125, 3.6875, 9.25, 3.625], "texture": "#3"},
				"down": {"uv": [9.3125, 3.75, 9.25, 3.8125], "texture": "#3"}
			}
		},
		{
			"from": [3.3, 0.4, 21.425],
			"to": [4.2, 1.9, 22.425],
			"rotation": {"angle": 0, "axis": "y", "origin": [2.2, 0.4, 20.425]},
			"faces": {
				"north": {"uv": [4.375, 8.625, 4.5, 8.8125], "texture": "#3"},
				"east": {"uv": [8.625, 4.5, 8.75, 4.6875], "texture": "#3"},
				"south": {"uv": [8.625, 4.75, 8.75, 4.9375], "texture": "#3"},
				"west": {"uv": [5.625, 8.625, 5.75, 8.8125], "texture": "#3"},
				"up": {"uv": [9.125, 3.5, 9, 3.375], "texture": "#3"},
				"down": {"uv": [9.125, 3.5, 9, 3.625], "texture": "#3"}
			}
		},
		{
			"from": [3.15, 1.9, 21.45],
			"to": [4.175, 2.4, 22.4],
			"rotation": {"angle": 0, "axis": "y", "origin": [2.175, 0.4, 20.4]},
			"faces": {
				"north": {"uv": [0.125, 9.25, 0.25, 9.3125], "texture": "#3"},
				"east": {"uv": [9.25, 0.125, 9.375, 0.1875], "texture": "#3"},
				"south": {"uv": [0.25, 9.25, 0.375, 9.3125], "texture": "#3"},
				"west": {"uv": [9.25, 0.25, 9.375, 0.3125], "texture": "#3"},
				"up": {"uv": [9.125, 3.25, 9, 3.125], "texture": "#3"},
				"down": {"uv": [9.125, 3.25, 9, 3.375], "texture": "#3"}
			}
		},
		{
			"from": [3.525, 2.4, 21.775],
			"to": [3.825, 7, 22.075],
			"rotation": {"angle": 0, "axis": "y", "origin": [1.825, 2.4, 20.075]},
			"faces": {
				"north": {"uv": [8.875, 7.875, 8.90625, 8.4375], "texture": "#3"},
				"east": {"uv": [8.875, 8.5, 8.90625, 9.0625], "texture": "#3"},
				"south": {"uv": [8.625, 8.875, 8.65625, 9.4375], "texture": "#3"},
				"west": {"uv": [9, 0, 9.03125, 0.5625], "texture": "#3"},
				"up": {"uv": [9.28125, 8.03125, 9.25, 8], "texture": "#3"},
				"down": {"uv": [8.15625, 9.25, 8.125, 9.28125], "texture": "#3"}
			}
		},
		{
			"from": [3.425, 6.9, 21.675],
			"to": [3.925, 8.3, 22.175],
			"rotation": {"angle": 0, "axis": "y", "origin": [1.925, 6.9, 20.175]},
			"faces": {
				"north": {"uv": [9.125, 3.25, 9.1875, 3.4375], "texture": "#3"},
				"east": {"uv": [9.125, 3.5, 9.1875, 3.6875], "texture": "#3"},
				"south": {"uv": [9.125, 4, 9.1875, 4.1875], "texture": "#3"},
				"west": {"uv": [9.125, 4.25, 9.1875, 4.4375], "texture": "#3"},
				"up": {"uv": [9.3125, 4.8125, 9.25, 4.75], "texture": "#3"},
				"down": {"uv": [9.3125, 4.875, 9.25, 4.9375], "texture": "#3"}
			}
		},
		{
			"from": [3.425, 6.9, 15.65],
			"to": [3.925, 8.3, 16.15],
			"rotation": {"angle": 0, "axis": "y", "origin": [1.825, 7.4, 14.05]},
			"faces": {
				"north": {"uv": [2.5, 9.125, 2.5625, 9.3125], "texture": "#3"},
				"east": {"uv": [2.625, 9.125, 2.6875, 9.3125], "texture": "#3"},
				"south": {"uv": [9.125, 2.75, 9.1875, 2.9375], "texture": "#3"},
				"west": {"uv": [9.125, 3, 9.1875, 3.1875], "texture": "#3"},
				"up": {"uv": [9.3125, 4.5625, 9.25, 4.5], "texture": "#3"},
				"down": {"uv": [9.3125, 4.625, 9.25, 4.6875], "texture": "#3"}
			}
		},
		{
			"from": [3.3, 0.4, 15.375],
			"to": [4.2, 1.9, 16.375],
			"rotation": {"angle": 0, "axis": "y", "origin": [3.2, 0.4, 14.375]},
			"faces": {
				"north": {"uv": [3.875, 8.625, 4, 8.8125], "texture": "#3"},
				"east": {"uv": [4, 8.625, 4.125, 8.8125], "texture": "#3"},
				"south": {"uv": [4.125, 8.625, 4.25, 8.8125], "texture": "#3"},
				"west": {"uv": [4.25, 8.625, 4.375, 8.8125], "texture": "#3"},
				"up": {"uv": [9.125, 3, 9, 2.875], "texture": "#3"},
				"down": {"uv": [9.125, 3, 9, 3.125], "texture": "#3"}
			}
		},
		{
			"from": [3.1, 1.9, 15.4],
			"to": [4.175, 2.4, 16.35],
			"rotation": {"angle": 0, "axis": "y", "origin": [2.2, 1.9, 14.375]},
			"faces": {
				"north": {"uv": [9.125, 9, 9.25, 9.0625], "texture": "#3"},
				"east": {"uv": [9.125, 9.125, 9.25, 9.1875], "texture": "#3"},
				"south": {"uv": [0, 9.25, 0.125, 9.3125], "texture": "#3"},
				"west": {"uv": [9.25, 0, 9.375, 0.0625], "texture": "#3"},
				"up": {"uv": [9.125, 2, 9, 1.875], "texture": "#3"},
				"down": {"uv": [9.125, 2.75, 9, 2.875], "texture": "#3"}
			}
		},
		{
			"from": [3.525, 2.4, 15.725],
			"to": [3.825, 7.4, 16.025],
			"rotation": {"angle": 0, "axis": "y", "origin": [2.675, 2.4, 14.975]},
			"faces": {
				"north": {"uv": [2.125, 8.875, 2.15625, 9.5], "texture": "#3"},
				"east": {"uv": [2.25, 8.875, 2.28125, 9.5], "texture": "#3"},
				"south": {"uv": [2.375, 8.875, 2.40625, 9.5], "texture": "#3"},
				"west": {"uv": [2.75, 8.875, 2.78125, 9.5], "texture": "#3"},
				"up": {"uv": [7.90625, 9.28125, 7.875, 9.25], "texture": "#3"},
				"down": {"uv": [9.28125, 7.875, 9.25, 7.90625], "texture": "#3"}
			}
		},
		{
			"from": [11.825, 1.9, 15.4],
			"to": [12.9, 2.4, 16.35],
			"rotation": {"angle": 0, "axis": "y", "origin": [13.8, 1.9, 14.375]},
			"faces": {
				"north": {"uv": [8.75, 9.125, 8.875, 9.1875], "texture": "#3"},
				"east": {"uv": [9.125, 8.75, 9.25, 8.8125], "texture": "#3"},
				"south": {"uv": [8.875, 9.125, 9, 9.1875], "texture": "#3"},
				"west": {"uv": [9.125, 8.875, 9.25, 8.9375], "texture": "#3"},
				"up": {"uv": [9.125, 1.75, 9, 1.625], "texture": "#3"},
				"down": {"uv": [9.125, 1.75, 9, 1.875], "texture": "#3"}
			}
		},
		{
			"from": [11.8, 0.4, 15.375],
			"to": [12.7, 1.9, 16.375],
			"rotation": {"angle": 0, "axis": "y", "origin": [13.8, 0.4, 14.375]},
			"faces": {
				"north": {"uv": [3.5, 8.625, 3.625, 8.8125], "texture": "#3"},
				"east": {"uv": [3.625, 8.625, 3.75, 8.8125], "texture": "#3"},
				"south": {"uv": [8.625, 3.625, 8.75, 3.8125], "texture": "#3"},
				"west": {"uv": [3.75, 8.625, 3.875, 8.8125], "texture": "#3"},
				"up": {"uv": [9.125, 1.375, 9, 1.25], "texture": "#3"},
				"down": {"uv": [9.125, 1.375, 9, 1.5], "texture": "#3"}
			}
		},
		{
			"from": [12.175, 2.4, 15.725],
			"to": [12.475, 7.4, 16.025],
			"rotation": {"angle": 0, "axis": "y", "origin": [14.175, 5.4, 14.025]},
			"faces": {
				"north": {"uv": [8.875, 0, 8.90625, 0.625], "texture": "#3"},
				"east": {"uv": [8.875, 0.625, 8.90625, 1.25], "texture": "#3"},
				"south": {"uv": [1.875, 8.875, 1.90625, 9.5], "texture": "#3"},
				"west": {"uv": [2, 8.875, 2.03125, 9.5], "texture": "#3"},
				"up": {"uv": [7.78125, 9.28125, 7.75, 9.25], "texture": "#3"},
				"down": {"uv": [9.28125, 7.75, 9.25, 7.78125], "texture": "#3"}
			}
		},
		{
			"from": [12.075, 6.9, 15.65],
			"to": [12.575, 8.3, 16.15],
			"rotation": {"angle": 0, "axis": "y", "origin": [14.075, 6.9, 14.15]},
			"faces": {
				"north": {"uv": [9.125, 0.75, 9.1875, 0.9375], "texture": "#3"},
				"east": {"uv": [9.125, 1, 9.1875, 1.1875], "texture": "#3"},
				"south": {"uv": [9.125, 1.25, 9.1875, 1.4375], "texture": "#3"},
				"west": {"uv": [9.125, 1.625, 9.1875, 1.8125], "texture": "#3"},
				"up": {"uv": [9.3125, 4.3125, 9.25, 4.25], "texture": "#3"},
				"down": {"uv": [9.3125, 4.375, 9.25, 4.4375], "texture": "#3"}
			}
		},
		{
			"from": [12.075, 6.9, 21.675],
			"to": [12.575, 8.3, 22.175],
			"rotation": {"angle": 0, "axis": "y", "origin": [14.075, 6.9, 20.175]},
			"faces": {
				"north": {"uv": [9, 9, 9.0625, 9.1875], "texture": "#3"},
				"east": {"uv": [9.125, 0, 9.1875, 0.1875], "texture": "#3"},
				"south": {"uv": [9.125, 0.25, 9.1875, 0.4375], "texture": "#3"},
				"west": {"uv": [9.125, 0.5, 9.1875, 0.6875], "texture": "#3"},
				"up": {"uv": [9.3125, 4.0625, 9.25, 4], "texture": "#3"},
				"down": {"uv": [9.3125, 4.125, 9.25, 4.1875], "texture": "#3"}
			}
		},
		{
			"from": [12.175, 2.4, 21.775],
			"to": [12.475, 7, 22.075],
			"rotation": {"angle": 0, "axis": "y", "origin": [14.175, 2.4, 20.075]},
			"faces": {
				"north": {"uv": [5.75, 8.875, 5.78125, 9.4375], "texture": "#3"},
				"east": {"uv": [5.875, 8.875, 5.90625, 9.4375], "texture": "#3"},
				"south": {"uv": [8.875, 6.25, 8.90625, 6.8125], "texture": "#3"},
				"west": {"uv": [8.875, 7.25, 8.90625, 7.8125], "texture": "#3"},
				"up": {"uv": [7.65625, 9.28125, 7.625, 9.25], "texture": "#3"},
				"down": {"uv": [9.28125, 7.625, 9.25, 7.65625], "texture": "#3"}
			}
		},
		{
			"from": [11.825, 1.9, 21.45],
			"to": [12.85, 2.4, 22.4],
			"rotation": {"angle": 0, "axis": "y", "origin": [13.825, 0.4, 20.4]},
			"faces": {
				"north": {"uv": [9.125, 8.25, 9.25, 8.3125], "texture": "#3"},
				"east": {"uv": [9.125, 8.375, 9.25, 8.4375], "texture": "#3"},
				"south": {"uv": [9.125, 8.5, 9.25, 8.5625], "texture": "#3"},
				"west": {"uv": [9.125, 8.625, 9.25, 8.6875], "texture": "#3"},
				"up": {"uv": [9.125, 1.125, 9, 1], "texture": "#3"},
				"down": {"uv": [9.125, 1.125, 9, 1.25], "texture": "#3"}
			}
		},
		{
			"from": [11.8, 0.4, 21.425],
			"to": [12.7, 1.9, 22.425],
			"rotation": {"angle": 0, "axis": "y", "origin": [13.8, 0.4, 20.425]},
			"faces": {
				"north": {"uv": [8.625, 2.75, 8.75, 2.9375], "texture": "#3"},
				"east": {"uv": [2.875, 8.625, 3, 8.8125], "texture": "#3"},
				"south": {"uv": [3, 8.625, 3.125, 8.8125], "texture": "#3"},
				"west": {"uv": [8.625, 3, 8.75, 3.1875], "texture": "#3"},
				"up": {"uv": [9, 7, 8.875, 6.875], "texture": "#3"},
				"down": {"uv": [9, 7, 8.875, 7.125], "texture": "#3"}
			}
		},
		{
			"from": [3.1, 1.5, 9.55],
			"to": [3.4, 2.6, 15.25],
			"rotation": {"angle": 0, "axis": "y", "origin": [1.4, 0.6, 10.3]},
			"faces": {
				"north": {"uv": [9.25, 5.25, 9.28125, 5.375], "texture": "#3"},
				"east": {"uv": [2, 7.625, 2.71875, 7.75], "texture": "#3"},
				"south": {"uv": [9.25, 5.75, 9.28125, 5.875], "texture": "#3"},
				"west": {"uv": [3.5, 7.625, 4.21875, 7.75], "texture": "#3"},
				"up": {"uv": [8.65625, 6.96875, 8.625, 6.25], "texture": "#3"},
				"down": {"uv": [6.40625, 8.625, 6.375, 9.34375], "texture": "#3"}
			}
		},
		{
			"from": [12.6, 1.5, 9.45],
			"to": [12.9, 2.6, 15.35],
			"rotation": {"angle": 0, "axis": "y", "origin": [14.6, 0.6, 10.3]},
			"faces": {
				"north": {"uv": [9.25, 5, 9.28125, 5.125], "texture": "#3"},
				"east": {"uv": [1.25, 6.75, 1.96875, 6.875], "texture": "#3"},
				"south": {"uv": [9.25, 5.125, 9.28125, 5.25], "texture": "#3"},
				"west": {"uv": [1.25, 7.625, 1.96875, 7.75], "texture": "#3"},
				"up": {"uv": [6.03125, 9.34375, 6, 8.625], "texture": "#3"},
				"down": {"uv": [6.28125, 8.625, 6.25, 9.34375], "texture": "#3"}
			}
		},
		{
			"from": [3.3, 0.4, 10.1],
			"to": [12.7, 1.9, 14.7],
			"rotation": {"angle": 0, "axis": "y", "origin": [3.3, -0.1, 10.1]},
			"faces": {
				"north": {"uv": [7.25, 6.75, 8.4375, 6.9375], "texture": "#3"},
				"east": {"uv": [3.375, 5, 3.9375, 5.1875], "texture": "#3"},
				"south": {"uv": [7.375, 1.125, 8.5625, 1.3125], "texture": "#3"},
				"west": {"uv": [5, 3.75, 5.5625, 3.9375], "texture": "#3"},
				"up": {"uv": [2.3125, 6.3125, 1.125, 5.75], "texture": "#3"},
				"down": {"uv": [7.1875, 1.5, 6, 2.0625], "texture": "#3"}
			}
		},
		{
			"from": [3.4, 1.9, 9.9],
			"to": [12.6, 2.1, 14.9],
			"rotation": {"angle": 0, "axis": "y", "origin": [3.5, 0.1, 9.9]},
			"faces": {
				"north": {"uv": [8.125, 5.75, 9.25, 5.78125], "texture": "#3"},
				"east": {"uv": [8.625, 2, 9.25, 2.03125], "texture": "#3"},
				"south": {"uv": [8.125, 5.875, 9.25, 5.90625], "texture": "#3"},
				"west": {"uv": [8.625, 5, 9.25, 5.03125], "texture": "#3"},
				"up": {"uv": [6.5, 6.125, 5.375, 5.5], "texture": "#3"},
				"down": {"uv": [1.125, 5.75, 0, 6.375], "texture": "#3"}
			}
		},
		{
			"from": [3.7, 2, 12.1],
			"to": [12.05, 4.2, 13.6],
			"rotation": {"angle": 0, "axis": "y", "origin": [10.3, 2.2, 11.4]},
			"faces": {
				"north": {"uv": [6.75, 2.5, 7.8125, 2.78125], "texture": "#3"},
				"east": {"uv": [7.75, 5.375, 7.9375, 5.65625], "texture": "#3"},
				"south": {"uv": [6.75, 2.875, 7.8125, 3.15625], "texture": "#3"},
				"west": {"uv": [7.75, 5.75, 7.9375, 6.03125], "texture": "#3"},
				"up": {"uv": [8.5625, 0.4375, 7.5, 0.25], "texture": "#3"},
				"down": {"uv": [8.5625, 0.5, 7.5, 0.6875], "texture": "#3"}
			}
		},
		{
			"from": [3.1, 2, 12.2],
			"to": [12.9, 4, 13.5],
			"rotation": {"angle": 0, "axis": "y", "origin": [3.1, 2, 11.9]},
			"faces": {
				"north": {"uv": [6.375, 5.125, 7.59375, 5.375], "texture": "#3"},
				"east": {"uv": [6.75, 8, 6.90625, 8.25], "texture": "#3"},
				"south": {"uv": [6.5, 4, 7.71875, 4.25], "texture": "#3"},
				"west": {"uv": [7, 8, 7.15625, 8.25], "texture": "#3"},
				"up": {"uv": [8.71875, 0.90625, 7.5, 0.75], "texture": "#3"},
				"down": {"uv": [7.46875, 7.5, 6.25, 7.65625], "texture": "#3"}
			}
		},
		{
			"from": [3.3, 0.4, 23.1],
			"to": [12.6, 1.9, 24.1],
			"rotation": {"angle": 0, "axis": "y", "origin": [3.3, -0.1, 22.1]},
			"faces": {
				"north": {"uv": [0, 7.5, 1.15625, 7.6875], "texture": "#3"},
				"east": {"uv": [5.75, 8.625, 5.875, 8.8125], "texture": "#3"},
				"south": {"uv": [7.5, 0, 8.65625, 0.1875], "texture": "#3"},
				"west": {"uv": [5.875, 8.625, 6, 8.8125], "texture": "#3"},
				"up": {"uv": [8.53125, 5.125, 7.375, 5], "texture": "#3"},
				"down": {"uv": [8.65625, 1, 7.5, 1.125], "texture": "#3"}
			}
		},
		{
			"from": [3.4, 1.9, 22.9],
			"to": [12.6, 2.1, 24.9],
			"rotation": {"angle": 0, "axis": "y", "origin": [3.5, 0.1, 22.9]},
			"faces": {
				"north": {"uv": [8.125, 5.5, 9.28125, 5.53125], "texture": "#3"},
				"east": {"uv": [9.25, 0.375, 9.5, 0.40625], "texture": "#3"},
				"south": {"uv": [8.125, 5.625, 9.28125, 5.65625], "texture": "#3"},
				"west": {"uv": [9.25, 0.5, 9.5, 0.53125], "texture": "#3"},
				"up": {"uv": [5.65625, 7.375, 4.5, 7.125], "texture": "#3"},
				"down": {"uv": [1.15625, 7.25, 0, 7.5], "texture": "#3"}
			}
		},
		{
			"from": [3.7, 2.1, 24.8],
			"to": [12.3, 4.2, 25.8],
			"rotation": {"angle": 0, "axis": "y", "origin": [3.7, 2.2, 23.8]},
			"faces": {
				"north": {"uv": [7.25, 1.875, 8.3125, 2.125], "texture": "#3"},
				"east": {"uv": [8.25, 2.875, 8.375, 3.125], "texture": "#3"},
				"south": {"uv": [7.25, 3.625, 8.3125, 3.875], "texture": "#3"},
				"west": {"uv": [8.25, 7.375, 8.375, 7.625], "texture": "#3"},
				"up": {"uv": [8.5625, 6.75, 7.5, 6.625], "texture": "#3"},
				"down": {"uv": [8.5625, 7.25, 7.5, 7.375], "texture": "#3"}
			}
		},
		{
			"from": [3.1, 2, 24.9],
			"to": [12.9, 4.025, 26.8],
			"rotation": {"angle": 0, "axis": "y", "origin": [3.1, 2, 24.8]},
			"faces": {
				"north": {"uv": [6.5, 5.875, 7.71875, 6.125], "texture": "#3"},
				"east": {"uv": [5.75, 7.125, 6, 7.375], "texture": "#3"},
				"south": {"uv": [6.25, 6.5, 7.46875, 6.75], "texture": "#3"},
				"west": {"uv": [7.75, 4.5, 8, 4.75], "texture": "#3"},
				"up": {"uv": [4.71875, 6.875, 3.5, 6.625], "texture": "#3"},
				"down": {"uv": [1.21875, 6.75, 0, 7], "texture": "#3"}
			}
		},
		{
			"from": [3.1, 3.88823, -1.95111],
			"to": [12.9, 6.98823, -1.85111],
			"rotation": {"angle": -15, "axis": "x", "origin": [3.1, 3.98823, -1.95111]},
			"faces": {
				"north": {"uv": [6.25, 0.375, 7.46875, 0.75], "texture": "#3"},
				"east": {"uv": [9.125, 4.5, 9.15625, 4.875], "texture": "#3"},
				"south": {"uv": [6.25, 0.75, 7.46875, 1.125], "texture": "#3"},
				"west": {"uv": [4.75, 9.125, 4.78125, 9.5], "texture": "#3"},
				"up": {"uv": [9.34375, 2.40625, 8.125, 2.375], "texture": "#3"},
				"down": {"uv": [9.34375, 2.5, 8.125, 2.53125], "texture": "#3"}
			}
		},
		{
			"from": [7.78966, 4.57789, -1.67525],
			"to": [12.9, 6.71237, -1.57525],
			"rotation": {"angle": -15, "axis": "x", "origin": [3.1, 3.98823, -1.67525]},
			"faces": {
				"north": {"uv": [0, 0, 5.125, 2.125], "texture": "#4"},
				"east": {"uv": [6, 1, 6.125, 3.125], "texture": "#4"},
				"south": {"uv": [0, 3, 5.125, 5.125], "texture": "#4"},
				"west": {"uv": [6, 4, 6.125, 6.125], "texture": "#4"},
				"up": {"uv": [5.125, 6.125, 0, 6], "texture": "#4"},
				"down": {"uv": [11.125, 0, 6, 0.125], "texture": "#4"}
			}
		},
		{
			"from": [3.0931, 4.57789, 26.50061],
			"to": [8.20345, 6.71237, 26.60061],
			"rotation": {"angle": 10, "axis": "x", "origin": [12.8931, 3.98823, 26.60061]},
			"faces": {
				"north": {"uv": [0, 3, 5.125, 5.125], "texture": "#4"},
				"east": {"uv": [6, 4, 6.125, 6.125], "texture": "#4"},
				"south": {"uv": [0, 0, 5.125, 2.125], "texture": "#4"},
				"west": {"uv": [6, 1, 6.125, 3.125], "texture": "#4"},
				"up": {"uv": [5.125, 6.125, 0, 6], "rotation": 180, "texture": "#4"},
				"down": {"uv": [11.125, 0, 6, 0.125], "rotation": 180, "texture": "#4"}
			}
		},
		{
			"from": [3.1, 6.73777, 27.22535],
			"to": [12.9, 8.33777, 27.62535],
			"rotation": {"angle": 0, "axis": "y", "origin": [10.9, 6.93777, 27.22535]},
			"faces": {
				"north": {"uv": [6.25, 7.25, 7.46875, 7.4375], "texture": "#3"},
				"east": {"uv": [4.875, 9.125, 4.9375, 9.3125], "texture": "#3"},
				"south": {"uv": [7.25, 6.25, 8.46875, 6.4375], "texture": "#3"},
				"west": {"uv": [5, 9.125, 5.0625, 9.3125], "texture": "#3"},
				"up": {"uv": [8.96875, 3.3125, 7.75, 3.25], "texture": "#3"},
				"down": {"uv": [8.96875, 3.375, 7.75, 3.4375], "texture": "#3"}
			}
		},
		{
			"from": [8.3, 5, 26.8],
			"to": [12.7, 6.6, 27.6],
			"rotation": {"angle": 0, "axis": "y", "origin": [9.1, 5, 26.8]},
			"faces": {
				"north": {"uv": [3.375, 5.25, 3.9375, 5.4375], "texture": "#3"},
				"east": {"uv": [8.75, 3.625, 8.84375, 3.8125], "texture": "#3"},
				"south": {"uv": [4.75, 6.625, 5.3125, 6.8125], "texture": "#3"},
				"west": {"uv": [8.75, 6.875, 8.84375, 7.0625], "texture": "#3"},
				"up": {"uv": [6.8125, 7.84375, 6.25, 7.75], "texture": "#3"},
				"down": {"uv": [7.4375, 7.75, 6.875, 7.84375], "texture": "#3"}
			}
		},
		{
			"from": [3.3, 5, -2.9],
			"to": [7.7, 6.6, -2.2],
			"rotation": {"angle": 0, "axis": "y", "origin": [3.3, 4.6, -3]},
			"faces": {
				"north": {"uv": [5.5, 7.375, 6.0625, 7.5625], "texture": "#3"},
				"east": {"uv": [8.875, 1.25, 8.96875, 1.4375], "texture": "#3"},
				"south": {"uv": [7.5, 7.375, 8.0625, 7.5625], "texture": "#3"},
				"west": {"uv": [8.875, 3.625, 8.96875, 3.8125], "texture": "#3"},
				"up": {"uv": [8.0625, 7.84375, 7.5, 7.75], "texture": "#3"},
				"down": {"uv": [0.5625, 7.875, 0, 7.96875], "texture": "#3"}
			}
		},
		{
			"from": [3.1, 1.5, 22.4],
			"to": [3.4, 2.6, 24.9],
			"rotation": {"angle": 0, "axis": "y", "origin": [1.4, 0.6, 22.9]},
			"faces": {
				"north": {"uv": [9.25, 5.875, 9.28125, 6], "texture": "#3"},
				"east": {"uv": [7.25, 8, 7.5625, 8.125], "texture": "#3"},
				"south": {"uv": [9.25, 6, 9.28125, 6.125], "texture": "#3"},
				"west": {"uv": [7.625, 8, 7.9375, 8.125], "texture": "#3"},
				"up": {"uv": [5.15625, 9.4375, 5.125, 9.125], "texture": "#3"},
				"down": {"uv": [5.28125, 9.125, 5.25, 9.4375], "texture": "#3"}
			}
		},
		{
			"from": [12.6, 1.5, 22.4],
			"to": [12.9, 2.6, 24.9],
			"rotation": {"angle": 0, "axis": "y", "origin": [14.6, 0.6, 22.9]},
			"faces": {
				"north": {"uv": [9.25, 6.25, 9.28125, 6.375], "texture": "#3"},
				"east": {"uv": [8, 8, 8.3125, 8.125], "texture": "#3"},
				"south": {"uv": [9.25, 6.375, 9.28125, 6.5], "texture": "#3"},
				"west": {"uv": [0, 8.125, 0.3125, 8.25], "texture": "#3"},
				"up": {"uv": [9.15625, 6.5625, 9.125, 6.25], "texture": "#3"},
				"down": {"uv": [9.15625, 6.625, 9.125, 6.9375], "texture": "#3"}
			}
		},
		{
			"from": [3.4117, 2.4124, -15.3646],
			"to": [5.0117, 2.7124, -8.0646],
			"rotation": {"angle": -20, "axis": "y", "origin": [3.9117, 0.6124, -10.0646]},
			"faces": {
				"north": {"uv": [2.5, 10.25, 2.875, 10.3125], "texture": "#2"},
				"east": {"uv": [9.5, 8.5, 11.3125, 8.5625], "texture": "#2"},
				"south": {"uv": [10.25, 2.5, 10.625, 2.5625], "texture": "#2"},
				"west": {"uv": [9.5, 8.75, 11.3125, 8.8125], "texture": "#2"},
				"up": {"uv": [7.875, 9.3125, 7.5, 7.5], "texture": "#2"},
				"down": {"uv": [0.375, 7.75, 0, 9.5625], "texture": "#2"}
			}
		},
		{
			"from": [3.4117, 0.32274, -15.3646],
			"to": [4.8117, 2.42274, -8.0646],
			"rotation": {"angle": -20, "axis": "y", "origin": [3.9117, 0.32274, -10.0646]},
			"faces": {
				"north": {"uv": [9, 5.5, 9.375, 6], "texture": "#2"},
				"east": {"uv": [7, 0.5, 8.8125, 1], "texture": "#2"},
				"south": {"uv": [5.75, 9, 6.125, 9.5], "texture": "#2"},
				"west": {"uv": [7, 1, 8.8125, 1.5], "texture": "#2"},
				"up": {"uv": [1.875, 9.5625, 1.5, 7.75], "texture": "#2"},
				"down": {"uv": [2.375, 7.75, 2, 9.5625], "texture": "#2"}
			}
		},
		{
			"from": [11.1883, 0.32274, -15.3646],
			"to": [12.5883, 2.42274, -8.0646],
			"rotation": {"angle": 20, "axis": "y", "origin": [12.0883, 0.32274, -10.0646]},
			"faces": {
				"north": {"uv": [9, 1, 9.375, 1.5], "texture": "#2"},
				"east": {"uv": [6.75, 3.5, 8.5625, 4], "texture": "#2"},
				"south": {"uv": [9, 4, 9.375, 4.5], "texture": "#2"},
				"west": {"uv": [7, 0, 8.8125, 0.5], "texture": "#2"},
				"up": {"uv": [0.875, 9.5625, 0.5, 7.75], "texture": "#2"},
				"down": {"uv": [1.375, 7.75, 1, 9.5625], "texture": "#2"}
			}
		},
		{
			"from": [10.9883, 2.4124, -15.3646],
			"to": [12.5883, 2.7124, -8.0646],
			"rotation": {"angle": 20, "axis": "y", "origin": [12.0883, 0.6124, -10.0646]},
			"faces": {
				"north": {"uv": [10.25, 5.25, 10.625, 5.3125], "texture": "#2"},
				"east": {"uv": [9.5, 9, 11.3125, 9.0625], "texture": "#2"},
				"south": {"uv": [5.75, 10.25, 6.125, 10.3125], "texture": "#2"},
				"west": {"uv": [9.5, 9.25, 11.3125, 9.3125], "texture": "#2"},
				"up": {"uv": [2.875, 9.5625, 2.5, 7.75], "texture": "#2"},
				"down": {"uv": [3.375, 7.75, 3, 9.5625], "texture": "#2"}
			}
		},
		{
			"from": [5.25806, 2.4124, -15.1],
			"to": [10.75806, 2.7124, -14],
			"rotation": {"angle": 0, "axis": "y", "origin": [6.75806, 0.7124, -16.66875]},
			"faces": {
				"north": {"uv": [9.75, 2.75, 11.125, 2.8125], "texture": "#2"},
				"east": {"uv": [10.25, 6, 10.5, 6.0625], "texture": "#2"},
				"south": {"uv": [9.75, 3, 11.125, 3.0625], "texture": "#2"},
				"west": {"uv": [10.25, 6.75, 10.5, 6.8125], "texture": "#2"},
				"up": {"uv": [9.625, 3.25, 8.25, 3], "texture": "#2"},
				"down": {"uv": [9.625, 3.25, 8.25, 3.5], "texture": "#2"}
			}
		},
		{
			"from": [6, 0.4, -8.4],
			"to": [10, 1, -3],
			"rotation": {"angle": 0, "axis": "y", "origin": [7, 0, -5]},
			"faces": {
				"north": {"uv": [9.5, 7.25, 10.5, 7.375], "texture": "#2"},
				"east": {"uv": [9, 6.25, 10.375, 6.375], "texture": "#2"},
				"south": {"uv": [9.5, 7.5, 10.5, 7.625], "texture": "#2"},
				"west": {"uv": [9, 6.5, 10.375, 6.625], "texture": "#2"},
				"up": {"uv": [7.25, 5.375, 6.25, 4], "texture": "#2"},
				"down": {"uv": [7.5, 5.5, 6.5, 6.875], "texture": "#2"}
			}
		},
		{
			"from": [7, 1, -5],
			"to": [9, 2, -3],
			"rotation": {"angle": 0, "axis": "y", "origin": [7, 1, -5]},
			"faces": {
				"north": {"uv": [7.5, 9.5, 8, 9.75], "texture": "#2"},
				"east": {"uv": [9.5, 7.75, 10, 8], "texture": "#2"},
				"south": {"uv": [9.5, 8, 10, 8.25], "texture": "#2"},
				"west": {"uv": [9.5, 8.25, 10, 8.5], "texture": "#2"},
				"up": {"uv": [5.5, 9, 5, 8.5], "texture": "#2"},
				"down": {"uv": [6, 8.5, 5.5, 9], "texture": "#2"}
			}
		},
		{
			"from": [6.6, 2, -5.8],
			"to": [9.4, 2.4, -3],
			"rotation": {"angle": 0, "axis": "y", "origin": [7, 2, -5]},
			"faces": {
				"north": {"uv": [9.75, 3.25, 10.4375, 3.375], "texture": "#2"},
				"east": {"uv": [9.75, 3.75, 10.4375, 3.875], "texture": "#2"},
				"south": {"uv": [9.75, 4, 10.4375, 4.125], "texture": "#2"},
				"west": {"uv": [9.75, 4.25, 10.4375, 4.375], "texture": "#2"},
				"up": {"uv": [8.1875, 6.9375, 7.5, 6.25], "texture": "#2"},
				"down": {"uv": [8.4375, 4, 7.75, 4.6875], "texture": "#2"}
			}
		},
		{
			"from": [6.6, 2.4, -3.6],
			"to": [9.4, 5, -3],
			"rotation": {"angle": 0, "axis": "y", "origin": [6.8, 2.4, -5]},
			"faces": {
				"north": {"uv": [8.25, 6.25, 8.9375, 6.875], "texture": "#2"},
				"east": {"uv": [9, 9.75, 9.125, 10.375], "texture": "#2"},
				"south": {"uv": [8, 8.25, 8.6875, 8.875], "texture": "#2"},
				"west": {"uv": [9.25, 9.75, 9.375, 10.375], "texture": "#2"},
				"up": {"uv": [10.4375, 4.875, 9.75, 4.75], "texture": "#2"},
				"down": {"uv": [10.4375, 5, 9.75, 5.125], "texture": "#2"}
			}
		},
		{
			"from": [7.2, 5, -3.6],
			"to": [8.8, 6, -3],
			"rotation": {"angle": 0, "axis": "y", "origin": [7.2, 5, -3.6]},
			"faces": {
				"north": {"uv": [2.5, 9.75, 2.875, 10], "texture": "#2"},
				"east": {"uv": [1.5, 10.25, 1.625, 10.5], "texture": "#2"},
				"south": {"uv": [9.75, 2.5, 10.125, 2.75], "texture": "#2"},
				"west": {"uv": [1.75, 10.25, 1.875, 10.5], "texture": "#2"},
				"up": {"uv": [10.375, 7.125, 10, 7], "texture": "#2"},
				"down": {"uv": [10.375, 7.75, 10, 7.875], "texture": "#2"}
			}
		},
		{
			"from": [7.6, 1, -8.2],
			"to": [8.4, 4, -7.4],
			"rotation": {"angle": 0, "axis": "y", "origin": [7, 1, -8.8]},
			"faces": {
				"north": {"uv": [2.5, 4.5, 2.6875, 5.25], "texture": "#2"},
				"east": {"uv": [9.5, 3.75, 9.6875, 4.5], "texture": "#2"},
				"south": {"uv": [5.75, 9.5, 5.9375, 10.25], "texture": "#2"},
				"west": {"uv": [6, 9.5, 6.1875, 10.25], "texture": "#2"},
				"up": {"uv": [0.1875, 10.4375, 0, 10.25], "texture": "#2"},
				"down": {"uv": [0.4375, 10.25, 0.25, 10.4375], "texture": "#2"}
			}
		},
		{
			"from": [6.9, 3.58404, -8.47939],
			"to": [8.9, 4.08404, -6.67939],
			"rotation": {"angle": 0, "axis": "y", "origin": [6.9, 3.88404, -9.27939]},
			"faces": {
				"north": {"uv": [1, 10, 1.5, 10.125], "texture": "#2"},
				"east": {"uv": [2, 10, 2.4375, 10.125], "texture": "#2"},
				"south": {"uv": [1.5, 10, 2, 10.125], "texture": "#2"},
				"west": {"uv": [10, 2, 10.4375, 2.125], "texture": "#2"},
				"up": {"uv": [9.25, 3.9375, 8.75, 3.5], "texture": "#2"},
				"down": {"uv": [9.5, 0, 9, 0.4375], "texture": "#2"}
			}
		},
		{
			"from": [7.1, 3.48404, -7.57939],
			"to": [8.7, 4.48404, -6.57939],
			"rotation": {"angle": -30, "axis": "x", "origin": [6.9, 3.48404, -7.77939]},
			"faces": {
				"north": {"uv": [1, 9.75, 1.375, 10], "texture": "#2"},
				"east": {"uv": [2.5, 5.25, 2.75, 5.5], "texture": "#2"},
				"south": {"uv": [1.5, 9.75, 1.875, 10], "texture": "#2"},
				"west": {"uv": [9.25, 3.75, 9.5, 4], "texture": "#2"},
				"up": {"uv": [2.375, 10, 2, 9.75], "texture": "#2"},
				"down": {"uv": [10.125, 2.25, 9.75, 2.5], "texture": "#2"}
			}
		},
		{
			"from": [7.075, 4.05007, -8.10618],
			"to": [8.725, 4.45007, -7.85618],
			"rotation": {"angle": 0, "axis": "y", "origin": [7.1, 2.45007, -8.10618]},
			"faces": {
				"north": {"uv": [2.5, 10, 2.9375, 10.125], "texture": "#2"},
				"east": {"uv": [10.25, 8, 10.3125, 8.125], "texture": "#2"},
				"south": {"uv": [10, 4.5, 10.4375, 4.625], "texture": "#2"},
				"west": {"uv": [10.25, 8.25, 10.3125, 8.375], "texture": "#2"},
				"up": {"uv": [2.4375, 10.3125, 2, 10.25], "texture": "#2"},
				"down": {"uv": [10.6875, 2.25, 10.25, 2.3125], "texture": "#2"}
			}
		},
		{
			"from": [3.31034, -1.93103, -1.51724],
			"to": [3.31034, 0.06897, 13.03448],
			"rotation": {"angle": 0, "axis": "y", "origin": [3.31034, -1.93103, 1.51724]},
			"faces": {
				"north": {"uv": [0, 0, 0, 2], "texture": "#5"},
				"east": {"uv": [0, 0, 14.5625, 2], "texture": "#5"},
				"south": {"uv": [0, 0, 0, 2], "texture": "#5"},
				"west": {"uv": [0, 2, 14.5625, 4], "texture": "#5"},
				"up": {"uv": [0, 14.5625, 0, 0], "texture": "#5"},
				"down": {"uv": [0, 0, 0, 14.5625], "texture": "#5"}
			}
		},
		{
			"from": [12.68966, -1.93103, -0.89655],
			"to": [12.68966, 0.06897, 13.65517],
			"rotation": {"angle": 0, "axis": "y", "origin": [12.68966, -1.93103, 10.62069]},
			"faces": {
				"north": {"uv": [0, 0, 0, 2], "texture": "#5"},
				"east": {"uv": [0, 2, 14.5625, 4], "texture": "#5"},
				"south": {"uv": [0, 0, 0, 2], "texture": "#5"},
				"west": {"uv": [0, 0, 14.5625, 2], "texture": "#5"},
				"up": {"uv": [0, 14.5625, 0, 0], "rotation": 180, "texture": "#5"},
				"down": {"uv": [0, 0, 0, 14.5625], "rotation": 180, "texture": "#5"}
			}
		},
		{
			"from": [7.21034, 0.65172, -15.10345],
			"to": [9.21034, 0.65172, -13.10345],
			"rotation": {"angle": 35, "axis": "x", "origin": [7.21034, 0.65172, -13.10345]},
			"faces": {
				"north": {"uv": [8, 0, 0, 0], "rotation": 180, "texture": "#6"},
				"east": {"uv": [0, 0, 0, 8], "rotation": 90, "texture": "#6"},
				"south": {"uv": [8, 0, 0, 0], "texture": "#6"},
				"west": {"uv": [0, 0, 0, 8], "rotation": 270, "texture": "#6"},
				"up": {"uv": [0, 8, 8, 16], "texture": "#6"},
				"down": {"uv": [0, 0, 8, 8], "rotation": 180, "texture": "#6"}
			}
		}
	],
	"display": {}
}